rmd_name,pt_name,brgi_score,brgi_norm,spillover_value,spillover_value_norm,final_priority_score,priority_label,interpretation,evidence_tier,claim_strength,transferability_note
RMD_Hallucinogen Persisting Perception Disorder,PT_Memory Retrieval Techniques,0.6770496230635773,0.9999999970460068,0.0,0.0,0.9999999970460068,Strategic Priority,Large forecasted gap and broad cross-RMD spillover value,Tier 1: Data-driven similarity,Exploratory,CISN estimates spillover potential for prioritization; not proof of clinical efficacy or cross-disorder transferability.
RMD_Antisocial Personality Disorder,PT_Memory Retrieval Techniques,0.6761798347760192,0.998715322695177,0.0,0.0,0.998715322695177,Strategic Priority,Large forecasted gap and broad cross-RMD spillover value,Tier 1: Data-driven similarity,Exploratory,CISN estimates spillover potential for prioritization; not proof of clinical efficacy or cross-disorder transferability.
RMD_Postpartum Psychosis,PT_Digital Imaging Technologies For Brain Scanning,0.6626013446671855,0.9786599388559811,0.0,0.0,0.9786599388559811,Strategic Priority,Large forecasted gap and broad cross-RMD spillover value,Tier 1: Data-driven similarity,Exploratory,CISN estimates spillover potential for prioritization; not proof of clinical efficacy or cross-disorder transferability.
RMD_Antisocial Personality Disorder,PT_Lithium Therapy,0.6574763334516252,0.9710903146721127,0.0,0.0,0.9710903146721127,Strategic Priority,Large forecasted gap and broad cross-RMD spillover value,Tier 1: Data-driven similarity,Exploratory,CISN estimates spillover potential for prioritization; not proof of clinical efficacy or cross-disorder transferability.
RMD_Factitious Disorder,PT_Cognitive Enhancement Programs,0.6391966933009172,0.9440913481650544,0.0,0.0,0.9440913481650544,Strategic Priority,Large forecasted gap and broad cross-RMD spillover value,Tier 1: Data-driven similarity,Exploratory,CISN estimates spillover potential for prioritization; not proof of clinical efficacy or cross-disorder transferability.
RMD_Factitious Disorder,PT_Blockchain For Data Protection,0.6304394742498491,0.9311569653268011,0.0,0.0,0.9311569653268011,Strategic Priority,Large forecasted gap and broad cross-RMD spillover value,Tier 1: Data-driven similarity,Exploratory,CISN estimates spillover potential for prioritization; not proof of clinical efficacy or cross-disorder transferability.
RMD_Chronic Traumatic Encephalopathy,PT_Blockchain For Data Protection,0.6281681822578149,0.9278022747576705,0.0,0.0,0.9278022747576705,Strategic Priority,Large forecasted gap and broad cross-RMD spillover value,Tier 1: Data-driven similarity,Exploratory,CISN estimates spillover potential for prioritization; not proof of clinical efficacy or cross-disorder transferability.
RMD_Dissociative Fugue,PT_Vocal And Speech Biomarkers,0.6220279461092055,0.9187331667908316,0.0,0.0,0.9187331667908316,Strategic Priority,Large forecasted gap and broad cross-RMD spillover value,Tier 1: Data-driven similarity,Exploratory,CISN estimates spillover potential for prioritization; not proof of clinical efficacy or cross-disorder transferability.
RMD_Antisocial Personality Disorder,PT_Dietary Interventions And Supplements,0.6063933418478231,0.895640909321648,0.0,0.0,0.895640909321648,Strategic Priority,Large forecasted gap and broad cross-RMD spillover value,Tier 1: Data-driven similarity,Exploratory,CISN estimates spillover potential for prioritization; not proof of clinical efficacy or cross-disorder transferability.
RMD_Chronic Traumatic Encephalopathy,PT_Dietary Interventions And Supplements,0.5980926771574349,0.8833808557257113,0.0,0.0,0.8833808557257113,Strategic Priority,Large forecasted gap and broad cross-RMD spillover value,Tier 1: Data-driven similarity,Exploratory,CISN estimates spillover potential for prioritization; not proof of clinical efficacy or cross-disorder transferability.
RMD_Selective Mutism,PT_Deep Brain Stimulation,0.5865678472368315,0.8663587210195277,0.0,0.0,0.8663587210195277,Strategic Priority,Large forecasted gap and broad cross-RMD spillover value,Tier 1: Data-driven similarity,Exploratory,CISN estimates spillover potential for prioritization; not proof of clinical efficacy or cross-disorder transferability.
RMD_Selective Mutism,PT_Transcranial Direct Current Stimulation,0.5841054993934819,0.8627218416059715,0.0,0.0,0.8627218416059715,Strategic Priority,Large forecasted gap and broad cross-RMD spillover value,Tier 1: Data-driven similarity,Exploratory,CISN estimates spillover potential for prioritization; not proof of clinical efficacy or cross-disorder transferability.
RMD_Schizotypal Personality Disorder,PT_Cultural Psychiatry Interventions,0.5837583180504281,0.8622090559397492,0.0,0.0,0.8622090559397492,Strategic Priority,Large forecasted gap and broad cross-RMD spillover value,Tier 1: Data-driven similarity,Exploratory,CISN estimates spillover potential for prioritization; not proof of clinical efficacy or cross-disorder transferability.
RMD_Narcissistic Personality Disorder,PT_Dietary Interventions And Supplements,0.5814391296616807,0.8587836225551141,0.0,0.0,0.8587836225551141,Strategic Priority,Large forecasted gap and broad cross-RMD spillover value,Tier 1: Data-driven similarity,Exploratory,CISN estimates spillover potential for prioritization; not proof of clinical efficacy or cross-disorder transferability.
RMD_Selective Mutism,PT_Electroencephalography,0.5650023717249031,0.834506586827882,0.0,0.0,0.834506586827882,Strategic Priority,Large forecasted gap and broad cross-RMD spillover value,Tier 1: Data-driven similarity,Exploratory,CISN estimates spillover potential for prioritization; not proof of clinical efficacy or cross-disorder transferability.
RMD_Hallucinogen Persisting Perception Disorder,PT_Neurofeedback Systems,0.5616302427557448,0.829525963777036,0.0,0.0,0.829525963777036,Strategic Priority,Large forecasted gap and broad cross-RMD spillover value,Tier 1: Data-driven similarity,Exploratory,CISN estimates spillover potential for prioritization; not proof of clinical efficacy or cross-disorder transferability.
RMD_Body Integrity Dysphoria,PT_Reality Testing Techniques,0.560256471746094,0.8274969086549366,0.0,0.0,0.8274969086549366,Strategic Priority,Large forecasted gap and broad cross-RMD spillover value,Tier 1: Data-driven similarity,Exploratory,CISN estimates spillover potential for prioritization; not proof of clinical efficacy or cross-disorder transferability.
RMD_Body Integrity Dysphoria,PT_Sleep Pattern Monitoring And Manipulation,0.5513151269527878,0.8142905727198615,0.0,0.0,0.8142905727198615,Strategic Priority,Large forecasted gap and broad cross-RMD spillover value,Tier 1: Data-driven similarity,Exploratory,CISN estimates spillover potential for prioritization; not proof of clinical efficacy or cross-disorder transferability.
RMD_Kleptomania,PT_Speech Language Therapy,0.5498438777692886,0.8121175426655858,0.0,0.0,0.8121175426655858,Strategic Priority,Large forecasted gap and broad cross-RMD spillover value,Tier 1: Data-driven similarity,Exploratory,CISN estimates spillover potential for prioritization; not proof of clinical efficacy or cross-disorder transferability.
RMD_Selective Mutism,PT_Brain Computer Interface,0.5485575500890758,0.8102176410445016,0.0,0.0,0.8102176410445016,Strategic Priority,Large forecasted gap and broad cross-RMD spillover value,Tier 1: Data-driven similarity,Exploratory,CISN estimates spillover potential for prioritization; not proof of clinical efficacy or cross-disorder transferability.
RMD_Selective Mutism,PT_Immunotherapy For Neuropsychiatric Disorders,0.5430009089528511,0.802010500931688,0.0,0.0,0.802010500931688,Strategic Priority,Large forecasted gap and broad cross-RMD spillover value,Tier 1: Data-driven similarity,Exploratory,CISN estimates spillover potential for prioritization; not proof of clinical efficacy or cross-disorder transferability.
RMD_Hallucinogen Persisting Perception Disorder,PT_Anticonvulsant Therapy,0.5420440891369029,0.8005972813085941,0.0,0.0,0.8005972813085941,Strategic Priority,Large forecasted gap and broad cross-RMD spillover value,Tier 1: Data-driven similarity,Exploratory,CISN estimates spillover potential for prioritization; not proof of clinical efficacy or cross-disorder transferability.
RMD_Childhood Disintegrative Disorder,PT_Cognitive Assistive Technologies,0.5409692699621133,0.799009777032687,0.0,0.0,0.799009777032687,Strategic Priority,Large forecasted gap and broad cross-RMD spillover value,Tier 1: Data-driven similarity,Exploratory,CISN estimates spillover potential for prioritization; not proof of clinical efficacy or cross-disorder transferability.
RMD_Selective Mutism,PT_Cognitive Behavioral Therapy,0.5398042015107449,0.7972889748813545,0.0,0.0,0.7972889748813545,Strategic Priority,Large forecasted gap and broad cross-RMD spillover value,Tier 1: Data-driven similarity,Exploratory,CISN estimates spillover potential for prioritization; not proof of clinical efficacy or cross-disorder transferability.
RMD_Factitious Disorder,PT_Art Therapy,0.539185616456763,0.796375326854559,0.0,0.0,0.796375326854559,Strategic Priority,Large forecasted gap and broad cross-RMD spillover value,Tier 1: Data-driven similarity,Exploratory,CISN estimates spillover potential for prioritization; not proof of clinical efficacy or cross-disorder transferability.
RMD_Capgras Syndrome,PT_Reality Testing Techniques,0.5361686587282307,0.7919192905215517,0.0,0.0,0.7919192905215517,Strategic Priority,Large forecasted gap and broad cross-RMD spillover value,Tier 1: Data-driven similarity,Exploratory,CISN estimates spillover potential for prioritization; not proof of clinical efficacy or cross-disorder transferability.
RMD_Selective Mutism,PT_Transcranial Magnetic Stimulation,0.5357896341432969,0.7913594724950693,0.0,0.0,0.7913594724950693,Strategic Priority,Large forecasted gap and broad cross-RMD spillover value,Tier 1: Data-driven similarity,Exploratory,CISN estimates spillover potential for prioritization; not proof of clinical efficacy or cross-disorder transferability.
RMD_Body Integrity Dysphoria,PT_Neuroplasticity Techniques,0.5349255502466945,0.7900832235103346,0.0,0.0,0.7900832235103346,Strategic Priority,Large forecasted gap and broad cross-RMD spillover value,Tier 1: Data-driven similarity,Exploratory,CISN estimates spillover potential for prioritization; not proof of clinical efficacy or cross-disorder transferability.
RMD_Schizotypal Personality Disorder,PT_Neurofeedback Systems,0.5342439695539379,0.7890765311387191,0.0,0.0,0.7890765311387191,Strategic Priority,Large forecasted gap and broad cross-RMD spillover value,Tier 1: Data-driven similarity,Exploratory,CISN estimates spillover potential for prioritization; not proof of clinical efficacy or cross-disorder transferability.
RMD_Landau Kleffner Syndrome,PT_Cognitive Assistive Technologies,0.5315957191999225,0.7851650743473995,0.0,0.0,0.7851650743473995,Strategic Priority,Large forecasted gap and broad cross-RMD spillover value,Tier 1: Data-driven similarity,Exploratory,CISN estimates spillover potential for prioritization; not proof of clinical efficacy or cross-disorder transferability.
RMD_Hyperthymesia,PT_Augmentative Communication Devices,0.5277711330116324,0.7795161735184077,0.0,0.0,0.7795161735184077,Strategic Priority,Large forecasted gap and broad cross-RMD spillover value,Tier 1: Data-driven similarity,Exploratory,CISN estimates spillover potential for prioritization; not proof of clinical efficacy or cross-disorder transferability.
RMD_Antisocial Personality Disorder,PT_Psychoeducation Programs,0.5152216585285166,0.760980642268483,0.0,0.0,0.760980642268483,Strategic Priority,Large forecasted gap and broad cross-RMD spillover value,Tier 1: Data-driven similarity,Exploratory,CISN estimates spillover potential for prioritization; not proof of clinical efficacy or cross-disorder transferability.
RMD_Dissociative Amnesia,PT_Reality Testing Techniques,0.5142579860014942,0.7595573012143735,0.0,0.0,0.7595573012143735,Strategic Priority,Large forecasted gap and broad cross-RMD spillover value,Tier 1: Data-driven similarity,Exploratory,CISN estimates spillover potential for prioritization; not proof of clinical efficacy or cross-disorder transferability.
RMD_Postpartum Psychosis,PT_Psilocybin Assisted Therapy,0.5142072282723525,0.7594823322205765,0.0,0.0,0.7594823322205765,Strategic Priority,Large forecasted gap and broad cross-RMD spillover value,Tier 1: Data-driven similarity,Exploratory,CISN estimates spillover potential for prioritization; not proof of clinical efficacy or cross-disorder transferability.
RMD_Anorexia Nervosa,PT_Augmentative Communication Devices,0.5097923033637496,0.752961503103821,0.0,0.0,0.752961503103821,Strategic Priority,Large forecasted gap and broad cross-RMD spillover value,Tier 1: Data-driven similarity,Exploratory,CISN estimates spillover potential for prioritization; not proof of clinical efficacy or cross-disorder transferability.
RMD_Chronic Traumatic Encephalopathy,PT_Psychoeducation Programs,0.5069209938381285,0.7487205886725465,0.0,0.0,0.7487205886725465,Strategic Priority,Large forecasted gap and broad cross-RMD spillover value,Tier 1: Data-driven similarity,Exploratory,CISN estimates spillover potential for prioritization; not proof of clinical efficacy or cross-disorder transferability.
RMD_Ekbom Syndrome,PT_Vocal And Speech Biomarkers,0.5043903847813893,0.7449828876783224,0.0,0.0,0.7449828876783224,Strategic Priority,Large forecasted gap and broad cross-RMD spillover value,Tier 1: Data-driven similarity,Exploratory,CISN estimates spillover potential for prioritization; not proof of clinical efficacy or cross-disorder transferability.
RMD_Narcissistic Personality Disorder,PT_Stem Cell Therapy For Neurological Disorders,0.501403415789439,0.7405711446075397,0.0,0.0,0.7405711446075397,Strategic Priority,Large forecasted gap and broad cross-RMD spillover value,Tier 1: Data-driven similarity,Exploratory,CISN estimates spillover potential for prioritization; not proof of clinical efficacy or cross-disorder transferability.
RMD_Ekbom Syndrome,PT_Memory Retrieval Techniques,0.5011099897818672,0.7401377553895127,0.0,0.0,0.7401377553895127,Strategic Priority,Large forecasted gap and broad cross-RMD spillover value,Tier 1: Data-driven similarity,Exploratory,CISN estimates spillover potential for prioritization; not proof of clinical efficacy or cross-disorder transferability.
RMD_Antisocial Personality Disorder,PT_Speech Language Therapy,0.4956134524415643,0.732019388379433,0.0,0.0,0.732019388379433,Strategic Priority,Large forecasted gap and broad cross-RMD spillover value,Tier 1: Data-driven similarity,Exploratory,CISN estimates spillover potential for prioritization; not proof of clinical efficacy or cross-disorder transferability.
RMD_Ekbom Syndrome,PT_Secure Data Storage For Patient Records,0.4921035016855892,0.7268352030168823,0.0,0.0,0.7268352030168823,Strategic Priority,Large forecasted gap and broad cross-RMD spillover value,Tier 1: Data-driven similarity,Exploratory,CISN estimates spillover potential for prioritization; not proof of clinical efficacy or cross-disorder transferability.
RMD_Narcissistic Personality Disorder,PT_Psychoeducation Programs,0.4902674463423742,0.7241233555019493,0.0,0.0,0.7241233555019493,Strategic Priority,Large forecasted gap and broad cross-RMD spillover value,Tier 1: Data-driven similarity,Exploratory,CISN estimates spillover potential for prioritization; not proof of clinical efficacy or cross-disorder transferability.
RMD_Factitious Disorder,PT_Speech Language Therapy,0.4895840797432103,0.7231140253526271,0.0,0.0,0.7231140253526271,Strategic Priority,Large forecasted gap and broad cross-RMD spillover value,Tier 1: Data-driven similarity,Exploratory,CISN estimates spillover potential for prioritization; not proof of clinical efficacy or cross-disorder transferability.
RMD_Ganser Syndrome,PT_Psilocybin Assisted Therapy,0.4880718353893547,0.7208804455707706,0.0,0.0,0.7208804455707706,Strategic Priority,Large forecasted gap and broad cross-RMD spillover value,Tier 1: Data-driven similarity,Exploratory,CISN estimates spillover potential for prioritization; not proof of clinical efficacy or cross-disorder transferability.
RMD_Kleptomania,PT_Transcranial Direct Current Stimulation,0.4648897904343305,0.6866406437942799,0.0,0.0,0.6866406437942799,Strategic Priority,Large forecasted gap and broad cross-RMD spillover value,Tier 1: Data-driven similarity,Exploratory,CISN estimates spillover potential for prioritization; not proof of clinical efficacy or cross-disorder transferability.
RMD_Othello Syndrome,PT_Sleep Pattern Monitoring And Manipulation,0.4629881168189255,0.683831878313867,0.0,0.0,0.683831878313867,Strategic Priority,Large forecasted gap and broad cross-RMD spillover value,Tier 1: Data-driven similarity,Exploratory,CISN estimates spillover potential for prioritization; not proof of clinical efficacy or cross-disorder transferability.
RMD_Postpartum Psychosis,PT_Neuromodulation Techniques,0.453981189926174,0.6705286778403335,0.0,0.0,0.6705286778403335,Strategic Priority,Large forecasted gap and broad cross-RMD spillover value,Tier 1: Data-driven similarity,Exploratory,CISN estimates spillover potential for prioritization; not proof of clinical efficacy or cross-disorder transferability.
RMD_Boanthropy,PT_Cultural Psychiatry Interventions,0.453067972193978,0.6691798583470648,0.0,0.0,0.6691798583470648,Strategic Priority,Large forecasted gap and broad cross-RMD spillover value,Tier 1: Data-driven similarity,Exploratory,CISN estimates spillover potential for prioritization; not proof of clinical efficacy or cross-disorder transferability.
RMD_Hallucinogen Persisting Perception Disorder,PT_Emotion Regulation Training,0.4495869822770235,0.6640384480455266,0.0,0.0,0.6640384480455266,Strategic Priority,Large forecasted gap and broad cross-RMD spillover value,Tier 1: Data-driven similarity,Exploratory,CISN estimates spillover potential for prioritization; not proof of clinical efficacy or cross-disorder transferability.
RMD_Rumination Disorder,PT_Meditation And Relaxation Techniques,0.4485175257506333,0.6624588643831182,0.0,0.0,0.6624588643831182,Strategic Priority,Large forecasted gap and broad cross-RMD spillover value,Tier 1: Data-driven similarity,Exploratory,CISN estimates spillover potential for prioritization; not proof of clinical efficacy or cross-disorder transferability.
RMD_Postpartum Psychosis,PT_Digital Health Tools,0.4471611907097964,0.6604555621278225,0.0,0.0,0.6604555621278225,Strategic Priority,Large forecasted gap and broad cross-RMD spillover value,Tier 1: Data-driven similarity,Exploratory,CISN estimates spillover potential for prioritization; not proof of clinical efficacy or cross-disorder transferability.
RMD_Childhood Disintegrative Disorder,PT_Psychophysiological Metrics For Treatment Response,0.4443178236266451,0.656255918589309,0.0,0.0,0.656255918589309,Strategic Priority,Large forecasted gap and broad cross-RMD spillover value,Tier 1: Data-driven similarity,Exploratory,CISN estimates spillover potential for prioritization; not proof of clinical efficacy or cross-disorder transferability.
RMD_Reactive Attachment Disorder,PT_Transcranial Direct Current Stimulation,0.4426747805827784,0.6538291495859108,0.0,0.0,0.6538291495859108,Strategic Priority,Large forecasted gap and broad cross-RMD spillover value,Tier 1: Data-driven similarity,Exploratory,CISN estimates spillover potential for prioritization; not proof of clinical efficacy or cross-disorder transferability.
RMD_Narcissistic Personality Disorder,PT_Traditional And Alternative Medicine Approaches,0.4423016962249229,0.6532781052546766,0.0,0.0,0.6532781052546766,Strategic Priority,Large forecasted gap and broad cross-RMD spillover value,Tier 1: Data-driven similarity,Exploratory,CISN estimates spillover potential for prioritization; not proof of clinical efficacy or cross-disorder transferability.
RMD_Chronic Traumatic Encephalopathy,PT_Emotion Regulation Training,0.4404165292990772,0.6504937200987603,0.0,0.0,0.6504937200987603,Strategic Priority,Large forecasted gap and broad cross-RMD spillover value,Tier 1: Data-driven similarity,Exploratory,CISN estimates spillover potential for prioritization; not proof of clinical efficacy or cross-disorder transferability.
RMD_Postpartum Psychosis,PT_Metaverse,0.4333596407029381,0.6400707195757537,0.0,0.0,0.6400707195757537,Strategic Priority,Large forecasted gap and broad cross-RMD spillover value,Tier 1: Data-driven similarity,Exploratory,CISN estimates spillover potential for prioritization; not proof of clinical efficacy or cross-disorder transferability.
RMD_Diogenes Syndrome,PT_Meditation And Relaxation Techniques,0.4314107124949268,0.6371921592223256,0.0,0.0,0.6371921592223256,Strategic Priority,Large forecasted gap and broad cross-RMD spillover value,Tier 1: Data-driven similarity,Exploratory,CISN estimates spillover potential for prioritization; not proof of clinical efficacy or cross-disorder transferability.
RMD_Othello Syndrome,PT_Blockchain For Data Protection,0.4281240735559736,0.6323378046561525,0.0,0.0,0.6323378046561525,Strategic Priority,Large forecasted gap and broad cross-RMD spillover value,Tier 1: Data-driven similarity,Exploratory,CISN estimates spillover potential for prioritization; not proof of clinical efficacy or cross-disorder transferability.
RMD_Diogenes Syndrome,PT_Anticonvulsant Therapy,0.4270789996861489,0.6307942340947973,0.0,0.0,0.6307942340947973,Strategic Priority,Large forecasted gap and broad cross-RMD spillover value,Tier 1: Data-driven similarity,Exploratory,CISN estimates spillover potential for prioritization; not proof of clinical efficacy or cross-disorder transferability.
RMD_Kleptomania,PT_Immunotherapy For Neuropsychiatric Disorders,0.4237851999936997,0.6259293031199963,0.0,0.0,0.6259293031199963,Strategic Priority,Large forecasted gap and broad cross-RMD spillover value,Tier 1: Data-driven similarity,Exploratory,CISN estimates spillover potential for prioritization; not proof of clinical efficacy or cross-disorder transferability.
RMD_Narcissistic Personality Disorder,PT_Emotion Regulation Training,0.423762981803323,0.6258964869281631,0.0,0.0,0.6258964869281631,Strategic Priority,Large forecasted gap and broad cross-RMD spillover value,Tier 1: Data-driven similarity,Exploratory,CISN estimates spillover potential for prioritization; not proof of clinical efficacy or cross-disorder transferability.
RMD_Impulse Control Disorders,PT_Blockchain For Data Protection,0.4234152085485898,0.6253828270103978,0.0,0.0,0.6253828270103978,Strategic Priority,Large forecasted gap and broad cross-RMD spillover value,Tier 1: Data-driven similarity,Exploratory,CISN estimates spillover potential for prioritization; not proof of clinical efficacy or cross-disorder transferability.
RMD_Diogenes Syndrome,PT_Focused Ultrasound Therapy,0.4206814780650496,0.6213451163576764,0.0,0.0,0.6213451163576764,Strategic Priority,Large forecasted gap and broad cross-RMD spillover value,Tier 1: Data-driven similarity,Exploratory,CISN estimates spillover potential for prioritization; not proof of clinical efficacy or cross-disorder transferability.
RMD_Ganser Syndrome,PT_Deep Brain Stimulation,0.4183336265810554,0.6178773476785729,0.0,0.0,0.6178773476785729,Strategic Priority,Large forecasted gap and broad cross-RMD spillover value,Tier 1: Data-driven similarity,Exploratory,CISN estimates spillover potential for prioritization; not proof of clinical efficacy or cross-disorder transferability.
RMD_Ganser Syndrome,PT_Transcranial Direct Current Stimulation,0.4158712787377059,0.614240468265017,0.0,0.0,0.614240468265017,Strategic Priority,Large forecasted gap and broad cross-RMD spillover value,Tier 1: Data-driven similarity,Exploratory,CISN estimates spillover potential for prioritization; not proof of clinical efficacy or cross-disorder transferability.
RMD_Body Integrity Dysphoria,PT_Focused Ultrasound Therapy,0.4147590159698784,0.6125976599291834,0.0,0.0,0.6125976599291834,Strategic Priority,Large forecasted gap and broad cross-RMD spillover value,Tier 1: Data-driven similarity,Exploratory,CISN estimates spillover potential for prioritization; not proof of clinical efficacy or cross-disorder transferability.
RMD_Landau Kleffner Syndrome,PT_Anticonvulsant Therapy,0.4132255375285685,0.6103327174721723,0.0,0.0,0.6103327174721723,Strategic Priority,Large forecasted gap and broad cross-RMD spillover value,Tier 1: Data-driven similarity,Exploratory,CISN estimates spillover potential for prioritization; not proof of clinical efficacy or cross-disorder transferability.
RMD_Postpartum Psychosis,PT_Antipsychotic Medications,0.4130513804006715,0.6100754879849237,0.0,0.0,0.6100754879849237,Strategic Priority,Large forecasted gap and broad cross-RMD spillover value,Tier 1: Data-driven similarity,Exploratory,CISN estimates spillover potential for prioritization; not proof of clinical efficacy or cross-disorder transferability.
RMD_Diogenes Syndrome,PT_Stem Cell Therapy For Neurological Disorders,0.4122623268123856,0.6089100585111066,0.0,0.0,0.6089100585111066,Strategic Priority,Large forecasted gap and broad cross-RMD spillover value,Tier 1: Data-driven similarity,Exploratory,CISN estimates spillover potential for prioritization; not proof of clinical efficacy or cross-disorder transferability.
RMD_Kleine Levin Syndrome,PT_Neurobiological Assessments For Mental Disorders,0.4103397036135808,0.6060703505670629,0.0,0.0,0.6060703505670629,Strategic Priority,Large forecasted gap and broad cross-RMD spillover value,Tier 1: Data-driven similarity,Exploratory,CISN estimates spillover potential for prioritization; not proof of clinical efficacy or cross-disorder transferability.
RMD_Histrionic Personality Disorder,PT_Lithium Therapy,0.4089983402725363,0.6040891614615841,0.0,0.0,0.6040891614615841,Strategic Priority,Large forecasted gap and broad cross-RMD spillover value,Tier 1: Data-driven similarity,Exploratory,CISN estimates spillover potential for prioritization; not proof of clinical efficacy or cross-disorder transferability.
RMD_Kleine Levin Syndrome,PT_Dietary Interventions And Supplements,0.4038929456750491,0.5965485109560797,0.0,0.0,0.5965485109560797,Strategic Priority,Large forecasted gap and broad cross-RMD spillover value,Tier 1: Data-driven similarity,Exploratory,CISN estimates spillover potential for prioritization; not proof of clinical efficacy or cross-disorder transferability.
RMD_Kleptomania,PT_Acceptance And Commitment Therapy,0.4012756251893177,0.5926827374753166,0.0,0.0,0.5926827374753166,Strategic Priority,Large forecasted gap and broad cross-RMD spillover value,Tier 1: Data-driven similarity,Exploratory,CISN estimates spillover potential for prioritization; not proof of clinical efficacy or cross-disorder transferability.
RMD_Hallucinogen Persisting Perception Disorder,PT_Narrative Exposure Therapy,0.4000072259848026,0.5908093161520332,0.0,0.0,0.5908093161520332,Strategic Priority,Large forecasted gap and broad cross-RMD spillover value,Tier 1: Data-driven similarity,Exploratory,CISN estimates spillover potential for prioritization; not proof of clinical efficacy or cross-disorder transferability.
RMD_Impulse Control Disorders,PT_Neurobiological Assessments For Mental Disorders,0.3997864613867416,0.5904832475894221,0.0,0.0,0.5904832475894221,Strategic Priority,Large forecasted gap and broad cross-RMD spillover value,Tier 1: Data-driven similarity,Exploratory,CISN estimates spillover potential for prioritization; not proof of clinical efficacy or cross-disorder transferability.
RMD_Kleptomania,PT_Light Therapy,0.3996590151118306,0.5902950098736134,0.0,0.0,0.5902950098736134,Strategic Priority,Large forecasted gap and broad cross-RMD spillover value,Tier 1: Data-driven similarity,Exploratory,CISN estimates spillover potential for prioritization; not proof of clinical efficacy or cross-disorder transferability.
RMD_Antisocial Personality Disorder,PT_Narrative Exposure Therapy,0.3991374376972446,0.5895246418012036,0.0,0.0,0.5895246418012036,Strategic Priority,Large forecasted gap and broad cross-RMD spillover value,Tier 1: Data-driven similarity,Exploratory,CISN estimates spillover potential for prioritization; not proof of clinical efficacy or cross-disorder transferability.
RMD_Landau Kleffner Syndrome,PT_Privacy Preserving Ai In Digital Mental Health,0.3987712928380344,0.5889838470859332,0.0,0.0,0.5889838470859332,Strategic Priority,Large forecasted gap and broad cross-RMD spillover value,Tier 1: Data-driven similarity,Exploratory,CISN estimates spillover potential for prioritization; not proof of clinical efficacy or cross-disorder transferability.
RMD_Narcissistic Personality Disorder,PT_Neuromodulation Techniques,0.3976796712259341,0.587371525667104,0.0,0.0,0.587371525667104,Strategic Priority,Large forecasted gap and broad cross-RMD spillover value,Tier 1: Data-driven similarity,Exploratory,CISN estimates spillover potential for prioritization; not proof of clinical efficacy or cross-disorder transferability.
RMD_Brief Psychotic Disorder,PT_Sleep Pattern Monitoring And Manipulation,0.3970496061308211,0.5864409216584926,0.0,0.0,0.5864409216584926,Strategic Priority,Large forecasted gap and broad cross-RMD spillover value,Tier 1: Data-driven similarity,Exploratory,CISN estimates spillover potential for prioritization; not proof of clinical efficacy or cross-disorder transferability.
RMD_Reactive Attachment Disorder,PT_Oxytocin Therapy,0.3956148654649596,0.584321814560949,0.0,0.0,0.584321814560949,Strategic Priority,Large forecasted gap and broad cross-RMD spillover value,Tier 1: Data-driven similarity,Exploratory,CISN estimates spillover potential for prioritization; not proof of clinical efficacy or cross-disorder transferability.
RMD_Antisocial Personality Disorder,PT_Music Therapy,0.3931475756240846,0.5806776358338086,0.0,0.0,0.5806776358338086,Strategic Priority,Large forecasted gap and broad cross-RMD spillover value,Tier 1: Data-driven similarity,Exploratory,CISN estimates spillover potential for prioritization; not proof of clinical efficacy or cross-disorder transferability.
RMD_Kleptomania,PT_Social Skills Training,0.3896135125567667,0.5754578366691816,0.0,0.0,0.5754578366691816,Strategic Priority,Large forecasted gap and broad cross-RMD spillover value,Tier 1: Data-driven similarity,Exploratory,CISN estimates spillover potential for prioritization; not proof of clinical efficacy or cross-disorder transferability.
RMD_Ekbom Syndrome,PT_Neurofeedback Systems,0.3856906094740345,0.5696637221205415,0.0,0.0,0.5696637221205415,Strategic Priority,Large forecasted gap and broad cross-RMD spillover value,Tier 1: Data-driven similarity,Exploratory,CISN estimates spillover potential for prioritization; not proof of clinical efficacy or cross-disorder transferability.
RMD_Brief Psychotic Disorder,PT_Cognitive Assistive Technologies,0.3852611984403649,0.5690294834801622,0.0,0.0,0.5690294834801622,Strategic Priority,Large forecasted gap and broad cross-RMD spillover value,Tier 1: Data-driven similarity,Exploratory,CISN estimates spillover potential for prioritization; not proof of clinical efficacy or cross-disorder transferability.
RMD_Postpartum Psychosis,PT_Mood Stabilizers,0.3817017089122611,0.5637721295191885,0.0,0.0,0.5637721295191885,Strategic Priority,Large forecasted gap and broad cross-RMD spillover value,Tier 1: Data-driven similarity,Exploratory,CISN estimates spillover potential for prioritization; not proof of clinical efficacy or cross-disorder transferability.
RMD_Hallucinogen Persisting Perception Disorder,PT_Virtual Reality Exposure Therapy,0.3789406445596689,0.5596940468345805,0.0,0.0,0.5596940468345805,Strategic Priority,Large forecasted gap and broad cross-RMD spillover value,Tier 1: Data-driven similarity,Exploratory,CISN estimates spillover potential for prioritization; not proof of clinical efficacy or cross-disorder transferability.
RMD_Ganser Syndrome,PT_Immunotherapy For Neuropsychiatric Disorders,0.3747666882970751,0.5535291275907335,0.0,0.0,0.5535291275907335,Strategic Priority,Large forecasted gap and broad cross-RMD spillover value,Tier 1: Data-driven similarity,Exploratory,CISN estimates spillover potential for prioritization; not proof of clinical efficacy or cross-disorder transferability.
RMD_Hallucinogen Persisting Perception Disorder,PT_Personalized Medicine,0.3721222963341633,0.549623369629988,0.0,0.0,0.549623369629988,Strategic Priority,Large forecasted gap and broad cross-RMD spillover value,Tier 1: Data-driven similarity,Exploratory,CISN estimates spillover potential for prioritization; not proof of clinical efficacy or cross-disorder transferability.
RMD_Chronic Traumatic Encephalopathy,PT_Virtual Reality Exposure Therapy,0.3697701915817226,0.546149318887814,0.0,0.0,0.546149318887814,Strategic Priority,Large forecasted gap and broad cross-RMD spillover value,Tier 1: Data-driven similarity,Exploratory,CISN estimates spillover potential for prioritization; not proof of clinical efficacy or cross-disorder transferability.
RMD_Diogenes Syndrome,PT_Psilocybin Assisted Therapy,0.3687646205950592,0.5446640939509139,0.0,0.0,0.5446640939509139,Strategic Priority,Large forecasted gap and broad cross-RMD spillover value,Tier 1: Data-driven similarity,Exploratory,CISN estimates spillover potential for prioritization; not proof of clinical efficacy or cross-disorder transferability.
RMD_Dissociative Amnesia,PT_Focused Ultrasound Therapy,0.3687605302252785,0.5446580524886202,0.0,0.0,0.5446580524886202,Strategic Priority,Large forecasted gap and broad cross-RMD spillover value,Tier 1: Data-driven similarity,Exploratory,CISN estimates spillover potential for prioritization; not proof of clinical efficacy or cross-disorder transferability.
RMD_Palilalia,PT_Memory Retrieval Techniques,0.3687590757093069,0.5446559041734631,0.0,0.0,0.5446559041734631,Strategic Priority,Large forecasted gap and broad cross-RMD spillover value,Tier 1: Data-driven similarity,Exploratory,CISN estimates spillover potential for prioritization; not proof of clinical efficacy or cross-disorder transferability.
RMD_Disinhibited Social Engagement Disorder,PT_Memory Retrieval Techniques,0.3681832624515378,0.5438054299446132,0.0,0.0,0.5438054299446132,Strategic Priority,Large forecasted gap and broad cross-RMD spillover value,Tier 1: Data-driven similarity,Exploratory,CISN estimates spillover potential for prioritization; not proof of clinical efficacy or cross-disorder transferability.
RMD_Narcissistic Personality Disorder,PT_Electroencephalography,0.366602025251885,0.5414699479635039,0.0,0.0,0.5414699479635039,Strategic Priority,Large forecasted gap and broad cross-RMD spillover value,Tier 1: Data-driven similarity,Exploratory,CISN estimates spillover potential for prioritization; not proof of clinical efficacy or cross-disorder transferability.
RMD_Histrionic Personality Disorder,PT_Neurobiological Assessments For Mental Disorders,0.364362106607266,0.5381615957221025,0.0,0.0,0.5381615957221025,Strategic Priority,Large forecasted gap and broad cross-RMD spillover value,Tier 1: Data-driven similarity,Exploratory,CISN estimates spillover potential for prioritization; not proof of clinical efficacy or cross-disorder transferability.
RMD_Body Integrity Dysphoria,PT_Psilocybin Assisted Therapy,0.362842158499888,0.5359166375224207,0.0,0.0,0.5359166375224207,Platform Opportunity,Broad cross-RMD value but lower immediate gap urgency,Tier 1: Data-driven similarity,Exploratory,CISN estimates spillover potential for prioritization; not proof of clinical efficacy or cross-disorder transferability.
RMD_Erotomania,PT_Transcranial Direct Current Stimulation,0.3621600116285832,0.5349091089070098,0.0,0.0,0.5349091089070098,Platform Opportunity,Broad cross-RMD value but lower immediate gap urgency,Tier 1: Data-driven similarity,Exploratory,CISN estimates spillover potential for prioritization; not proof of clinical efficacy or cross-disorder transferability.
RMD_Dissociative Amnesia,PT_Privacy Preserving Ai In Digital Mental Health,0.3607038071558436,0.5327582998395018,0.0,0.0,0.5327582998395018,Platform Opportunity,Broad cross-RMD value but lower immediate gap urgency,Tier 1: Data-driven similarity,Exploratory,CISN estimates spillover potential for prioritization; not proof of clinical efficacy or cross-disorder transferability.
RMD_Kleine Levin Syndrome,PT_Neurofeedback Systems,0.3582600582954127,0.5291488910606381,0.0,0.0,0.5291488910606381,Platform Opportunity,Broad cross-RMD value but lower immediate gap urgency,Tier 1: Data-driven similarity,Exploratory,CISN estimates spillover potential for prioritization; not proof of clinical efficacy or cross-disorder transferability.
RMD_Anorexia Nervosa,PT_Neurocognitive Training,0.3576700254614704,0.5282774145660062,0.0,0.0,0.5282774145660062,Platform Opportunity,Broad cross-RMD value but lower immediate gap urgency,Tier 1: Data-driven similarity,Exploratory,CISN estimates spillover potential for prioritization; not proof of clinical efficacy or cross-disorder transferability.
RMD_Hyperthymesia,PT_Narrative Exposure Therapy,0.3566136193205434,0.5267171062786663,0.0,0.0,0.5267171062786663,Platform Opportunity,Broad cross-RMD value but lower immediate gap urgency,Tier 1: Data-driven similarity,Exploratory,CISN estimates spillover potential for prioritization; not proof of clinical efficacy or cross-disorder transferability.
RMD_Landau Kleffner Syndrome,PT_Behavioral Activation Therapy,0.3564262398274316,0.5264403474028392,0.0,0.0,0.5264403474028392,Platform Opportunity,Broad cross-RMD value but lower immediate gap urgency,Tier 1: Data-driven similarity,Exploratory,CISN estimates spillover potential for prioritization; not proof of clinical efficacy or cross-disorder transferability.
RMD_Reactive Attachment Disorder,PT_Occupational Therapy,0.3554144486198829,0.5249459352207873,0.0,0.0,0.5249459352207873,Platform Opportunity,Broad cross-RMD value but lower immediate gap urgency,Tier 1: Data-driven similarity,Exploratory,CISN estimates spillover potential for prioritization; not proof of clinical efficacy or cross-disorder transferability.
RMD_Reactive Attachment Disorder,PT_Hypnotherapy,0.3546846233054093,0.5238679857065177,0.0,0.0,0.5238679857065177,Platform Opportunity,Broad cross-RMD value but lower immediate gap urgency,Tier 1: Data-driven similarity,Exploratory,CISN estimates spillover potential for prioritization; not proof of clinical efficacy or cross-disorder transferability.
RMD_Dissociative Fugue,PT_Transcranial Direct Current Stimulation,0.3532270814402704,0.5217152013149718,0.0,0.0,0.5217152013149718,Platform Opportunity,Broad cross-RMD value but lower immediate gap urgency,Tier 1: Data-driven similarity,Exploratory,CISN estimates spillover potential for prioritization; not proof of clinical efficacy or cross-disorder transferability.
RMD_Kleptomania,PT_Ketamine Therapy,0.3519867951512626,0.5198833026725476,0.0,0.0,0.5198833026725476,Platform Opportunity,Broad cross-RMD value but lower immediate gap urgency,Tier 1: Data-driven similarity,Exploratory,CISN estimates spillover potential for prioritization; not proof of clinical efficacy or cross-disorder transferability.
RMD_Body Integrity Dysphoria,PT_Trauma Focused Cbt,0.351777960001938,0.5195748538652611,0.0,0.0,0.5195748538652611,Platform Opportunity,Broad cross-RMD value but lower immediate gap urgency,Tier 1: Data-driven similarity,Exploratory,CISN estimates spillover potential for prioritization; not proof of clinical efficacy or cross-disorder transferability.
RMD_Narcissistic Personality Disorder,PT_Brain Computer Interface,0.3501572036160577,0.5171810021801234,0.0,0.0,0.5171810021801234,Platform Opportunity,Broad cross-RMD value but lower immediate gap urgency,Tier 1: Data-driven similarity,Exploratory,CISN estimates spillover potential for prioritization; not proof of clinical efficacy or cross-disorder transferability.
RMD_Kleptomania,PT_Stimulant And Wake Promoting Agents,0.3500808807114882,0.5170682735089239,0.0,0.0,0.5170682735089239,Platform Opportunity,Broad cross-RMD value but lower immediate gap urgency,Tier 1: Data-driven similarity,Exploratory,CISN estimates spillover potential for prioritization; not proof of clinical efficacy or cross-disorder transferability.
RMD_Disinhibited Social Engagement Disorder,PT_Lithium Therapy,0.3494797611271438,0.5161804219215489,0.0,0.0,0.5161804219215489,Platform Opportunity,Broad cross-RMD value but lower immediate gap urgency,Tier 1: Data-driven similarity,Exploratory,CISN estimates spillover potential for prioritization; not proof of clinical efficacy or cross-disorder transferability.
RMD_Circadian Rhythm Sleep Wake Disorder,PT_Neurobiological Assessments For Mental Disorders,0.3491050409432855,0.5156269614808565,0.0,0.0,0.5156269614808565,Platform Opportunity,Broad cross-RMD value but lower immediate gap urgency,Tier 1: Data-driven similarity,Exploratory,CISN estimates spillover potential for prioritization; not proof of clinical efficacy or cross-disorder transferability.
RMD_Childhood Disintegrative Disorder,PT_Traditional And Alternative Medicine Approaches,0.3486806958524799,0.5150002052209063,0.0,0.0,0.5150002052209063,Platform Opportunity,Broad cross-RMD value but lower immediate gap urgency,Tier 1: Data-driven similarity,Exploratory,CISN estimates spillover potential for prioritization; not proof of clinical efficacy or cross-disorder transferability.
RMD_Reduplicative Paramnesia,PT_Dietary Interventions And Supplements,0.3481037284555792,0.5141480263324731,0.0,0.0,0.5141480263324731,Platform Opportunity,Broad cross-RMD value but lower immediate gap urgency,Tier 1: Data-driven similarity,Exploratory,CISN estimates spillover potential for prioritization; not proof of clinical efficacy or cross-disorder transferability.
RMD_Hallucinogen Persisting Perception Disorder,PT_Acceptance And Commitment Therapy,0.3479149881491515,0.5138692575399937,0.0,0.0,0.5138692575399937,Platform Opportunity,Broad cross-RMD value but lower immediate gap urgency,Tier 1: Data-driven similarity,Exploratory,CISN estimates spillover potential for prioritization; not proof of clinical efficacy or cross-disorder transferability.
RMD_Palilalia,PT_Neuroplasticity Techniques,0.3475225544383493,0.5132896342800807,0.0,0.0,0.5132896342800807,Platform Opportunity,Broad cross-RMD value but lower immediate gap urgency,Tier 1: Data-driven similarity,Exploratory,CISN estimates spillover potential for prioritization; not proof of clinical efficacy or cross-disorder transferability.
RMD_Koro,PT_Prolonged Exposure Therapy,0.3465310911043183,0.5118252462982722,0.0,0.0,0.5118252462982722,Platform Opportunity,Broad cross-RMD value but lower immediate gap urgency,Tier 1: Data-driven similarity,Exploratory,CISN estimates spillover potential for prioritization; not proof of clinical efficacy or cross-disorder transferability.
RMD_Antisocial Personality Disorder,PT_Light Therapy,0.3454285897841064,0.5101968555874608,0.0,0.0,0.5101968555874608,Platform Opportunity,Broad cross-RMD value but lower immediate gap urgency,Tier 1: Data-driven similarity,Exploratory,CISN estimates spillover potential for prioritization; not proof of clinical efficacy or cross-disorder transferability.
RMD_Factitious Disorder,PT_Acceptance And Commitment Therapy,0.3410158271632395,0.5036792201623581,0.0,0.0,0.5036792201623581,Platform Opportunity,Broad cross-RMD value but lower immediate gap urgency,Tier 1: Data-driven similarity,Exploratory,CISN estimates spillover potential for prioritization; not proof of clinical efficacy or cross-disorder transferability.
RMD_Reactive Attachment Disorder,PT_Motivational Interviewing,0.3407189279226594,0.5032407009909573,0.0,0.0,0.5032407009909573,Platform Opportunity,Broad cross-RMD value but lower immediate gap urgency,Tier 1: Data-driven similarity,Exploratory,CISN estimates spillover potential for prioritization; not proof of clinical efficacy or cross-disorder transferability.
RMD_Ganser Syndrome,PT_Social Skills Training,0.340595000860142,0.5030576611399186,0.0,0.0,0.5030576611399186,Platform Opportunity,Broad cross-RMD value but lower immediate gap urgency,Tier 1: Data-driven similarity,Exploratory,CISN estimates spillover potential for prioritization; not proof of clinical efficacy or cross-disorder transferability.
RMD_Chronic Traumatic Encephalopathy,PT_Dialectical Behavior Therapy,0.3401710079164649,0.5024314250000828,0.0,0.0,0.5024314250000828,Platform Opportunity,Broad cross-RMD value but lower immediate gap urgency,Tier 1: Data-driven similarity,Exploratory,CISN estimates spillover potential for prioritization; not proof of clinical efficacy or cross-disorder transferability.
RMD_Chronic Traumatic Encephalopathy,PT_Neuroprotective Agents,0.3372491886318391,0.49811590782606263,0.0,0.0,0.49811590782606263,Platform Opportunity,Broad cross-RMD value but lower immediate gap urgency,Tier 1: Data-driven similarity,Exploratory,CISN estimates spillover potential for prioritization; not proof of clinical efficacy or cross-disorder transferability.
RMD_Koro,PT_Cognitive Assistive Technologies,0.3371172529333401,0.4979210392468405,0.0,0.0,0.4979210392468405,Platform Opportunity,Broad cross-RMD value but lower immediate gap urgency,Tier 1: Data-driven similarity,Exploratory,CISN estimates spillover potential for prioritization; not proof of clinical efficacy or cross-disorder transferability.
RMD_Chronic Traumatic Encephalopathy,PT_Emdr Therapy,0.3351761826365428,0.49505408500162545,0.0,0.0,0.49505408500162545,Platform Opportunity,Broad cross-RMD value but lower immediate gap urgency,Tier 1: Data-driven similarity,Exploratory,CISN estimates spillover potential for prioritization; not proof of clinical efficacy or cross-disorder transferability.
RMD_Schizotypal Personality Disorder,PT_Mentalization Based Treatment,0.330394762211157,0.48799194324955397,0.0,0.0,0.48799194324955397,Platform Opportunity,Broad cross-RMD value but lower immediate gap urgency,Tier 1: Data-driven similarity,Exploratory,CISN estimates spillover potential for prioritization; not proof of clinical efficacy or cross-disorder transferability.
RMD_Reactive Attachment Disorder,PT_Ketamine Therapy,0.3297717852997104,0.48707180846417825,0.0,0.0,0.48707180846417825,Platform Opportunity,Broad cross-RMD value but lower immediate gap urgency,Tier 1: Data-driven similarity,Exploratory,CISN estimates spillover potential for prioritization; not proof of clinical efficacy or cross-disorder transferability.
RMD_Reactive Attachment Disorder,PT_Stimulant And Wake Promoting Agents,0.327865870859936,0.48425677930055466,0.0,0.0,0.48425677930055466,Platform Opportunity,Broad cross-RMD value but lower immediate gap urgency,Tier 1: Data-driven similarity,Exploratory,CISN estimates spillover potential for prioritization; not proof of clinical efficacy or cross-disorder transferability.
RMD_Kleine Levin Syndrome,PT_Stem Cell Therapy For Neurological Disorders,0.3238572318028075,0.4783360330085054,0.0,0.0,0.4783360330085054,Platform Opportunity,Broad cross-RMD value but lower immediate gap urgency,Tier 1: Data-driven similarity,Exploratory,CISN estimates spillover potential for prioritization; not proof of clinical efficacy or cross-disorder transferability.
RMD_Cyclothymic Disorder,PT_Selective Serotonin Reuptake Inhibitors,0.3215622379581433,0.4749463348834253,0.0,0.0,0.4749463348834253,Platform Opportunity,Broad cross-RMD value but lower immediate gap urgency,Tier 1: Data-driven similarity,Exploratory,CISN estimates spillover potential for prioritization; not proof of clinical efficacy or cross-disorder transferability.
RMD_Schizotypal Personality Disorder,PT_Neuroprotective Agents,0.3190333684079787,0.4712112031345123,0.0,0.0,0.4712112031345123,Platform Opportunity,Broad cross-RMD value but lower immediate gap urgency,Tier 1: Data-driven similarity,Exploratory,CISN estimates spillover potential for prioritization; not proof of clinical efficacy or cross-disorder transferability.
RMD_Dissociative Amnesia,PT_Psilocybin Assisted Therapy,0.3168436727552881,0.4679770300818576,0.0,0.0,0.4679770300818576,Platform Opportunity,Broad cross-RMD value but lower immediate gap urgency,Tier 1: Data-driven similarity,Exploratory,CISN estimates spillover potential for prioritization; not proof of clinical efficacy or cross-disorder transferability.
RMD_Rumination Disorder,PT_Resting State Fmri,0.315627927784051,0.4661813788825487,0.0,0.0,0.4661813788825487,Platform Opportunity,Broad cross-RMD value but lower immediate gap urgency,Tier 1: Data-driven similarity,Exploratory,CISN estimates spillover potential for prioritization; not proof of clinical efficacy or cross-disorder transferability.
RMD_Cyclothymic Disorder,PT_Smart Wearable Mental Health Trackers,0.3128722207228107,0.46211120889909796,0.0,0.0,0.46211120889909796,Platform Opportunity,Broad cross-RMD value but lower immediate gap urgency,Tier 1: Data-driven similarity,Exploratory,CISN estimates spillover potential for prioritization; not proof of clinical efficacy or cross-disorder transferability.
RMD_Factitious Disorder,PT_Electroconvulsive Therapy,0.3101473520307881,0.45808658708239325,0.0,0.0,0.45808658708239325,Platform Opportunity,Broad cross-RMD value but lower immediate gap urgency,Tier 1: Data-driven similarity,Exploratory,CISN estimates spillover potential for prioritization; not proof of clinical efficacy or cross-disorder transferability.
RMD_Impulse Control Disorders,PT_Psychoeducation Programs,0.3021680201289034,0.4463011409252739,0.0,0.0,0.4463011409252739,Platform Opportunity,Broad cross-RMD value but lower immediate gap urgency,Tier 1: Data-driven similarity,Exploratory,CISN estimates spillover potential for prioritization; not proof of clinical efficacy or cross-disorder transferability.
RMD_Palilalia,PT_Dietary Interventions And Supplements,0.2989725827811108,0.441581490799934,0.0,0.0,0.441581490799934,Platform Opportunity,Broad cross-RMD value but lower immediate gap urgency,Tier 1: Data-driven similarity,Exploratory,CISN estimates spillover potential for prioritization; not proof of clinical efficacy or cross-disorder transferability.
RMD_Histrionic Personality Disorder,PT_Art Therapy,0.2967369959760281,0.43827953667083636,0.0,0.0,0.43827953667083636,Platform Opportunity,Broad cross-RMD value but lower immediate gap urgency,Tier 1: Data-driven similarity,Exploratory,CISN estimates spillover potential for prioritization; not proof of clinical efficacy or cross-disorder transferability.
RMD_Body Integrity Dysphoria,PT_Digital Health Tools,0.2957961209373318,0.43688986742966673,0.0,0.0,0.43688986742966673,Platform Opportunity,Broad cross-RMD value but lower immediate gap urgency,Tier 1: Data-driven similarity,Exploratory,CISN estimates spillover potential for prioritization; not proof of clinical efficacy or cross-disorder transferability.
RMD_Childhood Disintegrative Disorder,PT_Resting State Fmri,0.2940412031329548,0.4342978597844188,0.0,0.0,0.4342978597844188,Platform Opportunity,Broad cross-RMD value but lower immediate gap urgency,Tier 1: Data-driven similarity,Exploratory,CISN estimates spillover potential for prioritization; not proof of clinical efficacy or cross-disorder transferability.
RMD_Factitious Disorder,PT_Ketamine Therapy,0.2917269971251844,0.43087978535958904,0.0,0.0,0.43087978535958904,Platform Opportunity,Broad cross-RMD value but lower immediate gap urgency,Tier 1: Data-driven similarity,Exploratory,CISN estimates spillover potential for prioritization; not proof of clinical efficacy or cross-disorder transferability.
RMD_Schizotypal Personality Disorder,PT_Electroconvulsive Therapy,0.2896602398148933,0.4278271918217121,0.0,0.0,0.4278271918217121,Platform Opportunity,Broad cross-RMD value but lower immediate gap urgency,Tier 1: Data-driven similarity,Exploratory,CISN estimates spillover potential for prioritization; not proof of clinical efficacy or cross-disorder transferability.
RMD_Cyclothymic Disorder,PT_Hypnotherapy,0.2859224152849703,0.42230643766787584,0.0,0.0,0.42230643766787584,Platform Opportunity,Broad cross-RMD value but lower immediate gap urgency,Tier 1: Data-driven similarity,Exploratory,CISN estimates spillover potential for prioritization; not proof of clinical efficacy or cross-disorder transferability.
RMD_Anorexia Nervosa,PT_Neuroprotective Agents,0.2850472052976434,0.42101375548487524,0.0,0.0,0.42101375548487524,Platform Opportunity,Broad cross-RMD value but lower immediate gap urgency,Tier 1: Data-driven similarity,Exploratory,CISN estimates spillover potential for prioritization; not proof of clinical efficacy or cross-disorder transferability.
RMD_Landau Kleffner Syndrome,PT_Resting State Fmri,0.284667652370764,0.42045315709913106,0.0,0.0,0.42045315709913106,Platform Opportunity,Broad cross-RMD value but lower immediate gap urgency,Tier 1: Data-driven similarity,Exploratory,CISN estimates spillover potential for prioritization; not proof of clinical efficacy or cross-disorder transferability.
RMD_Schizotypal Personality Disorder,PT_Motivational Interviewing,0.2821870275322385,0.4167892826256867,0.0,0.0,0.4167892826256867,Platform Opportunity,Broad cross-RMD value but lower immediate gap urgency,Tier 1: Data-driven similarity,Exploratory,CISN estimates spillover potential for prioritization; not proof of clinical efficacy or cross-disorder transferability.
RMD_Childhood Disintegrative Disorder,PT_Narrative Exposure Therapy,0.2805622251386591,0.41438945500089946,0.0,0.0,0.41438945500089946,Platform Opportunity,Broad cross-RMD value but lower immediate gap urgency,Tier 1: Data-driven similarity,Exploratory,CISN estimates spillover potential for prioritization; not proof of clinical efficacy or cross-disorder transferability.
RMD_Hyperthymesia,PT_Hypnotherapy,0.2801453894525361,0.41377379010619714,0.0,0.0,0.41377379010619714,Platform Opportunity,Broad cross-RMD value but lower immediate gap urgency,Tier 1: Data-driven similarity,Exploratory,CISN estimates spillover potential for prioritization; not proof of clinical efficacy or cross-disorder transferability.
RMD_Factitious Disorder,PT_Naltrexone,0.2797759880022639,0.4132281854169729,0.0,0.0,0.4132281854169729,Platform Opportunity,Broad cross-RMD value but lower immediate gap urgency,Tier 1: Data-driven similarity,Exploratory,CISN estimates spillover potential for prioritization; not proof of clinical efficacy or cross-disorder transferability.
RMD_Cyclothymic Disorder,PT_Vagus Nerve Stimulation,0.278639616530548,0.4115497686072609,0.0,0.0,0.4115497686072609,Platform Opportunity,Broad cross-RMD value but lower immediate gap urgency,Tier 1: Data-driven similarity,Exploratory,CISN estimates spillover potential for prioritization; not proof of clinical efficacy or cross-disorder transferability.
RMD_Rumination Disorder,PT_Mindfulness Based Stress Reduction,0.2766064185649959,0.4085467421077467,0.0,0.0,0.4085467421077467,Platform Opportunity,Broad cross-RMD value but lower immediate gap urgency,Tier 1: Data-driven similarity,Exploratory,CISN estimates spillover potential for prioritization; not proof of clinical efficacy or cross-disorder transferability.
RMD_Cyclothymic Disorder,PT_Transference Focused Psychotherapy,0.2758969559756696,0.40749886826945947,0.0,0.0,0.40749886826945947,Platform Opportunity,Broad cross-RMD value but lower immediate gap urgency,Tier 1: Data-driven similarity,Exploratory,CISN estimates spillover potential for prioritization; not proof of clinical efficacy or cross-disorder transferability.
RMD_Erotomania,PT_Occupational Therapy,0.2748996796656878,0.4060258945418865,0.0,0.0,0.4060258945418865,Platform Opportunity,Broad cross-RMD value but lower immediate gap urgency,Tier 1: Data-driven similarity,Exploratory,CISN estimates spillover potential for prioritization; not proof of clinical efficacy or cross-disorder transferability.
RMD_Fregoli Delusion,PT_Cultural Psychiatry Interventions,0.274640102182534,0.40564249947962727,0.0,0.0,0.40564249947962727,Platform Opportunity,Broad cross-RMD value but lower immediate gap urgency,Tier 1: Data-driven similarity,Exploratory,CISN estimates spillover potential for prioritization; not proof of clinical efficacy or cross-disorder transferability.
RMD_Erotomania,PT_Hypnotherapy,0.2741698543512141,0.4049479450276169,0.0,0.0,0.4049479450276169,Platform Opportunity,Broad cross-RMD value but lower immediate gap urgency,Tier 1: Data-driven similarity,Exploratory,CISN estimates spillover potential for prioritization; not proof of clinical efficacy or cross-disorder transferability.
RMD_Landau Kleffner Syndrome,PT_Metaverse,0.2740635708680644,0.404790964683466,0.0,0.0,0.404790964683466,Platform Opportunity,Broad cross-RMD value but lower immediate gap urgency,Tier 1: Data-driven similarity,Exploratory,CISN estimates spillover potential for prioritization; not proof of clinical efficacy or cross-disorder transferability.
RMD_Childhood Disintegrative Disorder,PT_Electroencephalography,0.272981024879442,0.40319204792973357,0.0,0.0,0.40319204792973357,Platform Opportunity,Broad cross-RMD value but lower immediate gap urgency,Tier 1: Data-driven similarity,Exploratory,CISN estimates spillover potential for prioritization; not proof of clinical efficacy or cross-disorder transferability.
RMD_Hyperthymesia,PT_Vagus Nerve Stimulation,0.2728625906981138,0.4030171210455823,0.0,0.0,0.4030171210455823,Platform Opportunity,Broad cross-RMD value but lower immediate gap urgency,Tier 1: Data-driven similarity,Exploratory,CISN estimates spillover potential for prioritization; not proof of clinical efficacy or cross-disorder transferability.
RMD_Capgras Syndrome,PT_Digital Health Tools,0.2717083079194685,0.4013122492962819,0.0,0.0,0.4013122492962819,Platform Opportunity,Broad cross-RMD value but lower immediate gap urgency,Tier 1: Data-driven similarity,Exploratory,CISN estimates spillover potential for prioritization; not proof of clinical efficacy or cross-disorder transferability.
RMD_Hyperthymesia,PT_Transference Focused Psychotherapy,0.2701199301432354,0.39896622070778076,0.0,0.0,0.39896622070778076,Platform Opportunity,Broad cross-RMD value but lower immediate gap urgency,Tier 1: Data-driven similarity,Exploratory,CISN estimates spillover potential for prioritization; not proof of clinical efficacy or cross-disorder transferability.
RMD_Reduplicative Paramnesia,PT_Stem Cell Therapy For Neurological Disorders,0.2680680145833377,0.39593554838489897,0.0,0.0,0.39593554838489897,Platform Opportunity,Broad cross-RMD value but lower immediate gap urgency,Tier 1: Data-driven similarity,Exploratory,CISN estimates spillover potential for prioritization; not proof of clinical efficacy or cross-disorder transferability.
RMD_Rumination Disorder,PT_Transcranial Magnetic Stimulation,0.2653550119489321,0.3919284526950507,0.0,0.0,0.3919284526950507,Platform Opportunity,Broad cross-RMD value but lower immediate gap urgency,Tier 1: Data-driven similarity,Exploratory,CISN estimates spillover potential for prioritization; not proof of clinical efficacy or cross-disorder transferability.
RMD_Dissociative Fugue,PT_Hypnotherapy,0.2652369241629013,0.3917540374355789,0.0,0.0,0.3917540374355789,Platform Opportunity,Broad cross-RMD value but lower immediate gap urgency,Tier 1: Data-driven similarity,Exploratory,CISN estimates spillover potential for prioritization; not proof of clinical efficacy or cross-disorder transferability.
RMD_Kleine Levin Syndrome,PT_Traditional And Alternative Medicine Approaches,0.2647555122382914,0.39104299365564227,0.0,0.0,0.39104299365564227,Platform Opportunity,Broad cross-RMD value but lower immediate gap urgency,Tier 1: Data-driven similarity,Exploratory,CISN estimates spillover potential for prioritization; not proof of clinical efficacy or cross-disorder transferability.
RMD_Landau Kleffner Syndrome,PT_Electroencephalography,0.2636074741172512,0.3893473452444458,0.0,0.0,0.3893473452444458,Platform Opportunity,Broad cross-RMD value but lower immediate gap urgency,Tier 1: Data-driven similarity,Exploratory,CISN estimates spillover potential for prioritization; not proof of clinical efficacy or cross-disorder transferability.
RMD_Pyromania,PT_Deep Brain Stimulation,0.2627081840457555,0.38801909685879576,0.0,0.0,0.38801909685879576,Platform Opportunity,Broad cross-RMD value but lower immediate gap urgency,Tier 1: Data-driven similarity,Exploratory,CISN estimates spillover potential for prioritization; not proof of clinical efficacy or cross-disorder transferability.
RMD_Othello Syndrome,PT_Biofeedback Devices,0.2626657814277009,0.3879564683357379,0.0,0.0,0.3879564683357379,Platform Opportunity,Broad cross-RMD value but lower immediate gap urgency,Tier 1: Data-driven similarity,Exploratory,CISN estimates spillover potential for prioritization; not proof of clinical efficacy or cross-disorder transferability.
RMD_Circadian Rhythm Sleep Wake Disorder,PT_Stem Cell Therapy For Neurological Disorders,0.2626225691325122,0.387892643922299,0.0,0.0,0.387892643922299,Platform Opportunity,Broad cross-RMD value but lower immediate gap urgency,Tier 1: Data-driven similarity,Exploratory,CISN estimates spillover potential for prioritization; not proof of clinical efficacy or cross-disorder transferability.
RMD_Anorexia Nervosa,PT_Hypnotherapy,0.2621665598046533,0.3872191196916105,0.0,0.0,0.3872191196916105,Platform Opportunity,Broad cross-RMD value but lower immediate gap urgency,Tier 1: Data-driven similarity,Exploratory,CISN estimates spillover potential for prioritization; not proof of clinical efficacy or cross-disorder transferability.
RMD_Rumination Disorder,PT_Selective Serotonin Reuptake Inhibitors,0.261320542594921,0.38596955514210957,0.0,0.0,0.38596955514210957,Platform Opportunity,Broad cross-RMD value but lower immediate gap urgency,Tier 1: Data-driven similarity,Exploratory,CISN estimates spillover potential for prioritization; not proof of clinical efficacy or cross-disorder transferability.
RMD_Brief Psychotic Disorder,PT_Focused Ultrasound Therapy,0.2604934951479117,0.3847480088678145,0.0,0.0,0.3847480088678145,Platform Opportunity,Broad cross-RMD value but lower immediate gap urgency,Tier 1: Data-driven similarity,Exploratory,CISN estimates spillover potential for prioritization; not proof of clinical efficacy or cross-disorder transferability.
RMD_Pyromania,PT_Transcranial Direct Current Stimulation,0.260245836202406,0.38438221744523976,0.0,0.0,0.38438221744523976,Platform Opportunity,Broad cross-RMD value but lower immediate gap urgency,Tier 1: Data-driven similarity,Exploratory,CISN estimates spillover potential for prioritization; not proof of clinical efficacy or cross-disorder transferability.
RMD_Erotomania,PT_Motivational Interviewing,0.2602041589684642,0.3843206603120564,0.0,0.0,0.3843206603120564,Platform Opportunity,Broad cross-RMD value but lower immediate gap urgency,Tier 1: Data-driven similarity,Exploratory,CISN estimates spillover potential for prioritization; not proof of clinical efficacy or cross-disorder transferability.
RMD_Diogenes Syndrome,PT_Mindfulness Based Stress Reduction,0.2594996053092893,0.38328003694695406,0.0,0.0,0.38328003694695406,Platform Opportunity,Broad cross-RMD value but lower immediate gap urgency,Tier 1: Data-driven similarity,Exploratory,CISN estimates spillover potential for prioritization; not proof of clinical efficacy or cross-disorder transferability.
RMD_Ganser Syndrome,PT_Fecal Microbiota Transplant,0.2593256146285974,0.3830230533016628,0.0,0.0,0.3830230533016628,Platform Opportunity,Broad cross-RMD value but lower immediate gap urgency,Tier 1: Data-driven similarity,Exploratory,CISN estimates spillover potential for prioritization; not proof of clinical efficacy or cross-disorder transferability.
RMD_Schizotypal Personality Disorder,PT_Naltrexone,0.2592888757863691,0.38296879015629176,0.0,0.0,0.38296879015629176,Platform Opportunity,Broad cross-RMD value but lower immediate gap urgency,Tier 1: Data-driven similarity,Exploratory,CISN estimates spillover potential for prioritization; not proof of clinical efficacy or cross-disorder transferability.
RMD_Capgras Syndrome,PT_Metaverse,0.2579067579126101,0.3809274067442128,0.0,0.0,0.3809274067442128,Platform Opportunity,Broad cross-RMD value but lower immediate gap urgency,Tier 1: Data-driven similarity,Exploratory,CISN estimates spillover potential for prioritization; not proof of clinical efficacy or cross-disorder transferability.
RMD_Childhood Disintegrative Disorder,PT_Brain Computer Interface,0.2565362032436147,0.37890310214635314,0.0,0.0,0.37890310214635314,Platform Opportunity,Broad cross-RMD value but lower immediate gap urgency,Tier 1: Data-driven similarity,Exploratory,CISN estimates spillover potential for prioritization; not proof of clinical efficacy or cross-disorder transferability.
RMD_Cyclothymic Disorder,PT_Digital Therapeutics,0.2562565218211692,0.3784900136339428,0.0,0.0,0.3784900136339428,Platform Opportunity,Broad cross-RMD value but lower immediate gap urgency,Tier 1: Data-driven similarity,Exploratory,CISN estimates spillover potential for prioritization; not proof of clinical efficacy or cross-disorder transferability.
RMD_Anorexia Nervosa,PT_Electroconvulsive Therapy,0.2556740767045581,0.3776297441720752,0.0,0.0,0.3776297441720752,Platform Opportunity,Broad cross-RMD value but lower immediate gap urgency,Tier 1: Data-driven similarity,Exploratory,CISN estimates spillover potential for prioritization; not proof of clinical efficacy or cross-disorder transferability.
RMD_Reactive Attachment Disorder,PT_Cbt For Insomnia,0.2554568010109827,0.3773088287095565,0.0,0.0,0.3773088287095565,Platform Opportunity,Broad cross-RMD value but lower immediate gap urgency,Tier 1: Data-driven similarity,Exploratory,CISN estimates spillover potential for prioritization; not proof of clinical efficacy or cross-disorder transferability.
RMD_Diogenes Syndrome,PT_Clozapine Protocol,0.2543881387479965,0.37573041817150193,0.0,0.0,0.37573041817150193,Platform Opportunity,Broad cross-RMD value but lower immediate gap urgency,Tier 1: Data-driven similarity,Exploratory,CISN estimates spillover potential for prioritization; not proof of clinical efficacy or cross-disorder transferability.
RMD_Palilalia,PT_Neurofeedback Systems,0.2533396954014743,0.3741818709044922,0.0,0.0,0.3741818709044922,Platform Opportunity,Broad cross-RMD value but lower immediate gap urgency,Tier 1: Data-driven similarity,Exploratory,CISN estimates spillover potential for prioritization; not proof of clinical efficacy or cross-disorder transferability.
RMD_Hyperthymesia,PT_Stimulant And Wake Promoting Agents,0.2533266370070628,0.3741625837002341,0.0,0.0,0.3741625837002341,Platform Opportunity,Broad cross-RMD value but lower immediate gap urgency,Tier 1: Data-driven similarity,Exploratory,CISN estimates spillover potential for prioritization; not proof of clinical efficacy or cross-disorder transferability.
RMD_Schizoaffective Disorder,PT_Neurocognitive Training,0.2525006509156454,0.37294260504454857,0.0,0.0,0.37294260504454857,Platform Opportunity,Broad cross-RMD value but lower immediate gap urgency,Tier 1: Data-driven similarity,Exploratory,CISN estimates spillover potential for prioritization; not proof of clinical efficacy or cross-disorder transferability.
RMD_Dissociative Fugue,PT_Motivational Interviewing,0.2512712287801514,0.3711267527200184,0.0,0.0,0.3711267527200184,Platform Opportunity,Broad cross-RMD value but lower immediate gap urgency,Tier 1: Data-driven similarity,Exploratory,CISN estimates spillover potential for prioritization; not proof of clinical efficacy or cross-disorder transferability.
RMD_Othello Syndrome,PT_Interpersonal Psychotherapy,0.2512625005830948,0.3711138612025675,0.0,0.0,0.3711138612025675,Platform Opportunity,Broad cross-RMD value but lower immediate gap urgency,Tier 1: Data-driven similarity,Exploratory,CISN estimates spillover potential for prioritization; not proof of clinical efficacy or cross-disorder transferability.
RMD_Histrionic Personality Disorder,PT_Speech Language Therapy,0.2471354592624755,0.3650182351689045,0.0,0.0,0.3650182351689045,Platform Opportunity,Broad cross-RMD value but lower immediate gap urgency,Tier 1: Data-driven similarity,Exploratory,CISN estimates spillover potential for prioritization; not proof of clinical efficacy or cross-disorder transferability.
RMD_Dissociative Amnesia,PT_Resting State Fmri,0.2466001666885732,0.3642276098526997,0.0,0.0,0.3642276098526997,Platform Opportunity,Broad cross-RMD value but lower immediate gap urgency,Tier 1: Data-driven similarity,Exploratory,CISN estimates spillover potential for prioritization; not proof of clinical efficacy or cross-disorder transferability.
RMD_Kleine Levin Syndrome,PT_Emotion Regulation Training,0.2462167978166914,0.3636613753291287,0.0,0.0,0.3636613753291287,Platform Opportunity,Broad cross-RMD value but lower immediate gap urgency,Tier 1: Data-driven similarity,Exploratory,CISN estimates spillover potential for prioritization; not proof of clinical efficacy or cross-disorder transferability.
RMD_Hyperthymesia,PT_Closed Loop Neurostimulation,0.2446893901685342,0.361405399413015,0.0,0.0,0.361405399413015,Platform Opportunity,Broad cross-RMD value but lower immediate gap urgency,Tier 1: Data-driven similarity,Exploratory,CISN estimates spillover potential for prioritization; not proof of clinical efficacy or cross-disorder transferability.
RMD_Erotomania,PT_Digital Therapeutics,0.2445039608874131,0.36113152099368395,0.0,0.0,0.36113152099368395,Platform Opportunity,Broad cross-RMD value but lower immediate gap urgency,Tier 1: Data-driven similarity,Exploratory,CISN estimates spillover potential for prioritization; not proof of clinical efficacy or cross-disorder transferability.
RMD_Childhood Disintegrative Disorder,PT_Transcranial Magnetic Stimulation,0.2437682872978359,0.36004493359692097,0.0,0.0,0.36004493359692097,Platform Opportunity,Broad cross-RMD value but lower immediate gap urgency,Tier 1: Data-driven similarity,Exploratory,CISN estimates spillover potential for prioritization; not proof of clinical efficacy or cross-disorder transferability.
RMD_Landau Kleffner Syndrome,PT_Antidepressants,0.243547132733786,0.3597182890558666,0.0,0.0,0.3597182890558666,Platform Opportunity,Broad cross-RMD value but lower immediate gap urgency,Tier 1: Data-driven similarity,Exploratory,CISN estimates spillover potential for prioritization; not proof of clinical efficacy or cross-disorder transferability.
RMD_Postpartum Psychosis,PT_Pharmacogenomic Testing,0.2401685439692926,0.3547281249092191,0.0,0.0,0.3547281249092191,Platform Opportunity,Broad cross-RMD value but lower immediate gap urgency,Tier 1: Data-driven similarity,Exploratory,CISN estimates spillover potential for prioritization; not proof of clinical efficacy or cross-disorder transferability.
RMD_Cotard Syndrome,PT_Metaverse,0.2401125648713845,0.35464544397146236,0.0,0.0,0.35464544397146236,Platform Opportunity,Broad cross-RMD value but lower immediate gap urgency,Tier 1: Data-driven similarity,Exploratory,CISN estimates spillover potential for prioritization; not proof of clinical efficacy or cross-disorder transferability.
RMD_Erotomania,PT_Closed Loop Neurostimulation,0.2387138550672123,0.3525795543344349,0.0,0.0,0.3525795543344349,Platform Opportunity,Broad cross-RMD value but lower immediate gap urgency,Tier 1: Data-driven similarity,Exploratory,CISN estimates spillover potential for prioritization; not proof of clinical efficacy or cross-disorder transferability.
RMD_Selective Mutism,PT_Machine Learning Neuroimaging,0.2377604412712655,0.35117136539133154,0.0,0.0,0.35117136539133154,Platform Opportunity,Broad cross-RMD value but lower immediate gap urgency,Tier 1: Data-driven similarity,Exploratory,CISN estimates spillover potential for prioritization; not proof of clinical efficacy or cross-disorder transferability.
RMD_Schizotypal Personality Disorder,PT_Animal Assisted Therapy,0.2361044997249171,0.3487255453435132,0.0,0.0,0.3487255453435132,Platform Opportunity,Broad cross-RMD value but lower immediate gap urgency,Tier 1: Data-driven similarity,Exploratory,CISN estimates spillover potential for prioritization; not proof of clinical efficacy or cross-disorder transferability.
RMD_Dissociative Amnesia,PT_Metaverse,0.2359960851858736,0.3485654174370346,0.0,0.0,0.3485654174370346,Platform Opportunity,Broad cross-RMD value but lower immediate gap urgency,Tier 1: Data-driven similarity,Exploratory,CISN estimates spillover potential for prioritization; not proof of clinical efficacy or cross-disorder transferability.
RMD_Impulse Control Disorders,PT_Emotion Regulation Training,0.2356635555898522,0.34807427235148763,0.0,0.0,0.34807427235148763,Platform Opportunity,Broad cross-RMD value but lower immediate gap urgency,Tier 1: Data-driven similarity,Exploratory,CISN estimates spillover potential for prioritization; not proof of clinical efficacy or cross-disorder transferability.
RMD_Avoidant Personality Disorder,PT_Deep Brain Stimulation,0.2356305151869659,0.34802547178848137,0.0,0.0,0.34802547178848137,Platform Opportunity,Broad cross-RMD value but lower immediate gap urgency,Tier 1: Data-driven similarity,Exploratory,CISN estimates spillover potential for prioritization; not proof of clinical efficacy or cross-disorder transferability.
RMD_Dissociative Fugue,PT_Digital Therapeutics,0.2355710306991003,0.347937613401646,0.0,0.0,0.347937613401646,Platform Opportunity,Broad cross-RMD value but lower immediate gap urgency,Tier 1: Data-driven similarity,Exploratory,CISN estimates spillover potential for prioritization; not proof of clinical efficacy or cross-disorder transferability.
RMD_Disinhibited Social Engagement Disorder,PT_Anticonvulsant Therapy,0.2331777285248634,0.3444027142072004,0.0,0.0,0.3444027142072004,Platform Opportunity,Broad cross-RMD value but lower immediate gap urgency,Tier 1: Data-driven similarity,Exploratory,CISN estimates spillover potential for prioritization; not proof of clinical efficacy or cross-disorder transferability.
RMD_Dissociative Fugue,PT_Closed Loop Neurostimulation,0.2297809248788995,0.3393856467423969,0.0,0.0,0.3393856467423969,Platform Opportunity,Broad cross-RMD value but lower immediate gap urgency,Tier 1: Data-driven similarity,Exploratory,CISN estimates spillover potential for prioritization; not proof of clinical efficacy or cross-disorder transferability.
RMD_Diogenes Syndrome,PT_Emdr Therapy,0.2293815461637351,0.338795765734595,0.0,0.0,0.338795765734595,Platform Opportunity,Broad cross-RMD value but lower immediate gap urgency,Tier 1: Data-driven similarity,Exploratory,CISN estimates spillover potential for prioritization; not proof of clinical efficacy or cross-disorder transferability.
RMD_Schizoaffective Disorder,PT_Music Therapy,0.2274755530536757,0.33598062037522725,0.0,0.0,0.33598062037522725,Platform Opportunity,Broad cross-RMD value but lower immediate gap urgency,Tier 1: Data-driven similarity,Exploratory,CISN estimates spillover potential for prioritization; not proof of clinical efficacy or cross-disorder transferability.
RMD_Capgras Syndrome,PT_Antidepressants,0.2273903197783317,0.3358547311166135,0.0,0.0,0.3358547311166135,Platform Opportunity,Broad cross-RMD value but lower immediate gap urgency,Tier 1: Data-driven similarity,Exploratory,CISN estimates spillover potential for prioritization; not proof of clinical efficacy or cross-disorder transferability.
RMD_Anorexia Nervosa,PT_Closed Loop Neurostimulation,0.2267105605206514,0.33485072899842827,0.0,0.0,0.33485072899842827,Platform Opportunity,Broad cross-RMD value but lower immediate gap urgency,Tier 1: Data-driven similarity,Exploratory,CISN estimates spillover potential for prioritization; not proof of clinical efficacy or cross-disorder transferability.
RMD_Schizoaffective Disorder,PT_Electroencephalography,0.2258842148676185,0.33363021927145625,0.0,0.0,0.33363021927145625,Platform Opportunity,Broad cross-RMD value but lower immediate gap urgency,Tier 1: Data-driven similarity,Exploratory,CISN estimates spillover potential for prioritization; not proof of clinical efficacy or cross-disorder transferability.
RMD_Anorexia Nervosa,PT_Naltrexone,0.2253027126760339,0.33277134250665485,0.0,0.0,0.33277134250665485,Platform Opportunity,Broad cross-RMD value but lower immediate gap urgency,Tier 1: Data-driven similarity,Exploratory,CISN estimates spillover potential for prioritization; not proof of clinical efficacy or cross-disorder transferability.
RMD_Kleine Levin Syndrome,PT_Neuromodulation Techniques,0.2201334872393026,0.3251364140680697,0.0,0.0,0.3251364140680697,Platform Opportunity,Broad cross-RMD value but lower immediate gap urgency,Tier 1: Data-driven similarity,Exploratory,CISN estimates spillover potential for prioritization; not proof of clinical efficacy or cross-disorder transferability.
RMD_Cotard Syndrome,PT_Anxiolytic Medications,0.2184589983282386,0.3226631996254699,0.0,0.0,0.3226631996254699,Platform Opportunity,Broad cross-RMD value but lower immediate gap urgency,Tier 1: Data-driven similarity,Exploratory,CISN estimates spillover potential for prioritization; not proof of clinical efficacy or cross-disorder transferability.
RMD_Rumination Disorder,PT_Vagus Nerve Stimulation,0.2183979211673257,0.32257298886594526,0.0,0.0,0.32257298886594526,Platform Opportunity,Broad cross-RMD value but lower immediate gap urgency,Tier 1: Data-driven similarity,Exploratory,CISN estimates spillover potential for prioritization; not proof of clinical efficacy or cross-disorder transferability.
RMD_Cyclothymic Disorder,PT_Fecal Microbiota Transplant,0.2173669084532309,0.3210501865839146,0.0,0.0,0.3210501865839146,Platform Opportunity,Broad cross-RMD value but lower immediate gap urgency,Tier 1: Data-driven similarity,Exploratory,CISN estimates spillover potential for prioritization; not proof of clinical efficacy or cross-disorder transferability.
RMD_Rumination Disorder,PT_Transference Focused Psychotherapy,0.2156552606124473,0.3185220885281438,0.0,0.0,0.3185220885281438,Platform Opportunity,Broad cross-RMD value but lower immediate gap urgency,Tier 1: Data-driven similarity,Exploratory,CISN estimates spillover potential for prioritization; not proof of clinical efficacy or cross-disorder transferability.
RMD_Capgras Syndrome,PT_Selective Serotonin Reuptake Inhibitors,0.2142034542261797,0.31637777541943884,0.0,0.0,0.31637777541943884,Platform Opportunity,Broad cross-RMD value but lower immediate gap urgency,Tier 1: Data-driven similarity,Exploratory,CISN estimates spillover potential for prioritization; not proof of clinical efficacy or cross-disorder transferability.
RMD_Ganser Syndrome,PT_Pharmacogenomic Testing,0.2140331510862948,0.3161262382594132,0.0,0.0,0.3161262382594132,Platform Opportunity,Broad cross-RMD value but lower immediate gap urgency,Tier 1: Data-driven similarity,Exploratory,CISN estimates spillover potential for prioritization; not proof of clinical efficacy or cross-disorder transferability.
RMD_Schizoaffective Disorder,PT_Virtual Reality Exposure Therapy,0.2123988337017019,0.3137123570251692,0.0,0.0,0.3137123570251692,Platform Opportunity,Broad cross-RMD value but lower immediate gap urgency,Tier 1: Data-driven similarity,Exploratory,CISN estimates spillover potential for prioritization; not proof of clinical efficacy or cross-disorder transferability.
RMD_Koro,PT_Focused Ultrasound Therapy,0.2123495496408869,0.3136395646344927,0.0,0.0,0.3136395646344927,Platform Opportunity,Broad cross-RMD value but lower immediate gap urgency,Tier 1: Data-driven similarity,Exploratory,CISN estimates spillover potential for prioritization; not proof of clinical efficacy or cross-disorder transferability.
RMD_Hyperthymesia,PT_Fecal Microbiota Transplant,0.2115898826207967,0.31251753902223595,0.0,0.0,0.31251753902223595,Platform Opportunity,Broad cross-RMD value but lower immediate gap urgency,Tier 1: Data-driven similarity,Exploratory,CISN estimates spillover potential for prioritization; not proof of clinical efficacy or cross-disorder transferability.
RMD_Cotard Syndrome,PT_Antidepressants,0.2095961267371061,0.309572768343863,0.0,0.0,0.309572768343863,Platform Opportunity,Broad cross-RMD value but lower immediate gap urgency,Tier 1: Data-driven similarity,Exploratory,CISN estimates spillover potential for prioritization; not proof of clinical efficacy or cross-disorder transferability.
RMD_Schizoaffective Disorder,PT_Brain Computer Interface,0.2094393932317912,0.3093412734880758,0.0,0.0,0.3093412734880758,Platform Opportunity,Broad cross-RMD value but lower immediate gap urgency,Tier 1: Data-driven similarity,Exploratory,CISN estimates spillover potential for prioritization; not proof of clinical efficacy or cross-disorder transferability.
RMD_Wendigo Psychosis,PT_Sleep Pattern Monitoring And Manipulation,0.2091685716222776,0.30894127088931767,0.0,0.0,0.30894127088931767,Platform Opportunity,Broad cross-RMD value but lower immediate gap urgency,Tier 1: Data-driven similarity,Exploratory,CISN estimates spillover potential for prioritization; not proof of clinical efficacy or cross-disorder transferability.
RMD_Reduplicative Paramnesia,PT_Traditional And Alternative Medicine Approaches,0.2089662950188215,0.30864250903203566,0.0,0.0,0.30864250903203566,Platform Opportunity,Broad cross-RMD value but lower immediate gap urgency,Tier 1: Data-driven similarity,Exploratory,CISN estimates spillover potential for prioritization; not proof of clinical efficacy or cross-disorder transferability.
RMD_Olfactory Reference Syndrome,PT_Oxytocin Therapy,0.2086752016536928,0.3082125651189859,0.0,0.0,0.3082125651189859,Platform Opportunity,Broad cross-RMD value but lower immediate gap urgency,Tier 1: Data-driven similarity,Exploratory,CISN estimates spillover potential for prioritization; not proof of clinical efficacy or cross-disorder transferability.
RMD_Brief Psychotic Disorder,PT_Psilocybin Assisted Therapy,0.2085766376779213,0.3080669864610519,0.0,0.0,0.3080669864610519,Platform Opportunity,Broad cross-RMD value but lower immediate gap urgency,Tier 1: Data-driven similarity,Exploratory,CISN estimates spillover potential for prioritization; not proof of clinical efficacy or cross-disorder transferability.
RMD_Pyromania,PT_Selective Serotonin Reuptake Inhibitors,0.2078955015982099,0.3070609507813963,0.0,0.0,0.3070609507813963,Platform Opportunity,Broad cross-RMD value but lower immediate gap urgency,Tier 1: Data-driven similarity,Exploratory,CISN estimates spillover potential for prioritization; not proof of clinical efficacy or cross-disorder transferability.
RMD_Palilalia,PT_Psychoeducation Programs,0.2078008994618043,0.30692122374676906,0.0,0.0,0.30692122374676906,Platform Opportunity,Broad cross-RMD value but lower immediate gap urgency,Tier 1: Data-driven similarity,Exploratory,CISN estimates spillover potential for prioritization; not proof of clinical efficacy or cross-disorder transferability.
RMD_Capgras Syndrome,PT_Mood Stabilizers,0.2062488261219331,0.30462881668764774,0.0,0.0,0.30462881668764774,Platform Opportunity,Broad cross-RMD value but lower immediate gap urgency,Tier 1: Data-driven similarity,Exploratory,CISN estimates spillover potential for prioritization; not proof of clinical efficacy or cross-disorder transferability.
RMD_Schizoaffective Disorder,PT_Personalized Medicine,0.2055804854761963,0.3036416798205768,0.0,0.0,0.3036416798205768,Platform Opportunity,Broad cross-RMD value but lower immediate gap urgency,Tier 1: Data-driven similarity,Exploratory,CISN estimates spillover potential for prioritization; not proof of clinical efficacy or cross-disorder transferability.
RMD_Capgras Syndrome,PT_Smart Wearable Mental Health Trackers,0.2055134369908472,0.30354264943511167,0.0,0.0,0.30354264943511167,Platform Opportunity,Broad cross-RMD value but lower immediate gap urgency,Tier 1: Data-driven similarity,Exploratory,CISN estimates spillover potential for prioritization; not proof of clinical efficacy or cross-disorder transferability.
RMD_Erotomania,PT_Digital Phenotyping,0.2051862347328078,0.30305937280969636,0.0,0.0,0.30305937280969636,Platform Opportunity,Broad cross-RMD value but lower immediate gap urgency,Tier 1: Data-driven similarity,Exploratory,CISN estimates spillover potential for prioritization; not proof of clinical efficacy or cross-disorder transferability.
RMD_Impulse Control Disorders,PT_Neurocognitive Training,0.2051190350864411,0.3029601191599209,0.0,0.0,0.3029601191599209,Platform Opportunity,Broad cross-RMD value but lower immediate gap urgency,Tier 1: Data-driven similarity,Exploratory,CISN estimates spillover potential for prioritization; not proof of clinical efficacy or cross-disorder transferability.
RMD_Circadian Rhythm Sleep Wake Disorder,PT_Traditional And Alternative Medicine Approaches,0.203520849567996,0.30059960456943563,0.0,0.0,0.30059960456943563,Platform Opportunity,Broad cross-RMD value but lower immediate gap urgency,Tier 1: Data-driven similarity,Exploratory,CISN estimates spillover potential for prioritization; not proof of clinical efficacy or cross-disorder transferability.
RMD_Dissociative Amnesia,PT_Clozapine Protocol,0.2024671909082253,0.2990433543024456,0.0,0.0,0.2990433543024456,Platform Opportunity,Broad cross-RMD value but lower immediate gap urgency,Tier 1: Data-driven similarity,Exploratory,CISN estimates spillover potential for prioritization; not proof of clinical efficacy or cross-disorder transferability.
RMD_Olfactory Reference Syndrome,PT_Mentalization Based Treatment,0.201986998790311,0.29833411217286143,0.0,0.0,0.29833411217286143,Platform Opportunity,Broad cross-RMD value but lower immediate gap urgency,Tier 1: Data-driven similarity,Exploratory,CISN estimates spillover potential for prioritization; not proof of clinical efficacy or cross-disorder transferability.
RMD_Boanthropy,PT_Mentalization Based Treatment,0.1997044163547069,0.29496274565686964,0.0,0.0,0.29496274565686964,Platform Opportunity,Broad cross-RMD value but lower immediate gap urgency,Tier 1: Data-driven similarity,Exploratory,CISN estimates spillover potential for prioritization; not proof of clinical efficacy or cross-disorder transferability.
RMD_Pyromania,PT_Smart Wearable Mental Health Trackers,0.1992054843628773,0.29422582479706894,0.0,0.0,0.29422582479706894,Platform Opportunity,Broad cross-RMD value but lower immediate gap urgency,Tier 1: Data-driven similarity,Exploratory,CISN estimates spillover potential for prioritization; not proof of clinical efficacy or cross-disorder transferability.
RMD_Fregoli Delusion,PT_Metabolic And Enzyme Targeted Therapy,0.1972588716562182,0.2913506844312851,0.0,0.0,0.2913506844312851,Platform Opportunity,Broad cross-RMD value but lower immediate gap urgency,Tier 1: Data-driven similarity,Exploratory,CISN estimates spillover potential for prioritization; not proof of clinical efficacy or cross-disorder transferability.
RMD_Schizoaffective Disorder,PT_Transcranial Magnetic Stimulation,0.1966714772860124,0.29048310493864354,0.0,0.0,0.29048310493864354,Platform Opportunity,Broad cross-RMD value but lower immediate gap urgency,Tier 1: Data-driven similarity,Exploratory,CISN estimates spillover potential for prioritization; not proof of clinical efficacy or cross-disorder transferability.
RMD_Cotard Syndrome,PT_Selective Serotonin Reuptake Inhibitors,0.1964092611849541,0.2900958126466884,0.0,0.0,0.2900958126466884,Platform Opportunity,Broad cross-RMD value but lower immediate gap urgency,Tier 1: Data-driven similarity,Exploratory,CISN estimates spillover potential for prioritization; not proof of clinical efficacy or cross-disorder transferability.
RMD_Dissociative Fugue,PT_Digital Phenotyping,0.196253304544495,0.2898654652176584,0.0,0.0,0.2898654652176584,Platform Opportunity,Broad cross-RMD value but lower immediate gap urgency,Tier 1: Data-driven similarity,Exploratory,CISN estimates spillover potential for prioritization; not proof of clinical efficacy or cross-disorder transferability.
RMD_Autosarcophagy,PT_Sleep Pattern Monitoring And Manipulation,0.1958532551188093,0.28927459357269125,0.0,0.0,0.28927459357269125,Platform Opportunity,Broad cross-RMD value but lower immediate gap urgency,Tier 1: Data-driven similarity,Exploratory,CISN estimates spillover potential for prioritization; not proof of clinical efficacy or cross-disorder transferability.
RMD_Anorexia Nervosa,PT_Digital Phenotyping,0.193182940186247,0.2853305474736899,0.0,0.0,0.2853305474736899,Platform Opportunity,Broad cross-RMD value but lower immediate gap urgency,Tier 1: Data-driven similarity,Exploratory,CISN estimates spillover potential for prioritization; not proof of clinical efficacy or cross-disorder transferability.
RMD_Wendigo Psychosis,PT_Neuroplasticity Techniques,0.1927789949161844,0.2847339216797909,0.0,0.0,0.2847339216797909,Platform Opportunity,Broad cross-RMD value but lower immediate gap urgency,Tier 1: Data-driven similarity,Exploratory,CISN estimates spillover potential for prioritization; not proof of clinical efficacy or cross-disorder transferability.
RMD_Circadian Rhythm Sleep Wake Disorder,PT_Regenerative Medicine Approaches,0.1910745449064469,0.28221645479606366,0.0,0.0,0.28221645479606366,Platform Opportunity,Broad cross-RMD value but lower immediate gap urgency,Tier 1: Data-driven similarity,Exploratory,CISN estimates spillover potential for prioritization; not proof of clinical efficacy or cross-disorder transferability.
RMD_Cotard Syndrome,PT_Mood Stabilizers,0.1884546330807075,0.2783468539148973,0.0,0.0,0.2783468539148973,Platform Opportunity,Broad cross-RMD value but lower immediate gap urgency,Tier 1: Data-driven similarity,Exploratory,CISN estimates spillover potential for prioritization; not proof of clinical efficacy or cross-disorder transferability.
RMD_Cotard Syndrome,PT_Smart Wearable Mental Health Trackers,0.1877192439496215,0.27726068666236103,0.0,0.0,0.27726068666236103,Platform Opportunity,Broad cross-RMD value but lower immediate gap urgency,Tier 1: Data-driven similarity,Exploratory,CISN estimates spillover potential for prioritization; not proof of clinical efficacy or cross-disorder transferability.
RMD_Disinhibited Social Engagement Disorder,PT_Speech Language Therapy,0.187616880117083,0.2771094956288694,0.0,0.0,0.2771094956288694,Platform Opportunity,Broad cross-RMD value but lower immediate gap urgency,Tier 1: Data-driven similarity,Exploratory,CISN estimates spillover potential for prioritization; not proof of clinical efficacy or cross-disorder transferability.
RMD_Impulse Control Disorders,PT_Narrative Exposure Therapy,0.1860837992976313,0.27484514045799435,0.0,0.0,0.27484514045799435,Platform Opportunity,Broad cross-RMD value but lower immediate gap urgency,Tier 1: Data-driven similarity,Exploratory,CISN estimates spillover potential for prioritization; not proof of clinical efficacy or cross-disorder transferability.
RMD_Delusional Disorder,PT_Reality Testing Techniques,0.1847348142023705,0.27285269404738727,0.0,0.0,0.27285269404738727,Platform Opportunity,Broad cross-RMD value but lower immediate gap urgency,Tier 1: Data-driven similarity,Exploratory,CISN estimates spillover potential for prioritization; not proof of clinical efficacy or cross-disorder transferability.
RMD_Dissociative Amnesia,PT_Mood Stabilizers,0.1843381533951966,0.27226682738046953,0.0,0.0,0.27226682738046953,Platform Opportunity,Broad cross-RMD value but lower immediate gap urgency,Tier 1: Data-driven similarity,Exploratory,CISN estimates spillover potential for prioritization; not proof of clinical efficacy or cross-disorder transferability.
RMD_Wendigo Psychosis,PT_Cognitive Enhancement Programs,0.1830617474103939,0.27038158006985646,0.0,0.0,0.27038158006985646,Platform Opportunity,Broad cross-RMD value but lower immediate gap urgency,Tier 1: Data-driven similarity,Exploratory,CISN estimates spillover potential for prioritization; not proof of clinical efficacy or cross-disorder transferability.
RMD_Autosarcophagy,PT_Lithium Therapy,0.1819966983592794,0.26880850623348224,0.0,0.0,0.26880850623348224,Platform Opportunity,Broad cross-RMD value but lower immediate gap urgency,Tier 1: Data-driven similarity,Exploratory,CISN estimates spillover potential for prioritization; not proof of clinical efficacy or cross-disorder transferability.
RMD_Impulse Control Disorders,PT_Music Therapy,0.1800939372244714,0.2659981344905995,0.0,0.0,0.2659981344905995,Platform Opportunity,Broad cross-RMD value but lower immediate gap urgency,Tier 1: Data-driven similarity,Exploratory,CISN estimates spillover potential for prioritization; not proof of clinical efficacy or cross-disorder transferability.
RMD_Erotomania,PT_Cbt For Insomnia,0.1749420320567875,0.25838878803065557,0.0,0.0,0.25838878803065557,Platform Opportunity,Broad cross-RMD value but lower immediate gap urgency,Tier 1: Data-driven similarity,Exploratory,CISN estimates spillover potential for prioritization; not proof of clinical efficacy or cross-disorder transferability.
RMD_Stendhal Syndrome,PT_Anticonvulsant Therapy,0.1745517361911323,0.2578123223607742,0.0,0.0,0.2578123223607742,Platform Opportunity,Broad cross-RMD value but lower immediate gap urgency,Tier 1: Data-driven similarity,Exploratory,CISN estimates spillover potential for prioritization; not proof of clinical efficacy or cross-disorder transferability.
RMD_Ekbom Syndrome,PT_Neuroprotective Agents,0.1704800083280753,0.25179839411633476,0.0,0.0,0.25179839411633476,Platform Opportunity,Broad cross-RMD value but lower immediate gap urgency,Tier 1: Data-driven similarity,Exploratory,CISN estimates spillover potential for prioritization; not proof of clinical efficacy or cross-disorder transferability.
RMD_Autosarcophagy,PT_Cognitive Enhancement Programs,0.1697464309069255,0.2507149027532299,0.0,0.0,0.2507149027532299,Platform Opportunity,Broad cross-RMD value but lower immediate gap urgency,Tier 1: Data-driven similarity,Exploratory,CISN estimates spillover potential for prioritization; not proof of clinical efficacy or cross-disorder transferability.
RMD_Kleine Levin Syndrome,PT_Personalized Medicine,0.1687521118738313,0.2492462969135902,0.0,0.0,0.2492462969135902,Platform Opportunity,Broad cross-RMD value but lower immediate gap urgency,Tier 1: Data-driven similarity,Exploratory,CISN estimates spillover potential for prioritization; not proof of clinical efficacy or cross-disorder transferability.
RMD_Olfactory Reference Syndrome,PT_Occupational Therapy,0.1684747848086162,0.2488366857788243,0.0,0.0,0.2488366857788243,Platform Opportunity,Broad cross-RMD value but lower immediate gap urgency,Tier 1: Data-driven similarity,Exploratory,CISN estimates spillover potential for prioritization; not proof of clinical efficacy or cross-disorder transferability.
RMD_Stendhal Syndrome,PT_Focused Ultrasound Therapy,0.1681542145700329,0.2483632046236532,0.0,0.0,0.2483632046236532,Platform Opportunity,Broad cross-RMD value but lower immediate gap urgency,Tier 1: Data-driven similarity,Exploratory,CISN estimates spillover potential for prioritization; not proof of clinical efficacy or cross-disorder transferability.
RMD_Avoidant Personality Disorder,PT_Light Therapy,0.1679373920211165,0.24804295845425894,0.0,0.0,0.24804295845425894,Platform Opportunity,Broad cross-RMD value but lower immediate gap urgency,Tier 1: Data-driven similarity,Exploratory,CISN estimates spillover potential for prioritization; not proof of clinical efficacy or cross-disorder transferability.
RMD_Boanthropy,PT_Occupational Therapy,0.166192202373012,0.24546531926283244,0.0,0.0,0.24546531926283244,Platform Opportunity,Broad cross-RMD value but lower immediate gap urgency,Tier 1: Data-driven similarity,Exploratory,CISN estimates spillover potential for prioritization; not proof of clinical efficacy or cross-disorder transferability.
RMD_Dissociative Fugue,PT_Cbt For Insomnia,0.1660091018684747,0.24519488043861762,0.0,0.0,0.24519488043861762,Platform Opportunity,Broad cross-RMD value but lower immediate gap urgency,Tier 1: Data-driven similarity,Exploratory,CISN estimates spillover potential for prioritization; not proof of clinical efficacy or cross-disorder transferability.
RMD_Boanthropy,PT_Hypnotherapy,0.1654623770585384,0.24438736974856298,0.0,0.0,0.24438736974856298,Platform Opportunity,Broad cross-RMD value but lower immediate gap urgency,Tier 1: Data-driven similarity,Exploratory,CISN estimates spillover potential for prioritization; not proof of clinical efficacy or cross-disorder transferability.
RMD_Reduplicative Paramnesia,PT_Neuromodulation Techniques,0.1643442700198327,0.24273592944446312,0.0,0.0,0.24273592944446312,Platform Opportunity,Broad cross-RMD value but lower immediate gap urgency,Tier 1: Data-driven similarity,Exploratory,CISN estimates spillover potential for prioritization; not proof of clinical efficacy or cross-disorder transferability.
RMD_Impulse Control Disorders,PT_Brain Computer Interface,0.1620577774025869,0.239358787603448,0.0,0.0,0.239358787603448,Platform Opportunity,Broad cross-RMD value but lower immediate gap urgency,Tier 1: Data-driven similarity,Exploratory,CISN estimates spillover potential for prioritization; not proof of clinical efficacy or cross-disorder transferability.
RMD_Olfactory Reference Syndrome,PT_Electroconvulsive Therapy,0.1612524763940474,0.23816936074501963,0.0,0.0,0.23816936074501963,Platform Opportunity,Broad cross-RMD value but lower immediate gap urgency,Tier 1: Data-driven similarity,Exploratory,CISN estimates spillover potential for prioritization; not proof of clinical efficacy or cross-disorder transferability.
RMD_Koro,PT_Psilocybin Assisted Therapy,0.1604326921708966,0.23695854222773025,0.0,0.0,0.23695854222773025,Platform Opportunity,Broad cross-RMD value but lower immediate gap urgency,Tier 1: Data-driven similarity,Exploratory,CISN estimates spillover potential for prioritization; not proof of clinical efficacy or cross-disorder transferability.
RMD_Stendhal Syndrome,PT_Privacy Preserving Ai In Digital Mental Health,0.1600974915005981,0.23646345197453497,0.0,0.0,0.23646345197453497,Platform Opportunity,Broad cross-RMD value but lower immediate gap urgency,Tier 1: Data-driven similarity,Exploratory,CISN estimates spillover potential for prioritization; not proof of clinical efficacy or cross-disorder transferability.
RMD_Boanthropy,PT_Electroconvulsive Therapy,0.1589698939584432,0.23479799422902772,0.0,0.0,0.23479799422902772,Platform Opportunity,Broad cross-RMD value but lower immediate gap urgency,Tier 1: Data-driven similarity,Exploratory,CISN estimates spillover potential for prioritization; not proof of clinical efficacy or cross-disorder transferability.
RMD_Rumination Disorder,PT_Fecal Microbiota Transplant,0.1571252130900086,0.2320734068425989,0.0,0.0,0.2320734068425989,Platform Opportunity,Broad cross-RMD value but lower immediate gap urgency,Tier 1: Data-driven similarity,Exploratory,CISN estimates spillover potential for prioritization; not proof of clinical efficacy or cross-disorder transferability.
RMD_Olfactory Reference Syndrome,PT_Motivational Interviewing,0.1537792641113926,0.2271314515489942,0.0,0.0,0.2271314515489942,Platform Opportunity,Broad cross-RMD value but lower immediate gap urgency,Tier 1: Data-driven similarity,Exploratory,CISN estimates spillover potential for prioritization; not proof of clinical efficacy or cross-disorder transferability.
RMD_Boanthropy,PT_Motivational Interviewing,0.1514966816757884,0.22376008503300232,0.0,0.0,0.22376008503300232,Platform Opportunity,Broad cross-RMD value but lower immediate gap urgency,Tier 1: Data-driven similarity,Exploratory,CISN estimates spillover potential for prioritization; not proof of clinical efficacy or cross-disorder transferability.
RMD_Koro,PT_Trauma Focused Cbt,0.1493684936729466,0.22061675857057067,0.0,0.0,0.22061675857057067,Platform Opportunity,Broad cross-RMD value but lower immediate gap urgency,Tier 1: Data-driven similarity,Exploratory,CISN estimates spillover potential for prioritization; not proof of clinical efficacy or cross-disorder transferability.
RMD_Pyromania,PT_Schema Therapy,0.1490565242999257,0.22015598086466526,0.0,0.0,0.22015598086466526,Platform Opportunity,Broad cross-RMD value but lower immediate gap urgency,Tier 1: Data-driven similarity,Exploratory,CISN estimates spillover potential for prioritization; not proof of clinical efficacy or cross-disorder transferability.
RMD_Capgras Syndrome,PT_Digital Therapeutics,0.1488977380892057,0.21992145416995645,0.0,0.0,0.21992145416995645,Platform Opportunity,Broad cross-RMD value but lower immediate gap urgency,Tier 1: Data-driven similarity,Exploratory,CISN estimates spillover potential for prioritization; not proof of clinical efficacy or cross-disorder transferability.
RMD_Othello Syndrome,PT_Mentalization Based Treatment,0.1485664737331763,0.2194321778395866,0.0,0.0,0.2194321778395866,Platform Opportunity,Broad cross-RMD value but lower immediate gap urgency,Tier 1: Data-driven similarity,Exploratory,CISN estimates spillover potential for prioritization; not proof of clinical efficacy or cross-disorder transferability.
RMD_Ekbom Syndrome,PT_Occupational Therapy,0.1483291881495588,0.2190817078373394,0.0,0.0,0.2190817078373394,Platform Opportunity,Broad cross-RMD value but lower immediate gap urgency,Tier 1: Data-driven similarity,Exploratory,CISN estimates spillover potential for prioritization; not proof of clinical efficacy or cross-disorder transferability.
RMD_Histrionic Personality Disorder,PT_Music Therapy,0.1446695824449958,0.21367648262328015,0.0,0.0,0.21367648262328015,Platform Opportunity,Broad cross-RMD value but lower immediate gap urgency,Tier 1: Data-driven similarity,Exploratory,CISN estimates spillover potential for prioritization; not proof of clinical efficacy or cross-disorder transferability.
RMD_Pyromania,PT_Digital Therapeutics,0.1425897854612358,0.21060462953191375,0.0,0.0,0.21060462953191375,Platform Opportunity,Broad cross-RMD value but lower immediate gap urgency,Tier 1: Data-driven similarity,Exploratory,CISN estimates spillover potential for prioritization; not proof of clinical efficacy or cross-disorder transferability.
RMD_Brief Psychotic Disorder,PT_Digital Health Tools,0.1415306001153651,0.20904021636829784,0.0,0.0,0.20904021636829784,Platform Opportunity,Broad cross-RMD value but lower immediate gap urgency,Tier 1: Data-driven similarity,Exploratory,CISN estimates spillover potential for prioritization; not proof of clinical efficacy or cross-disorder transferability.
RMD_Ekbom Syndrome,PT_Electroconvulsive Therapy,0.14110687973499,0.20841438280353466,0.0,0.0,0.20841438280353466,Platform Opportunity,Broad cross-RMD value but lower immediate gap urgency,Tier 1: Data-driven similarity,Exploratory,CISN estimates spillover potential for prioritization; not proof of clinical efficacy or cross-disorder transferability.
RMD_Olfactory Reference Syndrome,PT_Stimulant And Wake Promoting Agents,0.1409262070486693,0.20814752985859175,0.0,0.0,0.20814752985859175,Platform Opportunity,Broad cross-RMD value but lower immediate gap urgency,Tier 1: Data-driven similarity,Exploratory,CISN estimates spillover potential for prioritization; not proof of clinical efficacy or cross-disorder transferability.
RMD_Othello Syndrome,PT_Dialectical Behavior Therapy,0.1401268992146236,0.2069669548985648,0.0,0.0,0.2069669548985648,Platform Opportunity,Broad cross-RMD value but lower immediate gap urgency,Tier 1: Data-driven similarity,Exploratory,CISN estimates spillover potential for prioritization; not proof of clinical efficacy or cross-disorder transferability.
RMD_Avoidant Personality Disorder,PT_Transference Focused Psychotherapy,0.1351525507569466,0.19961985909711613,0.0,0.0,0.19961985909711613,Platform Opportunity,Broad cross-RMD value but lower immediate gap urgency,Tier 1: Data-driven similarity,Exploratory,CISN estimates spillover potential for prioritization; not proof of clinical efficacy or cross-disorder transferability.
RMD_Reduplicative Paramnesia,PT_Electroencephalography,0.1332666240457836,0.19683435174086303,0.0,0.0,0.19683435174086303,Platform Opportunity,Broad cross-RMD value but lower immediate gap urgency,Tier 1: Data-driven similarity,Exploratory,CISN estimates spillover potential for prioritization; not proof of clinical efficacy or cross-disorder transferability.
RMD_Schizoaffective Disorder,PT_Ketamine Therapy,0.1320843472531294,0.19508813292781343,0.0,0.0,0.19508813292781343,Platform Opportunity,Broad cross-RMD value but lower immediate gap urgency,Tier 1: Data-driven similarity,Exploratory,CISN estimates spillover potential for prioritization; not proof of clinical efficacy or cross-disorder transferability.
RMD_Cotard Syndrome,PT_Digital Therapeutics,0.13110354504798,0.19363949139720582,0.0,0.0,0.19363949139720582,Platform Opportunity,Broad cross-RMD value but lower immediate gap urgency,Tier 1: Data-driven similarity,Exploratory,CISN estimates spillover potential for prioritization; not proof of clinical efficacy or cross-disorder transferability.
RMD_Olfactory Reference Syndrome,PT_Naltrexone,0.1308811123655232,0.19331095907959925,0.0,0.0,0.19331095907959925,Platform Opportunity,Broad cross-RMD value but lower immediate gap urgency,Tier 1: Data-driven similarity,Exploratory,CISN estimates spillover potential for prioritization; not proof of clinical efficacy or cross-disorder transferability.
RMD_Othello Syndrome,PT_Chronotherapy,0.1297618784921614,0.19165785444453398,0.0,0.0,0.19165785444453398,Platform Opportunity,Broad cross-RMD value but lower immediate gap urgency,Tier 1: Data-driven similarity,Exploratory,CISN estimates spillover potential for prioritization; not proof of clinical efficacy or cross-disorder transferability.
RMD_Histrionic Personality Disorder,PT_Virtual Reality Exposure Therapy,0.1295928630930219,0.19140821927322194,0.0,0.0,0.19140821927322194,Platform Opportunity,Broad cross-RMD value but lower immediate gap urgency,Tier 1: Data-driven similarity,Exploratory,CISN estimates spillover potential for prioritization; not proof of clinical efficacy or cross-disorder transferability.
RMD_Circadian Rhythm Sleep Wake Disorder,PT_Electroencephalography,0.1278211785949581,0.18879144727826302,0.0,0.0,0.18879144727826302,Platform Opportunity,Broad cross-RMD value but lower immediate gap urgency,Tier 1: Data-driven similarity,Exploratory,CISN estimates spillover potential for prioritization; not proof of clinical efficacy or cross-disorder transferability.
RMD_Brief Psychotic Disorder,PT_Metaverse,0.1277290501085068,0.18865537381622893,0.0,0.0,0.18865537381622893,Platform Opportunity,Broad cross-RMD value but lower immediate gap urgency,Tier 1: Data-driven similarity,Exploratory,CISN estimates spillover potential for prioritization; not proof of clinical efficacy or cross-disorder transferability.
RMD_Histrionic Personality Disorder,PT_Personalized Medicine,0.1227745148675164,0.18133754206862968,0.0,0.0,0.18133754206862968,Platform Opportunity,Broad cross-RMD value but lower immediate gap urgency,Tier 1: Data-driven similarity,Exploratory,CISN estimates spillover potential for prioritization; not proof of clinical efficacy or cross-disorder transferability.
RMD_Avoidant Personality Disorder,PT_Ketamine Therapy,0.1202651720605484,0.17763125125319298,0.0,0.0,0.17763125125319298,Platform Opportunity,Broad cross-RMD value but lower immediate gap urgency,Tier 1: Data-driven similarity,Exploratory,CISN estimates spillover potential for prioritization; not proof of clinical efficacy or cross-disorder transferability.
RMD_Avoidant Personality Disorder,PT_Stimulant And Wake Promoting Agents,0.118359257620774,0.17481622208956937,0.0,0.0,0.17481622208956937,Platform Opportunity,Broad cross-RMD value but lower immediate gap urgency,Tier 1: Data-driven similarity,Exploratory,CISN estimates spillover potential for prioritization; not proof of clinical efficacy or cross-disorder transferability.
RMD_Reduplicative Paramnesia,PT_Personalized Medicine,0.1129628946543614,0.16684581228998363,0.0,0.0,0.16684581228998363,Platform Opportunity,Broad cross-RMD value but lower immediate gap urgency,Tier 1: Data-driven similarity,Exploratory,CISN estimates spillover potential for prioritization; not proof of clinical efficacy or cross-disorder transferability.
RMD_Circadian Rhythm Sleep Wake Disorder,PT_Brain Computer Interface,0.1113763569591308,0.16450250149488257,0.0,0.0,0.16450250149488257,Platform Opportunity,Broad cross-RMD value but lower immediate gap urgency,Tier 1: Data-driven similarity,Exploratory,CISN estimates spillover potential for prioritization; not proof of clinical efficacy or cross-disorder transferability.
RMD_Ekbom Syndrome,PT_Naltrexone,0.1107355157064658,0.1635559811381143,0.0,0.0,0.1635559811381143,Platform Opportunity,Broad cross-RMD value but lower immediate gap urgency,Tier 1: Data-driven similarity,Exploratory,CISN estimates spillover potential for prioritization; not proof of clinical efficacy or cross-disorder transferability.
RMD_Olfactory Reference Syndrome,PT_Animal Assisted Therapy,0.1076967363040711,0.15906771426682056,0.0,0.0,0.15906771426682056,Platform Opportunity,Broad cross-RMD value but lower immediate gap urgency,Tier 1: Data-driven similarity,Exploratory,CISN estimates spillover potential for prioritization; not proof of clinical efficacy or cross-disorder transferability.
RMD_Circadian Rhythm Sleep Wake Disorder,PT_Personalized Medicine,0.1075174492035359,0.15880290782738363,0.0,0.0,0.15880290782738363,Platform Opportunity,Broad cross-RMD value but lower immediate gap urgency,Tier 1: Data-driven similarity,Exploratory,CISN estimates spillover potential for prioritization; not proof of clinical efficacy or cross-disorder transferability.
RMD_Circadian Rhythm Sleep Wake Disorder,PT_Cognitive Behavioral Therapy,0.1026230083808,0.15157383533173563,0.0,0.0,0.15157383533173563,Platform Opportunity,Broad cross-RMD value but lower immediate gap urgency,Tier 1: Data-driven similarity,Exploratory,CISN estimates spillover potential for prioritization; not proof of clinical efficacy or cross-disorder transferability.
RMD_Histrionic Personality Disorder,PT_Acceptance And Commitment Therapy,0.0985672066825046,0.14558342997863533,0.0,0.0,0.14558342997863533,Platform Opportunity,Broad cross-RMD value but lower immediate gap urgency,Tier 1: Data-driven similarity,Exploratory,CISN estimates spillover potential for prioritization; not proof of clinical efficacy or cross-disorder transferability.
RMD_Boanthropy,PT_Digital Phenotyping,0.0964787574401321,0.14249879753064248,0.0,0.0,0.14249879753064248,Platform Opportunity,Broad cross-RMD value but lower immediate gap urgency,Tier 1: Data-driven similarity,Exploratory,CISN estimates spillover potential for prioritization; not proof of clinical efficacy or cross-disorder transferability.
RMD_Koro,PT_Neurocognitive Training,0.0957454438986958,0.14141569591697947,0.0,0.0,0.14141569591697947,Platform Opportunity,Broad cross-RMD value but lower immediate gap urgency,Tier 1: Data-driven similarity,Exploratory,CISN estimates spillover potential for prioritization; not proof of clinical efficacy or cross-disorder transferability.
RMD_Koro,PT_Digital Health Tools,0.0933866546083404,0.1379317721349762,0.0,0.0,0.1379317721349762,Platform Opportunity,Broad cross-RMD value but lower immediate gap urgency,Tier 1: Data-driven similarity,Exploratory,CISN estimates spillover potential for prioritization; not proof of clinical efficacy or cross-disorder transferability.
RMD_Disinhibited Social Engagement Disorder,PT_Narrative Exposure Therapy,0.0911408653727632,0.13461474905063978,0.0,0.0,0.13461474905063978,Platform Opportunity,Broad cross-RMD value but lower immediate gap urgency,Tier 1: Data-driven similarity,Exploratory,CISN estimates spillover potential for prioritization; not proof of clinical efficacy or cross-disorder transferability.
RMD_Hypergraphia,PT_Deep Brain Stimulation,0.0895858547172568,0.13231800358628718,0.0,0.0,0.13231800358628718,Platform Opportunity,Broad cross-RMD value but lower immediate gap urgency,Tier 1: Data-driven similarity,Exploratory,CISN estimates spillover potential for prioritization; not proof of clinical efficacy or cross-disorder transferability.
RMD_Body Integrity Dysphoria,PT_Pharmacogenomic Testing,0.0888034741968281,0.1311624302110634,0.0,0.0,0.1311624302110634,Platform Opportunity,Broad cross-RMD value but lower immediate gap urgency,Tier 1: Data-driven similarity,Exploratory,CISN estimates spillover potential for prioritization; not proof of clinical efficacy or cross-disorder transferability.
RMD_Hypergraphia,PT_Transcranial Direct Current Stimulation,0.0871235068739072,0.1286811241727311,0.0,0.0,0.1286811241727311,Platform Opportunity,Broad cross-RMD value but lower immediate gap urgency,Tier 1: Data-driven similarity,Exploratory,CISN estimates spillover potential for prioritization; not proof of clinical efficacy or cross-disorder transferability.
RMD_Reduplicative Paramnesia,PT_Emdr Therapy,0.0851872339346872,0.1258212556083874,0.0,0.0,0.1258212556083874,Platform Opportunity,Broad cross-RMD value but lower immediate gap urgency,Tier 1: Data-driven similarity,Exploratory,CISN estimates spillover potential for prioritization; not proof of clinical efficacy or cross-disorder transferability.
RMD_Disinhibited Social Engagement Disorder,PT_Music Therapy,0.0851510032996033,0.12576774308324495,0.0,0.0,0.12576774308324495,Platform Opportunity,Broad cross-RMD value but lower immediate gap urgency,Tier 1: Data-driven similarity,Exploratory,CISN estimates spillover potential for prioritization; not proof of clinical efficacy or cross-disorder transferability.
RMD_Othello Syndrome,PT_Digital Therapeutics,0.0846585409732068,0.125040377897347,0.0,0.0,0.125040377897347,Platform Opportunity,Broad cross-RMD value but lower immediate gap urgency,Tier 1: Data-driven similarity,Exploratory,CISN estimates spillover potential for prioritization; not proof of clinical efficacy or cross-disorder transferability.
RMD_Avoidant Personality Disorder,PT_Digital Phenotyping,0.0761943904478409,0.11253885627761184,0.0,0.0,0.11253885627761184,Platform Opportunity,Broad cross-RMD value but lower immediate gap urgency,Tier 1: Data-driven similarity,Exploratory,CISN estimates spillover potential for prioritization; not proof of clinical efficacy or cross-disorder transferability.
RMD_Brief Psychotic Disorder,PT_Mood Stabilizers,0.0760711183178299,0.11235678375966394,0.0,0.0,0.11235678375966394,Platform Opportunity,Broad cross-RMD value but lower immediate gap urgency,Tier 1: Data-driven similarity,Exploratory,CISN estimates spillover potential for prioritization; not proof of clinical efficacy or cross-disorder transferability.
RMD_Pyromania,PT_Cbt For Insomnia,0.0730278566306102,0.1078618965688854,0.0,0.0,0.1078618965688854,Platform Opportunity,Broad cross-RMD value but lower immediate gap urgency,Tier 1: Data-driven similarity,Exploratory,CISN estimates spillover potential for prioritization; not proof of clinical efficacy or cross-disorder transferability.
RMD_Wendigo Psychosis,PT_Metabolic And Enzyme Targeted Therapy,0.0707292538494838,0.10446686805689033,0.0,0.0,0.10446686805689033,Platform Opportunity,Broad cross-RMD value but lower immediate gap urgency,Tier 1: Data-driven similarity,Exploratory,CISN estimates spillover potential for prioritization; not proof of clinical efficacy or cross-disorder transferability.
RMD_Autosarcophagy,PT_Art Therapy,0.0697353540627713,0.1029988814427346,0.0,0.0,0.1029988814427346,Platform Opportunity,Broad cross-RMD value but lower immediate gap urgency,Tier 1: Data-driven similarity,Exploratory,CISN estimates spillover potential for prioritization; not proof of clinical efficacy or cross-disorder transferability.
RMD_Ganser Syndrome,PT_Machine Learning Neuroimaging,0.0695262206154895,0.10268999205037704,0.0,0.0,0.10268999205037704,Platform Opportunity,Broad cross-RMD value but lower immediate gap urgency,Tier 1: Data-driven similarity,Exploratory,CISN estimates spillover potential for prioritization; not proof of clinical efficacy or cross-disorder transferability.
RMD_Boanthropy,PT_Cbt For Insomnia,0.0662345547641117,0.09782821275160157,0.0,0.0,0.09782821275160157,Platform Opportunity,Broad cross-RMD value but lower immediate gap urgency,Tier 1: Data-driven similarity,Exploratory,CISN estimates spillover potential for prioritization; not proof of clinical efficacy or cross-disorder transferability.
RMD_Cotard Syndrome,PT_Cbt For Insomnia,0.0615416162173544,0.09089675843417745,0.0,0.0,0.09089675843417745,Platform Opportunity,Broad cross-RMD value but lower immediate gap urgency,Tier 1: Data-driven similarity,Exploratory,CISN estimates spillover potential for prioritization; not proof of clinical efficacy or cross-disorder transferability.
RMD_Hypergraphia,PT_Antipsychotic Medications,0.058168215653875,0.0859142572428318,0.0,0.0,0.0859142572428318,Platform Opportunity,Broad cross-RMD value but lower immediate gap urgency,Tier 1: Data-driven similarity,Exploratory,CISN estimates spillover potential for prioritization; not proof of clinical efficacy or cross-disorder transferability.
RMD_Stendhal Syndrome,PT_Resting State Fmri,0.0459938510333277,0.06793276198773276,0.0,0.0,0.06793276198773276,Platform Opportunity,Broad cross-RMD value but lower immediate gap urgency,Tier 1: Data-driven similarity,Exploratory,CISN estimates spillover potential for prioritization; not proof of clinical efficacy or cross-disorder transferability.
RMD_Cyclothymic Disorder,PT_Machine Learning Neuroimaging,0.0426899130342817,0.06305285676847243,0.0,0.0,0.06305285676847243,Platform Opportunity,Broad cross-RMD value but lower immediate gap urgency,Tier 1: Data-driven similarity,Exploratory,CISN estimates spillover potential for prioritization; not proof of clinical efficacy or cross-disorder transferability.
RMD_Fregoli Delusion,PT_Virtual Reality Exposure Therapy,0.0424361554899679,0.06267805773614157,0.0,0.0,0.06267805773614157,Platform Opportunity,Broad cross-RMD value but lower immediate gap urgency,Tier 1: Data-driven similarity,Exploratory,CISN estimates spillover potential for prioritization; not proof of clinical efficacy or cross-disorder transferability.
RMD_Wendigo Psychosis,PT_Voxel Based Lesion Symptom Mapping,0.0417061490874342,0.061599840755421506,0.0,0.0,0.061599840755421506,Platform Opportunity,Broad cross-RMD value but lower immediate gap urgency,Tier 1: Data-driven similarity,Exploratory,CISN estimates spillover potential for prioritization; not proof of clinical efficacy or cross-disorder transferability.
RMD_Palilalia,PT_Dialectical Behavior Therapy,0.0410509135401407,0.060632060074305306,0.0,0.0,0.060632060074305306,Platform Opportunity,Broad cross-RMD value but lower immediate gap urgency,Tier 1: Data-driven similarity,Exploratory,CISN estimates spillover potential for prioritization; not proof of clinical efficacy or cross-disorder transferability.
RMD_Palilalia,PT_Acceptance And Commitment Therapy,0.0396244407948811,0.05852516466744994,0.0,0.0,0.05852516466744994,Platform Opportunity,Broad cross-RMD value but lower immediate gap urgency,Tier 1: Data-driven similarity,Exploratory,CISN estimates spillover potential for prioritization; not proof of clinical efficacy or cross-disorder transferability.
RMD_Disinhibited Social Engagement Disorder,PT_Acceptance And Commitment Therapy,0.0390486275371121,0.05767469043860013,0.0,0.0,0.05767469043860013,Platform Opportunity,Broad cross-RMD value but lower immediate gap urgency,Tier 1: Data-driven similarity,Exploratory,CISN estimates spillover potential for prioritization; not proof of clinical efficacy or cross-disorder transferability.
RMD_Disinhibited Social Engagement Disorder,PT_Light Therapy,0.037432017459625,0.05528696283689694,0.0,0.0,0.05528696283689694,Platform Opportunity,Broad cross-RMD value but lower immediate gap urgency,Tier 1: Data-driven similarity,Exploratory,CISN estimates spillover potential for prioritization; not proof of clinical efficacy or cross-disorder transferability.
RMD_Stendhal Syndrome,PT_Metaverse,0.036121205923628,0.05335089864385656,0.0,0.0,0.05335089864385656,Platform Opportunity,Broad cross-RMD value but lower immediate gap urgency,Tier 1: Data-driven similarity,Exploratory,CISN estimates spillover potential for prioritization; not proof of clinical efficacy or cross-disorder transferability.
RMD_Hypergraphia,PT_Selective Serotonin Reuptake Inhibitors,0.0347731722697111,0.051359857508887594,0.0,0.0,0.051359857508887594,Platform Opportunity,Broad cross-RMD value but lower immediate gap urgency,Tier 1: Data-driven similarity,Exploratory,CISN estimates spillover potential for prioritization; not proof of clinical efficacy or cross-disorder transferability.
RMD_Avoidant Personality Disorder,PT_Pharmacogenomic Testing,0.0318252312024582,0.047005758550519396,0.0,0.0,0.047005758550519396,Platform Opportunity,Broad cross-RMD value but lower immediate gap urgency,Tier 1: Data-driven similarity,Exploratory,CISN estimates spillover potential for prioritization; not proof of clinical efficacy or cross-disorder transferability.
RMD_Palilalia,PT_Chronotherapy,0.0306858928176785,0.0453229596202745,0.0,0.0,0.0453229596202745,Platform Opportunity,Broad cross-RMD value but lower immediate gap urgency,Tier 1: Data-driven similarity,Exploratory,CISN estimates spillover potential for prioritization; not proof of clinical efficacy or cross-disorder transferability.
RMD_Savant Syndrome,PT_Occupational Therapy,0.0231847168818252,0.03424374820331387,0.0,0.0,0.03424374820331387,Platform Opportunity,Broad cross-RMD value but lower immediate gap urgency,Tier 1: Data-driven similarity,Exploratory,CISN estimates spillover potential for prioritization; not proof of clinical efficacy or cross-disorder transferability.
RMD_Fregoli Delusion,PT_Selective Serotonin Reuptake Inhibitors,0.0226743297202673,0.03348990809667475,0.0,0.0,0.03348990809667475,Platform Opportunity,Broad cross-RMD value but lower immediate gap urgency,Tier 1: Data-driven similarity,Exploratory,CISN estimates spillover potential for prioritization; not proof of clinical efficacy or cross-disorder transferability.
RMD_Autosarcophagy,PT_Speech Language Therapy,0.0221929102570671,0.03277885318226579,0.0,0.0,0.03277885318226579,Platform Opportunity,Broad cross-RMD value but lower immediate gap urgency,Tier 1: Data-driven similarity,Exploratory,CISN estimates spillover potential for prioritization; not proof of clinical efficacy or cross-disorder transferability.
RMD_Savant Syndrome,PT_Hypnotherapy,0.0217905796225672,0.03218461219961682,0.0,0.0,0.03218461219961682,Platform Opportunity,Broad cross-RMD value but lower immediate gap urgency,Tier 1: Data-driven similarity,Exploratory,CISN estimates spillover potential for prioritization; not proof of clinical efficacy or cross-disorder transferability.
RMD_Fregoli Delusion,PT_Mentalization Based Treatment,0.0212765463432628,0.03142538678943196,0.0,0.0,0.03142538678943196,Platform Opportunity,Broad cross-RMD value but lower immediate gap urgency,Tier 1: Data-driven similarity,Exploratory,CISN estimates spillover potential for prioritization; not proof of clinical efficacy or cross-disorder transferability.
RMD_Savant Syndrome,PT_Electroconvulsive Therapy,0.0154608292392767,0.022835592350892855,0.0,0.0,0.022835592350892855,Platform Opportunity,Broad cross-RMD value but lower immediate gap urgency,Tier 1: Data-driven similarity,Exploratory,CISN estimates spillover potential for prioritization; not proof of clinical efficacy or cross-disorder transferability.
RMD_Fregoli Delusion,PT_Smart Wearable Mental Health Trackers,0.0139843124849348,0.020654782112347562,0.0,0.0,0.020654782112347562,Platform Opportunity,Broad cross-RMD value but lower immediate gap urgency,Tier 1: Data-driven similarity,Exploratory,CISN estimates spillover potential for prioritization; not proof of clinical efficacy or cross-disorder transferability.
RMD_Savant Syndrome,PT_Motivational Interviewing,0.0096433283122771,0.014243163211812663,0.0,0.0,0.014243163211812663,Platform Opportunity,Broad cross-RMD value but lower immediate gap urgency,Tier 1: Data-driven similarity,Exploratory,CISN estimates spillover potential for prioritization; not proof of clinical efficacy or cross-disorder transferability.
RMD_Reduplicative Paramnesia,PT_Animal Assisted Therapy,0.0092979422785474,0.013733029211373232,0.0,0.0,0.013733029211373232,Platform Opportunity,Broad cross-RMD value but lower immediate gap urgency,Tier 1: Data-driven similarity,Exploratory,CISN estimates spillover potential for prioritization; not proof of clinical efficacy or cross-disorder transferability.
RMD_Intermetamorphosis Syndrome,PT_Prolonged Exposure Therapy,0.0090302567946369,0.013337658659494758,0.0,0.0,0.013337658659494758,Platform Opportunity,Broad cross-RMD value but lower immediate gap urgency,Tier 1: Data-driven similarity,Exploratory,CISN estimates spillover potential for prioritization; not proof of clinical efficacy or cross-disorder transferability.
RMD_Stendhal Syndrome,PT_Antidepressants,0.0084006868422165,0.012407785974961064,0.0,0.0,0.012407785974961064,Platform Opportunity,Broad cross-RMD value but lower immediate gap urgency,Tier 1: Data-driven similarity,Exploratory,CISN estimates spillover potential for prioritization; not proof of clinical efficacy or cross-disorder transferability.
RMD_Stendhal Syndrome,PT_Clozapine Protocol,0.0052950643785077,0.007820792128805147,0.0,0.0,0.007820792128805147,Platform Opportunity,Broad cross-RMD value but lower immediate gap urgency,Tier 1: Data-driven similarity,Exploratory,CISN estimates spillover potential for prioritization; not proof of clinical efficacy or cross-disorder transferability.
RMD_Intermetamorphosis Syndrome,PT_Cognitive Assistive Technologies,0.0051541590450168,0.007612675429120587,0.0,0.0,0.007612675429120587,Platform Opportunity,Broad cross-RMD value but lower immediate gap urgency,Tier 1: Data-driven similarity,Exploratory,CISN estimates spillover potential for prioritization; not proof of clinical efficacy or cross-disorder transferability.
RMD_Wendigo Psychosis,PT_Interpersonal Psychotherapy,0.005112137634602,0.007550609948453857,0.0,0.0,0.007550609948453857,Platform Opportunity,Broad cross-RMD value but lower immediate gap urgency,Tier 1: Data-driven similarity,Exploratory,CISN estimates spillover potential for prioritization; not proof of clinical efficacy or cross-disorder transferability.
RMD_Wendigo Psychosis,PT_Deep Brain Stimulation,0.0043147742153179,0.006372906882435284,0.0,0.0,0.006372906882435284,Platform Opportunity,Broad cross-RMD value but lower immediate gap urgency,Tier 1: Data-driven similarity,Exploratory,CISN estimates spillover potential for prioritization; not proof of clinical efficacy or cross-disorder transferability.
RMD_Fregoli Delusion,PT_Hypnotherapy,0.0043103659082054,0.006366395827780928,0.0,0.0,0.006366395827780928,Platform Opportunity,Broad cross-RMD value but lower immediate gap urgency,Tier 1: Data-driven similarity,Exploratory,CISN estimates spillover potential for prioritization; not proof of clinical efficacy or cross-disorder transferability.
RMD_Koro,PT_Vagus Nerve Stimulation,0.0042396031053947,0.006261879408022103,0.0,0.0,0.006261879408022103,Platform Opportunity,Broad cross-RMD value but lower immediate gap urgency,Tier 1: Data-driven similarity,Exploratory,CISN estimates spillover potential for prioritization; not proof of clinical efficacy or cross-disorder transferability.
RMD_Fregoli Delusion,PT_Cbt For Insomnia,0.0018356319983,0.00271122223592935,0.0,0.0,0.00271122223592935,Platform Opportunity,Broad cross-RMD value but lower immediate gap urgency,Tier 1: Data-driven similarity,Exploratory,CISN estimates spillover potential for prioritization; not proof of clinical efficacy or cross-disorder transferability.
RMD_Brief Psychotic Disorder,PT_Pharmacogenomic Testing,0.0013495639491308,0.0019933013758098917,0.0,0.0,0.0019933013758098917,Platform Opportunity,Broad cross-RMD value but lower immediate gap urgency,Tier 1: Data-driven similarity,Exploratory,CISN estimates spillover potential for prioritization; not proof of clinical efficacy or cross-disorder transferability.
RMD_Hypergraphia,PT_Cbt For Insomnia,0.0007817631399644,0.0011546615063718407,0.0,0.0,0.0011546615063718407,Platform Opportunity,Broad cross-RMD value but lower immediate gap urgency,Tier 1: Data-driven similarity,Exploratory,CISN estimates spillover potential for prioritization; not proof of clinical efficacy or cross-disorder transferability.
RMD_Savant Syndrome,PT_Cbt For Insomnia,0.0003252081680184,0.00048033136121722515,0.0,0.0,0.00048033136121722515,Platform Opportunity,Broad cross-RMD value but lower immediate gap urgency,Tier 1: Data-driven similarity,Exploratory,CISN estimates spillover potential for prioritization; not proof of clinical efficacy or cross-disorder transferability.
RMD_Stendhal Syndrome,PT_Selective Serotonin Reuptake Inhibitors,0.0001320293801936,0.0001950069467673097,0.0,0.0,0.0001950069467673097,Platform Opportunity,Broad cross-RMD value but lower immediate gap urgency,Tier 1: Data-driven similarity,Exploratory,CISN estimates spillover potential for prioritization; not proof of clinical efficacy or cross-disorder transferability.
RMD_Savant Syndrome,PT_Stimulant And Wake Promoting Agents,0.0,0.0,0.0,0.0,0.0,Platform Opportunity,Broad cross-RMD value but lower immediate gap urgency,Tier 1: Data-driven similarity,Exploratory,CISN estimates spillover potential for prioritization; not proof of clinical efficacy or cross-disorder transferability.
RMD_Savant Syndrome,PT_Closed Loop Neurostimulation,0.0,0.0,0.0,0.0,0.0,Platform Opportunity,Broad cross-RMD value but lower immediate gap urgency,Tier 1: Data-driven similarity,Exploratory,CISN estimates spillover potential for prioritization; not proof of clinical efficacy or cross-disorder transferability.
RMD_Hypergraphia,PT_Motivational Interviewing,0.0,0.0,0.0,0.0,0.0,Platform Opportunity,Broad cross-RMD value but lower immediate gap urgency,Tier 1: Data-driven similarity,Exploratory,CISN estimates spillover potential for prioritization; not proof of clinical efficacy or cross-disorder transferability.
RMD_Hypergraphia,PT_Digital Phenotyping,0.0,0.0,0.0,0.0,0.0,Platform Opportunity,Broad cross-RMD value but lower immediate gap urgency,Tier 1: Data-driven similarity,Exploratory,CISN estimates spillover potential for prioritization; not proof of clinical efficacy or cross-disorder transferability.
RMD_Avoidant Personality Disorder,PT_Machine Learning Neuroimaging,0.0,0.0,0.0,0.0,0.0,Platform Opportunity,Broad cross-RMD value but lower immediate gap urgency,Tier 1: Data-driven similarity,Exploratory,CISN estimates spillover potential for prioritization; not proof of clinical efficacy or cross-disorder transferability.
RMD_Pyromania,PT_Machine Learning Neuroimaging,0.0,0.0,0.0,0.0,0.0,Platform Opportunity,Broad cross-RMD value but lower immediate gap urgency,Tier 1: Data-driven similarity,Exploratory,CISN estimates spillover potential for prioritization; not proof of clinical efficacy or cross-disorder transferability.
RMD_Delusional Disorder,PT_Digital Health Tools,0.0,0.0,0.0,0.0,0.0,Platform Opportunity,Broad cross-RMD value but lower immediate gap urgency,Tier 1: Data-driven similarity,Exploratory,CISN estimates spillover potential for prioritization; not proof of clinical efficacy or cross-disorder transferability.
RMD_Autosarcophagy,PT_Narrative Exposure Therapy,0.0,0.0,0.0,0.0,0.0,Platform Opportunity,Broad cross-RMD value but lower immediate gap urgency,Tier 1: Data-driven similarity,Exploratory,CISN estimates spillover potential for prioritization; not proof of clinical efficacy or cross-disorder transferability.
RMD_Delusional Disorder,PT_Metaverse,0.0,0.0,0.0,0.0,0.0,Platform Opportunity,Broad cross-RMD value but lower immediate gap urgency,Tier 1: Data-driven similarity,Exploratory,CISN estimates spillover potential for prioritization; not proof of clinical efficacy or cross-disorder transferability.
RMD_Hypergraphia,PT_Machine Learning Neuroimaging,0.0,0.0,0.0,0.0,0.0,Platform Opportunity,Broad cross-RMD value but lower immediate gap urgency,Tier 1: Data-driven similarity,Exploratory,CISN estimates spillover potential for prioritization; not proof of clinical efficacy or cross-disorder transferability.
RMD_Delusional Disorder,PT_Resting State Fmri,0.0,0.0,0.0,0.0,0.0,Platform Opportunity,Broad cross-RMD value but lower immediate gap urgency,Tier 1: Data-driven similarity,Exploratory,CISN estimates spillover potential for prioritization; not proof of clinical efficacy or cross-disorder transferability.
RMD_Savant Syndrome,PT_Machine Learning Neuroimaging,0.0,0.0,0.0,0.0,0.0,Platform Opportunity,Broad cross-RMD value but lower immediate gap urgency,Tier 1: Data-driven similarity,Exploratory,CISN estimates spillover potential for prioritization; not proof of clinical efficacy or cross-disorder transferability.
RMD_Wendigo Psychosis,PT_Anxiolytic Medications,0.0,0.0,0.0,0.0,0.0,Platform Opportunity,Broad cross-RMD value but lower immediate gap urgency,Tier 1: Data-driven similarity,Exploratory,CISN estimates spillover potential for prioritization; not proof of clinical efficacy or cross-disorder transferability.
RMD_Delusional Disorder,PT_Anxiolytic Medications,0.0,0.0,0.0,0.0,0.0,Platform Opportunity,Broad cross-RMD value but lower immediate gap urgency,Tier 1: Data-driven similarity,Exploratory,CISN estimates spillover potential for prioritization; not proof of clinical efficacy or cross-disorder transferability.
RMD_Intermetamorphosis Syndrome,PT_Psilocybin Assisted Therapy,0.0,0.0,0.0,0.0,0.0,Platform Opportunity,Broad cross-RMD value but lower immediate gap urgency,Tier 1: Data-driven similarity,Exploratory,CISN estimates spillover potential for prioritization; not proof of clinical efficacy or cross-disorder transferability.
RMD_Delusional Disorder,PT_Antidepressants,0.0,0.0,0.0,0.0,0.0,Platform Opportunity,Broad cross-RMD value but lower immediate gap urgency,Tier 1: Data-driven similarity,Exploratory,CISN estimates spillover potential for prioritization; not proof of clinical efficacy or cross-disorder transferability.
RMD_Intermetamorphosis Syndrome,PT_Focused Ultrasound Therapy,0.0,0.0,0.0,0.0,0.0,Platform Opportunity,Broad cross-RMD value but lower immediate gap urgency,Tier 1: Data-driven similarity,Exploratory,CISN estimates spillover potential for prioritization; not proof of clinical efficacy or cross-disorder transferability.
RMD_Delusional Disorder,PT_Cognitive Behavioral Therapy,0.0,0.0,0.0,0.0,0.0,Platform Opportunity,Broad cross-RMD value but lower immediate gap urgency,Tier 1: Data-driven similarity,Exploratory,CISN estimates spillover potential for prioritization; not proof of clinical efficacy or cross-disorder transferability.
RMD_Delusional Disorder,PT_Selective Serotonin Reuptake Inhibitors,0.0,0.0,0.0,0.0,0.0,Platform Opportunity,Broad cross-RMD value but lower immediate gap urgency,Tier 1: Data-driven similarity,Exploratory,CISN estimates spillover potential for prioritization; not proof of clinical efficacy or cross-disorder transferability.
RMD_Autosarcophagy,PT_Light Therapy,0.0,0.0,0.0,0.0,0.0,Platform Opportunity,Broad cross-RMD value but lower immediate gap urgency,Tier 1: Data-driven similarity,Exploratory,CISN estimates spillover potential for prioritization; not proof of clinical efficacy or cross-disorder transferability.
RMD_Autosarcophagy,PT_Acceptance And Commitment Therapy,0.0,0.0,0.0,0.0,0.0,Platform Opportunity,Broad cross-RMD value but lower immediate gap urgency,Tier 1: Data-driven similarity,Exploratory,CISN estimates spillover potential for prioritization; not proof of clinical efficacy or cross-disorder transferability.
RMD_Intermetamorphosis Syndrome,PT_Trauma Focused Cbt,0.0,0.0,0.0,0.0,0.0,Platform Opportunity,Broad cross-RMD value but lower immediate gap urgency,Tier 1: Data-driven similarity,Exploratory,CISN estimates spillover potential for prioritization; not proof of clinical efficacy or cross-disorder transferability.
RMD_Intermetamorphosis Syndrome,PT_Clozapine Protocol,0.0,0.0,0.0,0.0,0.0,Platform Opportunity,Broad cross-RMD value but lower immediate gap urgency,Tier 1: Data-driven similarity,Exploratory,CISN estimates spillover potential for prioritization; not proof of clinical efficacy or cross-disorder transferability.
RMD_Intermetamorphosis Syndrome,PT_Vagus Nerve Stimulation,0.0,0.0,0.0,0.0,0.0,Platform Opportunity,Broad cross-RMD value but lower immediate gap urgency,Tier 1: Data-driven similarity,Exploratory,CISN estimates spillover potential for prioritization; not proof of clinical efficacy or cross-disorder transferability.
RMD_Intermetamorphosis Syndrome,PT_Pharmacogenomic Testing,0.0,0.0,0.0,0.0,0.0,Platform Opportunity,Broad cross-RMD value but lower immediate gap urgency,Tier 1: Data-driven similarity,Exploratory,CISN estimates spillover potential for prioritization; not proof of clinical efficacy or cross-disorder transferability.
