Date,Entity,Display_Name,Entity_Type,Channel,Forecast_Scaled,Forecast_Raw
2026-01-01,RMD_Anorexia Nervosa,Anorexia Nervosa,RMD,TDB,1.9543659687042236,417.6746520996094
2026-01-01,RMD_Antisocial Personality Disorder,Antisocial Personality Disorder,RMD,TDB,1.2368413209915161,49.415061950683594
2026-01-01,RMD_Autosarcophagy,Autosarcophagy,RMD,TDB,0.63205885887146,0.8814802765846252
2026-01-01,RMD_Avoidant Personality Disorder,Avoidant Personality Disorder,RMD,TDB,1.6243007183074951,18.425077438354492
2026-01-01,RMD_Boanthropy,Boanthropy,RMD,TDB,0.8529189825057983,2.5348167419433594
2026-01-01,RMD_Body Integrity Dysphoria,Body Integrity Dysphoria,RMD,TDB,1.7533546686172485,34.862205505371094
2026-01-01,RMD_Brief Psychotic Disorder,Brief Psychotic Disorder,RMD,TDB,1.1937799453735352,2.412355899810791
2026-01-01,RMD_Capgras Syndrome,Capgras Syndrome,RMD,TDB,1.5959863662719727,25.65923500061035
2026-01-01,RMD_Childhood Disintegrative Disorder,Childhood Disintegrative Disorder,RMD,TDB,1.7207587957382202,34.86585998535156
2026-01-01,RMD_Chronic Traumatic Encephalopathy,Chronic Traumatic Encephalopathy,RMD,TDB,2.1093671321868896,503.892578125
2026-01-01,RMD_Circadian Rhythm Sleep Wake Disorder,Circadian Rhythm Sleep Wake Disorder,RMD,TDB,1.2282862663269043,2.760556936264038
2026-01-01,RMD_Cotard Syndrome,Cotard Syndrome,RMD,TDB,1.5581079721450806,5.485296726226807
2026-01-01,RMD_Cyclothymic Disorder,Cyclothymic Disorder,RMD,TDB,2.0297281742095947,273.77313232421875
2026-01-01,RMD_Delusional Disorder,Delusional Disorder,RMD,TDB,0.5048270225524902,1.450110912322998
2026-01-01,RMD_Diogenes Syndrome,Diogenes Syndrome,RMD,TDB,1.7386040687561035,4.751772880554199
2026-01-01,RMD_Disinhibited Social Engagement Disorder,Disinhibited Social Engagement Disorder,RMD,TDB,1.116902232170105,4.90942907333374
2026-01-01,RMD_Dissociative Amnesia,Dissociative Amnesia,RMD,TDB,1.6232690811157227,6.198713779449463
2026-01-01,RMD_Dissociative Fugue,Dissociative Fugue,RMD,TDB,1.98968505859375,45.68120193481445
2026-01-01,RMD_Ekbom Syndrome,Ekbom Syndrome,RMD,TDB,1.545977234840393,50.737518310546875
2026-01-01,RMD_Erotomania,Erotomania,RMD,TDB,2.0120017528533936,95.98143768310547
2026-01-01,RMD_Factitious Disorder,Factitious Disorder,RMD,TDB,2.1311490535736084,320.997802734375
2026-01-01,RMD_Fregoli Delusion,Fregoli Delusion,RMD,TDB,0.9565712213516235,1.6027568578720093
2026-01-01,RMD_Ganser Syndrome,Ganser Syndrome,RMD,TDB,2.383486270904541,14.892240524291992
2026-01-01,RMD_Hallucinogen Persisting Perception Disorder,Hallucinogen Persisting Perception Disorder,RMD,TDB,2.1358230113983154,179.24522399902344
2026-01-01,RMD_Histrionic Personality Disorder,Histrionic Personality Disorder,RMD,TDB,1.3301477432250977,18.451828002929688
2026-01-01,RMD_Hypergraphia,Hypergraphia,RMD,TDB,1.0855817794799805,5.503940105438232
2026-01-01,RMD_Hyperthymesia,Hyperthymesia,RMD,TDB,2.021104097366333,87.30243682861328
2026-01-01,RMD_Impulse Control Disorders,Impulse Control Disorders,RMD,TDB,1.3466720581054688,71.32421112060547
2026-01-01,RMD_Intermetamorphosis Syndrome,Intermetamorphosis Syndrome,RMD,TDB,-0.005913320928812027,0.0
2026-01-01,RMD_Kleine Levin Syndrome,Kleine Levin Syndrome,RMD,TDB,1.4237618446350098,17.27906608581543
2026-01-01,RMD_Kleptomania,Kleptomania,RMD,TDB,2.3565008640289307,41.50545120239258
2026-01-01,RMD_Koro,Koro,RMD,TDB,1.0401607751846313,3.3498404026031494
2026-01-01,RMD_Landau Kleffner Syndrome,Landau Kleffner Syndrome,RMD,TDB,1.6981637477874756,11.217491149902344
2026-01-01,RMD_Narcissistic Personality Disorder,Narcissistic Personality Disorder,RMD,TDB,2.0658435821533203,420.9577331542969
2026-01-01,RMD_Olfactory Reference Syndrome,Olfactory Reference Syndrome,RMD,TDB,1.5907880067825317,96.29209899902344
2026-01-01,RMD_Othello Syndrome,Othello Syndrome,RMD,TDB,1.4608330726623535,19.064855575561523
2026-01-01,RMD_Palilalia,Palilalia,RMD,TDB,0.8271235823631287,2.586047887802124
2026-01-01,RMD_Postpartum Psychosis,Postpartum Psychosis,RMD,TDB,2.3496479988098145,35.69578170776367
2026-01-01,RMD_Pyromania,Pyromania,RMD,TDB,1.8161565065383911,49.495357513427734
2026-01-01,RMD_Reactive Attachment Disorder,Reactive Attachment Disorder,RMD,TDB,2.297447681427002,187.89266967773438
2026-01-01,RMD_Reduplicative Paramnesia,Reduplicative Paramnesia,RMD,TDB,1.306661605834961,2.693821668624878
2026-01-01,RMD_Rumination Disorder,Rumination Disorder,RMD,TDB,1.8757984638214111,88.12767028808594
2026-01-01,RMD_Savant Syndrome,Savant Syndrome,RMD,TDB,1.2626261711120605,20.263952255249023
2026-01-01,RMD_Schizoaffective Disorder,Schizoaffective Disorder,RMD,TDB,1.5592155456542969,93.75293731689453
2026-01-01,RMD_Schizotypal Personality Disorder,Schizotypal Personality Disorder,RMD,TDB,2.06541109085083,267.04376220703125
2026-01-01,RMD_Selective Mutism,Selective Mutism,RMD,TDB,2.753830909729004,60.13064193725586
2026-01-01,RMD_Stendhal Syndrome,Stendhal Syndrome,RMD,TDB,0.975695013999939,3.912358045578003
2026-01-01,RMD_Wendigo Psychosis,Wendigo Psychosis,RMD,TDB,0.6481317281723022,1.2666497230529785
2026-01-01,PT_Acceptance And Commitment Therapy,Acceptance And Commitment Therapy,PT,TDB,1.047268033027649,42.88615036010742
2026-01-01,PT_Animal Assisted Therapy,Animal Assisted Therapy,PT,TDB,1.4092549085617065,9.770352363586426
2026-01-01,PT_Anticonvulsant Therapy,Anticonvulsant Therapy,PT,TDB,0.4245683252811432,2.987978935241699
2026-01-01,PT_Antidepressants,Antidepressants,PT,TDB,0.9425846934318542,146.22976684570312
2026-01-01,PT_Antipsychotic Medications,Antipsychotic Medications,PT,TDB,-0.005988841876387596,0.0
2026-01-01,PT_Anxiolytic Medications,Anxiolytic Medications,PT,TDB,0.9055112600326538,84.56256103515625
2026-01-01,PT_Art Therapy,Art Therapy,PT,TDB,0.4380941390991211,3.5645437240600586
2026-01-01,PT_Augmentative Communication Devices,Augmentative Communication Devices,PT,TDB,0.3347781300544739,0.5905836820602417
2026-01-01,PT_Behavioral Activation Therapy,Behavioral Activation Therapy,PT,TDB,0.5426006317138672,2.105154037475586
2026-01-01,PT_Biofeedback Devices,Biofeedback Devices,PT,TDB,0.5989083647727966,0.9226970076560974
2026-01-01,PT_Blockchain For Data Protection,Blockchain For Data Protection,PT,TDB,-0.005279924720525742,0.0
2026-01-01,PT_Brain Computer Interface,Brain Computer Interface,PT,TDB,0.9036508798599243,67.89289093017578
2026-01-01,PT_Cbt For Insomnia,Cbt For Insomnia,PT,TDB,1.5891772508621216,3.8997161388397217
2026-01-01,PT_Chronotherapy,Chronotherapy,PT,TDB,1.0865014791488647,2.8428890705108643
2026-01-01,PT_Closed Loop Neurostimulation,Closed Loop Neurostimulation,PT,TDB,1.2741485834121704,36.684471130371094
2026-01-01,PT_Clozapine Protocol,Clozapine Protocol,PT,TDB,-0.005909422412514687,0.0
2026-01-01,PT_Cognitive Assistive Technologies,Cognitive Assistive Technologies,PT,TDB,0.04775020107626915,0.04890860617160797
2026-01-01,PT_Cognitive Behavioral Therapy,Cognitive Behavioral Therapy,PT,TDB,0.9384515285491943,153.6947479248047
2026-01-01,PT_Cognitive Enhancement Programs,Cognitive Enhancement Programs,PT,TDB,0.1078040599822998,0.2453218400478363
2026-01-01,PT_Cultural Psychiatry Interventions,Cultural Psychiatry Interventions,PT,TDB,0.20231589674949646,0.2242346853017807
2026-01-01,PT_Deep Brain Stimulation,Deep Brain Stimulation,PT,TDB,0.9241587519645691,14.197469711303711
2026-01-01,PT_Dialectical Behavior Therapy,Dialectical Behavior Therapy,PT,TDB,1.0209014415740967,32.152042388916016
2026-01-01,PT_Dietary Interventions And Supplements,Dietary Interventions And Supplements,PT,TDB,0.15193545818328857,0.16408510506153107
2026-01-01,PT_Digital Health Tools,Digital Health Tools,PT,TDB,0.7623090744018555,45.86100387573242
2026-01-01,PT_Digital Imaging Technologies For Brain Scanning,Digital Imaging Technologies For Brain Scanning,PT,TDB,0.034962043166160583,0.05898067727684975
2026-01-01,PT_Digital Phenotyping,Digital Phenotyping,PT,TDB,1.3978917598724365,19.510202407836914
2026-01-01,PT_Digital Therapeutics,Digital Therapeutics,PT,TDB,-0.0067520830780267715,0.0
2026-01-01,PT_Electroconvulsive Therapy,Electroconvulsive Therapy,PT,TDB,-0.006829002872109413,0.0
2026-01-01,PT_Electroencephalography,Electroencephalography,PT,TDB,0.8495354652404785,189.6802520751953
2026-01-01,PT_Emdr Therapy,Emdr Therapy,PT,TDB,1.0331536531448364,31.558025360107422
2026-01-01,PT_Emotion Regulation Training,Emotion Regulation Training,PT,TDB,0.6612234115600586,2.108492374420166
2026-01-01,PT_Expressive Writing And Journaling,Expressive Writing And Journaling,PT,TDB,0.13945050537586212,0.14964190125465393
2026-01-01,PT_Fecal Microbiota Transplant,Fecal Microbiota Transplant,PT,TDB,-0.006328141316771507,0.0
2026-01-01,PT_Focused Ultrasound Therapy,Focused Ultrasound Therapy,PT,TDB,0.44645756483078003,1.0757828950881958
2026-01-01,PT_Hypnotherapy,Hypnotherapy,PT,TDB,1.1635124683380127,29.888418197631836
2026-01-01,PT_Immunotherapy For Neuropsychiatric Disorders,Immunotherapy For Neuropsychiatric Disorders,PT,TDB,1.0960232019424438,22.757888793945312
2026-01-01,PT_Interpersonal Psychotherapy,Interpersonal Psychotherapy,PT,TDB,0.6320443153381348,4.317718029022217
2026-01-01,PT_Ketamine Therapy,Ketamine Therapy,PT,TDB,1.2453583478927612,27.460718154907227
2026-01-01,PT_Light Therapy,Light Therapy,PT,TDB,1.1122268438339233,19.11197853088379
2026-01-01,PT_Lithium Therapy,Lithium Therapy,PT,TDB,0.08278926461935043,0.09521786123514175
2026-01-01,PT_Machine Learning Neuroimaging,Machine Learning Neuroimaging,PT,TDB,2.1542060375213623,10.71703815460205
2026-01-01,PT_Meditation And Relaxation Techniques,Meditation And Relaxation Techniques,PT,TDB,0.34152865409851074,0.9436819553375244
2026-01-01,PT_Memory Retrieval Techniques,Memory Retrieval Techniques,PT,TDB,-0.0007658354006707668,0.0
2026-01-01,PT_Mentalization Based Treatment,Mentalization Based Treatment,PT,TDB,1.060804843902588,9.792916297912598
2026-01-01,PT_Metabolic And Enzyme Targeted Therapy,Metabolic And Enzyme Targeted Therapy,PT,TDB,0.45358386635780334,0.8753601908683777
2026-01-01,PT_Metaverse,Metaverse,PT,TDB,-0.006579328328371048,0.0
2026-01-01,PT_Mindfulness Based Stress Reduction,Mindfulness Based Stress Reduction,PT,TDB,0.9089561104774475,27.73499298095703
2026-01-01,PT_Mood Stabilizers,Mood Stabilizers,PT,TDB,1.021550178527832,50.16413497924805
2026-01-01,PT_Motivational Interviewing,Motivational Interviewing,PT,TDB,1.1757034063339233,74.75403594970703
2026-01-01,PT_Music Therapy,Music Therapy,PT,TDB,0.9172781109809875,14.610121726989746
2026-01-01,PT_Naltrexone,Naltrexone,PT,TDB,1.3285709619522095,29.19623374938965
2026-01-01,PT_Narrative Exposure Therapy,Narrative Exposure Therapy,PT,TDB,0.8821480870246887,30.531396865844727
2026-01-01,PT_Neurobiological Assessments For Mental Disorders,Neurobiological Assessments For Mental Disorders,PT,TDB,0.1811332255601883,0.19857485592365265
2026-01-01,PT_Neurocognitive Training,Neurocognitive Training,PT,TDB,0.7953487634658813,1.4674569368362427
2026-01-01,PT_Neurofeedback Systems,Neurofeedback Systems,PT,TDB,0.34529122710227966,0.4124011993408203
2026-01-01,PT_Neuromodulation Techniques,Neuromodulation Techniques,PT,TDB,0.7390600442886353,12.291067123413086
2026-01-01,PT_Neuroplasticity Techniques,Neuroplasticity Techniques,PT,TDB,0.03528613597154617,0.07613450288772583
2026-01-01,PT_Neuroprotective Agents,Neuroprotective Agents,PT,TDB,1.0433988571166992,29.953845977783203
2026-01-01,PT_Occupational Therapy,Occupational Therapy,PT,TDB,1.1297470331192017,80.40805053710938
2026-01-01,PT_Oxytocin Therapy,Oxytocin Therapy,PT,TDB,1.0398870706558228,1.828897476196289
2026-01-01,PT_Personalized Medicine,Personalized Medicine,PT,TDB,0.9213491082191467,323.4981994628906
2026-01-01,PT_Pharmacogenomic Testing,Pharmacogenomic Testing,PT,TDB,1.5615872144699097,17.120264053344727
2026-01-01,PT_Privacy Preserving Ai In Digital Mental Health,Privacy Preserving AI In Digital Mental Health,PT,TDB,-0.0065988339483737946,0.0
2026-01-01,PT_Prolonged Exposure Therapy,Prolonged Exposure Therapy,PT,TDB,0.03870706260204315,0.08191423863172531
2026-01-01,PT_Psilocybin Assisted Therapy,Psilocybin Assisted Therapy,PT,TDB,-0.0072014667093753815,0.0
2026-01-01,PT_Psychoeducation Programs,Psychoeducation Programs,PT,TDB,0.46261024475097656,1.1054779291152954
2026-01-01,PT_Psychophysiological Metrics For Treatment Response,Psychophysiological Metrics For Treatment Response,PT,TDB,0.2741561830043793,0.4745751917362213
2026-01-01,PT_Reality Testing Techniques,Reality Testing Techniques,PT,TDB,-0.005580410361289978,0.0
2026-01-01,PT_Regenerative Medicine Approaches,Regenerative Medicine Approaches,PT,TDB,0.6320137977600098,17.04914093017578
2026-01-01,PT_Resting State Fmri,Resting State FMRI,PT,TDB,0.7601622343063354,27.15208625793457
2026-01-01,PT_Schema Therapy,Schema Therapy,PT,TDB,1.3875994682312012,3.0052237510681152
2026-01-01,PT_Secure Data Storage For Patient Records,Secure Data Storage For Patient Records,PT,TDB,0.029437072575092316,0.02987462654709816
2026-01-01,PT_Selective Serotonin Reuptake Inhibitors,Selective Serotonin Reuptake Inhibitors,PT,TDB,0.9936316609382629,72.82723999023438
2026-01-01,PT_Sleep Pattern Monitoring And Manipulation,Sleep Pattern Monitoring And Manipulation,PT,TDB,-0.005393553525209427,0.0
2026-01-01,PT_Smart Wearable Mental Health Trackers,Smart Wearable Mental Health Trackers,PT,TDB,-0.005096036940813065,0.0
2026-01-01,PT_Social Skills Training,Social Skills Training,PT,TDB,1.0963178873062134,27.156112670898438
2026-01-01,PT_Speech Language Therapy,Speech Language Therapy,PT,TDB,0.5625483393669128,1.062936544418335
2026-01-01,PT_Stem Cell Therapy For Neurological Disorders,Stem Cell Therapy For Neurological Disorders,PT,TDB,0.3787657916545868,1.9496151208877563
2026-01-01,PT_Stimulant And Wake Promoting Agents,Stimulant And Wake Promoting Agents,PT,TDB,1.226747989654541,44.76836395263672
2026-01-01,PT_Traditional And Alternative Medicine Approaches,Traditional And Alternative Medicine Approaches,PT,TDB,0.59405916929245,8.184098243713379
2026-01-01,PT_Transcranial Direct Current Stimulation,Transcranial Direct Current Stimulation,PT,TDB,0.9003394842147827,45.42597579956055
2026-01-01,PT_Transcranial Magnetic Stimulation,Transcranial Magnetic Stimulation,PT,TDB,0.9664541482925415,206.38986206054688
2026-01-01,PT_Transference Focused Psychotherapy,Transference Focused Psychotherapy,PT,TDB,1.17174232006073,11.475848197937012
2026-01-01,PT_Trauma Focused Cbt,Trauma Focused Cbt,PT,TDB,0.5921214818954468,2.842298984527588
2026-01-01,PT_Vagus Nerve Stimulation,Vagus Nerve Stimulation,PT,TDB,1.1640268564224243,18.038610458374023
2026-01-01,PT_Virtual Reality Exposure Therapy,Virtual Reality Exposure Therapy,PT,TDB,0.9192441701889038,7.852062225341797
2026-01-01,PT_Vocal And Speech Biomarkers,Vocal And Speech Biomarkers,PT,TDB,-0.007840462028980255,0.0
2026-01-01,PT_Voxel Based Lesion Symptom Mapping,Voxel Based Lesion Symptom Mapping,PT,TDB,0.48449885845184326,0.9338020086288452
2026-02-01,RMD_Anorexia Nervosa,Anorexia Nervosa,RMD,TDB,1.9343974590301514,392.62982177734375
2026-02-01,RMD_Antisocial Personality Disorder,Antisocial Personality Disorder,RMD,TDB,1.2247565984725952,47.52048873901367
2026-02-01,RMD_Autosarcophagy,Autosarcophagy,RMD,TDB,0.6204854249954224,0.8598306179046631
2026-02-01,RMD_Avoidant Personality Disorder,Avoidant Personality Disorder,RMD,TDB,1.6073328256607056,17.832332611083984
2026-02-01,RMD_Boanthropy,Boanthropy,RMD,TDB,0.8363559246063232,2.449197292327881
2026-02-01,RMD_Body Integrity Dysphoria,Body Integrity Dysphoria,RMD,TDB,1.7386674880981445,33.802818298339844
2026-02-01,RMD_Brief Psychotic Disorder,Brief Psychotic Disorder,RMD,TDB,1.1859017610549927,2.384826898574829
2026-02-01,RMD_Capgras Syndrome,Capgras Syndrome,RMD,TDB,1.58305025100708,24.95915985107422
2026-02-01,RMD_Childhood Disintegrative Disorder,Childhood Disintegrative Disorder,RMD,TDB,1.7044118642807007,33.666656494140625
2026-02-01,RMD_Chronic Traumatic Encephalopathy,Chronic Traumatic Encephalopathy,RMD,TDB,2.088362693786621,473.54925537109375
2026-02-01,RMD_Circadian Rhythm Sleep Wake Disorder,Circadian Rhythm Sleep Wake Disorder,RMD,TDB,1.2176566123962402,2.7176966667175293
2026-02-01,RMD_Cotard Syndrome,Cotard Syndrome,RMD,TDB,1.547635555267334,5.404314994812012
2026-02-01,RMD_Cyclothymic Disorder,Cyclothymic Disorder,RMD,TDB,2.0082461833953857,257.9171447753906
2026-02-01,RMD_Delusional Disorder,Delusional Disorder,RMD,TDB,0.512519121170044,1.483795404434204
2026-02-01,RMD_Diogenes Syndrome,Diogenes Syndrome,RMD,TDB,1.722902774810791,4.6616106033325195
2026-02-01,RMD_Disinhibited Social Engagement Disorder,Disinhibited Social Engagement Disorder,RMD,TDB,1.1054130792617798,4.802416801452637
2026-02-01,RMD_Dissociative Amnesia,Dissociative Amnesia,RMD,TDB,1.6090211868286133,6.075066566467285
2026-02-01,RMD_Dissociative Fugue,Dissociative Fugue,RMD,TDB,1.966750979423523,43.658348083496094
2026-02-01,RMD_Ekbom Syndrome,Ekbom Syndrome,RMD,TDB,1.530179500579834,48.69273376464844
2026-02-01,RMD_Erotomania,Erotomania,RMD,TDB,1.9900002479553223,91.24947357177734
2026-02-01,RMD_Factitious Disorder,Factitious Disorder,RMD,TDB,2.1087942123413086,302.072509765625
2026-02-01,RMD_Fregoli Delusion,Fregoli Delusion,RMD,TDB,0.9483777284622192,1.581518292427063
2026-02-01,RMD_Ganser Syndrome,Ganser Syndrome,RMD,TDB,2.3636653423309326,14.5308837890625
2026-02-01,RMD_Hallucinogen Persisting Perception Disorder,Hallucinogen Persisting Perception Disorder,RMD,TDB,2.11350679397583,169.72348022460938
2026-02-01,RMD_Histrionic Personality Disorder,Histrionic Personality Disorder,RMD,TDB,1.3166388273239136,17.87425422668457
2026-02-01,RMD_Hypergraphia,Hypergraphia,RMD,TDB,1.0722100734710693,5.355653285980225
2026-02-01,RMD_Hyperthymesia,Hyperthymesia,RMD,TDB,2.0002434253692627,83.3116226196289
2026-02-01,RMD_Impulse Control Disorders,Impulse Control Disorders,RMD,TDB,1.3409110307693481,70.01165771484375
2026-02-01,RMD_Intermetamorphosis Syndrome,Intermetamorphosis Syndrome,RMD,TDB,-0.005969916936010122,0.0
2026-02-01,RMD_Kleine Levin Syndrome,Kleine Levin Syndrome,RMD,TDB,1.411527395248413,16.828304290771484
2026-02-01,RMD_Kleptomania,Kleptomania,RMD,TDB,2.338383436203003,40.29759216308594
2026-02-01,RMD_Koro,Koro,RMD,TDB,1.0414105653762817,3.3575308322906494
2026-02-01,RMD_Landau Kleffner Syndrome,Landau Kleffner Syndrome,RMD,TDB,1.6832441091537476,10.951766014099121
2026-02-01,RMD_Narcissistic Personality Disorder,Narcissistic Personality Disorder,RMD,TDB,2.0458266735076904,396.9527893066406
2026-02-01,RMD_Olfactory Reference Syndrome,Olfactory Reference Syndrome,RMD,TDB,1.5821471214294434,93.90274810791016
2026-02-01,RMD_Othello Syndrome,Othello Syndrome,RMD,TDB,1.4479328393936157,18.540451049804688
2026-02-01,RMD_Palilalia,Palilalia,RMD,TDB,0.8118599057197571,2.5025250911712646
2026-02-01,RMD_Postpartum Psychosis,Postpartum Psychosis,RMD,TDB,2.3359580039978027,34.93354415893555
2026-02-01,RMD_Pyromania,Pyromania,RMD,TDB,1.809018850326538,48.723026275634766
2026-02-01,RMD_Reactive Attachment Disorder,Reactive Attachment Disorder,RMD,TDB,2.279764175415039,180.4241485595703
2026-02-01,RMD_Reduplicative Paramnesia,Reduplicative Paramnesia,RMD,TDB,1.3008527755737305,2.672427177429199
2026-02-01,RMD_Rumination Disorder,Rumination Disorder,RMD,TDB,1.8683171272277832,86.54576873779297
2026-02-01,RMD_Savant Syndrome,Savant Syndrome,RMD,TDB,1.2439101934432983,19.321897506713867
2026-02-01,RMD_Schizoaffective Disorder,Schizoaffective Disorder,RMD,TDB,1.5535023212432861,92.18590545654297
2026-02-01,RMD_Schizotypal Personality Disorder,Schizotypal Personality Disorder,RMD,TDB,2.0534133911132812,258.4779968261719
2026-02-01,RMD_Selective Mutism,Selective Mutism,RMD,TDB,2.7349061965942383,58.42694854736328
2026-02-01,RMD_Stendhal Syndrome,Stendhal Syndrome,RMD,TDB,0.9631714820861816,3.8130123615264893
2026-02-01,RMD_Wendigo Psychosis,Wendigo Psychosis,RMD,TDB,0.6394295692443848,1.241882562637329
2026-02-01,PT_Acceptance And Commitment Therapy,Acceptance And Commitment Therapy,PT,TDB,1.0376689434051514,41.39105224609375
2026-02-01,PT_Animal Assisted Therapy,Animal Assisted Therapy,PT,TDB,1.383549690246582,9.313396453857422
2026-02-01,PT_Anticonvulsant Therapy,Anticonvulsant Therapy,PT,TDB,0.4136503040790558,2.8486123085021973
2026-02-01,PT_Antidepressants,Antidepressants,PT,TDB,0.9342678189277649,139.885498046875
2026-02-01,PT_Antipsychotic Medications,Antipsychotic Medications,PT,TDB,-0.009742287918925285,0.0
2026-02-01,PT_Anxiolytic Medications,Anxiolytic Medications,PT,TDB,0.8987243175506592,81.75630950927734
2026-02-01,PT_Art Therapy,Art Therapy,PT,TDB,0.4290026128292084,3.4229624271392822
2026-02-01,PT_Augmentative Communication Devices,Augmentative Communication Devices,PT,TDB,0.3276418149471283,0.5749256014823914
2026-02-01,PT_Behavioral Activation Therapy,Behavioral Activation Therapy,PT,TDB,0.5363577604293823,2.064936876296997
2026-02-01,PT_Biofeedback Devices,Biofeedback Devices,PT,TDB,0.5861241817474365,0.8960533738136292
2026-02-01,PT_Blockchain For Data Protection,Blockchain For Data Protection,PT,TDB,-0.009325321763753891,0.0
2026-02-01,PT_Brain Computer Interface,Brain Computer Interface,PT,TDB,0.8996725082397461,66.62100982666016
2026-02-01,PT_Cbt For Insomnia,Cbt For Insomnia,PT,TDB,1.5692046880722046,3.8028268814086914
2026-02-01,PT_Chronotherapy,Chronotherapy,PT,TDB,1.0729517936706543,2.7789103984832764
2026-02-01,PT_Closed Loop Neurostimulation,Closed Loop Neurostimulation,PT,TDB,1.2585828304290771,35.05015182495117
2026-02-01,PT_Clozapine Protocol,Clozapine Protocol,PT,TDB,-0.009805558249354362,0.0
2026-02-01,PT_Cognitive Assistive Technologies,Cognitive Assistive Technologies,PT,TDB,0.042821004986763,0.043751053512096405
2026-02-01,PT_Cognitive Behavioral Therapy,Cognitive Behavioral Therapy,PT,TDB,0.9328275322914124,149.0909423828125
2026-02-01,PT_Cognitive Enhancement Programs,Cognitive Enhancement Programs,PT,TDB,0.09935913234949112,0.22410206496715546
2026-02-01,PT_Cultural Psychiatry Interventions,Cultural Psychiatry Interventions,PT,TDB,0.19196970760822296,0.2116338163614273
2026-02-01,PT_Deep Brain Stimulation,Deep Brain Stimulation,PT,TDB,0.915196418762207,13.801671028137207
2026-02-01,PT_Dialectical Behavior Therapy,Dialectical Behavior Therapy,PT,TDB,1.0122921466827393,31.187543869018555
2026-02-01,PT_Dietary Interventions And Supplements,Dietary Interventions And Supplements,PT,TDB,0.14746223390102386,0.1588895171880722
2026-02-01,PT_Digital Health Tools,Digital Health Tools,PT,TDB,0.7575787901878357,44.755558013916016
2026-02-01,PT_Digital Imaging Technologies For Brain Scanning,Digital Imaging Technologies For Brain Scanning,PT,TDB,0.03719063848257065,0.06285612285137177
2026-02-01,PT_Digital Phenotyping,Digital Phenotyping,PT,TDB,1.3861346244812012,18.995647430419922
2026-02-01,PT_Digital Therapeutics,Digital Therapeutics,PT,TDB,-0.01003250852227211,0.0
2026-02-01,PT_Electroconvulsive Therapy,Electroconvulsive Therapy,PT,TDB,-0.010145846754312515,0.0
2026-02-01,PT_Electroencephalography,Electroencephalography,PT,TDB,0.8453225493431091,184.7793731689453
2026-02-01,PT_Emdr Therapy,Emdr Therapy,PT,TDB,1.0253502130508423,30.712678909301758
2026-02-01,PT_Emotion Regulation Training,Emotion Regulation Training,PT,TDB,0.6525613069534302,2.062649965286255
2026-02-01,PT_Expressive Writing And Journaling,Expressive Writing And Journaling,PT,TDB,0.14071395993232727,0.15109534561634064
2026-02-01,PT_Fecal Microbiota Transplant,Fecal Microbiota Transplant,PT,TDB,-0.009881770238280296,0.0
2026-02-01,PT_Focused Ultrasound Therapy,Focused Ultrasound Therapy,PT,TDB,0.4352131485939026,1.037949562072754
2026-02-01,PT_Hypnotherapy,Hypnotherapy,PT,TDB,1.1474946737289429,28.463613510131836
2026-02-01,PT_Immunotherapy For Neuropsychiatric Disorders,Immunotherapy For Neuropsychiatric Disorders,PT,TDB,1.0837316513061523,21.928653717041016
2026-02-01,PT_Interpersonal Psychotherapy,Interpersonal Psychotherapy,PT,TDB,0.6259430050849915,4.232625484466553
2026-02-01,PT_Ketamine Therapy,Ketamine Therapy,PT,TDB,1.2266730070114136,26.066143035888672
2026-02-01,PT_Light Therapy,Light Therapy,PT,TDB,1.0958021879196167,18.240049362182617
2026-02-01,PT_Lithium Therapy,Lithium Therapy,PT,TDB,0.07795847952365875,0.08942076563835144
2026-02-01,PT_Machine Learning Neuroimaging,Machine Learning Neuroimaging,PT,TDB,2.1324472427368164,10.429367065429688
2026-02-01,PT_Meditation And Relaxation Techniques,Meditation And Relaxation Techniques,PT,TDB,0.34129780530929565,0.942808985710144
2026-02-01,PT_Memory Retrieval Techniques,Memory Retrieval Techniques,PT,TDB,-0.004442128818482161,0.0
2026-02-01,PT_Mentalization Based Treatment,Mentalization Based Treatment,PT,TDB,1.0366705656051636,9.224308013916016
2026-02-01,PT_Metabolic And Enzyme Targeted Therapy,Metabolic And Enzyme Targeted Therapy,PT,TDB,0.4417262673377991,0.8447847962379456
2026-02-01,PT_Metaverse,Metaverse,PT,TDB,-0.010550413280725479,0.0
2026-02-01,PT_Mindfulness Based Stress Reduction,Mindfulness Based Stress Reduction,PT,TDB,0.9039108753204346,27.20435333251953
2026-02-01,PT_Mood Stabilizers,Mood Stabilizers,PT,TDB,1.0139795541763306,48.69362258911133
2026-02-01,PT_Motivational Interviewing,Motivational Interviewing,PT,TDB,1.1638505458831787,71.5201187133789
2026-02-01,PT_Music Therapy,Music Therapy,PT,TDB,0.9006644487380981,13.852225303649902
2026-02-01,PT_Naltrexone,Naltrexone,PT,TDB,1.3055157661437988,27.462339401245117
2026-02-01,PT_Narrative Exposure Therapy,Narrative Exposure Therapy,PT,TDB,0.8696008324623108,29.02104377746582
2026-02-01,PT_Neurobiological Assessments For Mental Disorders,Neurobiological Assessments For Mental Disorders,PT,TDB,0.17606887221336365,0.19252018630504608
2026-02-01,PT_Neurocognitive Training,Neurocognitive Training,PT,TDB,0.7841987609863281,1.4364116191864014
2026-02-01,PT_Neurofeedback Systems,Neurofeedback Systems,PT,TDB,0.3370189070701599,0.4007655382156372
2026-02-01,PT_Neuromodulation Techniques,Neuromodulation Techniques,PT,TDB,0.7351853251457214,12.112011909484863
2026-02-01,PT_Neuroplasticity Techniques,Neuroplasticity Techniques,PT,TDB,0.03864927962422371,0.08368679136037827
2026-02-01,PT_Neuroprotective Agents,Neuroprotective Agents,PT,TDB,1.0345380306243896,29.064579010009766
2026-02-01,PT_Occupational Therapy,Occupational Therapy,PT,TDB,1.1176936626434326,76.67517852783203
2026-02-01,PT_Oxytocin Therapy,Oxytocin Therapy,PT,TDB,1.023576259613037,1.783130168914795
2026-02-01,PT_Personalized Medicine,Personalized Medicine,PT,TDB,0.9158729314804077,312.5352783203125
2026-02-01,PT_Pharmacogenomic Testing,Pharmacogenomic Testing,PT,TDB,1.5441104173660278,16.54217529296875
2026-02-01,PT_Privacy Preserving Ai In Digital Mental Health,Privacy Preserving AI In Digital Mental Health,PT,TDB,-0.009967269375920296,0.0
2026-02-01,PT_Prolonged Exposure Therapy,Prolonged Exposure Therapy,PT,TDB,0.033723484724760056,0.07100246846675873
2026-02-01,PT_Psilocybin Assisted Therapy,Psilocybin Assisted Therapy,PT,TDB,-0.011008447036147118,0.0
2026-02-01,PT_Psychoeducation Programs,Psychoeducation Programs,PT,TDB,0.4508821368217468,1.0661083459854126
2026-02-01,PT_Psychophysiological Metrics For Treatment Response,Psychophysiological Metrics For Treatment Response,PT,TDB,0.27417629957199097,0.47461721301078796
2026-02-01,PT_Reality Testing Techniques,Reality Testing Techniques,PT,TDB,-0.009124986827373505,0.0
2026-02-01,PT_Regenerative Medicine Approaches,Regenerative Medicine Approaches,PT,TDB,0.6319642066955566,17.045045852661133
2026-02-01,PT_Resting State Fmri,Resting State FMRI,PT,TDB,0.7577256560325623,26.852510452270508
2026-02-01,PT_Schema Therapy,Schema Therapy,PT,TDB,1.3783901929855347,2.968508005142212
2026-02-01,PT_Secure Data Storage For Patient Records,Secure Data Storage For Patient Records,PT,TDB,0.027645548805594444,0.028031233698129654
2026-02-01,PT_Selective Serotonin Reuptake Inhibitors,Selective Serotonin Reuptake Inhibitors,PT,TDB,0.9853465557098389,70.22608947753906
2026-02-01,PT_Sleep Pattern Monitoring And Manipulation,Sleep Pattern Monitoring And Manipulation,PT,TDB,-0.009163295850157738,0.0
2026-02-01,PT_Smart Wearable Mental Health Trackers,Smart Wearable Mental Health Trackers,PT,TDB,-0.008816437795758247,0.0
2026-02-01,PT_Social Skills Training,Social Skills Training,PT,TDB,1.087479829788208,26.408599853515625
2026-02-01,PT_Speech Language Therapy,Speech Language Therapy,PT,TDB,0.5568082332611084,1.0477499961853027
2026-02-01,PT_Stem Cell Therapy For Neurological Disorders,Stem Cell Therapy For Neurological Disorders,PT,TDB,0.3800622820854187,1.9605563879013062
2026-02-01,PT_Stimulant And Wake Promoting Agents,Stimulant And Wake Promoting Agents,PT,TDB,1.2149821519851685,43.12033462524414
2026-02-01,PT_Traditional And Alternative Medicine Approaches,Traditional And Alternative Medicine Approaches,PT,TDB,0.5907534956932068,8.071470260620117
2026-02-01,PT_Transcranial Direct Current Stimulation,Transcranial Direct Current Stimulation,PT,TDB,0.8901594877243042,43.45444869995117
2026-02-01,PT_Transcranial Magnetic Stimulation,Transcranial Magnetic Stimulation,PT,TDB,0.9598159790039062,198.92840576171875
2026-02-01,PT_Transference Focused Psychotherapy,Transference Focused Psychotherapy,PT,TDB,1.1567295789718628,11.078887939453125
2026-02-01,PT_Trauma Focused Cbt,Trauma Focused Cbt,PT,TDB,0.5875477194786072,2.802555561065674
2026-02-01,PT_Vagus Nerve Stimulation,Vagus Nerve Stimulation,PT,TDB,1.1491224765777588,17.33371925354004
2026-02-01,PT_Virtual Reality Exposure Therapy,Virtual Reality Exposure Therapy,PT,TDB,0.9083306193351746,7.625829219818115
2026-02-01,PT_Vocal And Speech Biomarkers,Vocal And Speech Biomarkers,PT,TDB,-0.011065211147069931,0.0
2026-02-01,PT_Voxel Based Lesion Symptom Mapping,Voxel Based Lesion Symptom Mapping,PT,TDB,0.48124274611473083,0.925250232219696
2026-03-01,RMD_Anorexia Nervosa,Anorexia Nervosa,RMD,TDB,1.9274613857269287,384.2857360839844
2026-03-01,RMD_Antisocial Personality Disorder,Antisocial Personality Disorder,RMD,TDB,1.219665288925171,46.743778228759766
2026-03-01,RMD_Autosarcophagy,Autosarcophagy,RMD,TDB,0.6163820028305054,0.8522145748138428
2026-03-01,RMD_Avoidant Personality Disorder,Avoidant Personality Disorder,RMD,TDB,1.599779725074768,17.574331283569336
2026-03-01,RMD_Boanthropy,Boanthropy,RMD,TDB,0.8305248022079468,2.4195504188537598
2026-03-01,RMD_Body Integrity Dysphoria,Body Integrity Dysphoria,RMD,TDB,1.7337441444396973,33.454750061035156
2026-03-01,RMD_Brief Psychotic Disorder,Brief Psychotic Disorder,RMD,TDB,1.1835473775863647,2.376643419265747
2026-03-01,RMD_Capgras Syndrome,Capgras Syndrome,RMD,TDB,1.5787239074707031,24.729150772094727
2026-03-01,RMD_Childhood Disintegrative Disorder,Childhood Disintegrative Disorder,RMD,TDB,1.6990922689437866,33.285133361816406
2026-03-01,RMD_Chronic Traumatic Encephalopathy,Chronic Traumatic Encephalopathy,RMD,TDB,2.081146717071533,463.5514221191406
2026-03-01,RMD_Circadian Rhythm Sleep Wake Disorder,Circadian Rhythm Sleep Wake Disorder,RMD,TDB,1.2155094146728516,2.7090981006622314
2026-03-01,RMD_Cotard Syndrome,Cotard Syndrome,RMD,TDB,1.5430821180343628,5.369419574737549
2026-03-01,RMD_Cyclothymic Disorder,Cyclothymic Disorder,RMD,TDB,2.0012030601501465,252.9204864501953
2026-03-01,RMD_Delusional Disorder,Delusional Disorder,RMD,TDB,0.5162492990493774,1.5002964735031128
2026-03-01,RMD_Diogenes Syndrome,Diogenes Syndrome,RMD,TDB,1.717560052871704,4.631254196166992
2026-03-01,RMD_Disinhibited Social Engagement Disorder,Disinhibited Social Engagement Disorder,RMD,TDB,1.1010193824768066,4.762007236480713
2026-03-01,RMD_Dissociative Amnesia,Dissociative Amnesia,RMD,TDB,1.6050454378128052,6.0409440994262695
2026-03-01,RMD_Dissociative Fugue,Dissociative Fugue,RMD,TDB,1.958086609840393,42.91715621948242
2026-03-01,RMD_Ekbom Syndrome,Ekbom Syndrome,RMD,TDB,1.525768756866455,48.13640213012695
2026-03-01,RMD_Erotomania,Erotomania,RMD,TDB,1.9816076755523682,89.50588989257812
2026-03-01,RMD_Factitious Disorder,Factitious Disorder,RMD,TDB,2.1007046699523926,295.5016784667969
2026-03-01,RMD_Fregoli Delusion,Fregoli Delusion,RMD,TDB,0.9456208348274231,1.574411153793335
2026-03-01,RMD_Ganser Syndrome,Ganser Syndrome,RMD,TDB,2.3531744480133057,14.342962265014648
2026-03-01,RMD_Hallucinogen Persisting Perception Disorder,Hallucinogen Persisting Perception Disorder,RMD,TDB,2.1053895950317383,166.38626098632812
2026-03-01,RMD_Histrionic Personality Disorder,Histrionic Personality Disorder,RMD,TDB,1.3112459182739258,17.648500442504883
2026-03-01,RMD_Hypergraphia,Hypergraphia,RMD,TDB,1.0669975280761719,5.298768997192383
2026-03-01,RMD_Hyperthymesia,Hyperthymesia,RMD,TDB,1.9925649166107178,81.8885269165039
2026-03-01,RMD_Impulse Control Disorders,Impulse Control Disorders,RMD,TDB,1.3388311862945557,69.54369354248047
2026-03-01,RMD_Intermetamorphosis Syndrome,Intermetamorphosis Syndrome,RMD,TDB,-0.00561917619779706,0.0
2026-03-01,RMD_Kleine Levin Syndrome,Kleine Levin Syndrome,RMD,TDB,1.4080924987792969,16.703758239746094
2026-03-01,RMD_Kleptomania,Kleptomania,RMD,TDB,2.330784797668457,39.801273345947266
2026-03-01,RMD_Koro,Koro,RMD,TDB,1.0419503450393677,3.360856294631958
2026-03-01,RMD_Landau Kleffner Syndrome,Landau Kleffner Syndrome,RMD,TDB,1.678706407546997,10.872100830078125
2026-03-01,RMD_Narcissistic Personality Disorder,Narcissistic Personality Disorder,RMD,TDB,2.038771152496338,388.82122802734375
2026-03-01,RMD_Olfactory Reference Syndrome,Olfactory Reference Syndrome,RMD,TDB,1.578688144683838,92.9627685546875
2026-03-01,RMD_Othello Syndrome,Othello Syndrome,RMD,TDB,1.4438819885253906,18.37862205505371
2026-03-01,RMD_Palilalia,Palilalia,RMD,TDB,0.806572675704956,2.4740490913391113
2026-03-01,RMD_Postpartum Psychosis,Postpartum Psychosis,RMD,TDB,2.329310894012451,34.56917953491211
2026-03-01,RMD_Pyromania,Pyromania,RMD,TDB,1.8046164512634277,48.2525634765625
2026-03-01,RMD_Reactive Attachment Disorder,Reactive Attachment Disorder,RMD,TDB,2.2722198963165283,177.328369140625
2026-03-01,RMD_Reduplicative Paramnesia,Reduplicative Paramnesia,RMD,TDB,1.2983051538467407,2.663083076477051
2026-03-01,RMD_Rumination Disorder,Rumination Disorder,RMD,TDB,1.8642146587371826,85.6902847290039
2026-03-01,RMD_Savant Syndrome,Savant Syndrome,RMD,TDB,1.2358193397521973,18.92768096923828
2026-03-01,RMD_Schizoaffective Disorder,Schizoaffective Disorder,RMD,TDB,1.5507500171661377,91.44026947021484
2026-03-01,RMD_Schizotypal Personality Disorder,Schizotypal Personality Disorder,RMD,TDB,2.047530174255371,254.37820434570312
2026-03-01,RMD_Selective Mutism,Selective Mutism,RMD,TDB,2.7257511615753174,57.61991500854492
2026-03-01,RMD_Stendhal Syndrome,Stendhal Syndrome,RMD,TDB,0.9581244587898254,3.773545742034912
2026-03-01,RMD_Wendigo Psychosis,Wendigo Psychosis,RMD,TDB,0.6364715695381165,1.2335255146026611
2026-03-01,PT_Acceptance And Commitment Therapy,Acceptance And Commitment Therapy,PT,TDB,1.033911108970642,40.81971740722656
2026-03-01,PT_Animal Assisted Therapy,Animal Assisted Therapy,PT,TDB,1.3730982542037964,9.133194923400879
2026-03-01,PT_Anticonvulsant Therapy,Anticonvulsant Therapy,PT,TDB,0.41013988852500916,2.8048453330993652
2026-03-01,PT_Antidepressants,Antidepressants,PT,TDB,0.9312698841094971,137.66629028320312
2026-03-01,PT_Antipsychotic Medications,Antipsychotic Medications,PT,TDB,-0.010890185832977295,0.0
2026-03-01,PT_Anxiolytic Medications,Anxiolytic Medications,PT,TDB,0.8963204026222229,80.78456115722656
2026-03-01,PT_Art Therapy,Art Therapy,PT,TDB,0.42580243945121765,3.3741791248321533
2026-03-01,PT_Augmentative Communication Devices,Augmentative Communication Devices,PT,TDB,0.3252083659172058,0.5696215033531189
2026-03-01,PT_Behavioral Activation Therapy,Behavioral Activation Therapy,PT,TDB,0.5348153710365295,2.0550811290740967
2026-03-01,PT_Biofeedback Devices,Biofeedback Devices,PT,TDB,0.5823163390159607,0.8881889581680298
2026-03-01,PT_Blockchain For Data Protection,Blockchain For Data Protection,PT,TDB,-0.010561738163232803,0.0
2026-03-01,PT_Brain Computer Interface,Brain Computer Interface,PT,TDB,0.898594319820404,66.28040313720703
2026-03-01,PT_Cbt For Insomnia,Cbt For Insomnia,PT,TDB,1.5598944425582886,3.7583189010620117
2026-03-01,PT_Chronotherapy,Chronotherapy,PT,TDB,1.0676347017288208,2.754096269607544
2026-03-01,PT_Closed Loop Neurostimulation,Closed Loop Neurostimulation,PT,TDB,1.2521895170211792,34.39960479736328
2026-03-01,PT_Clozapine Protocol,Clozapine Protocol,PT,TDB,-0.011006876826286316,0.0
2026-03-01,PT_Cognitive Assistive Technologies,Cognitive Assistive Technologies,PT,TDB,0.04132086783647537,0.04218645766377449
2026-03-01,PT_Cognitive Behavioral Therapy,Cognitive Behavioral Therapy,PT,TDB,0.9311277270317078,147.7266387939453
2026-03-01,PT_Cognitive Enhancement Programs,Cognitive Enhancement Programs,PT,TDB,0.0965803861618042,0.2171992063522339
2026-03-01,PT_Cultural Psychiatry Interventions,Cultural Psychiatry Interventions,PT,TDB,0.18869493901729584,0.20767247676849365
2026-03-01,PT_Deep Brain Stimulation,Deep Brain Stimulation,PT,TDB,0.9108499884605408,13.613448143005371
2026-03-01,PT_Dialectical Behavior Therapy,Dialectical Behavior Therapy,PT,TDB,1.0091865062713623,30.846546173095703
2026-03-01,PT_Dietary Interventions And Supplements,Dietary Interventions And Supplements,PT,TDB,0.14663733541965485,0.15793395042419434
2026-03-01,PT_Digital Health Tools,Digital Health Tools,PT,TDB,0.7565705180168152,44.5233268737793
2026-03-01,PT_Digital Imaging Technologies For Brain Scanning,Digital Imaging Technologies For Brain Scanning,PT,TDB,0.038911014795303345,0.06585749983787537
2026-03-01,PT_Digital Phenotyping,Digital Phenotyping,PT,TDB,1.3807543516159058,18.764501571655273
2026-03-01,PT_Digital Therapeutics,Digital Therapeutics,PT,TDB,-0.011030510067939758,0.0
2026-03-01,PT_Electroconvulsive Therapy,Electroconvulsive Therapy,PT,TDB,-0.011147677898406982,0.0
2026-03-01,PT_Electroencephalography,Electroencephalography,PT,TDB,0.8442373275756836,183.5373992919922
2026-03-01,PT_Emdr Therapy,Emdr Therapy,PT,TDB,1.02248215675354,30.40752410888672
2026-03-01,PT_Emotion Regulation Training,Emotion Regulation Training,PT,TDB,0.6502619385719299,2.0505950450897217
2026-03-01,PT_Expressive Writing And Journaling,Expressive Writing And Journaling,PT,TDB,0.14162808656692505,0.1521480679512024
2026-03-01,PT_Fecal Microbiota Transplant,Fecal Microbiota Transplant,PT,TDB,-0.010957267135381699,0.0
2026-03-01,PT_Focused Ultrasound Therapy,Focused Ultrasound Therapy,PT,TDB,0.4312734305858612,1.0248576402664185
2026-03-01,PT_Hypnotherapy,Hypnotherapy,PT,TDB,1.14103364944458,27.907669067382812
2026-03-01,PT_Immunotherapy For Neuropsychiatric Disorders,Immunotherapy For Neuropsychiatric Disorders,PT,TDB,1.0777117013931274,21.533151626586914
2026-03-01,PT_Interpersonal Psychotherapy,Interpersonal Psychotherapy,PT,TDB,0.6242860555648804,4.209753036499023
2026-03-01,PT_Ketamine Therapy,Ketamine Therapy,PT,TDB,1.218833327293396,25.501571655273438
2026-03-01,PT_Light Therapy,Light Therapy,PT,TDB,1.0889214277267456,17.886106491088867
2026-03-01,PT_Lithium Therapy,Lithium Therapy,PT,TDB,0.07638093829154968,0.08753431588411331
2026-03-01,PT_Machine Learning Neuroimaging,Machine Learning Neuroimaging,PT,TDB,2.1209559440612793,10.280302047729492
2026-03-01,PT_Meditation And Relaxation Techniques,Meditation And Relaxation Techniques,PT,TDB,0.34183061122894287,0.9448243975639343
2026-03-01,PT_Memory Retrieval Techniques,Memory Retrieval Techniques,PT,TDB,-0.005580106284469366,0.0
2026-03-01,PT_Mentalization Based Treatment,Mentalization Based Treatment,PT,TDB,1.0271921157836914,9.009276390075684
2026-03-01,PT_Metabolic And Enzyme Targeted Therapy,Metabolic And Enzyme Targeted Therapy,PT,TDB,0.4378404915332794,0.8348739743232727
2026-03-01,PT_Metaverse,Metaverse,PT,TDB,-0.011744476854801178,0.0
2026-03-01,PT_Mindfulness Based Stress Reduction,Mindfulness Based Stress Reduction,PT,TDB,0.9025507569313049,27.062984466552734
2026-03-01,PT_Mood Stabilizers,Mood Stabilizers,PT,TDB,1.0109435319900513,48.115848541259766
2026-03-01,PT_Motivational Interviewing,Motivational Interviewing,PT,TDB,1.158951759338379,70.2242202758789
2026-03-01,PT_Music Therapy,Music Therapy,PT,TDB,0.8944182395935059,13.57689380645752
2026-03-01,PT_Naltrexone,Naltrexone,PT,TDB,1.295722484588623,26.756290435791016
2026-03-01,PT_Narrative Exposure Therapy,Narrative Exposure Therapy,PT,TDB,0.864920973777771,28.476421356201172
2026-03-01,PT_Neurobiological Assessments For Mental Disorders,Neurobiological Assessments For Mental Disorders,PT,TDB,0.17460289597511292,0.19077326357364655
2026-03-01,PT_Neurocognitive Training,Neurocognitive Training,PT,TDB,0.7804898023605347,1.4261714220046997
2026-03-01,PT_Neurofeedback Systems,Neurofeedback Systems,PT,TDB,0.33453425765037537,0.3972894549369812
2026-03-01,PT_Neuromodulation Techniques,Neuromodulation Techniques,PT,TDB,0.7344804406166077,12.079696655273438
2026-03-01,PT_Neuroplasticity Techniques,Neuroplasticity Techniques,PT,TDB,0.040036413818597794,0.08681715279817581
2026-03-01,PT_Neuroprotective Agents,Neuroprotective Agents,PT,TDB,1.0310852527618408,28.72501564025879
2026-03-01,PT_Occupational Therapy,Occupational Therapy,PT,TDB,1.1127595901489258,75.19696044921875
2026-03-01,PT_Oxytocin Therapy,Oxytocin Therapy,PT,TDB,1.0169812440872192,1.7648358345031738
2026-03-01,PT_Personalized Medicine,Personalized Medicine,PT,TDB,0.9142773151397705,309.41119384765625
2026-03-01,PT_Pharmacogenomic Testing,Pharmacogenomic Testing,PT,TDB,1.5361865758895874,16.286190032958984
2026-03-01,PT_Privacy Preserving Ai In Digital Mental Health,Privacy Preserving AI In Digital Mental Health,PT,TDB,-0.011002326384186745,0.0
2026-03-01,PT_Prolonged Exposure Therapy,Prolonged Exposure Therapy,PT,TDB,0.032074518501758575,0.06741626560688019
2026-03-01,PT_Psilocybin Assisted Therapy,Psilocybin Assisted Therapy,PT,TDB,-0.012128563597798347,0.0
2026-03-01,PT_Psychoeducation Programs,Psychoeducation Programs,PT,TDB,0.44730255007743835,1.0542393922805786
2026-03-01,PT_Psychophysiological Metrics For Treatment Response,Psychophysiological Metrics For Treatment Response,PT,TDB,0.275112509727478,0.476574182510376
2026-03-01,PT_Reality Testing Techniques,Reality Testing Techniques,PT,TDB,-0.01025369018316269,0.0
2026-03-01,PT_Regenerative Medicine Approaches,Regenerative Medicine Approaches,PT,TDB,0.6325757503509521,17.095632553100586
2026-03-01,PT_Resting State Fmri,Resting State FMRI,PT,TDB,0.7575562596321106,26.831806182861328
2026-03-01,PT_Schema Therapy,Schema Therapy,PT,TDB,1.3726942539215088,2.94596791267395
2026-03-01,PT_Secure Data Storage For Patient Records,Secure Data Storage For Patient Records,PT,TDB,0.02717331051826477,0.027545873075723648
2026-03-01,PT_Selective Serotonin Reuptake Inhibitors,Selective Serotonin Reuptake Inhibitors,PT,TDB,0.9821776747703552,69.25559997558594
2026-03-01,PT_Sleep Pattern Monitoring And Manipulation,Sleep Pattern Monitoring And Manipulation,PT,TDB,-0.010361338034272194,0.0
2026-03-01,PT_Smart Wearable Mental Health Trackers,Smart Wearable Mental Health Trackers,PT,TDB,-0.010018657892942429,0.0
2026-03-01,PT_Social Skills Training,Social Skills Training,PT,TDB,1.083754539489746,26.0994930267334
2026-03-01,PT_Speech Language Therapy,Speech Language Therapy,PT,TDB,0.5545774698257446,1.0418782234191895
2026-03-01,PT_Stem Cell Therapy For Neurological Disorders,Stem Cell Therapy For Neurological Disorders,PT,TDB,0.38145411014556885,1.972347378730774
2026-03-01,PT_Stimulant And Wake Promoting Agents,Stimulant And Wake Promoting Agents,PT,TDB,1.210207223892212,42.468563079833984
2026-03-01,PT_Traditional And Alternative Medicine Approaches,Traditional And Alternative Medicine Approaches,PT,TDB,0.5902997255325317,8.056118965148926
2026-03-01,PT_Transcranial Direct Current Stimulation,Transcranial Direct Current Stimulation,PT,TDB,0.8857551217079163,42.62763595581055
2026-03-01,PT_Transcranial Magnetic Stimulation,Transcranial Magnetic Stimulation,PT,TDB,0.9574874043464661,196.37513732910156
2026-03-01,PT_Transference Focused Psychotherapy,Transference Focused Psychotherapy,PT,TDB,1.1508827209472656,10.927725791931152
2026-03-01,PT_Trauma Focused Cbt,Trauma Focused Cbt,PT,TDB,0.5866207480430603,2.794550895690918
2026-03-01,PT_Vagus Nerve Stimulation,Vagus Nerve Stimulation,PT,TDB,1.1433069705963135,17.065814971923828
2026-03-01,PT_Virtual Reality Exposure Therapy,Virtual Reality Exposure Therapy,PT,TDB,0.904369056224823,7.54514741897583
2026-03-01,PT_Vocal And Speech Biomarkers,Vocal And Speech Biomarkers,PT,TDB,-0.011985762044787407,0.0
2026-03-01,PT_Voxel Based Lesion Symptom Mapping,Voxel Based Lesion Symptom Mapping,PT,TDB,0.48077142238616943,0.9240154027938843
2026-04-01,RMD_Anorexia Nervosa,Anorexia Nervosa,RMD,TDB,1.9225313663482666,378.46258544921875
2026-04-01,RMD_Antisocial Personality Disorder,Antisocial Personality Disorder,RMD,TDB,1.215482473373413,46.11498260498047
2026-04-01,RMD_Autosarcophagy,Autosarcophagy,RMD,TDB,0.6129201650619507,0.8458136320114136
2026-04-01,RMD_Avoidant Personality Disorder,Avoidant Personality Disorder,RMD,TDB,1.5927218198776245,17.33643913269043
2026-04-01,RMD_Boanthropy,Boanthropy,RMD,TDB,0.8252575993537903,2.3929898738861084
2026-04-01,RMD_Body Integrity Dysphoria,Body Integrity Dysphoria,RMD,TDB,1.7305738925933838,33.232460021972656
2026-04-01,RMD_Brief Psychotic Disorder,Brief Psychotic Disorder,RMD,TDB,1.1829594373703003,2.374602794647217
2026-04-01,RMD_Capgras Syndrome,Capgras Syndrome,RMD,TDB,1.5762059688568115,24.596227645874023
2026-04-01,RMD_Childhood Disintegrative Disorder,Childhood Disintegrative Disorder,RMD,TDB,1.6956772804260254,33.042423248291016
2026-04-01,RMD_Chronic Traumatic Encephalopathy,Chronic Traumatic Encephalopathy,RMD,TDB,2.076028347015381,456.5878601074219
2026-04-01,RMD_Circadian Rhythm Sleep Wake Disorder,Circadian Rhythm Sleep Wake Disorder,RMD,TDB,1.2151567935943604,2.7076878547668457
2026-04-01,RMD_Cotard Syndrome,Cotard Syndrome,RMD,TDB,1.5402240753173828,5.347614765167236
2026-04-01,RMD_Cyclothymic Disorder,Cyclothymic Disorder,RMD,TDB,1.9962871074676514,249.49009704589844
2026-04-01,RMD_Delusional Disorder,Delusional Disorder,RMD,TDB,0.5214872360229492,1.5236526727676392
2026-04-01,RMD_Diogenes Syndrome,Diogenes Syndrome,RMD,TDB,1.714066982269287,4.611495018005371
2026-04-01,RMD_Disinhibited Social Engagement Disorder,Disinhibited Social Engagement Disorder,RMD,TDB,1.0973961353302002,4.72889518737793
2026-04-01,RMD_Dissociative Amnesia,Dissociative Amnesia,RMD,TDB,1.6029430627822876,6.0229668617248535
2026-04-01,RMD_Dissociative Fugue,Dissociative Fugue,RMD,TDB,1.9515329599380493,42.36469650268555
2026-04-01,RMD_Ekbom Syndrome,Ekbom Syndrome,RMD,TDB,1.5233490467071533,47.83384704589844
2026-04-01,RMD_Erotomania,Erotomania,RMD,TDB,1.9752730131149292,88.21173095703125
2026-04-01,RMD_Factitious Disorder,Factitious Disorder,RMD,TDB,2.094715118408203,290.7285461425781
2026-04-01,RMD_Fregoli Delusion,Fregoli Delusion,RMD,TDB,0.9440736770629883,1.5704312324523926
2026-04-01,RMD_Ganser Syndrome,Ganser Syndrome,RMD,TDB,2.3427822589874268,14.159049034118652
2026-04-01,RMD_Hallucinogen Persisting Perception Disorder,Hallucinogen Persisting Perception Disorder,RMD,TDB,2.099374532699585,163.9554901123047
2026-04-01,RMD_Histrionic Personality Disorder,Histrionic Personality Disorder,RMD,TDB,1.3062889575958252,17.443376541137695
2026-04-01,RMD_Hypergraphia,Hypergraphia,RMD,TDB,1.0622133016586304,5.247005939483643
2026-04-01,RMD_Hyperthymesia,Hyperthymesia,RMD,TDB,1.9869248867034912,80.85853576660156
2026-04-01,RMD_Impulse Control Disorders,Impulse Control Disorders,RMD,TDB,1.3383506536483765,69.43599700927734
2026-04-01,RMD_Intermetamorphosis Syndrome,Intermetamorphosis Syndrome,RMD,TDB,-0.004472190514206886,0.0
2026-04-01,RMD_Kleine Levin Syndrome,Kleine Levin Syndrome,RMD,TDB,1.4064183235168457,16.64337158203125
2026-04-01,RMD_Kleptomania,Kleptomania,RMD,TDB,2.3251047134399414,39.434173583984375
2026-04-01,RMD_Koro,Koro,RMD,TDB,1.0438145399093628,3.372361660003662
2026-04-01,RMD_Landau Kleffner Syndrome,Landau Kleffner Syndrome,RMD,TDB,1.6759448051452637,10.82387638092041
2026-04-01,RMD_Narcissistic Personality Disorder,Narcissistic Personality Disorder,RMD,TDB,2.033693313598633,383.0719909667969
2026-04-01,RMD_Olfactory Reference Syndrome,Olfactory Reference Syndrome,RMD,TDB,1.5768399238586426,92.46438598632812
2026-04-01,RMD_Othello Syndrome,Othello Syndrome,RMD,TDB,1.4414973258972168,18.283985137939453
2026-04-01,RMD_Palilalia,Palilalia,RMD,TDB,0.8014739751815796,2.446807861328125
2026-04-01,RMD_Postpartum Psychosis,Postpartum Psychosis,RMD,TDB,2.324289321899414,34.29636764526367
2026-04-01,RMD_Pyromania,Pyromania,RMD,TDB,1.801560401916504,47.92859649658203
2026-04-01,RMD_Reactive Attachment Disorder,Reactive Attachment Disorder,RMD,TDB,2.2664520740509033,174.99732971191406
2026-04-01,RMD_Reduplicative Paramnesia,Reduplicative Paramnesia,RMD,TDB,1.2971205711364746,2.6587464809417725
2026-04-01,RMD_Rumination Disorder,Rumination Disorder,RMD,TDB,1.8615474700927734,85.13858032226562
2026-04-01,RMD_Savant Syndrome,Savant Syndrome,RMD,TDB,1.227575659751892,18.533884048461914
2026-04-01,RMD_Schizoaffective Disorder,Schizoaffective Disorder,RMD,TDB,1.5494201183319092,91.08211517333984
2026-04-01,RMD_Schizotypal Personality Disorder,Schizotypal Personality Disorder,RMD,TDB,2.0432021617889404,251.40367126464844
2026-04-01,RMD_Selective Mutism,Selective Mutism,RMD,TDB,2.7184560298919678,56.984676361083984
2026-04-01,RMD_Stendhal Syndrome,Stendhal Syndrome,RMD,TDB,0.9531413316726685,3.734896659851074
2026-04-01,RMD_Wendigo Psychosis,Wendigo Psychosis,RMD,TDB,0.6338521838188171,1.2261511087417603
2026-04-01,PT_Acceptance And Commitment Therapy,Acceptance And Commitment Therapy,PT,TDB,1.030336856842041,40.283447265625
2026-04-01,PT_Animal Assisted Therapy,Animal Assisted Therapy,PT,TDB,1.3622791767120361,8.949972152709961
2026-04-01,PT_Anticonvulsant Therapy,Anticonvulsant Therapy,PT,TDB,0.4069289565086365,2.7652480602264404
2026-04-01,PT_Antidepressants,Antidepressants,PT,TDB,0.9285129308700562,135.6562957763672
2026-04-01,PT_Antipsychotic Medications,Antipsychotic Medications,PT,TDB,-0.011748427525162697,0.0
2026-04-01,PT_Anxiolytic Medications,Anxiolytic Medications,PT,TDB,0.894179105758667,79.92858123779297
2026-04-01,PT_Art Therapy,Art Therapy,PT,TDB,0.42286890745162964,3.329932689666748
2026-04-01,PT_Augmentative Communication Devices,Augmentative Communication Devices,PT,TDB,0.3230319321155548,0.5648928284645081
2026-04-01,PT_Behavioral Activation Therapy,Behavioral Activation Therapy,PT,TDB,0.5336570143699646,2.0476999282836914
2026-04-01,PT_Biofeedback Devices,Biofeedback Devices,PT,TDB,0.578734815120697,0.8808217644691467
2026-04-01,PT_Blockchain For Data Protection,Blockchain For Data Protection,PT,TDB,-0.011475378647446632,0.0
2026-04-01,PT_Brain Computer Interface,Brain Computer Interface,PT,TDB,0.8979493975639343,66.07746887207031
2026-04-01,PT_Cbt For Insomnia,Cbt For Insomnia,PT,TDB,1.5500938892364502,3.7119126319885254
2026-04-01,PT_Chronotherapy,Chronotherapy,PT,TDB,1.0623406171798706,2.7295515537261963
2026-04-01,PT_Closed Loop Neurostimulation,Closed Loop Neurostimulation,PT,TDB,1.2456996440887451,33.75123596191406
2026-04-01,PT_Clozapine Protocol,Clozapine Protocol,PT,TDB,-0.01193777285516262,0.0
2026-04-01,PT_Cognitive Assistive Technologies,Cognitive Assistive Technologies,PT,TDB,0.0401335284113884,0.04094976186752319
2026-04-01,PT_Cognitive Behavioral Therapy,Cognitive Behavioral Therapy,PT,TDB,0.929810643196106,146.67799377441406
2026-04-01,PT_Cognitive Enhancement Programs,Cognitive Enhancement Programs,PT,TDB,0.09399338066577911,0.2108076810836792
2026-04-01,PT_Cultural Psychiatry Interventions,Cultural Psychiatry Interventions,PT,TDB,0.18560636043548584,0.2039482444524765
2026-04-01,PT_Deep Brain Stimulation,Deep Brain Stimulation,PT,TDB,0.9065113663673401,13.427949905395508
2026-04-01,PT_Dialectical Behavior Therapy,Dialectical Behavior Therapy,PT,TDB,1.0063310861587524,30.53621482849121
2026-04-01,PT_Dietary Interventions And Supplements,Dietary Interventions And Supplements,PT,TDB,0.14628838002681732,0.15752995014190674
2026-04-01,PT_Digital Health Tools,Digital Health Tools,PT,TDB,0.7560575604438782,44.40563201904297
2026-04-01,PT_Digital Imaging Technologies For Brain Scanning,Digital Imaging Technologies For Brain Scanning,PT,TDB,0.041191861033439636,0.06984973698854446
2026-04-01,PT_Digital Phenotyping,Digital Phenotyping,PT,TDB,1.3754397630691528,18.538801193237305
2026-04-01,PT_Digital Therapeutics,Digital Therapeutics,PT,TDB,-0.011826956644654274,0.0
2026-04-01,PT_Electroconvulsive Therapy,Electroconvulsive Therapy,PT,TDB,-0.011926757171750069,0.0
2026-04-01,PT_Electroencephalography,Electroencephalography,PT,TDB,0.8435628414154053,182.76974487304688
2026-04-01,PT_Emdr Therapy,Emdr Therapy,PT,TDB,1.019856333732605,30.13072395324707
2026-04-01,PT_Emotion Regulation Training,Emotion Regulation Training,PT,TDB,0.6483232378959656,2.0404679775238037
2026-04-01,PT_Expressive Writing And Journaling,Expressive Writing And Journaling,PT,TDB,0.1429620385169983,0.15368600189685822
2026-04-01,PT_Fecal Microbiota Transplant,Fecal Microbiota Transplant,PT,TDB,-0.011739160865545273,0.0
2026-04-01,PT_Focused Ultrasound Therapy,Focused Ultrasound Therapy,PT,TDB,0.4274488389492035,1.0122287273406982
2026-04-01,PT_Hypnotherapy,Hypnotherapy,PT,TDB,1.134409785270691,27.348604202270508
2026-04-01,PT_Immunotherapy For Neuropsychiatric Disorders,Immunotherapy For Neuropsychiatric Disorders,PT,TDB,1.071519136428833,21.1334171295166
2026-04-01,PT_Interpersonal Psychotherapy,Interpersonal Psychotherapy,PT,TDB,0.6229958534240723,4.192012310028076
2026-04-01,PT_Ketamine Therapy,Ketamine Therapy,PT,TDB,1.2107120752334595,24.929147720336914
2026-04-01,PT_Light Therapy,Light Therapy,PT,TDB,1.0818859338760376,17.530933380126953
2026-04-01,PT_Lithium Therapy,Lithium Therapy,PT,TDB,0.07506228238344193,0.08595995604991913
2026-04-01,PT_Machine Learning Neuroimaging,Machine Learning Neuroimaging,PT,TDB,2.1087090969085693,10.123574256896973
2026-04-01,PT_Meditation And Relaxation Techniques,Meditation And Relaxation Techniques,PT,TDB,0.34281569719314575,0.9485559463500977
2026-04-01,PT_Memory Retrieval Techniques,Memory Retrieval Techniques,PT,TDB,-0.006515232380479574,0.0
2026-04-01,PT_Mentalization Based Treatment,Mentalization Based Treatment,PT,TDB,1.0173673629760742,8.79116153717041
2026-04-01,PT_Metabolic And Enzyme Targeted Therapy,Metabolic And Enzyme Targeted Therapy,PT,TDB,0.43407100439071655,0.8253106474876404
2026-04-01,PT_Metaverse,Metaverse,PT,TDB,-0.012612422928214073,0.0
2026-04-01,PT_Mindfulness Based Stress Reduction,Mindfulness Based Stress Reduction,PT,TDB,0.9016439914703369,26.96912956237793
2026-04-01,PT_Mood Stabilizers,Mood Stabilizers,PT,TDB,1.008089542388916,47.57883834838867
2026-04-01,PT_Motivational Interviewing,Motivational Interviewing,PT,TDB,1.1540758609771729,68.95734405517578
2026-04-01,PT_Music Therapy,Music Therapy,PT,TDB,0.8880976438522339,13.303481101989746
2026-04-01,PT_Naltrexone,Naltrexone,PT,TDB,1.2854596376419067,26.035171508789062
2026-04-01,PT_Narrative Exposure Therapy,Narrative Exposure Therapy,PT,TDB,0.8602859377861023,27.946765899658203
2026-04-01,PT_Neurobiological Assessments For Mental Disorders,Neurobiological Assessments For Mental Disorders,PT,TDB,0.1734100878238678,0.18935374915599823
2026-04-01,PT_Neurocognitive Training,Neurocognitive Training,PT,TDB,0.7769662141799927,1.4164828062057495
2026-04-01,PT_Neurofeedback Systems,Neurofeedback Systems,PT,TDB,0.33232173323631287,0.3942013382911682
2026-04-01,PT_Neuromodulation Techniques,Neuromodulation Techniques,PT,TDB,0.7342706918716431,12.070097923278809
2026-04-01,PT_Neuroplasticity Techniques,Neuroplasticity Techniques,PT,TDB,0.04186777025461197,0.09096386283636093
2026-04-01,PT_Neuroprotective Agents,Neuroprotective Agents,PT,TDB,1.0278359651565552,28.40896987915039
2026-04-01,PT_Occupational Therapy,Occupational Therapy,PT,TDB,1.107838749885559,73.75072479248047
2026-04-01,PT_Oxytocin Therapy,Oxytocin Therapy,PT,TDB,1.010269045829773,1.7463397979736328
2026-04-01,PT_Personalized Medicine,Personalized Medicine,PT,TDB,0.9130690693855286,307.06634521484375
2026-04-01,PT_Pharmacogenomic Testing,Pharmacogenomic Testing,PT,TDB,1.5280332565307617,16.026689529418945
2026-04-01,PT_Privacy Preserving Ai In Digital Mental Health,Privacy Preserving AI In Digital Mental Health,PT,TDB,-0.011794794350862503,0.0
2026-04-01,PT_Prolonged Exposure Therapy,Prolonged Exposure Therapy,PT,TDB,0.030582571402192116,0.06418189406394958
2026-04-01,PT_Psilocybin Assisted Therapy,Psilocybin Assisted Therapy,PT,TDB,-0.012920096516609192,0.0
2026-04-01,PT_Psychoeducation Programs,Psychoeducation Programs,PT,TDB,0.4438943862915039,1.0430023670196533
2026-04-01,PT_Psychophysiological Metrics For Treatment Response,Psychophysiological Metrics For Treatment Response,PT,TDB,0.27662765979766846,0.47974687814712524
2026-04-01,PT_Reality Testing Techniques,Reality Testing Techniques,PT,TDB,-0.011153170838952065,0.0
2026-04-01,PT_Regenerative Medicine Approaches,Regenerative Medicine Approaches,PT,TDB,0.6337705850601196,17.194875717163086
2026-04-01,PT_Resting State Fmri,Resting State FMRI,PT,TDB,0.7578878998756409,26.872360229492188
2026-04-01,PT_Schema Therapy,Schema Therapy,PT,TDB,1.366844654083252,2.922952890396118
2026-04-01,PT_Secure Data Storage For Patient Records,Secure Data Storage For Patient Records,PT,TDB,0.026937240734696388,0.02730332873761654
2026-04-01,PT_Selective Serotonin Reuptake Inhibitors,Selective Serotonin Reuptake Inhibitors,PT,TDB,0.9792388081550598,68.36737060546875
2026-04-01,PT_Sleep Pattern Monitoring And Manipulation,Sleep Pattern Monitoring And Manipulation,PT,TDB,-0.011299623176455498,0.0
2026-04-01,PT_Smart Wearable Mental Health Trackers,Smart Wearable Mental Health Trackers,PT,TDB,-0.010987652465701103,0.0
2026-04-01,PT_Social Skills Training,Social Skills Training,PT,TDB,1.0802217721939087,25.809585571289062
2026-04-01,PT_Speech Language Therapy,Speech Language Therapy,PT,TDB,0.5525204539299011,1.0364787578582764
2026-04-01,PT_Stem Cell Therapy For Neurological Disorders,Stem Cell Therapy For Neurological Disorders,PT,TDB,0.38344553112983704,1.9892992973327637
2026-04-01,PT_Stimulant And Wake Promoting Agents,Stimulant And Wake Promoting Agents,PT,TDB,1.2055398225784302,41.84077835083008
2026-04-01,PT_Traditional And Alternative Medicine Approaches,Traditional And Alternative Medicine Approaches,PT,TDB,0.5903462171554565,8.05768871307373
2026-04-01,PT_Transcranial Direct Current Stimulation,Transcranial Direct Current Stimulation,PT,TDB,0.8813780546188354,41.821170806884766
2026-04-01,PT_Transcranial Magnetic Stimulation,Transcranial Magnetic Stimulation,PT,TDB,0.9554765820503235,194.19651794433594
2026-04-01,PT_Transference Focused Psychotherapy,Transference Focused Psychotherapy,PT,TDB,1.1450423002243042,10.778618812561035
2026-04-01,PT_Trauma Focused Cbt,Trauma Focused Cbt,PT,TDB,0.5861548185348511,2.7905335426330566
2026-04-01,PT_Vagus Nerve Stimulation,Vagus Nerve Stimulation,PT,TDB,1.1375784873962402,16.805744171142578
2026-04-01,PT_Virtual Reality Exposure Therapy,Virtual Reality Exposure Therapy,PT,TDB,0.9005667567253113,7.468416213989258
2026-04-01,PT_Vocal And Speech Biomarkers,Vocal And Speech Biomarkers,PT,TDB,-0.012631049379706383,0.0
2026-04-01,PT_Voxel Based Lesion Symptom Mapping,Voxel Based Lesion Symptom Mapping,PT,TDB,0.4807368814945221,0.9239249229431152
2026-05-01,RMD_Anorexia Nervosa,Anorexia Nervosa,RMD,TDB,1.918928623199463,374.26300048828125
2026-05-01,RMD_Antisocial Personality Disorder,Antisocial Personality Disorder,RMD,TDB,1.212038516998291,45.60347366333008
2026-05-01,RMD_Autosarcophagy,Autosarcophagy,RMD,TDB,0.6100408434867859,0.8405065536499023
2026-05-01,RMD_Avoidant Personality Disorder,Avoidant Personality Disorder,RMD,TDB,1.5858200788497925,17.106754302978516
2026-05-01,RMD_Boanthropy,Boanthropy,RMD,TDB,0.8204227685928345,2.3687915802001953
2026-05-01,RMD_Body Integrity Dysphoria,Body Integrity Dysphoria,RMD,TDB,1.728628158569336,33.09674072265625
2026-05-01,RMD_Brief Psychotic Disorder,Brief Psychotic Disorder,RMD,TDB,1.1841793060302734,2.378837823867798
2026-05-01,RMD_Capgras Syndrome,Capgras Syndrome,RMD,TDB,1.5752768516540527,24.54734992980957
2026-05-01,RMD_Childhood Disintegrative Disorder,Childhood Disintegrative Disorder,RMD,TDB,1.6937140226364136,32.903663635253906
2026-05-01,RMD_Chronic Traumatic Encephalopathy,Chronic Traumatic Encephalopathy,RMD,TDB,2.0720958709716797,451.30877685546875
2026-05-01,RMD_Circadian Rhythm Sleep Wake Disorder,Circadian Rhythm Sleep Wake Disorder,RMD,TDB,1.2167483568191528,2.7140567302703857
2026-05-01,RMD_Cotard Syndrome,Cotard Syndrome,RMD,TDB,1.5385544300079346,5.334910869598389
2026-05-01,RMD_Cyclothymic Disorder,Cyclothymic Disorder,RMD,TDB,1.9926934242248535,247.01181030273438
2026-05-01,RMD_Delusional Disorder,Delusional Disorder,RMD,TDB,0.5289810299873352,1.5574477910995483
2026-05-01,RMD_Diogenes Syndrome,Diogenes Syndrome,RMD,TDB,1.7119659185409546,4.599643230438232
2026-05-01,RMD_Disinhibited Social Engagement Disorder,Disinhibited Social Engagement Disorder,RMD,TDB,1.0945523977279663,4.703040599822998
2026-05-01,RMD_Dissociative Amnesia,Dissociative Amnesia,RMD,TDB,1.6023955345153809,6.018292427062988
2026-05-01,RMD_Dissociative Fugue,Dissociative Fugue,RMD,TDB,1.9460971355438232,41.91175079345703
2026-05-01,RMD_Ekbom Syndrome,Ekbom Syndrome,RMD,TDB,1.5226335525512695,47.74474334716797
2026-05-01,RMD_Erotomania,Erotomania,RMD,TDB,1.9700254201889038,87.15367889404297
2026-05-01,RMD_Factitious Disorder,Factitious Disorder,RMD,TDB,2.0898752212524414,286.9276428222656
2026-05-01,RMD_Fregoli Delusion,Fregoli Delusion,RMD,TDB,0.9440163969993591,1.5702840089797974
2026-05-01,RMD_Ganser Syndrome,Ganser Syndrome,RMD,TDB,2.3317689895629883,13.96654987335205
2026-05-01,RMD_Hallucinogen Persisting Perception Disorder,Hallucinogen Persisting Perception Disorder,RMD,TDB,2.0944745540618896,162.00144958496094
2026-05-01,RMD_Histrionic Personality Disorder,Histrionic Personality Disorder,RMD,TDB,1.3016694784164429,17.25425148010254
2026-05-01,RMD_Hypergraphia,Hypergraphia,RMD,TDB,1.0579010248184204,5.200714111328125
2026-05-01,RMD_Hyperthymesia,Hyperthymesia,RMD,TDB,1.9824482202529907,80.05011749267578
2026-05-01,RMD_Impulse Control Disorders,Impulse Control Disorders,RMD,TDB,1.3393219709396362,69.65383911132812
2026-05-01,RMD_Intermetamorphosis Syndrome,Intermetamorphosis Syndrome,RMD,TDB,-0.0022297482937574387,0.0
2026-05-01,RMD_Kleine Levin Syndrome,Kleine Levin Syndrome,RMD,TDB,1.406421422958374,16.643484115600586
2026-05-01,RMD_Kleptomania,Kleptomania,RMD,TDB,2.3203248977661133,39.12781524658203
2026-05-01,RMD_Koro,Koro,RMD,TDB,1.0473814010620117,3.3944594860076904
2026-05-01,RMD_Landau Kleffner Syndrome,Landau Kleffner Syndrome,RMD,TDB,1.674635887145996,10.80108642578125
2026-05-01,RMD_Narcissistic Personality Disorder,Narcissistic Personality Disorder,RMD,TDB,2.0297763347625732,378.6949768066406
2026-05-01,RMD_Olfactory Reference Syndrome,Olfactory Reference Syndrome,RMD,TDB,1.5762767791748047,92.31302642822266
2026-05-01,RMD_Othello Syndrome,Othello Syndrome,RMD,TDB,1.4405840635299683,18.247867584228516
2026-05-01,RMD_Palilalia,Palilalia,RMD,TDB,0.7965288758277893,2.4205918312072754
2026-05-01,RMD_Postpartum Psychosis,Postpartum Psychosis,RMD,TDB,2.319854974746704,34.057193756103516
2026-05-01,RMD_Pyromania,Pyromania,RMD,TDB,1.7991840839385986,47.67816162109375
2026-05-01,RMD_Reactive Attachment Disorder,Reactive Attachment Disorder,RMD,TDB,2.261378288269043,172.97186279296875
2026-05-01,RMD_Reduplicative Paramnesia,Reduplicative Paramnesia,RMD,TDB,1.2972972393035889,2.659392833709717
2026-05-01,RMD_Rumination Disorder,Rumination Disorder,RMD,TDB,1.8598154783248901,84.7822265625
2026-05-01,RMD_Savant Syndrome,Savant Syndrome,RMD,TDB,1.2190992832183838,18.137083053588867
2026-05-01,RMD_Schizoaffective Disorder,Schizoaffective Disorder,RMD,TDB,1.5492891073226929,91.04691314697266
2026-05-01,RMD_Schizotypal Personality Disorder,Schizotypal Personality Disorder,RMD,TDB,2.0397214889526367,249.03662109375
2026-05-01,RMD_Selective Mutism,Selective Mutism,RMD,TDB,2.711463212966919,56.382225036621094
2026-05-01,RMD_Stendhal Syndrome,Stendhal Syndrome,RMD,TDB,0.9482453465461731,3.697227954864502
2026-05-01,RMD_Wendigo Psychosis,Wendigo Psychosis,RMD,TDB,0.6316301226615906,1.219914436340332
2026-05-01,PT_Acceptance And Commitment Therapy,Acceptance And Commitment Therapy,PT,TDB,1.0270593166351318,39.7977409362793
2026-05-01,PT_Animal Assisted Therapy,Animal Assisted Therapy,PT,TDB,1.350925326347351,8.761252403259277
2026-05-01,PT_Anticonvulsant Therapy,Anticonvulsant Therapy,PT,TDB,0.4039596915245056,2.7289984226226807
2026-05-01,PT_Antidepressants,Antidepressants,PT,TDB,0.9261755347251892,133.97509765625
2026-05-01,PT_Antipsychotic Medications,Antipsychotic Medications,PT,TDB,-0.012260252609848976,0.0
2026-05-01,PT_Anxiolytic Medications,Anxiolytic Medications,PT,TDB,0.892445981502533,79.2423324584961
2026-05-01,PT_Art Therapy,Art Therapy,PT,TDB,0.4201285243034363,3.28900408744812
2026-05-01,PT_Augmentative Communication Devices,Augmentative Communication Devices,PT,TDB,0.32121142745018005,0.5609484314918518
2026-05-01,PT_Behavioral Activation Therapy,Behavioral Activation Therapy,PT,TDB,0.532988429069519,2.043447971343994
2026-05-01,PT_Biofeedback Devices,Biofeedback Devices,PT,TDB,0.5753463506698608,0.8738781213760376
2026-05-01,PT_Blockchain For Data Protection,Blockchain For Data Protection,PT,TDB,-0.0120003130286932,0.0
2026-05-01,PT_Brain Computer Interface,Brain Computer Interface,PT,TDB,0.8979359269142151,66.0732192993164
2026-05-01,PT_Cbt For Insomnia,Cbt For Insomnia,PT,TDB,1.5397459268569946,3.663405179977417
2026-05-01,PT_Chronotherapy,Chronotherapy,PT,TDB,1.057004451751709,2.7049741744995117
2026-05-01,PT_Closed Loop Neurostimulation,Closed Loop Neurostimulation,PT,TDB,1.239040732383728,33.09831619262695
2026-05-01,PT_Clozapine Protocol,Clozapine Protocol,PT,TDB,-0.012542270123958588,0.0
2026-05-01,PT_Cognitive Assistive Technologies,Cognitive Assistive Technologies,PT,TDB,0.039292607456445694,0.040074773132801056
2026-05-01,PT_Cognitive Behavioral Therapy,Cognitive Behavioral Therapy,PT,TDB,0.9289590716362,146.0039520263672
2026-05-01,PT_Cognitive Enhancement Programs,Cognitive Enhancement Programs,PT,TDB,0.09155909717082977,0.20482410490512848
2026-05-01,PT_Cultural Psychiatry Interventions,Cultural Psychiatry Interventions,PT,TDB,0.18259431421756744,0.20032735168933868
2026-05-01,PT_Deep Brain Stimulation,Deep Brain Stimulation,PT,TDB,0.9022061228752136,13.246208190917969
2026-05-01,PT_Dialectical Behavior Therapy,Dialectical Behavior Therapy,PT,TDB,1.0037505626678467,30.25835609436035
2026-05-01,PT_Dietary Interventions And Supplements,Dietary Interventions And Supplements,PT,TDB,0.14641553163528442,0.15767714381217957
2026-05-01,PT_Digital Health Tools,Digital Health Tools,PT,TDB,0.7561103701591492,44.417724609375
2026-05-01,PT_Digital Imaging Technologies For Brain Scanning,Digital Imaging Technologies For Brain Scanning,PT,TDB,0.04425106570124626,0.07522784918546677
2026-05-01,PT_Digital Phenotyping,Digital Phenotyping,PT,TDB,1.3700627088546753,18.313074111938477
2026-05-01,PT_Digital Therapeutics,Digital Therapeutics,PT,TDB,-0.01231907494366169,0.0
2026-05-01,PT_Electroconvulsive Therapy,Electroconvulsive Therapy,PT,TDB,-0.0123959481716156,0.0
2026-05-01,PT_Electroencephalography,Electroencephalography,PT,TDB,0.8434416651725769,182.63214111328125
2026-05-01,PT_Emdr Therapy,Emdr Therapy,PT,TDB,1.0175291299819946,29.887439727783203
2026-05-01,PT_Emotion Regulation Training,Emotion Regulation Training,PT,TDB,0.6467357277870178,2.0322000980377197
2026-05-01,PT_Expressive Writing And Journaling,Expressive Writing And Journaling,PT,TDB,0.1450148969888687,0.15605679154396057
2026-05-01,PT_Fecal Microbiota Transplant,Fecal Microbiota Transplant,PT,TDB,-0.012193240225315094,0.0
2026-05-01,PT_Focused Ultrasound Therapy,Focused Ultrasound Therapy,PT,TDB,0.42364105582237244,0.999733567237854
2026-05-01,PT_Hypnotherapy,Hypnotherapy,PT,TDB,1.1276321411132812,26.787748336791992
2026-05-01,PT_Immunotherapy For Neuropsychiatric Disorders,Immunotherapy For Neuropsychiatric Disorders,PT,TDB,1.0651189088821411,20.727737426757812
2026-05-01,PT_Interpersonal Psychotherapy,Interpersonal Psychotherapy,PT,TDB,0.6221864223480225,4.180912971496582
2026-05-01,PT_Ketamine Therapy,Ketamine Therapy,PT,TDB,1.2022132873535156,24.343341827392578
2026-05-01,PT_Light Therapy,Light Therapy,PT,TDB,1.0745981931686401,17.17007064819336
2026-05-01,PT_Lithium Therapy,Lithium Therapy,PT,TDB,0.07399729639291763,0.08469012379646301
2026-05-01,PT_Machine Learning Neuroimaging,Machine Learning Neuroimaging,PT,TDB,2.095651388168335,9.958868980407715
2026-05-01,PT_Meditation And Relaxation Techniques,Meditation And Relaxation Techniques,PT,TDB,0.34451138973236084,0.9549961686134338
2026-05-01,PT_Memory Retrieval Techniques,Memory Retrieval Techniques,PT,TDB,-0.007134153973311186,0.0
2026-05-01,PT_Mentalization Based Treatment,Mentalization Based Treatment,PT,TDB,1.0070371627807617,8.566948890686035
2026-05-01,PT_Metabolic And Enzyme Targeted Therapy,Metabolic And Enzyme Targeted Therapy,PT,TDB,0.43033984303474426,0.8158936500549316
2026-05-01,PT_Metaverse,Metaverse,PT,TDB,-0.013143189251422882,0.0
2026-05-01,PT_Mindfulness Based Stress Reduction,Mindfulness Based Stress Reduction,PT,TDB,0.9012555480003357,26.92901611328125
2026-05-01,PT_Mood Stabilizers,Mood Stabilizers,PT,TDB,1.0055270195007324,47.101688385009766
2026-05-01,PT_Motivational Interviewing,Motivational Interviewing,PT,TDB,1.1492407321929932,67.72332763671875
2026-05-01,PT_Music Therapy,Music Therapy,PT,TDB,0.8816171884536743,13.028474807739258
2026-05-01,PT_Naltrexone,Naltrexone,PT,TDB,1.274623990058899,25.294130325317383
2026-05-01,PT_Narrative Exposure Therapy,Narrative Exposure Therapy,PT,TDB,0.8556957840919495,27.431615829467773
2026-05-01,PT_Neurobiological Assessments For Mental Disorders,Neurobiological Assessments For Mental Disorders,PT,TDB,0.1725873351097107,0.18837560713291168
2026-05-01,PT_Neurocognitive Training,Neurocognitive Training,PT,TDB,0.7736327648162842,1.4073525667190552
2026-05-01,PT_Neurofeedback Systems,Neurofeedback Systems,PT,TDB,0.33036771416664124,0.3914797008037567
2026-05-01,PT_Neuromodulation Techniques,Neuromodulation Techniques,PT,TDB,0.7346760630607605,12.088655471801758
2026-05-01,PT_Neuroplasticity Techniques,Neuroplasticity Techniques,PT,TDB,0.044445134699344635,0.09682656079530716
2026-05-01,PT_Neuroprotective Agents,Neuroprotective Agents,PT,TDB,1.0248215198516846,28.1187686920166
2026-05-01,PT_Occupational Therapy,Occupational Therapy,PT,TDB,1.1029530763626099,72.3419418334961
2026-05-01,PT_Oxytocin Therapy,Oxytocin Therapy,PT,TDB,1.0033289194107056,1.7273458242416382
2026-05-01,PT_Personalized Medicine,Personalized Medicine,PT,TDB,0.9123512506484985,305.6817321777344
2026-05-01,PT_Pharmacogenomic Testing,Pharmacogenomic Testing,PT,TDB,1.5194857120513916,15.75882339477539
2026-05-01,PT_Privacy Preserving Ai In Digital Mental Health,Privacy Preserving AI In Digital Mental Health,PT,TDB,-0.012277854606509209,0.0
2026-05-01,PT_Prolonged Exposure Therapy,Prolonged Exposure Therapy,PT,TDB,0.029304344207048416,0.061418648809194565
2026-05-01,PT_Psilocybin Assisted Therapy,Psilocybin Assisted Therapy,PT,TDB,-0.013379478827118874,0.0
2026-05-01,PT_Psychoeducation Programs,Psychoeducation Programs,PT,TDB,0.4406314492225647,1.032301664352417
2026-05-01,PT_Psychophysiological Metrics For Treatment Response,Psychophysiological Metrics For Treatment Response,PT,TDB,0.27889910340309143,0.4845159649848938
2026-05-01,PT_Reality Testing Techniques,Reality Testing Techniques,PT,TDB,-0.01174442283809185,0.0
2026-05-01,PT_Regenerative Medicine Approaches,Regenerative Medicine Approaches,PT,TDB,0.6357540488243103,17.36083221435547
2026-05-01,PT_Resting State Fmri,Resting State FMRI,PT,TDB,0.7588804960250854,26.994094848632812
2026-05-01,PT_Schema Therapy,Schema Therapy,PT,TDB,1.3607460260391235,2.8991010189056396
2026-05-01,PT_Secure Data Storage For Patient Records,Secure Data Storage For Patient Records,PT,TDB,0.027105679735541344,0.02747638151049614
2026-05-01,PT_Selective Serotonin Reuptake Inhibitors,Selective Serotonin Reuptake Inhibitors,PT,TDB,0.9765778183937073,67.57281494140625
2026-05-01,PT_Sleep Pattern Monitoring And Manipulation,Sleep Pattern Monitoring And Manipulation,PT,TDB,-0.011925475671887398,0.0
2026-05-01,PT_Smart Wearable Mental Health Trackers,Smart Wearable Mental Health Trackers,PT,TDB,-0.0116498414427042,0.0
2026-05-01,PT_Social Skills Training,Social Skills Training,PT,TDB,1.0768795013427734,25.53816795349121
2026-05-01,PT_Speech Language Therapy,Speech Language Therapy,PT,TDB,0.5507921576499939,1.03195321559906
2026-05-01,PT_Stem Cell Therapy For Neurological Disorders,Stem Cell Therapy For Neurological Disorders,PT,TDB,0.3862668573856354,2.013481616973877
2026-05-01,PT_Stimulant And Wake Promoting Agents,Stimulant And Wake Promoting Agents,PT,TDB,1.200899600982666,41.22563171386719
2026-05-01,PT_Traditional And Alternative Medicine Approaches,Traditional And Alternative Medicine Approaches,PT,TDB,0.5910410284996033,8.081212997436523
2026-05-01,PT_Transcranial Direct Current Stimulation,Transcranial Direct Current Stimulation,PT,TDB,0.8770539164543152,41.03910446166992
2026-05-01,PT_Transcranial Magnetic Stimulation,Transcranial Magnetic Stimulation,PT,TDB,0.9538462162017822,192.44784545898438
2026-05-01,PT_Transference Focused Psychotherapy,Transference Focused Psychotherapy,PT,TDB,1.1391220092773438,10.629376411437988
2026-05-01,PT_Trauma Focused Cbt,Trauma Focused Cbt,PT,TDB,0.5862329006195068,2.7912063598632812
2026-05-01,PT_Vagus Nerve Stimulation,Vagus Nerve Stimulation,PT,TDB,1.1317682266235352,16.545785903930664
2026-05-01,PT_Virtual Reality Exposure Therapy,Virtual Reality Exposure Therapy,PT,TDB,0.8969330191612244,7.3957319259643555
2026-05-01,PT_Vocal And Speech Biomarkers,Vocal And Speech Biomarkers,PT,TDB,-0.012954827398061752,0.0
2026-05-01,PT_Voxel Based Lesion Symptom Mapping,Voxel Based Lesion Symptom Mapping,PT,TDB,0.48130571842193604,0.9254152178764343
2026-06-01,RMD_Anorexia Nervosa,Anorexia Nervosa,RMD,TDB,1.9160852432250977,370.9813537597656
2026-06-01,RMD_Antisocial Personality Disorder,Antisocial Personality Disorder,RMD,TDB,1.2091715335845947,45.181888580322266
2026-06-01,RMD_Autosarcophagy,Autosarcophagy,RMD,TDB,0.6075926423072815,0.8360061645507812
2026-06-01,RMD_Avoidant Personality Disorder,Avoidant Personality Disorder,RMD,TDB,1.5795907974243164,16.90192413330078
2026-06-01,RMD_Boanthropy,Boanthropy,RMD,TDB,0.8161220550537109,2.3474111557006836
2026-06-01,RMD_Body Integrity Dysphoria,Body Integrity Dysphoria,RMD,TDB,1.7273495197296143,33.00784683227539
2026-06-01,RMD_Brief Psychotic Disorder,Brief Psychotic Disorder,RMD,TDB,1.1858569383621216,2.384671211242676
2026-06-01,RMD_Capgras Syndrome,Capgras Syndrome,RMD,TDB,1.574889898300171,24.527027130126953
2026-06-01,RMD_Childhood Disintegrative Disorder,Childhood Disintegrative Disorder,RMD,TDB,1.6923866271972656,32.81017303466797
2026-06-01,RMD_Chronic Traumatic Encephalopathy,Chronic Traumatic Encephalopathy,RMD,TDB,2.0690078735351562,447.2059020996094
2026-06-01,RMD_Circadian Rhythm Sleep Wake Disorder,Circadian Rhythm Sleep Wake Disorder,RMD,TDB,1.218737244606018,2.7220311164855957
2026-06-01,RMD_Cotard Syndrome,Cotard Syndrome,RMD,TDB,1.5373448133468628,5.325723171234131
2026-06-01,RMD_Cyclothymic Disorder,Cyclothymic Disorder,RMD,TDB,1.9899506568908691,245.13681030273438
2026-06-01,RMD_Delusional Disorder,Delusional Disorder,RMD,TDB,0.5363878607749939,1.5912952423095703
2026-06-01,RMD_Diogenes Syndrome,Diogenes Syndrome,RMD,TDB,1.7104836702346802,4.591297149658203
2026-06-01,RMD_Disinhibited Social Engagement Disorder,Disinhibited Social Engagement Disorder,RMD,TDB,1.092142105102539,4.681218147277832
2026-06-01,RMD_Dissociative Amnesia,Dissociative Amnesia,RMD,TDB,1.6024537086486816,6.018789291381836
2026-06-01,RMD_Dissociative Fugue,Dissociative Fugue,RMD,TDB,1.9416121244430542,41.541595458984375
2026-06-01,RMD_Ekbom Syndrome,Ekbom Syndrome,RMD,TDB,1.5225350856781006,47.732486724853516
2026-06-01,RMD_Erotomania,Erotomania,RMD,TDB,1.9656636714935303,86.28375244140625
2026-06-01,RMD_Factitious Disorder,Factitious Disorder,RMD,TDB,2.0859551429748535,283.8855895996094
2026-06-01,RMD_Fregoli Delusion,Fregoli Delusion,RMD,TDB,0.944216787815094,1.5707991123199463
2026-06-01,RMD_Ganser Syndrome,Ganser Syndrome,RMD,TDB,2.3217482566833496,13.7935209274292
2026-06-01,RMD_Hallucinogen Persisting Perception Disorder,Hallucinogen Persisting Perception Disorder,RMD,TDB,2.090461254119873,160.41822814941406
2026-06-01,RMD_Histrionic Personality Disorder,Histrionic Personality Disorder,RMD,TDB,1.297480583190918,17.084428787231445
2026-06-01,RMD_Hypergraphia,Hypergraphia,RMD,TDB,1.0540082454681396,5.1592206954956055
2026-06-01,RMD_Hyperthymesia,Hyperthymesia,RMD,TDB,1.978817343711853,79.40032196044922
2026-06-01,RMD_Impulse Control Disorders,Impulse Control Disorders,RMD,TDB,1.3404146432876587,69.89970397949219
2026-06-01,RMD_Intermetamorphosis Syndrome,Intermetamorphosis Syndrome,RMD,TDB,5.2018905989825726e-05,0.00013775886327493936
2026-06-01,RMD_Kleine Levin Syndrome,Kleine Levin Syndrome,RMD,TDB,1.4068328142166138,16.658302307128906
2026-06-01,RMD_Kleptomania,Kleptomania,RMD,TDB,2.3163909912109375,38.87741470336914
2026-06-01,RMD_Koro,Koro,RMD,TDB,1.0509958267211914,3.416966438293457
2026-06-01,RMD_Landau Kleffner Syndrome,Landau Kleffner Syndrome,RMD,TDB,1.673819661140442,10.786897659301758
2026-06-01,RMD_Narcissistic Personality Disorder,Narcissistic Personality Disorder,RMD,TDB,2.026658296585083,375.2464599609375
2026-06-01,RMD_Olfactory Reference Syndrome,Olfactory Reference Syndrome,RMD,TDB,1.576064109802246,92.2559585571289
2026-06-01,RMD_Othello Syndrome,Othello Syndrome,RMD,TDB,1.440142035484314,18.230405807495117
2026-06-01,RMD_Palilalia,Palilalia,RMD,TDB,0.7919408082962036,2.3964462280273438
2026-06-01,RMD_Postpartum Psychosis,Postpartum Psychosis,RMD,TDB,2.3161778450012207,33.860103607177734
2026-06-01,RMD_Pyromania,Pyromania,RMD,TDB,1.7974960803985596,47.50104522705078
2026-06-01,RMD_Reactive Attachment Disorder,Reactive Attachment Disorder,RMD,TDB,2.257107734680176,171.28521728515625
2026-06-01,RMD_Reduplicative Paramnesia,Reduplicative Paramnesia,RMD,TDB,1.2977920770645142,2.6612040996551514
2026-06-01,RMD_Rumination Disorder,Rumination Disorder,RMD,TDB,1.8584873676300049,84.50994873046875
2026-06-01,RMD_Savant Syndrome,Savant Syndrome,RMD,TDB,1.2111361026763916,17.77165412902832
2026-06-01,RMD_Schizoaffective Disorder,Schizoaffective Disorder,RMD,TDB,1.5493314266204834,91.05828094482422
2026-06-01,RMD_Schizotypal Personality Disorder,Schizotypal Personality Disorder,RMD,TDB,2.036728858947754,247.01914978027344
2026-06-01,RMD_Selective Mutism,Selective Mutism,RMD,TDB,2.7053942680358887,55.86445236206055
2026-06-01,RMD_Stendhal Syndrome,Stendhal Syndrome,RMD,TDB,0.9436383247375488,3.6620562076568604
2026-06-01,RMD_Wendigo Psychosis,Wendigo Psychosis,RMD,TDB,0.6295834183692932,1.2141854763031006
2026-06-01,PT_Acceptance And Commitment Therapy,Acceptance And Commitment Therapy,PT,TDB,1.0240240097045898,39.35303497314453
2026-06-01,PT_Animal Assisted Therapy,Animal Assisted Therapy,PT,TDB,1.3403195142745972,8.588201522827148
2026-06-01,PT_Anticonvulsant Therapy,Anticonvulsant Therapy,PT,TDB,0.4012047350406647,2.695676803588867
2026-06-01,PT_Antidepressants,Antidepressants,PT,TDB,0.9239861369132996,132.4190673828125
2026-06-01,PT_Antipsychotic Medications,Antipsychotic Medications,PT,TDB,-0.012906021438539028,0.0
2026-06-01,PT_Anxiolytic Medications,Anxiolytic Medications,PT,TDB,0.8907665014266968,78.5828857421875
2026-06-01,PT_Art Therapy,Art Therapy,PT,TDB,0.41751226782798767,3.2502901554107666
2026-06-01,PT_Augmentative Communication Devices,Augmentative Communication Devices,PT,TDB,0.31941574811935425,0.5570675134658813
2026-06-01,PT_Behavioral Activation Therapy,Behavioral Activation Therapy,PT,TDB,0.5322510004043579,2.0387649536132812
2026-06-01,PT_Biofeedback Devices,Biofeedback Devices,PT,TDB,0.5721213817596436,0.8672934174537659
2026-06-01,PT_Blockchain For Data Protection,Blockchain For Data Protection,PT,TDB,-0.012639117427170277,0.0
2026-06-01,PT_Brain Computer Interface,Brain Computer Interface,PT,TDB,0.897897481918335,66.0611572265625
2026-06-01,PT_Cbt For Insomnia,Cbt For Insomnia,PT,TDB,1.530022144317627,3.618278980255127
2026-06-01,PT_Chronotherapy,Chronotherapy,PT,TDB,1.0519518852233887,2.681852102279663
2026-06-01,PT_Closed Loop Neurostimulation,Closed Loop Neurostimulation,PT,TDB,1.2327343225479126,32.49127960205078
2026-06-01,PT_Clozapine Protocol,Clozapine Protocol,PT,TDB,-0.013275464065372944,0.0
2026-06-01,PT_Cognitive Assistive Technologies,Cognitive Assistive Technologies,PT,TDB,0.038336895406246185,0.039081234484910965
2026-06-01,PT_Cognitive Behavioral Therapy,Cognitive Behavioral Therapy,PT,TDB,0.9280789494514465,145.31057739257812
2026-06-01,PT_Cognitive Enhancement Programs,Cognitive Enhancement Programs,PT,TDB,0.08913567662239075,0.198896586894989
2026-06-01,PT_Cultural Psychiatry Interventions,Cultural Psychiatry Interventions,PT,TDB,0.17963755130767822,0.19678351283073425
2026-06-01,PT_Deep Brain Stimulation,Deep Brain Stimulation,PT,TDB,0.8981389403343201,13.076620101928711
2026-06-01,PT_Dialectical Behavior Therapy,Dialectical Behavior Therapy,PT,TDB,1.001251220703125,29.991580963134766
2026-06-01,PT_Dietary Interventions And Supplements,Dietary Interventions And Supplements,PT,TDB,0.14636915922164917,0.15762345492839813
2026-06-01,PT_Digital Health Tools,Digital Health Tools,PT,TDB,0.7560830116271973,44.41145706176758
2026-06-01,PT_Digital Imaging Technologies For Brain Scanning,Digital Imaging Technologies For Brain Scanning,PT,TDB,0.04690088331699371,0.0799081102013588
2026-06-01,PT_Digital Phenotyping,Digital Phenotyping,PT,TDB,1.3649287223815918,18.09998321533203
2026-06-01,PT_Digital Therapeutics,Digital Therapeutics,PT,TDB,-0.012952775694429874,0.0
2026-06-01,PT_Electroconvulsive Therapy,Electroconvulsive Therapy,PT,TDB,-0.01301004271954298,0.0
2026-06-01,PT_Electroencephalography,Electroencephalography,PT,TDB,0.8432511687278748,182.41607666015625
2026-06-01,PT_Emdr Therapy,Emdr Therapy,PT,TDB,1.0152744054794312,29.653545379638672
2026-06-01,PT_Emotion Regulation Training,Emotion Regulation Training,PT,TDB,0.6451604962348938,2.0240185260772705
2026-06-01,PT_Expressive Writing And Journaling,Expressive Writing And Journaling,PT,TDB,0.1467668116092682,0.15808388590812683
2026-06-01,PT_Fecal Microbiota Transplant,Fecal Microbiota Transplant,PT,TDB,-0.012801346369087696,0.0
2026-06-01,PT_Focused Ultrasound Therapy,Focused Ultrasound Therapy,PT,TDB,0.4199711084365845,0.9877641797065735
2026-06-01,PT_Hypnotherapy,Hypnotherapy,PT,TDB,1.1212339401245117,26.268482208251953
2026-06-01,PT_Immunotherapy For Neuropsychiatric Disorders,Immunotherapy For Neuropsychiatric Disorders,PT,TDB,1.0590989589691162,20.35294532775879
2026-06-01,PT_Interpersonal Psychotherapy,Interpersonal Psychotherapy,PT,TDB,0.6213363409042358,4.169281959533691
2026-06-01,PT_Ketamine Therapy,Ketamine Therapy,PT,TDB,1.1941578388214111,23.800317764282227
2026-06-01,PT_Light Therapy,Light Therapy,PT,TDB,1.0677249431610107,16.836170196533203
2026-06-01,PT_Lithium Therapy,Lithium Therapy,PT,TDB,0.07284248620271683,0.08331485837697983
2026-06-01,PT_Machine Learning Neuroimaging,Machine Learning Neuroimaging,PT,TDB,2.08341121673584,9.806692123413086
2026-06-01,PT_Meditation And Relaxation Techniques,Meditation And Relaxation Techniques,PT,TDB,0.3459482192993164,0.9604698419570923
2026-06-01,PT_Memory Retrieval Techniques,Memory Retrieval Techniques,PT,TDB,-0.007881306111812592,0.0
2026-06-01,PT_Mentalization Based Treatment,Mentalization Based Treatment,PT,TDB,0.9973381161689758,8.36111068725586
2026-06-01,PT_Metabolic And Enzyme Targeted Therapy,Metabolic And Enzyme Targeted Therapy,PT,TDB,0.4267549514770508,0.8068915605545044
2026-06-01,PT_Metaverse,Metaverse,PT,TDB,-0.013814772479236126,0.0
2026-06-01,PT_Mindfulness Based Stress Reduction,Mindfulness Based Stress Reduction,PT,TDB,0.9008083939552307,26.882915496826172
2026-06-01,PT_Mood Stabilizers,Mood Stabilizers,PT,TDB,1.0030498504638672,46.64487075805664
2026-06-01,PT_Motivational Interviewing,Motivational Interviewing,PT,TDB,1.1446422338485718,66.56991577148438
2026-06-01,PT_Music Therapy,Music Therapy,PT,TDB,0.8754996657371521,12.773723602294922
2026-06-01,PT_Naltrexone,Naltrexone,PT,TDB,1.2644323110580444,24.615684509277344
2026-06-01,PT_Narrative Exposure Therapy,Narrative Exposure Therapy,PT,TDB,0.8513399958610535,26.951244354248047
2026-06-01,PT_Neurobiological Assessments For Mental Disorders,Neurobiological Assessments For Mental Disorders,PT,TDB,0.17166826128959656,0.18728390336036682
2026-06-01,PT_Neurocognitive Training,Neurocognitive Training,PT,TDB,0.7704380750656128,1.398634910583496
2026-06-01,PT_Neurofeedback Systems,Neurofeedback Systems,PT,TDB,0.32842907309532166,0.3887847363948822
2026-06-01,PT_Neuromodulation Techniques,Neuromodulation Techniques,PT,TDB,0.734976589679718,12.102434158325195
2026-06-01,PT_Neuroplasticity Techniques,Neuroplasticity Techniques,PT,TDB,0.04666382819414139,0.10189861059188843
2026-06-01,PT_Neuroprotective Agents,Neuroprotective Agents,PT,TDB,1.021916151046753,27.841785430908203
2026-06-01,PT_Occupational Therapy,Occupational Therapy,PT,TDB,1.0983076095581055,71.027099609375
2026-06-01,PT_Oxytocin Therapy,Oxytocin Therapy,PT,TDB,0.9967661499977112,1.709505558013916
2026-06-01,PT_Personalized Medicine,Personalized Medicine,PT,TDB,0.9116054773330688,304.2496337890625
2026-06-01,PT_Pharmacogenomic Testing,Pharmacogenomic Testing,PT,TDB,1.5113788843154907,15.508662223815918
2026-06-01,PT_Privacy Preserving Ai In Digital Mental Health,Privacy Preserving AI In Digital Mental Health,PT,TDB,-0.012911018915474415,0.0
2026-06-01,PT_Prolonged Exposure Therapy,Prolonged Exposure Therapy,PT,TDB,0.02795153483748436,0.05850198492407799
2026-06-01,PT_Psilocybin Assisted Therapy,Psilocybin Assisted Therapy,PT,TDB,-0.013987853191792965,0.0
2026-06-01,PT_Psychoeducation Programs,Psychoeducation Programs,PT,TDB,0.4374905228614807,1.0220540761947632
2026-06-01,PT_Psychophysiological Metrics For Treatment Response,Psychophysiological Metrics For Treatment Response,PT,TDB,0.28085407614707947,0.4886328876018524
2026-06-01,PT_Reality Testing Techniques,Reality Testing Techniques,PT,TDB,-0.012479797936975956,0.0
2026-06-01,PT_Regenerative Medicine Approaches,Regenerative Medicine Approaches,PT,TDB,0.6375026702880859,17.50838851928711
2026-06-01,PT_Resting State Fmri,Resting State FMRI,PT,TDB,0.7597201466560364,27.097490310668945
2026-06-01,PT_Schema Therapy,Schema Therapy,PT,TDB,1.355027198791504,2.876866340637207
2026-06-01,PT_Secure Data Storage For Patient Records,Secure Data Storage For Patient Records,PT,TDB,0.027090147137641907,0.02746042236685753
2026-06-01,PT_Selective Serotonin Reuptake Inhibitors,Selective Serotonin Reuptake Inhibitors,PT,TDB,0.9739981293678284,66.8112564086914
2026-06-01,PT_Sleep Pattern Monitoring And Manipulation,Sleep Pattern Monitoring And Manipulation,PT,TDB,-0.012695263139903545,0.0
2026-06-01,PT_Smart Wearable Mental Health Trackers,Smart Wearable Mental Health Trackers,PT,TDB,-0.012452649883925915,0.0
2026-06-01,PT_Social Skills Training,Social Skills Training,PT,TDB,1.0736620426177979,25.279478073120117
2026-06-01,PT_Speech Language Therapy,Speech Language Therapy,PT,TDB,0.5490796566009521,1.0274789333343506
2026-06-01,PT_Stem Cell Therapy For Neurological Disorders,Stem Cell Therapy For Neurological Disorders,PT,TDB,0.3887622356414795,2.0350334644317627
2026-06-01,PT_Stimulant And Wake Promoting Agents,Stimulant And Wake Promoting Agents,PT,TDB,1.1964672803878784,40.64630126953125
2026-06-01,PT_Traditional And Alternative Medicine Approaches,Traditional And Alternative Medicine Approaches,PT,TDB,0.5915886759757996,8.0997953414917
2026-06-01,PT_Transcranial Direct Current Stimulation,Transcranial Direct Current Stimulation,PT,TDB,0.8729456663131714,40.309322357177734
2026-06-01,PT_Transcranial Magnetic Stimulation,Transcranial Magnetic Stimulation,PT,TDB,0.9522353410720825,190.73532104492188
2026-06-01,PT_Transference Focused Psychotherapy,Transference Focused Psychotherapy,PT,TDB,1.1335053443908691,10.48953628540039
2026-06-01,PT_Trauma Focused Cbt,Trauma Focused Cbt,PT,TDB,0.5861960053443909,2.790888786315918
2026-06-01,PT_Vagus Nerve Stimulation,Vagus Nerve Stimulation,PT,TDB,1.1262340545654297,16.301708221435547
2026-06-01,PT_Virtual Reality Exposure Therapy,Virtual Reality Exposure Therapy,PT,TDB,0.8934499025344849,7.32664680480957
2026-06-01,PT_Vocal And Speech Biomarkers,Vocal And Speech Biomarkers,PT,TDB,-0.013438613153994083,0.0
2026-06-01,PT_Voxel Based Lesion Symptom Mapping,Voxel Based Lesion Symptom Mapping,PT,TDB,0.48171380162239075,0.926485002040863
2026-07-01,RMD_Anorexia Nervosa,Anorexia Nervosa,RMD,TDB,1.9138917922973633,368.4695739746094
2026-07-01,RMD_Antisocial Personality Disorder,Antisocial Personality Disorder,RMD,TDB,1.2073559761047363,44.916900634765625
2026-07-01,RMD_Autosarcophagy,Autosarcophagy,RMD,TDB,0.6059690117835999,0.8330276012420654
2026-07-01,RMD_Avoidant Personality Disorder,Avoidant Personality Disorder,RMD,TDB,1.5742765665054321,16.72901153564453
2026-07-01,RMD_Boanthropy,Boanthropy,RMD,TDB,0.812667727470398,2.3303370475769043
2026-07-01,RMD_Body Integrity Dysphoria,Body Integrity Dysphoria,RMD,TDB,1.7266755104064941,32.96108627319336
2026-07-01,RMD_Brief Psychotic Disorder,Brief Psychotic Disorder,RMD,TDB,1.1883363723754883,2.393310308456421
2026-07-01,RMD_Capgras Syndrome,Capgras Syndrome,RMD,TDB,1.575266718864441,24.54681968688965
2026-07-01,RMD_Childhood Disintegrative Disorder,Childhood Disintegrative Disorder,RMD,TDB,1.6916804313659668,32.760536193847656
2026-07-01,RMD_Chronic Traumatic Encephalopathy,Chronic Traumatic Encephalopathy,RMD,TDB,2.066524028778076,443.9330139160156
2026-07-01,RMD_Circadian Rhythm Sleep Wake Disorder,Circadian Rhythm Sleep Wake Disorder,RMD,TDB,1.2213832139968872,2.7326667308807373
2026-07-01,RMD_Cotard Syndrome,Cotard Syndrome,RMD,TDB,1.536897897720337,5.32233190536499
2026-07-01,RMD_Cyclothymic Disorder,Cyclothymic Disorder,RMD,TDB,1.9878979921340942,243.74281311035156
2026-07-01,RMD_Delusional Disorder,Delusional Disorder,RMD,TDB,0.544642448425293,1.629544973373413
2026-07-01,RMD_Diogenes Syndrome,Diogenes Syndrome,RMD,TDB,1.7095884084701538,4.586262226104736
2026-07-01,RMD_Disinhibited Social Engagement Disorder,Disinhibited Social Engagement Disorder,RMD,TDB,1.090644359588623,4.667700290679932
2026-07-01,RMD_Dissociative Amnesia,Dissociative Amnesia,RMD,TDB,1.6031224727630615,6.02449893951416
2026-07-01,RMD_Dissociative Fugue,Dissociative Fugue,RMD,TDB,1.93778657913208,41.228389739990234
2026-07-01,RMD_Ekbom Syndrome,Ekbom Syndrome,RMD,TDB,1.5231328010559082,47.80690383911133
2026-07-01,RMD_Erotomania,Erotomania,RMD,TDB,1.961857557296753,85.53169250488281
2026-07-01,RMD_Factitious Disorder,Factitious Disorder,RMD,TDB,2.082699775695801,281.3836669921875
2026-07-01,RMD_Fregoli Delusion,Fregoli Delusion,RMD,TDB,0.9453853368759155,1.5738049745559692
2026-07-01,RMD_Ganser Syndrome,Ganser Syndrome,RMD,TDB,2.3125662803649902,13.636736869812012
2026-07-01,RMD_Hallucinogen Persisting Perception Disorder,Hallucinogen Persisting Perception Disorder,RMD,TDB,2.0870091915130615,159.0686798095703
2026-07-01,RMD_Histrionic Personality Disorder,Histrionic Personality Disorder,RMD,TDB,1.2941012382507324,16.948579788208008
2026-07-01,RMD_Hypergraphia,Hypergraphia,RMD,TDB,1.05086088180542,5.125875473022461
2026-07-01,RMD_Hyperthymesia,Hyperthymesia,RMD,TDB,1.9757864475250244,78.86187744140625
2026-07-01,RMD_Impulse Control Disorders,Impulse Control Disorders,RMD,TDB,1.34238862991333,70.3460464477539
2026-07-01,RMD_Intermetamorphosis Syndrome,Intermetamorphosis Syndrome,RMD,TDB,0.0030530912335962057,0.008117550052702427
2026-07-01,RMD_Kleine Levin Syndrome,Kleine Levin Syndrome,RMD,TDB,1.4077577590942383,16.691669464111328
2026-07-01,RMD_Kleptomania,Kleptomania,RMD,TDB,2.3132505416870117,38.67864227294922
2026-07-01,RMD_Koro,Koro,RMD,TDB,1.0551369190216064,3.442894458770752
2026-07-01,RMD_Landau Kleffner Syndrome,Landau Kleffner Syndrome,RMD,TDB,1.6734428405761719,10.780354499816895
2026-07-01,RMD_Narcissistic Personality Disorder,Narcissistic Personality Disorder,RMD,TDB,2.0240988731384277,372.439208984375
2026-07-01,RMD_Olfactory Reference Syndrome,Olfactory Reference Syndrome,RMD,TDB,1.5765316486358643,92.38148498535156
2026-07-01,RMD_Othello Syndrome,Othello Syndrome,RMD,TDB,1.440160870552063,18.23115348815918
2026-07-01,RMD_Palilalia,Palilalia,RMD,TDB,0.7879200577735901,2.375427007675171
2026-07-01,RMD_Postpartum Psychosis,Postpartum Psychosis,RMD,TDB,2.3127219676971436,33.675872802734375
2026-07-01,RMD_Pyromania,Pyromania,RMD,TDB,1.7961113452911377,47.356231689453125
2026-07-01,RMD_Reactive Attachment Disorder,Reactive Attachment Disorder,RMD,TDB,2.253122091293335,169.72584533691406
2026-07-01,RMD_Reduplicative Paramnesia,Reduplicative Paramnesia,RMD,TDB,1.298537254333496,2.663933277130127
2026-07-01,RMD_Rumination Disorder,Rumination Disorder,RMD,TDB,1.857522964477539,84.31278991699219
2026-07-01,RMD_Savant Syndrome,Savant Syndrome,RMD,TDB,1.2036104202270508,17.432716369628906
2026-07-01,RMD_Schizoaffective Disorder,Schizoaffective Disorder,RMD,TDB,1.5497753620147705,91.17766571044922
2026-07-01,RMD_Schizotypal Personality Disorder,Schizotypal Personality Disorder,RMD,TDB,2.0338690280914307,245.1065216064453
2026-07-01,RMD_Selective Mutism,Selective Mutism,RMD,TDB,2.699476718902588,55.36405944824219
2026-07-01,RMD_Stendhal Syndrome,Stendhal Syndrome,RMD,TDB,0.9394760131835938,3.6305062770843506
2026-07-01,RMD_Wendigo Psychosis,Wendigo Psychosis,RMD,TDB,0.6280831694602966,1.2099953889846802
2026-07-01,PT_Acceptance And Commitment Therapy,Acceptance And Commitment Therapy,PT,TDB,1.0215026140213013,38.987300872802734
2026-07-01,PT_Animal Assisted Therapy,Animal Assisted Therapy,PT,TDB,1.3303329944610596,8.428061485290527
2026-07-01,PT_Anticonvulsant Therapy,Anticonvulsant Therapy,PT,TDB,0.3989821672439575,2.6690118312835693
2026-07-01,PT_Antidepressants,Antidepressants,PT,TDB,0.9222436547279358,131.19345092773438
2026-07-01,PT_Antipsychotic Medications,Antipsychotic Medications,PT,TDB,-0.013234447687864304,0.0
2026-07-01,PT_Anxiolytic Medications,Anxiolytic Medications,PT,TDB,0.8894628286361694,78.07476043701172
2026-07-01,PT_Art Therapy,Art Therapy,PT,TDB,0.41530802845954895,3.217944860458374
2026-07-01,PT_Augmentative Communication Devices,Augmentative Communication Devices,PT,TDB,0.3179742693901062,0.5539591312408447
2026-07-01,PT_Behavioral Activation Therapy,Behavioral Activation Therapy,PT,TDB,0.5318716168403625,2.03635835647583
2026-07-01,PT_Biofeedback Devices,Biofeedback Devices,PT,TDB,0.5693036317825317,0.8615590929985046
2026-07-01,PT_Blockchain For Data Protection,Blockchain For Data Protection,PT,TDB,-0.012929722666740417,0.0
2026-07-01,PT_Brain Computer Interface,Brain Computer Interface,PT,TDB,0.898273766040802,66.17945098876953
2026-07-01,PT_Cbt For Insomnia,Cbt For Insomnia,PT,TDB,1.5206865072250366,3.5753650665283203
2026-07-01,PT_Chronotherapy,Chronotherapy,PT,TDB,1.0472761392593384,2.660583019256592
2026-07-01,PT_Closed Loop Neurostimulation,Closed Loop Neurostimulation,PT,TDB,1.22681725025177,31.93154525756836
2026-07-01,PT_Clozapine Protocol,Clozapine Protocol,PT,TDB,-0.013700852170586586,0.0
2026-07-01,PT_Cognitive Assistive Technologies,Cognitive Assistive Technologies,PT,TDB,0.037699583917856216,0.03841922804713249
2026-07-01,PT_Cognitive Behavioral Therapy,Cognitive Behavioral Therapy,PT,TDB,0.9275510907173157,144.89627075195312
2026-07-01,PT_Cognitive Enhancement Programs,Cognitive Enhancement Programs,PT,TDB,0.08705121278762817,0.1938214898109436
2026-07-01,PT_Cultural Psychiatry Interventions,Cultural Psychiatry Interventions,PT,TDB,0.17701135575771332,0.19364464282989502
2026-07-01,PT_Deep Brain Stimulation,Deep Brain Stimulation,PT,TDB,0.8944253325462341,12.92353630065918
2026-07-01,PT_Dialectical Behavior Therapy,Dialectical Behavior Therapy,PT,TDB,0.9991018176078796,29.763975143432617
2026-07-01,PT_Dietary Interventions And Supplements,Dietary Interventions And Supplements,PT,TDB,0.14667004346847534,0.1579718142747879
2026-07-01,PT_Digital Health Tools,Digital Health Tools,PT,TDB,0.7564317584037781,44.49146270751953
2026-07-01,PT_Digital Imaging Technologies For Brain Scanning,Digital Imaging Technologies For Brain Scanning,PT,TDB,0.04984506219625473,0.0851321741938591
2026-07-01,PT_Digital Phenotyping,Digital Phenotyping,PT,TDB,1.3601710796356201,17.904611587524414
2026-07-01,PT_Digital Therapeutics,Digital Therapeutics,PT,TDB,-0.013298112899065018,0.0
2026-07-01,PT_Electroconvulsive Therapy,Electroconvulsive Therapy,PT,TDB,-0.013333216309547424,0.0
2026-07-01,PT_Electroencephalography,Electroencephalography,PT,TDB,0.843411922454834,182.5984344482422
2026-07-01,PT_Emdr Therapy,Emdr Therapy,PT,TDB,1.0133720636367798,29.45758628845215
2026-07-01,PT_Emotion Regulation Training,Emotion Regulation Training,PT,TDB,0.6439436674118042,2.0177135467529297
2026-07-01,PT_Expressive Writing And Journaling,Expressive Writing And Journaling,PT,TDB,0.14879539608955383,0.1604355424642563
2026-07-01,PT_Fecal Microbiota Transplant,Fecal Microbiota Transplant,PT,TDB,-0.01311398483812809,0.0
2026-07-01,PT_Focused Ultrasound Therapy,Focused Ultrasound Therapy,PT,TDB,0.4166654348373413,0.9770441651344299
2026-07-01,PT_Hypnotherapy,Hypnotherapy,PT,TDB,1.1152219772338867,25.78940773010254
2026-07-01,PT_Immunotherapy For Neuropsychiatric Disorders,Immunotherapy For Neuropsychiatric Disorders,PT,TDB,1.053443431854248,20.006736755371094
2026-07-01,PT_Interpersonal Psychotherapy,Interpersonal Psychotherapy,PT,TDB,0.6208282709121704,4.162342548370361
2026-07-01,PT_Ketamine Therapy,Ketamine Therapy,PT,TDB,1.1864629983901978,23.292476654052734
2026-07-01,PT_Light Therapy,Light Therapy,PT,TDB,1.06121826171875,16.525733947753906
2026-07-01,PT_Lithium Therapy,Lithium Therapy,PT,TDB,0.07199890911579132,0.08231134712696075
2026-07-01,PT_Machine Learning Neuroimaging,Machine Learning Neuroimaging,PT,TDB,2.071401834487915,9.659436225891113
2026-07-01,PT_Meditation And Relaxation Techniques,Meditation And Relaxation Techniques,PT,TDB,0.34768134355545044,0.967092752456665
2026-07-01,PT_Memory Retrieval Techniques,Memory Retrieval Techniques,PT,TDB,-0.008355626836419106,0.0
2026-07-01,PT_Mentalization Based Treatment,Mentalization Based Treatment,PT,TDB,0.9880833625793457,8.168830871582031
2026-07-01,PT_Metabolic And Enzyme Targeted Therapy,Metabolic And Enzyme Targeted Therapy,PT,TDB,0.4235290288925171,0.7988290190696716
2026-07-01,PT_Metaverse,Metaverse,PT,TDB,-0.014169812202453613,0.0
2026-07-01,PT_Mindfulness Based Stress Reduction,Mindfulness Based Stress Reduction,PT,TDB,0.900715708732605,26.873371124267578
2026-07-01,PT_Mood Stabilizers,Mood Stabilizers,PT,TDB,1.0009013414382935,46.25218963623047
2026-07-01,PT_Motivational Interviewing,Motivational Interviewing,PT,TDB,1.1404120922088623,65.52599334716797
2026-07-01,PT_Music Therapy,Music Therapy,PT,TDB,0.8697691559791565,12.539286613464355
2026-07-01,PT_Naltrexone,Naltrexone,PT,TDB,1.254668951034546,23.982168197631836
2026-07-01,PT_Narrative Exposure Therapy,Narrative Exposure Therapy,PT,TDB,0.8473557829856873,26.518964767456055
2026-07-01,PT_Neurobiological Assessments For Mental Disorders,Neurobiological Assessments For Mental Disorders,PT,TDB,0.17103369534015656,0.1865307241678238
2026-07-01,PT_Neurocognitive Training,Neurocognitive Training,PT,TDB,0.7676124572753906,1.3909506797790527
2026-07-01,PT_Neurofeedback Systems,Neurofeedback Systems,PT,TDB,0.3268352150917053,0.3865729868412018
2026-07-01,PT_Neuromodulation Techniques,Neuromodulation Techniques,PT,TDB,0.7356385588645935,12.132829666137695
2026-07-01,PT_Neuroplasticity Techniques,Neuroplasticity Techniques,PT,TDB,0.0491381511092186,0.10758272558450699
2026-07-01,PT_Neuroprotective Agents,Neuroprotective Agents,PT,TDB,1.0193644762039185,27.60068702697754
2026-07-01,PT_Occupational Therapy,Occupational Therapy,PT,TDB,1.0940192937850952,69.83424377441406
2026-07-01,PT_Oxytocin Therapy,Oxytocin Therapy,PT,TDB,0.9905811548233032,1.6927989721298218
2026-07-01,PT_Personalized Medicine,Personalized Medicine,PT,TDB,0.9112322330474854,303.5354919433594
2026-07-01,PT_Pharmacogenomic Testing,Pharmacogenomic Testing,PT,TDB,1.503651738166809,15.27369213104248
2026-07-01,PT_Privacy Preserving Ai In Digital Mental Health,Privacy Preserving AI In Digital Mental Health,PT,TDB,-0.013274310156702995,0.0
2026-07-01,PT_Prolonged Exposure Therapy,Prolonged Exposure Therapy,PT,TDB,0.026889102533459663,0.05621699243783951
2026-07-01,PT_Psilocybin Assisted Therapy,Psilocybin Assisted Therapy,PT,TDB,-0.014297794550657272,0.0
2026-07-01,PT_Psychoeducation Programs,Psychoeducation Programs,PT,TDB,0.43470579385757446,1.0130118131637573
2026-07-01,PT_Psychophysiological Metrics For Treatment Response,Psychophysiological Metrics For Treatment Response,PT,TDB,0.2831304669380188,0.4934411346912384
2026-07-01,PT_Reality Testing Techniques,Reality Testing Techniques,PT,TDB,-0.012932566925883293,0.0
2026-07-01,PT_Regenerative Medicine Approaches,Regenerative Medicine Approaches,PT,TDB,0.6395913362503052,17.68619728088379
2026-07-01,PT_Resting State Fmri,Resting State FMRI,PT,TDB,0.7609061002731323,27.244184494018555
2026-07-01,PT_Schema Therapy,Schema Therapy,PT,TDB,1.3496427536010742,2.8560476303100586
2026-07-01,PT_Secure Data Storage For Patient Records,Secure Data Storage For Patient Records,PT,TDB,0.027342822402715683,0.027720067650079727
2026-07-01,PT_Selective Serotonin Reuptake Inhibitors,Selective Serotonin Reuptake Inhibitors,PT,TDB,0.9717655777931213,66.15898895263672
2026-07-01,PT_Sleep Pattern Monitoring And Manipulation,Sleep Pattern Monitoring And Manipulation,PT,TDB,-0.013173224404454231,0.0
2026-07-01,PT_Smart Wearable Mental Health Trackers,Smart Wearable Mental Health Trackers,PT,TDB,-0.01297459565103054,0.0
2026-07-01,PT_Social Skills Training,Social Skills Training,PT,TDB,1.0707772970199585,25.049686431884766
2026-07-01,PT_Speech Language Therapy,Speech Language Therapy,PT,TDB,0.5476790070533752,1.0238267183303833
2026-07-01,PT_Stem Cell Therapy For Neurological Disorders,Stem Cell Therapy For Neurological Disorders,PT,TDB,0.3915743827819824,2.0595057010650635
2026-07-01,PT_Stimulant And Wake Promoting Agents,Stimulant And Wake Promoting Agents,PT,TDB,1.1924195289611816,40.124183654785156
2026-07-01,PT_Traditional And Alternative Medicine Approaches,Traditional And Alternative Medicine Approaches,PT,TDB,0.5924805402755737,8.130139350891113
2026-07-01,PT_Transcranial Direct Current Stimulation,Transcranial Direct Current Stimulation,PT,TDB,0.869179904460907,39.65150833129883
2026-07-01,PT_Transcranial Magnetic Stimulation,Transcranial Magnetic Stimulation,PT,TDB,0.9509744644165039,189.4055938720703
2026-07-01,PT_Transference Focused Psychotherapy,Transference Focused Psychotherapy,PT,TDB,1.1282768249511719,10.360870361328125
2026-07-01,PT_Trauma Focused Cbt,Trauma Focused Cbt,PT,TDB,0.5865081548690796,2.793579339981079
2026-07-01,PT_Vagus Nerve Stimulation,Vagus Nerve Stimulation,PT,TDB,1.1210896968841553,16.07786750793457
2026-07-01,PT_Virtual Reality Exposure Therapy,Virtual Reality Exposure Therapy,PT,TDB,0.8903220891952515,7.2650933265686035
2026-07-01,PT_Vocal And Speech Biomarkers,Vocal And Speech Biomarkers,PT,TDB,-0.013645842671394348,0.0
2026-07-01,PT_Voxel Based Lesion Symptom Mapping,Voxel Based Lesion Symptom Mapping,PT,TDB,0.48244327306747437,0.9283989071846008
2026-08-01,RMD_Anorexia Nervosa,Anorexia Nervosa,RMD,TDB,1.9115569591522217,365.8143005371094
2026-08-01,RMD_Antisocial Personality Disorder,Antisocial Personality Disorder,RMD,TDB,1.2064504623413086,44.78530502319336
2026-08-01,RMD_Autosarcophagy,Autosarcophagy,RMD,TDB,0.6048910617828369,0.8310527205467224
2026-08-01,RMD_Avoidant Personality Disorder,Avoidant Personality Disorder,RMD,TDB,1.5698204040527344,16.585311889648438
2026-08-01,RMD_Boanthropy,Boanthropy,RMD,TDB,0.8097938299179077,2.3161978721618652
2026-08-01,RMD_Body Integrity Dysphoria,Body Integrity Dysphoria,RMD,TDB,1.7258535623550415,32.90414047241211
2026-08-01,RMD_Brief Psychotic Disorder,Brief Psychotic Disorder,RMD,TDB,1.1908584833145142,2.402121067047119
2026-08-01,RMD_Capgras Syndrome,Capgras Syndrome,RMD,TDB,1.5756765604019165,24.56836700439453
2026-08-01,RMD_Childhood Disintegrative Disorder,Childhood Disintegrative Disorder,RMD,TDB,1.690742015838623,32.69468688964844
2026-08-01,RMD_Chronic Traumatic Encephalopathy,Chronic Traumatic Encephalopathy,RMD,TDB,2.063845157623291,440.4296875
2026-08-01,RMD_Circadian Rhythm Sleep Wake Disorder,Circadian Rhythm Sleep Wake Disorder,RMD,TDB,1.2238001823425293,2.742408275604248
2026-08-01,RMD_Cotard Syndrome,Cotard Syndrome,RMD,TDB,1.536600112915039,5.320073127746582
2026-08-01,RMD_Cyclothymic Disorder,Cyclothymic Disorder,RMD,TDB,1.9856586456298828,242.23106384277344
2026-08-01,RMD_Delusional Disorder,Delusional Disorder,RMD,TDB,0.5531839728355408,1.669718861579895
2026-08-01,RMD_Diogenes Syndrome,Diogenes Syndrome,RMD,TDB,1.7084791660308838,4.580030918121338
2026-08-01,RMD_Disinhibited Social Engagement Disorder,Disinhibited Social Engagement Disorder,RMD,TDB,1.0897947549819946,4.660045623779297
2026-08-01,RMD_Dissociative Amnesia,Dissociative Amnesia,RMD,TDB,1.603478193283081,6.027538299560547
2026-08-01,RMD_Dissociative Fugue,Dissociative Fugue,RMD,TDB,1.9338951110839844,40.91215515136719
2026-08-01,RMD_Ekbom Syndrome,Ekbom Syndrome,RMD,TDB,1.5234729051589966,47.84928894042969
2026-08-01,RMD_Erotomania,Erotomania,RMD,TDB,1.9579088687896729,84.75830078125
2026-08-01,RMD_Factitious Disorder,Factitious Disorder,RMD,TDB,2.0793399810791016,278.82470703125
2026-08-01,RMD_Fregoli Delusion,Fregoli Delusion,RMD,TDB,0.947005033493042,1.577977180480957
2026-08-01,RMD_Ganser Syndrome,Ganser Syndrome,RMD,TDB,2.3046317100524902,13.502588272094727
2026-08-01,RMD_Hallucinogen Persisting Perception Disorder,Hallucinogen Persisting Perception Disorder,RMD,TDB,2.083371639251709,157.65892028808594
2026-08-01,RMD_Histrionic Personality Disorder,Histrionic Personality Disorder,RMD,TDB,1.2912691831588745,16.83551597595215
2026-08-01,RMD_Hypergraphia,Hypergraphia,RMD,TDB,1.0481534004211426,5.0973358154296875
2026-08-01,RMD_Hyperthymesia,Hyperthymesia,RMD,TDB,1.9726285934448242,78.30472564697266
2026-08-01,RMD_Impulse Control Disorders,Impulse Control Disorders,RMD,TDB,1.3446186780929565,70.85362243652344
2026-08-01,RMD_Intermetamorphosis Syndrome,Intermetamorphosis Syndrome,RMD,TDB,0.006383125204592943,0.01704658381640911
2026-08-01,RMD_Kleine Levin Syndrome,Kleine Levin Syndrome,RMD,TDB,1.4083257913589478,16.712188720703125
2026-08-01,RMD_Kleptomania,Kleptomania,RMD,TDB,2.3104281425476074,38.500850677490234
2026-08-01,RMD_Koro,Koro,RMD,TDB,1.059174656867981,3.4683215618133545
2026-08-01,RMD_Landau Kleffner Syndrome,Landau Kleffner Syndrome,RMD,TDB,1.6726617813110352,10.766801834106445
2026-08-01,RMD_Narcissistic Personality Disorder,Narcissistic Personality Disorder,RMD,TDB,2.0213565826416016,369.45465087890625
2026-08-01,RMD_Olfactory Reference Syndrome,Olfactory Reference Syndrome,RMD,TDB,1.5770703554153442,92.52635955810547
2026-08-01,RMD_Othello Syndrome,Othello Syndrome,RMD,TDB,1.439815878868103,18.2175350189209
2026-08-01,RMD_Palilalia,Palilalia,RMD,TDB,0.7841505408287048,2.3558390140533447
2026-08-01,RMD_Postpartum Psychosis,Postpartum Psychosis,RMD,TDB,2.309138298034668,33.48585510253906
2026-08-01,RMD_Pyromania,Pyromania,RMD,TDB,1.7945842742919922,47.19703674316406
2026-08-01,RMD_Reactive Attachment Disorder,Reactive Attachment Disorder,RMD,TDB,2.2489824295043945,168.1211395263672
2026-08-01,RMD_Reduplicative Paramnesia,Reduplicative Paramnesia,RMD,TDB,1.2988953590393066,2.665245532989502
2026-08-01,RMD_Rumination Disorder,Rumination Disorder,RMD,TDB,1.8565137386322021,84.1069107055664
2026-08-01,RMD_Savant Syndrome,Savant Syndrome,RMD,TDB,1.196395993232727,17.113542556762695
2026-08-01,RMD_Schizoaffective Disorder,Schizoaffective Disorder,RMD,TDB,1.5500640869140625,91.25536346435547
2026-08-01,RMD_Schizotypal Personality Disorder,Schizotypal Personality Disorder,RMD,TDB,2.0307364463806152,243.02835083007812
2026-08-01,RMD_Selective Mutism,Selective Mutism,RMD,TDB,2.69346022605896,54.85984420776367
2026-08-01,RMD_Stendhal Syndrome,Stendhal Syndrome,RMD,TDB,0.9355036020278931,3.600594997406006
2026-08-01,RMD_Wendigo Psychosis,Wendigo Psychosis,RMD,TDB,0.6268080472946167,1.2064403295516968
2026-08-01,PT_Acceptance And Commitment Therapy,Acceptance And Commitment Therapy,PT,TDB,1.0191916227340698,38.65501022338867
2026-08-01,PT_Animal Assisted Therapy,Animal Assisted Therapy,PT,TDB,1.320873498916626,8.278839111328125
2026-08-01,PT_Anticonvulsant Therapy,Anticonvulsant Therapy,PT,TDB,0.3969472348690033,2.6447668075561523
2026-08-01,PT_Antidepressants,Antidepressants,PT,TDB,0.9205944538116455,130.0438690185547
2026-08-01,PT_Antipsychotic Medications,Antipsychotic Medications,PT,TDB,-0.013624724932014942,0.0
2026-08-01,PT_Anxiolytic Medications,Anxiolytic Medications,PT,TDB,0.8881928324699402,77.58283996582031
2026-08-01,PT_Art Therapy,Art Therapy,PT,TDB,0.4132006764411926,3.187250852584839
2026-08-01,PT_Augmentative Communication Devices,Augmentative Communication Devices,PT,TDB,0.3165053725242615,0.5507979393005371
2026-08-01,PT_Behavioral Activation Therapy,Behavioral Activation Therapy,PT,TDB,0.5314305424690247,2.0335631370544434
2026-08-01,PT_Biofeedback Devices,Biofeedback Devices,PT,TDB,0.5665206909179688,0.8559128642082214
2026-08-01,PT_Blockchain For Data Protection,Blockchain For Data Protection,PT,TDB,-0.0132749630138278,0.0
2026-08-01,PT_Brain Computer Interface,Brain Computer Interface,PT,TDB,0.8986645340919495,66.3025131225586
2026-08-01,PT_Cbt For Insomnia,Cbt For Insomnia,PT,TDB,1.5117641687393188,3.5347237586975098
2026-08-01,PT_Chronotherapy,Chronotherapy,PT,TDB,1.0427799224853516,2.640246629714966
2026-08-01,PT_Closed Loop Neurostimulation,Closed Loop Neurostimulation,PT,TDB,1.2211273908615112,31.40213394165039
2026-08-01,PT_Clozapine Protocol,Clozapine Protocol,PT,TDB,-0.014182415790855885,0.0
2026-08-01,PT_Cognitive Assistive Technologies,Cognitive Assistive Technologies,PT,TDB,0.03696981072425842,0.03766169399023056
2026-08-01,PT_Cognitive Behavioral Therapy,Cognitive Behavioral Therapy,PT,TDB,0.9270357489585876,144.49290466308594
2026-08-01,PT_Cognitive Enhancement Programs,Cognitive Enhancement Programs,PT,TDB,0.08493936061859131,0.18870161473751068
2026-08-01,PT_Cultural Psychiatry Interventions,Cultural Psychiatry Interventions,PT,TDB,0.17439110577106476,0.19052109122276306
2026-08-01,PT_Deep Brain Stimulation,Deep Brain Stimulation,PT,TDB,0.8908953666687012,12.779569625854492
2026-08-01,PT_Dialectical Behavior Therapy,Dialectical Behavior Therapy,PT,TDB,0.997014045715332,29.54449462890625
2026-08-01,PT_Dietary Interventions And Supplements,Dietary Interventions And Supplements,PT,TDB,0.14687132835388184,0.15820492804050446
2026-08-01,PT_Digital Health Tools,Digital Health Tools,PT,TDB,0.7567511200904846,44.564842224121094
2026-08-01,PT_Digital Imaging Technologies For Brain Scanning,Digital Imaging Technologies For Brain Scanning,PT,TDB,0.052610259503126144,0.09006167948246002
2026-08-01,PT_Digital Phenotyping,Digital Phenotyping,PT,TDB,1.3556437492370605,17.720556259155273
2026-08-01,PT_Digital Therapeutics,Digital Therapeutics,PT,TDB,-0.01368033979088068,0.0
2026-08-01,PT_Electroconvulsive Therapy,Electroconvulsive Therapy,PT,TDB,-0.013699078001081944,0.0
2026-08-01,PT_Electroencephalography,Electroencephalography,PT,TDB,0.8435461521148682,182.75082397460938
2026-08-01,PT_Emdr Therapy,Emdr Therapy,PT,TDB,1.0115361213684082,29.269655227661133
2026-08-01,PT_Emotion Regulation Training,Emotion Regulation Training,PT,TDB,0.6427377462387085,2.0114781856536865
2026-08-01,PT_Expressive Writing And Journaling,Expressive Writing And Journaling,PT,TDB,0.15068519115447998,0.1626305878162384
2026-08-01,PT_Fecal Microbiota Transplant,Fecal Microbiota Transplant,PT,TDB,-0.013501911424100399,0.0
2026-08-01,PT_Focused Ultrasound Therapy,Focused Ultrasound Therapy,PT,TDB,0.41344138979911804,0.9666445851325989
2026-08-01,PT_Hypnotherapy,Hypnotherapy,PT,TDB,1.1094120740890503,25.334426879882812
2026-08-01,PT_Immunotherapy For Neuropsychiatric Disorders,Immunotherapy For Neuropsychiatric Disorders,PT,TDB,1.048068881034851,19.682931900024414
2026-08-01,PT_Interpersonal Psychotherapy,Interpersonal Psychotherapy,PT,TDB,0.6202645897865295,4.1546549797058105
2026-08-01,PT_Ketamine Therapy,Ketamine Therapy,PT,TDB,1.1790138483047485,22.81075668334961
2026-08-01,PT_Light Therapy,Light Therapy,PT,TDB,1.0549473762512207,16.23166275024414
2026-08-01,PT_Lithium Therapy,Lithium Therapy,PT,TDB,0.07112959772348404,0.08127819001674652
2026-08-01,PT_Machine Learning Neuroimaging,Machine Learning Neuroimaging,PT,TDB,2.0599350929260254,9.520709037780762
2026-08-01,PT_Meditation And Relaxation Techniques,Meditation And Relaxation Techniques,PT,TDB,0.3492874205112457,0.9732500314712524
2026-08-01,PT_Memory Retrieval Techniques,Memory Retrieval Techniques,PT,TDB,-0.00888632982969284,0.0
2026-08-01,PT_Mentalization Based Treatment,Mentalization Based Treatment,PT,TDB,0.9791550636291504,7.987077236175537
2026-08-01,PT_Metabolic And Enzyme Targeted Therapy,Metabolic And Enzyme Targeted Therapy,PT,TDB,0.4203716814517975,0.7909727692604065
2026-08-01,PT_Metaverse,Metaverse,PT,TDB,-0.014599435962736607,0.0
2026-08-01,PT_Mindfulness Based Stress Reduction,Mindfulness Based Stress Reduction,PT,TDB,0.9006239771842957,26.863927841186523
2026-08-01,PT_Mood Stabilizers,Mood Stabilizers,PT,TDB,0.9987987279891968,45.87102508544922
2026-08-01,PT_Motivational Interviewing,Motivational Interviewing,PT,TDB,1.1363277435302734,64.53334045410156
2026-08-01,PT_Music Therapy,Music Therapy,PT,TDB,0.8642120957374573,12.315755844116211
2026-08-01,PT_Naltrexone,Naltrexone,PT,TDB,1.2452577352523804,23.386333465576172
2026-08-01,PT_Narrative Exposure Therapy,Narrative Exposure Therapy,PT,TDB,0.8434877991676331,26.105690002441406
2026-08-01,PT_Neurobiological Assessments For Mental Disorders,Neurobiological Assessments For Mental Disorders,PT,TDB,0.170320525765419,0.18568482995033264
2026-08-01,PT_Neurocognitive Training,Neurocognitive Training,PT,TDB,0.7648481726646423,1.383457064628601
2026-08-01,PT_Neurofeedback Systems,Neurofeedback Systems,PT,TDB,0.32523611187934875,0.3843574821949005
2026-08-01,PT_Neuromodulation Techniques,Neuromodulation Techniques,PT,TDB,0.7362471222877502,12.160836219787598
2026-08-01,PT_Neuroplasticity Techniques,Neuroplasticity Techniques,PT,TDB,0.05144261196255684,0.11290298402309418
2026-08-01,PT_Neuroprotective Agents,Neuroprotective Agents,PT,TDB,1.0168887376785278,27.368698120117188
2026-08-01,PT_Occupational Therapy,Occupational Therapy,PT,TDB,1.0898665189743042,68.69796752929688
2026-08-01,PT_Oxytocin Therapy,Oxytocin Therapy,PT,TDB,0.9846202731132507,1.676795244216919
2026-08-01,PT_Personalized Medicine,Personalized Medicine,PT,TDB,0.9108706116676331,302.8450622558594
2026-08-01,PT_Pharmacogenomic Testing,Pharmacogenomic Testing,PT,TDB,1.4962700605392456,15.05235481262207
2026-08-01,PT_Privacy Preserving Ai In Digital Mental Health,Privacy Preserving AI In Digital Mental Health,PT,TDB,-0.013704988174140453,0.0
2026-08-01,PT_Prolonged Exposure Therapy,Prolonged Exposure Therapy,PT,TDB,0.02581678330898285,0.05391573905944824
2026-08-01,PT_Psilocybin Assisted Therapy,Psilocybin Assisted Therapy,PT,TDB,-0.014682832174003124,0.0
2026-08-01,PT_Psychoeducation Programs,Psychoeducation Programs,PT,TDB,0.4319343864917755,1.0040528774261475
2026-08-01,PT_Psychophysiological Metrics For Treatment Response,Psychophysiological Metrics For Treatment Response,PT,TDB,0.2852582335472107,0.49794942140579224
2026-08-01,PT_Reality Testing Techniques,Reality Testing Techniques,PT,TDB,-0.013458560220897198,0.0
2026-08-01,PT_Regenerative Medicine Approaches,Regenerative Medicine Approaches,PT,TDB,0.6415618658065796,17.855510711669922
2026-08-01,PT_Resting State Fmri,Resting State FMRI,PT,TDB,0.7620590329170227,27.387521743774414
2026-08-01,PT_Schema Therapy,Schema Therapy,PT,TDB,1.3446177244186401,2.836719512939453
2026-08-01,PT_Secure Data Storage For Patient Records,Secure Data Storage For Patient Records,PT,TDB,0.027524434030056,0.02790673077106476
2026-08-01,PT_Selective Serotonin Reuptake Inhibitors,Selective Serotonin Reuptake Inhibitors,PT,TDB,0.9695866107940674,65.52843475341797
2026-08-01,PT_Sleep Pattern Monitoring And Manipulation,Sleep Pattern Monitoring And Manipulation,PT,TDB,-0.013730932958424091,0.0
2026-08-01,PT_Smart Wearable Mental Health Trackers,Smart Wearable Mental Health Trackers,PT,TDB,-0.013579119928181171,0.0
2026-08-01,PT_Social Skills Training,Social Skills Training,PT,TDB,1.067976474761963,24.8284969329834
2026-08-01,PT_Speech Language Therapy,Speech Language Therapy,PT,TDB,0.546286404132843,1.0202020406723022
2026-08-01,PT_Stem Cell Therapy For Neurological Disorders,Stem Cell Therapy For Neurological Disorders,PT,TDB,0.3942631781101227,2.0830888748168945
2026-08-01,PT_Stimulant And Wake Promoting Agents,Stimulant And Wake Promoting Agents,PT,TDB,1.188549280166626,39.631080627441406
2026-08-01,PT_Traditional And Alternative Medicine Approaches,Traditional And Alternative Medicine Approaches,PT,TDB,0.5932790637016296,8.157394409179688
2026-08-01,PT_Transcranial Direct Current Stimulation,Transcranial Direct Current Stimulation,PT,TDB,0.8655468225479126,39.026798248291016
2026-08-01,PT_Transcranial Magnetic Stimulation,Transcranial Magnetic Stimulation,PT,TDB,0.949743926525116,188.11663818359375
2026-08-01,PT_Transference Focused Psychotherapy,Transference Focused Psychotherapy,PT,TDB,1.1232386827468872,10.238256454467773
2026-08-01,PT_Trauma Focused Cbt,Trauma Focused Cbt,PT,TDB,0.5867663621902466,2.795806884765625
2026-08-01,PT_Vagus Nerve Stimulation,Vagus Nerve Stimulation,PT,TDB,1.1161468029022217,15.865525245666504
2026-08-01,PT_Virtual Reality Exposure Therapy,Virtual Reality Exposure Therapy,PT,TDB,0.8872630596160889,7.2053327560424805
2026-08-01,PT_Vocal And Speech Biomarkers,Vocal And Speech Biomarkers,PT,TDB,-0.013916677795350552,0.0
2026-08-01,PT_Voxel Based Lesion Symptom Mapping,Voxel Based Lesion Symptom Mapping,PT,TDB,0.48308420181274414,0.9300819039344788
2026-09-01,RMD_Anorexia Nervosa,Anorexia Nervosa,RMD,TDB,1.908972144126892,362.8972473144531
2026-09-01,RMD_Antisocial Personality Disorder,Antisocial Personality Disorder,RMD,TDB,1.2061028480529785,44.73487854003906
2026-09-01,RMD_Autosarcophagy,Autosarcophagy,RMD,TDB,0.6043962836265564,0.8301469683647156
2026-09-01,RMD_Avoidant Personality Disorder,Avoidant Personality Disorder,RMD,TDB,1.5660407543182373,16.464336395263672
2026-09-01,RMD_Boanthropy,Boanthropy,RMD,TDB,0.807483971118927,2.304877519607544
2026-09-01,RMD_Body Integrity Dysphoria,Body Integrity Dysphoria,RMD,TDB,1.724822998046875,32.832881927490234
2026-09-01,RMD_Brief Psychotic Disorder,Brief Psychotic Disorder,RMD,TDB,1.1932752132415771,2.4105851650238037
2026-09-01,RMD_Capgras Syndrome,Capgras Syndrome,RMD,TDB,1.5759174823760986,24.581043243408203
2026-09-01,RMD_Childhood Disintegrative Disorder,Childhood Disintegrative Disorder,RMD,TDB,1.6895020008087158,32.60787582397461
2026-09-01,RMD_Chronic Traumatic Encephalopathy,Chronic Traumatic Encephalopathy,RMD,TDB,2.060973644256592,436.705078125
2026-09-01,RMD_Circadian Rhythm Sleep Wake Disorder,Circadian Rhythm Sleep Wake Disorder,RMD,TDB,1.2258222103118896,2.750577688217163
2026-09-01,RMD_Cotard Syndrome,Cotard Syndrome,RMD,TDB,1.536360740661621,5.318258762359619
2026-09-01,RMD_Cyclothymic Disorder,Cyclothymic Disorder,RMD,TDB,1.9831295013427734,240.53497314453125
2026-09-01,RMD_Delusional Disorder,Delusional Disorder,RMD,TDB,0.5617343187332153,1.7105488777160645
2026-09-01,RMD_Diogenes Syndrome,Diogenes Syndrome,RMD,TDB,1.7071001529693604,4.572292804718018
2026-09-01,RMD_Disinhibited Social Engagement Disorder,Disinhibited Social Engagement Disorder,RMD,TDB,1.0894039869308472,4.656528472900391
2026-09-01,RMD_Dissociative Amnesia,Dissociative Amnesia,RMD,TDB,1.6034579277038574,6.027365207672119
2026-09-01,RMD_Dissociative Fugue,Dissociative Fugue,RMD,TDB,1.9298378229141235,40.5849609375
2026-09-01,RMD_Ekbom Syndrome,Ekbom Syndrome,RMD,TDB,1.523447036743164,47.84606170654297
2026-09-01,RMD_Erotomania,Erotomania,RMD,TDB,1.9537959098815918,83.96009063720703
2026-09-01,RMD_Factitious Disorder,Factitious Disorder,RMD,TDB,2.0757999420166016,276.1534423828125
2026-09-01,RMD_Fregoli Delusion,Fregoli Delusion,RMD,TDB,0.9488929510116577,1.5828487873077393
2026-09-01,RMD_Ganser Syndrome,Ganser Syndrome,RMD,TDB,2.297743082046509,13.387121200561523
2026-09-01,RMD_Hallucinogen Persisting Perception Disorder,Hallucinogen Persisting Perception Disorder,RMD,TDB,2.0795390605926514,156.1869659423828
2026-09-01,RMD_Histrionic Personality Disorder,Histrionic Personality Disorder,RMD,TDB,1.2889701128005981,16.7442569732666
2026-09-01,RMD_Hypergraphia,Hypergraphia,RMD,TDB,1.0458877086639404,5.073554515838623
2026-09-01,RMD_Hyperthymesia,Hyperthymesia,RMD,TDB,1.9693049192428589,77.7225112915039
2026-09-01,RMD_Impulse Control Disorders,Impulse Control Disorders,RMD,TDB,1.3469154834747314,71.38020324707031
2026-09-01,RMD_Intermetamorphosis Syndrome,Intermetamorphosis Syndrome,RMD,TDB,0.010058664716780186,0.026993893086910248
2026-09-01,RMD_Kleine Levin Syndrome,Kleine Levin Syndrome,RMD,TDB,1.408510446548462,16.7188663482666
2026-09-01,RMD_Kleptomania,Kleptomania,RMD,TDB,2.307805299758911,38.33633804321289
2026-09-01,RMD_Koro,Koro,RMD,TDB,1.06300687789917,3.4925894737243652
2026-09-01,RMD_Landau Kleffner Syndrome,Landau Kleffner Syndrome,RMD,TDB,1.671464204788208,10.746048927307129
2026-09-01,RMD_Narcissistic Personality Disorder,Narcissistic Personality Disorder,RMD,TDB,2.018376350402832,366.2381896972656
2026-09-01,RMD_Olfactory Reference Syndrome,Olfactory Reference Syndrome,RMD,TDB,1.577589511871338,92.66618347167969
2026-09-01,RMD_Othello Syndrome,Othello Syndrome,RMD,TDB,1.4390532970428467,18.187475204467773
2026-09-01,RMD_Palilalia,Palilalia,RMD,TDB,0.7807629108428955,2.338332414627075
2026-09-01,RMD_Postpartum Psychosis,Postpartum Psychosis,RMD,TDB,2.305575370788574,33.297977447509766
2026-09-01,RMD_Pyromania,Pyromania,RMD,TDB,1.7930455207824707,47.03715133666992
2026-09-01,RMD_Reactive Attachment Disorder,Reactive Attachment Disorder,RMD,TDB,2.2447495460510254,166.4958038330078
2026-09-01,RMD_Reduplicative Paramnesia,Reduplicative Paramnesia,RMD,TDB,1.2989579439163208,2.6654751300811768
2026-09-01,RMD_Rumination Disorder,Rumination Disorder,RMD,TDB,1.8554799556732178,83.89659118652344
2026-09-01,RMD_Savant Syndrome,Savant Syndrome,RMD,TDB,1.1897192001342773,16.823081970214844
2026-09-01,RMD_Schizoaffective Disorder,Schizoaffective Disorder,RMD,TDB,1.5501770973205566,91.28581237792969
2026-09-01,RMD_Schizotypal Personality Disorder,Schizotypal Personality Disorder,RMD,TDB,2.027451276779175,240.86782836914062
2026-09-01,RMD_Selective Mutism,Selective Mutism,RMD,TDB,2.6875040531158447,54.3651237487793
2026-09-01,RMD_Stendhal Syndrome,Stendhal Syndrome,RMD,TDB,0.9318899512290955,3.5735526084899902
2026-09-01,RMD_Wendigo Psychosis,Wendigo Psychosis,RMD,TDB,0.6258379817008972,1.2037396430969238
2026-09-01,PT_Acceptance And Commitment Therapy,Acceptance And Commitment Therapy,PT,TDB,1.0172425508499146,38.37689208984375
2026-09-01,PT_Animal Assisted Therapy,Animal Assisted Therapy,PT,TDB,1.3122714757919312,8.145194053649902
2026-09-01,PT_Anticonvulsant Therapy,Anticonvulsant Therapy,PT,TDB,0.3952636122703552,2.624828577041626
2026-09-01,PT_Antidepressants,Antidepressants,PT,TDB,0.9191793203353882,129.06544494628906
2026-09-01,PT_Antipsychotic Medications,Antipsychotic Medications,PT,TDB,-0.013887814246118069,0.0
2026-09-01,PT_Anxiolytic Medications,Anxiolytic Medications,PT,TDB,0.8870901465415955,77.15824890136719
2026-09-01,PT_Art Therapy,Art Therapy,PT,TDB,0.41137897968292236,3.160898208618164
2026-09-01,PT_Augmentative Communication Devices,Augmentative Communication Devices,PT,TDB,0.3152035176753998,0.5480017066001892
2026-09-01,PT_Behavioral Activation Therapy,Behavioral Activation Therapy,PT,TDB,0.531028687953949,2.0310187339782715
2026-09-01,PT_Biofeedback Devices,Biofeedback Devices,PT,TDB,0.5639470815658569,0.8507065773010254
2026-09-01,PT_Blockchain For Data Protection,Blockchain For Data Protection,PT,TDB,-0.013478009961545467,0.0
2026-09-01,PT_Brain Computer Interface,Brain Computer Interface,PT,TDB,0.8991624116897583,66.45965576171875
2026-09-01,PT_Cbt For Insomnia,Cbt For Insomnia,PT,TDB,1.5035743713378906,3.497736930847168
2026-09-01,PT_Chronotherapy,Chronotherapy,PT,TDB,1.038630723953247,2.621579647064209
2026-09-01,PT_Closed Loop Neurostimulation,Closed Loop Neurostimulation,PT,TDB,1.2158586978912354,30.919496536254883
2026-09-01,PT_Clozapine Protocol,Clozapine Protocol,PT,TDB,-0.014534235931932926,0.0
2026-09-01,PT_Cognitive Assistive Technologies,Cognitive Assistive Technologies,PT,TDB,0.03635532408952713,0.03702426329255104
2026-09-01,PT_Cognitive Behavioral Therapy,Cognitive Behavioral Therapy,PT,TDB,0.9265750050544739,144.1332244873047
2026-09-01,PT_Cognitive Enhancement Programs,Cognitive Enhancement Programs,PT,TDB,0.08303897082805634,0.18411317467689514
2026-09-01,PT_Cultural Psychiatry Interventions,Cultural Psychiatry Interventions,PT,TDB,0.17197825014591217,0.18765200674533844
2026-09-01,PT_Deep Brain Stimulation,Deep Brain Stimulation,PT,TDB,0.8877668976783752,12.65322208404541
2026-09-01,PT_Dialectical Behavior Therapy,Dialectical Behavior Therapy,PT,TDB,0.995077908039093,29.34235191345215
2026-09-01,PT_Dietary Interventions And Supplements,Dietary Interventions And Supplements,PT,TDB,0.147091805934906,0.1584603190422058
2026-09-01,PT_Digital Health Tools,Digital Health Tools,PT,TDB,0.7570940256118774,44.64375686645508
2026-09-01,PT_Digital Imaging Technologies For Brain Scanning,Digital Imaging Technologies For Brain Scanning,PT,TDB,0.05522532016038895,0.09474413096904755
2026-09-01,PT_Digital Phenotyping,Digital Phenotyping,PT,TDB,1.351487159729004,17.55314826965332
2026-09-01,PT_Digital Therapeutics,Digital Therapeutics,PT,TDB,-0.013933784328401089,0.0
2026-09-01,PT_Electroconvulsive Therapy,Electroconvulsive Therapy,PT,TDB,-0.01393906306475401,0.0
2026-09-01,PT_Electroencephalography,Electroencephalography,PT,TDB,0.8437190055847168,182.9471893310547
2026-09-01,PT_Emdr Therapy,Emdr Therapy,PT,TDB,1.0098618268966675,29.099279403686523
2026-09-01,PT_Emotion Regulation Training,Emotion Regulation Training,PT,TDB,0.6415941119194031,2.0055766105651855
2026-09-01,PT_Expressive Writing And Journaling,Expressive Writing And Journaling,PT,TDB,0.1525026261806488,0.1647455245256424
2026-09-01,PT_Fecal Microbiota Transplant,Fecal Microbiota Transplant,PT,TDB,-0.013783498667180538,0.0
2026-09-01,PT_Focused Ultrasound Therapy,Focused Ultrasound Therapy,PT,TDB,0.41052737832069397,0.9572920203208923
2026-09-01,PT_Hypnotherapy,Hypnotherapy,PT,TDB,1.1040270328521729,24.91962432861328
2026-09-01,PT_Immunotherapy For Neuropsychiatric Disorders,Immunotherapy For Neuropsychiatric Disorders,PT,TDB,1.0432555675506592,19.397174835205078
2026-09-01,PT_Interpersonal Psychotherapy,Interpersonal Psychotherapy,PT,TDB,0.6197484135627747,4.14762544631958
2026-09-01,PT_Ketamine Therapy,Ketamine Therapy,PT,TDB,1.1720669269561768,22.37012481689453
2026-09-01,PT_Light Therapy,Light Therapy,PT,TDB,1.0491390228271484,15.963682174682617
2026-09-01,PT_Lithium Therapy,Lithium Therapy,PT,TDB,0.07042723894119263,0.08044417947530746
2026-09-01,PT_Machine Learning Neuroimaging,Machine Learning Neuroimaging,PT,TDB,2.049344539642334,9.394186019897461
2026-09-01,PT_Meditation And Relaxation Techniques,Meditation And Relaxation Techniques,PT,TDB,0.35081106424331665,0.9791091084480286
2026-09-01,PT_Memory Retrieval Techniques,Memory Retrieval Techniques,PT,TDB,-0.009305441752076149,0.0
2026-09-01,PT_Mentalization Based Treatment,Mentalization Based Treatment,PT,TDB,0.9708012938499451,7.820284843444824
2026-09-01,PT_Metabolic And Enzyme Targeted Therapy,Metabolic And Enzyme Targeted Therapy,PT,TDB,0.4174805283546448,0.7838088870048523
2026-09-01,PT_Metaverse,Metaverse,PT,TDB,-0.014913736842572689,0.0
2026-09-01,PT_Mindfulness Based Stress Reduction,Mindfulness Based Stress Reduction,PT,TDB,0.9005495309829712,26.856264114379883
2026-09-01,PT_Mood Stabilizers,Mood Stabilizers,PT,TDB,0.9968642592430115,45.52305221557617
2026-09-01,PT_Motivational Interviewing,Motivational Interviewing,PT,TDB,1.132561445236206,63.63114547729492
2026-09-01,PT_Music Therapy,Music Therapy,PT,TDB,0.8590552806854248,12.1116304397583
2026-09-01,PT_Naltrexone,Naltrexone,PT,TDB,1.2364968061447144,22.84445571899414
2026-09-01,PT_Narrative Exposure Therapy,Narrative Exposure Therapy,PT,TDB,0.8399266600608826,25.730690002441406
2026-09-01,PT_Neurobiological Assessments For Mental Disorders,Neurobiological Assessments For Mental Disorders,PT,TDB,0.16967083513736725,0.1849147528409958
2026-09-01,PT_Neurocognitive Training,Neurocognitive Training,PT,TDB,0.7622701525688171,1.376489520072937
2026-09-01,PT_Neurofeedback Systems,Neurofeedback Systems,PT,TDB,0.32377928495407104,0.3823421597480774
2026-09-01,PT_Neuromodulation Techniques,Neuromodulation Techniques,PT,TDB,0.7368536591529846,12.18880844116211
2026-09-01,PT_Neuroplasticity Techniques,Neuroplasticity Techniques,PT,TDB,0.05366712808609009,0.11806292831897736
2026-09-01,PT_Neuroprotective Agents,Neuroprotective Agents,PT,TDB,1.0146018266677856,27.15607261657715
2026-09-01,PT_Occupational Therapy,Occupational Therapy,PT,TDB,1.0860203504562378,67.66181182861328
2026-09-01,PT_Oxytocin Therapy,Oxytocin Therapy,PT,TDB,0.9791050553321838,1.662072777748108
2026-09-01,PT_Personalized Medicine,Personalized Medicine,PT,TDB,0.9105855226516724,302.30194091796875
2026-09-01,PT_Pharmacogenomic Testing,Pharmacogenomic Testing,PT,TDB,1.4894561767578125,14.850714683532715
2026-09-01,PT_Privacy Preserving Ai In Digital Mental Health,Privacy Preserving AI In Digital Mental Health,PT,TDB,-0.01403713133186102,0.0
2026-09-01,PT_Prolonged Exposure Therapy,Prolonged Exposure Therapy,PT,TDB,0.024919388815760612,0.05199374258518219
2026-09-01,PT_Psilocybin Assisted Therapy,Psilocybin Assisted Therapy,PT,TDB,-0.014974390156567097,0.0
2026-09-01,PT_Psychoeducation Programs,Psychoeducation Programs,PT,TDB,0.4293595552444458,0.9957652688026428
2026-09-01,PT_Psychophysiological Metrics For Treatment Response,Psychophysiological Metrics For Treatment Response,PT,TDB,0.28726285696029663,0.5022092461585999
2026-09-01,PT_Reality Testing Techniques,Reality Testing Techniques,PT,TDB,-0.013866662047803402,0.0
2026-09-01,PT_Regenerative Medicine Approaches,Regenerative Medicine Approaches,PT,TDB,0.6434372067451477,18.018077850341797
2026-09-01,PT_Resting State Fmri,Resting State FMRI,PT,TDB,0.7631565928459167,27.524648666381836
2026-09-01,PT_Schema Therapy,Schema Therapy,PT,TDB,1.3402493000030518,2.819995641708374
2026-09-01,PT_Secure Data Storage For Patient Records,Secure Data Storage For Patient Records,PT,TDB,0.027782749384641647,0.028172289952635765
2026-09-01,PT_Selective Serotonin Reuptake Inhibitors,Selective Serotonin Reuptake Inhibitors,PT,TDB,0.9675614237785339,64.94769287109375
2026-09-01,PT_Sleep Pattern Monitoring And Manipulation,Sleep Pattern Monitoring And Manipulation,PT,TDB,-0.014169110916554928,0.0
2026-09-01,PT_Smart Wearable Mental Health Trackers,Smart Wearable Mental Health Trackers,PT,TDB,-0.01406495925039053,0.0
2026-09-01,PT_Social Skills Training,Social Skills Training,PT,TDB,1.0653719902038574,24.62450408935547
2026-09-01,PT_Speech Language Therapy,Speech Language Therapy,PT,TDB,0.5450741052627563,1.0170519351959229
2026-09-01,PT_Stem Cell Therapy For Neurological Disorders,Stem Cell Therapy For Neurological Disorders,PT,TDB,0.3967946171760559,2.1054580211639404
2026-09-01,PT_Stimulant And Wake Promoting Agents,Stimulant And Wake Promoting Agents,PT,TDB,1.1849915981292725,39.18302917480469
2026-09-01,PT_Traditional And Alternative Medicine Approaches,Traditional And Alternative Medicine Approaches,PT,TDB,0.5940386652946472,8.183395385742188
2026-09-01,PT_Transcranial Direct Current Stimulation,Transcranial Direct Current Stimulation,PT,TDB,0.8622505068778992,38.46830749511719
2026-09-01,PT_Transcranial Magnetic Stimulation,Transcranial Magnetic Stimulation,PT,TDB,0.9486149549484253,186.9418487548828
2026-09-01,PT_Transference Focused Psychotherapy,Transference Focused Psychotherapy,PT,TDB,1.1185390949249268,10.125070571899414
2026-09-01,PT_Trauma Focused Cbt,Trauma Focused Cbt,PT,TDB,0.5870245099067688,2.798035144805908
2026-09-01,PT_Vagus Nerve Stimulation,Vagus Nerve Stimulation,PT,TDB,1.1115320920944214,15.669663429260254
2026-09-01,PT_Virtual Reality Exposure Therapy,Virtual Reality Exposure Therapy,PT,TDB,0.884396493434906,7.149724006652832
2026-09-01,PT_Vocal And Speech Biomarkers,Vocal And Speech Biomarkers,PT,TDB,-0.014099021442234516,0.0
2026-09-01,PT_Voxel Based Lesion Symptom Mapping,Voxel Based Lesion Symptom Mapping,PT,TDB,0.4836954176425934,0.9316884279251099
2026-10-01,RMD_Anorexia Nervosa,Anorexia Nervosa,RMD,TDB,1.9058938026428223,359.4533386230469
2026-10-01,RMD_Antisocial Personality Disorder,Antisocial Personality Disorder,RMD,TDB,1.2057392597198486,44.68220901489258
2026-10-01,RMD_Autosarcophagy,Autosarcophagy,RMD,TDB,0.6039806604385376,0.8293864727020264
2026-10-01,RMD_Avoidant Personality Disorder,Avoidant Personality Disorder,RMD,TDB,1.5623114109039307,16.345787048339844
2026-10-01,RMD_Boanthropy,Boanthropy,RMD,TDB,0.8053397536277771,2.294403314590454
2026-10-01,RMD_Body Integrity Dysphoria,Body Integrity Dysphoria,RMD,TDB,1.7233729362487793,32.73286819458008
2026-10-01,RMD_Brief Psychotic Disorder,Brief Psychotic Disorder,RMD,TDB,1.1952459812164307,2.4175031185150146
2026-10-01,RMD_Capgras Syndrome,Capgras Syndrome,RMD,TDB,1.5756795406341553,24.568525314331055
2026-10-01,RMD_Childhood Disintegrative Disorder,Childhood Disintegrative Disorder,RMD,TDB,1.6878149509429932,32.490135192871094
2026-10-01,RMD_Chronic Traumatic Encephalopathy,Chronic Traumatic Encephalopathy,RMD,TDB,2.057635545730591,432.4148254394531
2026-10-01,RMD_Circadian Rhythm Sleep Wake Disorder,Circadian Rhythm Sleep Wake Disorder,RMD,TDB,1.2274556159973145,2.757189989089966
2026-10-01,RMD_Cotard Syndrome,Cotard Syndrome,RMD,TDB,1.5355876684188843,5.312399864196777
2026-10-01,RMD_Cyclothymic Disorder,Cyclothymic Disorder,RMD,TDB,1.9801568984985352,238.55650329589844
2026-10-01,RMD_Delusional Disorder,Delusional Disorder,RMD,TDB,0.5698668956756592,1.7499631643295288
2026-10-01,RMD_Diogenes Syndrome,Diogenes Syndrome,RMD,TDB,1.7052522897720337,4.561941146850586
2026-10-01,RMD_Disinhibited Social Engagement Disorder,Disinhibited Social Engagement Disorder,RMD,TDB,1.0889931917190552,4.652833938598633
2026-10-01,RMD_Dissociative Amnesia,Dissociative Amnesia,RMD,TDB,1.6030476093292236,6.023859977722168
2026-10-01,RMD_Dissociative Fugue,Dissociative Fugue,RMD,TDB,1.925262212753296,40.21903610229492
2026-10-01,RMD_Ekbom Syndrome,Ekbom Syndrome,RMD,TDB,1.5230231285095215,47.79323196411133
2026-10-01,RMD_Erotomania,Erotomania,RMD,TDB,1.9491453170776367,83.0665054321289
2026-10-01,RMD_Factitious Disorder,Factitious Disorder,RMD,TDB,2.0717716217041016,273.1446838378906
2026-10-01,RMD_Fregoli Delusion,Fregoli Delusion,RMD,TDB,0.9505720734596252,1.5871893167495728
2026-10-01,RMD_Ganser Syndrome,Ganser Syndrome,RMD,TDB,2.2909555435180664,13.274247169494629
2026-10-01,RMD_Hallucinogen Persisting Perception Disorder,Hallucinogen Persisting Perception Disorder,RMD,TDB,2.075202226638794,154.53781127929688
2026-10-01,RMD_Histrionic Personality Disorder,Histrionic Personality Disorder,RMD,TDB,1.2867323160171509,16.6558780670166
2026-10-01,RMD_Hypergraphia,Hypergraphia,RMD,TDB,1.0436983108520508,5.050662040710449
2026-10-01,RMD_Hyperthymesia,Hyperthymesia,RMD,TDB,1.965466022491455,77.05537414550781
2026-10-01,RMD_Impulse Control Disorders,Impulse Control Disorders,RMD,TDB,1.3487612009048462,71.80614471435547
2026-10-01,RMD_Intermetamorphosis Syndrome,Intermetamorphosis Syndrome,RMD,TDB,0.013598568737506866,0.036666084080934525
2026-10-01,RMD_Kleine Levin Syndrome,Kleine Levin Syndrome,RMD,TDB,1.4082446098327637,16.709253311157227
2026-10-01,RMD_Kleptomania,Kleptomania,RMD,TDB,2.3046603202819824,38.139984130859375
2026-10-01,RMD_Koro,Koro,RMD,TDB,1.066330909729004,3.5137460231781006
2026-10-01,RMD_Landau Kleffner Syndrome,Landau Kleffner Syndrome,RMD,TDB,1.669809341430664,10.717434883117676
2026-10-01,RMD_Narcissistic Personality Disorder,Narcissistic Personality Disorder,RMD,TDB,2.0149099826812744,362.5320129394531
2026-10-01,RMD_Olfactory Reference Syndrome,Olfactory Reference Syndrome,RMD,TDB,1.5776069164276123,92.6708755493164
2026-10-01,RMD_Othello Syndrome,Othello Syndrome,RMD,TDB,1.4378118515014648,18.138633728027344
2026-10-01,RMD_Palilalia,Palilalia,RMD,TDB,0.7775569558143616,2.3218491077423096
2026-10-01,RMD_Postpartum Psychosis,Postpartum Psychosis,RMD,TDB,2.301527738571167,33.08577346801758
2026-10-01,RMD_Pyromania,Pyromania,RMD,TDB,1.79105806350708,46.83142852783203
2026-10-01,RMD_Reactive Attachment Disorder,Reactive Attachment Disorder,RMD,TDB,2.239997148513794,164.68972778320312
2026-10-01,RMD_Reduplicative Paramnesia,Reduplicative Paramnesia,RMD,TDB,1.2985310554504395,2.6639106273651123
2026-10-01,RMD_Rumination Disorder,Rumination Disorder,RMD,TDB,1.8539376258850098,83.5837173461914
2026-10-01,RMD_Savant Syndrome,Savant Syndrome,RMD,TDB,1.1833256483078003,16.54930877685547
2026-10-01,RMD_Schizoaffective Disorder,Schizoaffective Disorder,RMD,TDB,1.5497642755508423,91.17467498779297
2026-10-01,RMD_Schizotypal Personality Disorder,Schizotypal Personality Disorder,RMD,TDB,2.023635149002075,238.3820343017578
2026-10-01,RMD_Selective Mutism,Selective Mutism,RMD,TDB,2.680999279022217,53.82985305786133
2026-10-01,RMD_Stendhal Syndrome,Stendhal Syndrome,RMD,TDB,0.9284269213676453,3.5477867126464844
2026-10-01,RMD_Wendigo Psychosis,Wendigo Psychosis,RMD,TDB,0.6249301433563232,1.201215147972107
2026-10-01,PT_Acceptance And Commitment Therapy,Acceptance And Commitment Therapy,PT,TDB,1.015424370765686,38.119224548339844
2026-10-01,PT_Animal Assisted Therapy,Animal Assisted Therapy,PT,TDB,1.3041810989379883,8.021255493164062
2026-10-01,PT_Anticonvulsant Therapy,Anticonvulsant Therapy,PT,TDB,0.39372995495796204,2.6067612171173096
2026-10-01,PT_Antidepressants,Antidepressants,PT,TDB,0.917853593826294,128.15545654296875
2026-10-01,PT_Antipsychotic Medications,Antipsychotic Medications,PT,TDB,-0.014170575886964798,0.0
2026-10-01,PT_Anxiolytic Medications,Anxiolytic Medications,PT,TDB,0.886040210723877,76.75607299804688
2026-10-01,PT_Art Therapy,Art Therapy,PT,TDB,0.40966176986694336,3.1362085342407227
2026-10-01,PT_Augmentative Communication Devices,Augmentative Communication Devices,PT,TDB,0.3139500916004181,0.5453141927719116
2026-10-01,PT_Behavioral Activation Therapy,Behavioral Activation Therapy,PT,TDB,0.5306363105773926,2.028535842895508
2026-10-01,PT_Biofeedback Devices,Biofeedback Devices,PT,TDB,0.5615452527999878,0.8458608984947205
2026-10-01,PT_Blockchain For Data Protection,Blockchain For Data Protection,PT,TDB,-0.01367991417646408,0.0
2026-10-01,PT_Brain Computer Interface,Brain Computer Interface,PT,TDB,0.8996667861938477,66.61920166015625
2026-10-01,PT_Cbt For Insomnia,Cbt For Insomnia,PT,TDB,1.4957789182662964,3.4628114700317383
2026-10-01,PT_Chronotherapy,Chronotherapy,PT,TDB,1.0346647500991821,2.6038272380828857
2026-10-01,PT_Closed Loop Neurostimulation,Closed Loop Neurostimulation,PT,TDB,1.210837721824646,30.46624755859375
2026-10-01,PT_Clozapine Protocol,Clozapine Protocol,PT,TDB,-0.014910327270627022,0.0
2026-10-01,PT_Cognitive Assistive Technologies,Cognitive Assistive Technologies,PT,TDB,0.03575143218040466,0.03639819845557213
2026-10-01,PT_Cognitive Behavioral Therapy,Cognitive Behavioral Therapy,PT,TDB,0.9260887503623962,143.75460815429688
2026-10-01,PT_Cognitive Enhancement Programs,Cognitive Enhancement Programs,PT,TDB,0.08122150599956512,0.1797415167093277
2026-10-01,PT_Cultural Psychiatry Interventions,Cultural Psychiatry Interventions,PT,TDB,0.1696600466966629,0.18490196764469147
2026-10-01,PT_Deep Brain Stimulation,Deep Brain Stimulation,PT,TDB,0.8847364783287048,12.531935691833496
2026-10-01,PT_Dialectical Behavior Therapy,Dialectical Behavior Therapy,PT,TDB,0.9931870698928833,29.14623260498047
2026-10-01,PT_Dietary Interventions And Supplements,Dietary Interventions And Supplements,PT,TDB,0.1472986489534378,0.15869995951652527
2026-10-01,PT_Digital Health Tools,Digital Health Tools,PT,TDB,0.7573977112770081,44.71376037597656
2026-10-01,PT_Digital Imaging Technologies For Brain Scanning,Digital Imaging Technologies For Brain Scanning,PT,TDB,0.05768311768770218,0.09916332364082336
2026-10-01,PT_Digital Phenotyping,Digital Phenotyping,PT,TDB,1.3474712371826172,17.3928279876709
2026-10-01,PT_Digital Therapeutics,Digital Therapeutics,PT,TDB,-0.01423196867108345,0.0
2026-10-01,PT_Electroconvulsive Therapy,Electroconvulsive Therapy,PT,TDB,-0.014223510399460793,0.0
2026-10-01,PT_Electroencephalography,Electroencephalography,PT,TDB,0.8438566327095032,183.10374450683594
2026-10-01,PT_Emdr Therapy,Emdr Therapy,PT,TDB,1.0082323551177979,28.934383392333984
2026-10-01,PT_Emotion Regulation Training,Emotion Regulation Training,PT,TDB,0.6404631733894348,1.9997522830963135
2026-10-01,PT_Expressive Writing And Journaling,Expressive Writing And Journaling,PT,TDB,0.15418444573879242,0.16670605540275574
2026-10-01,PT_Fecal Microbiota Transplant,Fecal Microbiota Transplant,PT,TDB,-0.01410173624753952,0.0
2026-10-01,PT_Focused Ultrasound Therapy,Focused Ultrasound Therapy,PT,TDB,0.40776246786117554,0.9484592080116272
2026-10-01,PT_Hypnotherapy,Hypnotherapy,PT,TDB,1.098909616470337,24.531494140625
2026-10-01,PT_Immunotherapy For Neuropsychiatric Disorders,Immunotherapy For Neuropsychiatric Disorders,PT,TDB,1.0386627912521362,19.128196716308594
2026-10-01,PT_Interpersonal Psychotherapy,Interpersonal Psychotherapy,PT,TDB,0.6192208528518677,4.1404500007629395
2026-10-01,PT_Ketamine Therapy,Ketamine Therapy,PT,TDB,1.1654328107833862,21.956945419311523
2026-10-01,PT_Light Therapy,Light Therapy,PT,TDB,1.0435835123062134,15.711271286010742
2026-10-01,PT_Lithium Therapy,Lithium Therapy,PT,TDB,0.06970836222171783,0.07959121465682983
2026-10-01,PT_Machine Learning Neuroimaging,Machine Learning Neuroimaging,PT,TDB,2.0391218662261963,9.273499488830566
2026-10-01,PT_Meditation And Relaxation Techniques,Meditation And Relaxation Techniques,PT,TDB,0.35221102833747864,0.9845080375671387
2026-10-01,PT_Memory Retrieval Techniques,Memory Retrieval Techniques,PT,TDB,-0.009756309911608696,0.0
2026-10-01,PT_Mentalization Based Treatment,Mentalization Based Treatment,PT,TDB,0.9628661274909973,7.664717674255371
2026-10-01,PT_Metabolic And Enzyme Targeted Therapy,Metabolic And Enzyme Targeted Therapy,PT,TDB,0.41471734642982483,0.7769888639450073
2026-10-01,PT_Metaverse,Metaverse,PT,TDB,-0.01524735614657402,0.0
2026-10-01,PT_Mindfulness Based Stress Reduction,Mindfulness Based Stress Reduction,PT,TDB,0.9004172086715698,26.8426513671875
2026-10-01,PT_Mood Stabilizers,Mood Stabilizers,PT,TDB,0.9949768781661987,45.18605041503906
2026-10-01,PT_Motivational Interviewing,Motivational Interviewing,PT,TDB,1.1289571523666382,62.77937316894531
2026-10-01,PT_Music Therapy,Music Therapy,PT,TDB,0.8541579842567444,11.920673370361328
2026-10-01,PT_Naltrexone,Naltrexone,PT,TDB,1.228180170059204,22.341197967529297
2026-10-01,PT_Narrative Exposure Therapy,Narrative Exposure Therapy,PT,TDB,0.8365395069122314,25.378829956054688
2026-10-01,PT_Neurobiological Assessments For Mental Disorders,Neurobiological Assessments For Mental Disorders,PT,TDB,0.16900542378425598,0.18412655591964722
2026-10-01,PT_Neurocognitive Training,Neurocognitive Training,PT,TDB,0.7597905993461609,1.369807243347168
2026-10-01,PT_Neurofeedback Systems,Neurofeedback Systems,PT,TDB,0.322370707988739,0.38039639592170715
2026-10-01,PT_Neuromodulation Techniques,Neuromodulation Techniques,PT,TDB,0.7374017834663391,12.214138984680176
2026-10-01,PT_Neuroplasticity Techniques,Neuroplasticity Techniques,PT,TDB,0.055721938610076904,0.12285047024488449
2026-10-01,PT_Neuroprotective Agents,Neuroprotective Agents,PT,TDB,1.012382984161377,26.951297760009766
2026-10-01,PT_Occupational Therapy,Occupational Therapy,PT,TDB,1.0823332071304321,66.68297576904297
2026-10-01,PT_Oxytocin Therapy,Oxytocin Therapy,PT,TDB,0.9738427400588989,1.6481008529663086
2026-10-01,PT_Personalized Medicine,Personalized Medicine,PT,TDB,0.9102991223335266,301.7573547363281
2026-10-01,PT_Pharmacogenomic Testing,Pharmacogenomic Testing,PT,TDB,1.4829400777816772,14.660256385803223
2026-10-01,PT_Privacy Preserving Ai In Digital Mental Health,Privacy Preserving AI In Digital Mental Health,PT,TDB,-0.014423014596104622,0.0
2026-10-01,PT_Prolonged Exposure Therapy,Prolonged Exposure Therapy,PT,TDB,0.024011490866541862,0.050052810460329056
2026-10-01,PT_Psilocybin Assisted Therapy,Psilocybin Assisted Therapy,PT,TDB,-0.015306662768125534,0.0
2026-10-01,PT_Psychoeducation Programs,Psychoeducation Programs,PT,TDB,0.4269169270992279,0.9879347681999207
2026-10-01,PT_Psychophysiological Metrics For Treatment Response,Psychophysiological Metrics For Treatment Response,PT,TDB,0.28913670778274536,0.5062021613121033
2026-10-01,PT_Reality Testing Techniques,Reality Testing Techniques,PT,TDB,-0.014304881915450096,0.0
2026-10-01,PT_Regenerative Medicine Approaches,Regenerative Medicine Approaches,PT,TDB,0.6451615691184998,18.168787002563477
2026-10-01,PT_Resting State Fmri,Resting State FMRI,PT,TDB,0.7641350030899048,27.647449493408203
2026-10-01,PT_Schema Therapy,Schema Therapy,PT,TDB,1.336066722869873,2.804051637649536
2026-10-01,PT_Secure Data Storage For Patient Records,Secure Data Storage For Patient Records,PT,TDB,0.027969397604465485,0.028364215046167374
2026-10-01,PT_Selective Serotonin Reuptake Inhibitors,Selective Serotonin Reuptake Inhibitors,PT,TDB,0.9655836224555969,64.38542175292969
2026-10-01,PT_Sleep Pattern Monitoring And Manipulation,Sleep Pattern Monitoring And Manipulation,PT,TDB,-0.014632057398557663,0.0
2026-10-01,PT_Smart Wearable Mental Health Trackers,Smart Wearable Mental Health Trackers,PT,TDB,-0.014573715627193451,0.0
2026-10-01,PT_Social Skills Training,Social Skills Training,PT,TDB,1.0628103017807007,24.425432205200195
2026-10-01,PT_Speech Language Therapy,Speech Language Therapy,PT,TDB,0.5438831448554993,1.0139621496200562
2026-10-01,PT_Stem Cell Therapy For Neurological Disorders,Stem Cell Therapy For Neurological Disorders,PT,TDB,0.39914339780807495,2.1263582706451416
2026-10-01,PT_Stimulant And Wake Promoting Agents,Stimulant And Wake Promoting Agents,PT,TDB,1.1815805435180664,38.75807189941406
2026-10-01,PT_Traditional And Alternative Medicine Approaches,Traditional And Alternative Medicine Approaches,PT,TDB,0.5947261452674866,8.206993103027344
2026-10-01,PT_Transcranial Direct Current Stimulation,Transcranial Direct Current Stimulation,PT,TDB,0.8590779304504395,37.938148498535156
2026-10-01,PT_Transcranial Magnetic Stimulation,Transcranial Magnetic Stimulation,PT,TDB,0.9474929571151733,185.781494140625
2026-10-01,PT_Transference Focused Psychotherapy,Transference Focused Psychotherapy,PT,TDB,1.1140406131744385,10.017799377441406
2026-10-01,PT_Trauma Focused Cbt,Trauma Focused Cbt,PT,TDB,0.587221622467041,2.7997374534606934
2026-10-01,PT_Vagus Nerve Stimulation,Vagus Nerve Stimulation,PT,TDB,1.1071079969406128,15.484029769897461
2026-10-01,PT_Virtual Reality Exposure Therapy,Virtual Reality Exposure Therapy,PT,TDB,0.8816287517547607,7.096391677856445
2026-10-01,PT_Vocal And Speech Biomarkers,Vocal And Speech Biomarkers,PT,TDB,-0.014344792813062668,0.0
2026-10-01,PT_Voxel Based Lesion Symptom Mapping,Voxel Based Lesion Symptom Mapping,PT,TDB,0.48423445224761963,0.9331061840057373
2026-11-01,RMD_Anorexia Nervosa,Anorexia Nervosa,RMD,TDB,1.9023785591125488,355.5603332519531
2026-11-01,RMD_Antisocial Personality Disorder,Antisocial Personality Disorder,RMD,TDB,1.2054316997528076,44.6376953125
2026-11-01,RMD_Autosarcophagy,Autosarcophagy,RMD,TDB,0.6037710905075073,0.8290031552314758
2026-11-01,RMD_Avoidant Personality Disorder,Avoidant Personality Disorder,RMD,TDB,1.5586835145950317,16.23123550415039
2026-11-01,RMD_Boanthropy,Boanthropy,RMD,TDB,0.803451657295227,2.285207986831665
2026-11-01,RMD_Body Integrity Dysphoria,Body Integrity Dysphoria,RMD,TDB,1.7215583324432373,32.60812759399414
2026-11-01,RMD_Brief Psychotic Disorder,Brief Psychotic Disorder,RMD,TDB,1.1968402862548828,2.423109769821167
2026-11-01,RMD_Capgras Syndrome,Capgras Syndrome,RMD,TDB,1.5750395059585571,24.53487777709961
2026-11-01,RMD_Childhood Disintegrative Disorder,Childhood Disintegrative Disorder,RMD,TDB,1.6857247352600098,32.34482192993164
2026-11-01,RMD_Chronic Traumatic Encephalopathy,Chronic Traumatic Encephalopathy,RMD,TDB,2.0538575649261475,427.6099853515625
2026-11-01,RMD_Circadian Rhythm Sleep Wake Disorder,Circadian Rhythm Sleep Wake Disorder,RMD,TDB,1.228725552558899,2.762338876724243
2026-11-01,RMD_Cotard Syndrome,Cotard Syndrome,RMD,TDB,1.534360647201538,5.3031134605407715
2026-11-01,RMD_Cyclothymic Disorder,Cyclothymic Disorder,RMD,TDB,1.976767897605896,236.32080078125
2026-11-01,RMD_Delusional Disorder,Delusional Disorder,RMD,TDB,0.5776524543762207,1.7882325649261475
2026-11-01,RMD_Diogenes Syndrome,Diogenes Syndrome,RMD,TDB,1.7029922008514404,4.5493059158325195
2026-11-01,RMD_Disinhibited Social Engagement Disorder,Disinhibited Social Engagement Disorder,RMD,TDB,1.088646650314331,4.649718761444092
2026-11-01,RMD_Dissociative Amnesia,Dissociative Amnesia,RMD,TDB,1.6022624969482422,6.017157077789307
2026-11-01,RMD_Dissociative Fugue,Dissociative Fugue,RMD,TDB,1.9202649593353271,39.82307052612305
2026-11-01,RMD_Ekbom Syndrome,Ekbom Syndrome,RMD,TDB,1.5222272872924805,47.694217681884766
2026-11-01,RMD_Erotomania,Erotomania,RMD,TDB,1.9440419673919678,82.09668731689453
2026-11-01,RMD_Factitious Disorder,Factitious Disorder,RMD,TDB,2.0673136711120605,269.8531494140625
2026-11-01,RMD_Fregoli Delusion,Fregoli Delusion,RMD,TDB,0.9521369934082031,1.5912412405014038
2026-11-01,RMD_Ganser Syndrome,Ganser Syndrome,RMD,TDB,2.2843196392059326,13.164754867553711
2026-11-01,RMD_Hallucinogen Persisting Perception Disorder,Hallucinogen Persisting Perception Disorder,RMD,TDB,2.0704150199890137,152.73745727539062
2026-11-01,RMD_Histrionic Personality Disorder,Histrionic Personality Disorder,RMD,TDB,1.2845921516418457,16.571765899658203
2026-11-01,RMD_Hypergraphia,Hypergraphia,RMD,TDB,1.0416532754898071,5.029356956481934
2026-11-01,RMD_Hyperthymesia,Hyperthymesia,RMD,TDB,1.9611964225769043,76.32001495361328
2026-11-01,RMD_Impulse Control Disorders,Impulse Control Disorders,RMD,TDB,1.350203514099121,72.1407470703125
2026-11-01,RMD_Intermetamorphosis Syndrome,Intermetamorphosis Syndrome,RMD,TDB,0.01714736968278885,0.04645401984453201
2026-11-01,RMD_Kleine Levin Syndrome,Kleine Levin Syndrome,RMD,TDB,1.4075735807418823,16.68501853942871
2026-11-01,RMD_Kleptomania,Kleptomania,RMD,TDB,2.301037311553955,37.91499328613281
2026-11-01,RMD_Koro,Koro,RMD,TDB,1.0692218542099,3.532227039337158
2026-11-01,RMD_Landau Kleffner Syndrome,Landau Kleffner Syndrome,RMD,TDB,1.667708396911621,10.681207656860352
2026-11-01,RMD_Narcissistic Personality Disorder,Narcissistic Personality Disorder,RMD,TDB,2.011014461517334,358.4117126464844
2026-11-01,RMD_Olfactory Reference Syndrome,Olfactory Reference Syndrome,RMD,TDB,1.5771607160568237,92.55071258544922
2026-11-01,RMD_Othello Syndrome,Othello Syndrome,RMD,TDB,1.436173915863037,18.074390411376953
2026-11-01,RMD_Palilalia,Palilalia,RMD,TDB,0.7745723724365234,2.306576728820801
2026-11-01,RMD_Postpartum Psychosis,Postpartum Psychosis,RMD,TDB,2.2969014644622803,32.844852447509766
2026-11-01,RMD_Pyromania,Pyromania,RMD,TDB,1.7885932922363281,46.5775260925293
2026-11-01,RMD_Reactive Attachment Disorder,Reactive Attachment Disorder,RMD,TDB,2.234727382659912,162.70973205566406
2026-11-01,RMD_Reduplicative Paramnesia,Reduplicative Paramnesia,RMD,TDB,1.297621250152588,2.660578727722168
2026-11-01,RMD_Rumination Disorder,Rumination Disorder,RMD,TDB,1.851847529411316,83.1615982055664
2026-11-01,RMD_Savant Syndrome,Savant Syndrome,RMD,TDB,1.177195429801941,16.290760040283203
2026-11-01,RMD_Schizoaffective Disorder,Schizoaffective Disorder,RMD,TDB,1.5488295555114746,90.92352294921875
2026-11-01,RMD_Schizotypal Personality Disorder,Schizotypal Personality Disorder,RMD,TDB,2.019214391708374,235.53448486328125
2026-11-01,RMD_Selective Mutism,Selective Mutism,RMD,TDB,2.673858165740967,53.248165130615234
2026-11-01,RMD_Stendhal Syndrome,Stendhal Syndrome,RMD,TDB,0.9251113533973694,3.5232536792755127
2026-11-01,RMD_Wendigo Psychosis,Wendigo Psychosis,RMD,TDB,0.624142050743103,1.199026107788086
2026-11-01,PT_Acceptance And Commitment Therapy,Acceptance And Commitment Therapy,PT,TDB,1.0137258768081665,37.880027770996094
2026-11-01,PT_Animal Assisted Therapy,Animal Assisted Therapy,PT,TDB,1.296593189239502,7.906542778015137
2026-11-01,PT_Anticonvulsant Therapy,Anticonvulsant Therapy,PT,TDB,0.39239510893821716,2.591109037399292
2026-11-01,PT_Antidepressants,Antidepressants,PT,TDB,0.9165945649147034,127.2970962524414
2026-11-01,PT_Antipsychotic Medications,Antipsychotic Medications,PT,TDB,-0.014484528452157974,0.0
2026-11-01,PT_Anxiolytic Medications,Anxiolytic Medications,PT,TDB,0.8850047588348389,76.36146545410156
2026-11-01,PT_Art Therapy,Art Therapy,PT,TDB,0.40805357694625854,3.1132187843322754
2026-11-01,PT_Augmentative Communication Devices,Augmentative Communication Devices,PT,TDB,0.3127388656139374,0.5427215695381165
2026-11-01,PT_Behavioral Activation Therapy,Behavioral Activation Therapy,PT,TDB,0.5302433371543884,2.0260515213012695
2026-11-01,PT_Biofeedback Devices,Biofeedback Devices,PT,TDB,0.5593079328536987,0.8413586020469666
2026-11-01,PT_Blockchain For Data Protection,Blockchain For Data Protection,PT,TDB,-0.01389695331454277,0.0
2026-11-01,PT_Brain Computer Interface,Brain Computer Interface,PT,TDB,0.900146484375,66.77130126953125
2026-11-01,PT_Cbt For Insomnia,Cbt For Insomnia,PT,TDB,1.488355040550232,3.429802656173706
2026-11-01,PT_Chronotherapy,Chronotherapy,PT,TDB,1.0308727025985718,2.5869340896606445
2026-11-01,PT_Closed Loop Neurostimulation,Closed Loop Neurostimulation,PT,TDB,1.206034779548645,30.038700103759766
2026-11-01,PT_Clozapine Protocol,Clozapine Protocol,PT,TDB,-0.015311215072870255,0.0
2026-11-01,PT_Cognitive Assistive Technologies,Cognitive Assistive Technologies,PT,TDB,0.03512924164533615,0.03575356304645538
2026-11-01,PT_Cognitive Behavioral Therapy,Cognitive Behavioral Therapy,PT,TDB,0.925557553768158,143.3420867919922
2026-11-01,PT_Cognitive Enhancement Programs,Cognitive Enhancement Programs,PT,TDB,0.07946590334177017,0.1755339801311493
2026-11-01,PT_Cultural Psychiatry Interventions,Cultural Psychiatry Interventions,PT,TDB,0.16743190586566925,0.1822647899389267
2026-11-01,PT_Deep Brain Stimulation,Deep Brain Stimulation,PT,TDB,0.8817999362945557,12.415435791015625
2026-11-01,PT_Dialectical Behavior Therapy,Dialectical Behavior Therapy,PT,TDB,0.9913200736045837,28.953838348388672
2026-11-01,PT_Dietary Interventions And Supplements,Dietary Interventions And Supplements,PT,TDB,0.14745602011680603,0.15888231992721558
2026-11-01,PT_Digital Health Tools,Digital Health Tools,PT,TDB,0.7576537728309631,44.772884368896484
2026-11-01,PT_Digital Imaging Technologies For Brain Scanning,Digital Imaging Technologies For Brain Scanning,PT,TDB,0.059960655868053436,0.10327433794736862
2026-11-01,PT_Digital Phenotyping,Digital Phenotyping,PT,TDB,1.343531847000122,17.23691177368164
2026-11-01,PT_Digital Therapeutics,Digital Therapeutics,PT,TDB,-0.014560990035533905,0.0
2026-11-01,PT_Electroconvulsive Therapy,Electroconvulsive Therapy,PT,TDB,-0.014541804790496826,0.0
2026-11-01,PT_Electroencephalography,Electroencephalography,PT,TDB,0.8439411520957947,183.19998168945312
2026-11-01,PT_Emdr Therapy,Emdr Therapy,PT,TDB,1.006621241569519,28.772239685058594
2026-11-01,PT_Emotion Regulation Training,Emotion Regulation Training,PT,TDB,0.6393670439720154,1.9941178560256958
2026-11-01,PT_Expressive Writing And Journaling,Expressive Writing And Journaling,PT,TDB,0.15572918951511383,0.16850972175598145
2026-11-01,PT_Fecal Microbiota Transplant,Fecal Microbiota Transplant,PT,TDB,-0.01446555182337761,0.0
2026-11-01,PT_Focused Ultrasound Therapy,Focused Ultrasound Therapy,PT,TDB,0.4051383435726166,0.9401130676269531
2026-11-01,PT_Hypnotherapy,Hypnotherapy,PT,TDB,1.0940409898757935,24.167627334594727
2026-11-01,PT_Immunotherapy For Neuropsychiatric Disorders,Immunotherapy For Neuropsychiatric Disorders,PT,TDB,1.0342634916305542,18.873876571655273
2026-11-01,PT_Interpersonal Psychotherapy,Interpersonal Psychotherapy,PT,TDB,0.6186890006065369,4.133227348327637
2026-11-01,PT_Ketamine Therapy,Ketamine Therapy,PT,TDB,1.159100890159607,21.569406509399414
2026-11-01,PT_Light Therapy,Light Therapy,PT,TDB,1.0382795333862305,15.473791122436523
2026-11-01,PT_Lithium Therapy,Lithium Therapy,PT,TDB,0.06897696852684021,0.07872409373521805
2026-11-01,PT_Machine Learning Neuroimaging,Machine Learning Neuroimaging,PT,TDB,2.0292646884918213,9.158455848693848
2026-11-01,PT_Meditation And Relaxation Techniques,Meditation And Relaxation Techniques,PT,TDB,0.35349342226982117,0.9894663691520691
2026-11-01,PT_Memory Retrieval Techniques,Memory Retrieval Techniques,PT,TDB,-0.010234085842967033,0.0
2026-11-01,PT_Mentalization Based Treatment,Mentalization Based Treatment,PT,TDB,0.9553743600845337,7.520360946655273
2026-11-01,PT_Metabolic And Enzyme Targeted Therapy,Metabolic And Enzyme Targeted Therapy,PT,TDB,0.4120926260948181,0.770534873008728
2026-11-01,PT_Metaverse,Metaverse,PT,TDB,-0.015619058161973953,0.0
2026-11-01,PT_Mindfulness Based Stress Reduction,Mindfulness Based Stress Reduction,PT,TDB,0.9002171158790588,26.82207489013672
2026-11-01,PT_Mood Stabilizers,Mood Stabilizers,PT,TDB,0.9931051135063171,44.8542366027832
2026-11-01,PT_Motivational Interviewing,Motivational Interviewing,PT,TDB,1.1254714727401733,61.96629333496094
2026-11-01,PT_Music Therapy,Music Therapy,PT,TDB,0.8495134115219116,11.742141723632812
2026-11-01,PT_Naltrexone,Naltrexone,PT,TDB,1.2203125953674316,21.874893188476562
2026-11-01,PT_Narrative Exposure Therapy,Narrative Exposure Therapy,PT,TDB,0.8333086967468262,25.04752540588379
2026-11-01,PT_Neurobiological Assessments For Mental Disorders,Neurobiological Assessments For Mental Disorders,PT,TDB,0.1683233678340912,0.18331919610500336
2026-11-01,PT_Neurocognitive Training,Neurocognitive Training,PT,TDB,0.757408618927002,1.3634058237075806
2026-11-01,PT_Neurofeedback Systems,Neurofeedback Systems,PT,TDB,0.32100817561149597,0.3785168528556824
2026-11-01,PT_Neuromodulation Techniques,Neuromodulation Techniques,PT,TDB,0.7378867864608765,12.236592292785645
2026-11-01,PT_Neuroplasticity Techniques,Neuroplasticity Techniques,PT,TDB,0.05759233981370926,0.12722617387771606
2026-11-01,PT_Neuroprotective Agents,Neuroprotective Agents,PT,TDB,1.010195255279541,26.750850677490234
2026-11-01,PT_Occupational Therapy,Occupational Therapy,PT,TDB,1.0787677764892578,65.74972534179688
2026-11-01,PT_Oxytocin Therapy,Oxytocin Therapy,PT,TDB,0.9688274264335632,1.6348531246185303
2026-11-01,PT_Personalized Medicine,Personalized Medicine,PT,TDB,0.9099807143211365,301.1529235839844
2026-11-01,PT_Pharmacogenomic Testing,Pharmacogenomic Testing,PT,TDB,1.4766687154769897,14.479111671447754
2026-11-01,PT_Privacy Preserving Ai In Digital Mental Health,Privacy Preserving AI In Digital Mental Health,PT,TDB,-0.01484786719083786,0.0
2026-11-01,PT_Prolonged Exposure Therapy,Prolonged Exposure Therapy,PT,TDB,0.02311113104224205,0.04813152924180031
2026-11-01,PT_Psilocybin Assisted Therapy,Psilocybin Assisted Therapy,PT,TDB,-0.015684545040130615,0.0
2026-11-01,PT_Psychoeducation Programs,Psychoeducation Programs,PT,TDB,0.42460930347442627,0.9805653691291809
2026-11-01,PT_Psychophysiological Metrics For Treatment Response,Psychophysiological Metrics For Treatment Response,PT,TDB,0.29087164998054504,0.5099085569381714
2026-11-01,PT_Reality Testing Techniques,Reality Testing Techniques,PT,TDB,-0.014777781441807747,0.0
2026-11-01,PT_Regenerative Medicine Approaches,Regenerative Medicine Approaches,PT,TDB,0.646732747554779,18.30714988708496
2026-11-01,PT_Resting State Fmri,Resting State FMRI,PT,TDB,0.7650073766708374,27.75739097595215
2026-11-01,PT_Schema Therapy,Schema Therapy,PT,TDB,1.332036018371582,2.7887494564056396
2026-11-01,PT_Secure Data Storage For Patient Records,Secure Data Storage For Patient Records,PT,TDB,0.02809494361281395,0.028493329882621765
2026-11-01,PT_Selective Serotonin Reuptake Inhibitors,Selective Serotonin Reuptake Inhibitors,PT,TDB,0.9636215567588806,63.83236312866211
2026-11-01,PT_Sleep Pattern Monitoring And Manipulation,Sleep Pattern Monitoring And Manipulation,PT,TDB,-0.015130842104554176,0.0
2026-11-01,PT_Smart Wearable Mental Health Trackers,Smart Wearable Mental Health Trackers,PT,TDB,-0.01511402241885662,0.0
2026-11-01,PT_Social Skills Training,Social Skills Training,PT,TDB,1.0602669715881348,24.22931480407715
2026-11-01,PT_Speech Language Therapy,Speech Language Therapy,PT,TDB,0.5427147150039673,1.0109354257583618
2026-11-01,PT_Stem Cell Therapy For Neurological Disorders,Stem Cell Therapy For Neurological Disorders,PT,TDB,0.4013265073299408,2.1459105014801025
2026-11-01,PT_Stimulant And Wake Promoting Agents,Stimulant And Wake Promoting Agents,PT,TDB,1.1782642602920532,38.34923553466797
2026-11-01,PT_Traditional And Alternative Medicine Approaches,Traditional And Alternative Medicine Approaches,PT,TDB,0.595343828201294,8.22824478149414
2026-11-01,PT_Transcranial Direct Current Stimulation,Transcranial Direct Current Stimulation,PT,TDB,0.8560143113136292,37.432945251464844
2026-11-01,PT_Transcranial Magnetic Stimulation,Transcranial Magnetic Stimulation,PT,TDB,0.9463503956794739,184.60723876953125
2026-11-01,PT_Transference Focused Psychotherapy,Transference Focused Psychotherapy,PT,TDB,1.10971999168396,9.915740966796875
2026-11-01,PT_Trauma Focused Cbt,Trauma Focused Cbt,PT,TDB,0.5873698592185974,2.801018238067627
2026-11-01,PT_Vagus Nerve Stimulation,Vagus Nerve Stimulation,PT,TDB,1.1028398275375366,15.30689525604248
2026-11-01,PT_Virtual Reality Exposure Therapy,Virtual Reality Exposure Therapy,PT,TDB,0.8789461851119995,7.045032978057861
2026-11-01,PT_Vocal And Speech Biomarkers,Vocal And Speech Biomarkers,PT,TDB,-0.014637894928455353,0.0
2026-11-01,PT_Voxel Based Lesion Symptom Mapping,Voxel Based Lesion Symptom Mapping,PT,TDB,0.48470672965049744,0.9343493580818176
2026-12-01,RMD_Anorexia Nervosa,Anorexia Nervosa,RMD,TDB,1.898834466934204,351.6781005859375
2026-12-01,RMD_Antisocial Personality Disorder,Antisocial Personality Disorder,RMD,TDB,1.2055870294570923,44.66017150878906
2026-12-01,RMD_Autosarcophagy,Autosarcophagy,RMD,TDB,0.6040762066841125,0.8295612931251526
2026-12-01,RMD_Avoidant Personality Disorder,Avoidant Personality Disorder,RMD,TDB,1.5554304122924805,16.129165649414062
2026-12-01,RMD_Boanthropy,Boanthropy,RMD,TDB,0.8021283745765686,2.2787787914276123
2026-12-01,RMD_Body Integrity Dysphoria,Body Integrity Dysphoria,RMD,TDB,1.7196118831634521,32.47483444213867
2026-12-01,RMD_Brief Psychotic Disorder,Brief Psychotic Disorder,RMD,TDB,1.198540449142456,2.429098606109619
2026-12-01,RMD_Capgras Syndrome,Capgras Syndrome,RMD,TDB,1.5744388103485107,24.50334358215332
2026-12-01,RMD_Childhood Disintegrative Disorder,Childhood Disintegrative Disorder,RMD,TDB,1.68356454372406,32.195308685302734
2026-12-01,RMD_Chronic Traumatic Encephalopathy,Chronic Traumatic Encephalopathy,RMD,TDB,2.049976110458374,422.7288513183594
2026-12-01,RMD_Circadian Rhythm Sleep Wake Disorder,Circadian Rhythm Sleep Wake Disorder,RMD,TDB,1.2300801277160645,2.767838954925537
2026-12-01,RMD_Cotard Syndrome,Cotard Syndrome,RMD,TDB,1.5330735445022583,5.293386936187744
2026-12-01,RMD_Cyclothymic Disorder,Cyclothymic Disorder,RMD,TDB,1.9733431339263916,234.0826416015625
2026-12-01,RMD_Delusional Disorder,Delusional Disorder,RMD,TDB,0.5858021974563599,1.8288624286651611
2026-12-01,RMD_Diogenes Syndrome,Diogenes Syndrome,RMD,TDB,1.7006630897521973,4.536315441131592
2026-12-01,RMD_Disinhibited Social Engagement Disorder,Disinhibited Social Engagement Disorder,RMD,TDB,1.0887582302093506,4.650721549987793
2026-12-01,RMD_Dissociative Amnesia,Dissociative Amnesia,RMD,TDB,1.601405143737793,6.009845733642578
2026-12-01,RMD_Dissociative Fugue,Dissociative Fugue,RMD,TDB,1.9152779579162598,39.431705474853516
2026-12-01,RMD_Ekbom Syndrome,Ekbom Syndrome,RMD,TDB,1.5214544534683228,47.5982551574707
2026-12-01,RMD_Erotomania,Erotomania,RMD,TDB,1.9388847351074219,81.12803649902344
2026-12-01,RMD_Factitious Disorder,Factitious Disorder,RMD,TDB,2.062833786010742,266.5851745605469
2026-12-01,RMD_Fregoli Delusion,Fregoli Delusion,RMD,TDB,0.9540522694587708,1.596208930015564
2026-12-01,RMD_Ganser Syndrome,Ganser Syndrome,RMD,TDB,2.277940511703491,13.060285568237305
2026-12-01,RMD_Hallucinogen Persisting Perception Disorder,Hallucinogen Persisting Perception Disorder,RMD,TDB,2.0655510425567627,150.9295654296875
2026-12-01,RMD_Histrionic Personality Disorder,Histrionic Personality Disorder,RMD,TDB,1.282800316810608,16.50165367126465
2026-12-01,RMD_Hypergraphia,Hypergraphia,RMD,TDB,1.040021300315857,5.012409687042236
2026-12-01,RMD_Hyperthymesia,Hyperthymesia,RMD,TDB,1.9568679332733154,75.58157348632812
2026-12-01,RMD_Impulse Control Disorders,Impulse Control Disorders,RMD,TDB,1.3517035245895386,72.49037170410156
2026-12-01,RMD_Intermetamorphosis Syndrome,Intermetamorphosis Syndrome,RMD,TDB,0.02117515727877617,0.057675063610076904
2026-12-01,RMD_Kleine Levin Syndrome,Kleine Levin Syndrome,RMD,TDB,1.4068152904510498,16.657670974731445
2026-12-01,RMD_Kleptomania,Kleptomania,RMD,TDB,2.2973556518554688,37.687686920166016
2026-12-01,RMD_Koro,Koro,RMD,TDB,1.0720417499542236,3.550326347351074
2026-12-01,RMD_Landau Kleffner Syndrome,Landau Kleffner Syndrome,RMD,TDB,1.6654627323150635,10.642609596252441
2026-12-01,RMD_Narcissistic Personality Disorder,Narcissistic Personality Disorder,RMD,TDB,2.0069971084594727,354.2115783691406
2026-12-01,RMD_Olfactory Reference Syndrome,Olfactory Reference Syndrome,RMD,TDB,1.5766382217407227,92.41011810302734
2026-12-01,RMD_Othello Syndrome,Othello Syndrome,RMD,TDB,1.4344146251678467,18.0056209564209
2026-12-01,RMD_Palilalia,Palilalia,RMD,TDB,0.7719699740409851,2.2933177947998047
2026-12-01,RMD_Postpartum Psychosis,Postpartum Psychosis,RMD,TDB,2.2918906211853027,32.585819244384766
2026-12-01,RMD_Pyromania,Pyromania,RMD,TDB,1.7858411073684692,46.295597076416016
2026-12-01,RMD_Reactive Attachment Disorder,Reactive Attachment Disorder,RMD,TDB,2.229104518890381,160.6231689453125
2026-12-01,RMD_Reduplicative Paramnesia,Reduplicative Paramnesia,RMD,TDB,1.2964057922363281,2.656132221221924
2026-12-01,RMD_Rumination Disorder,Rumination Disorder,RMD,TDB,1.8494601249694824,82.68203735351562
2026-12-01,RMD_Savant Syndrome,Savant Syndrome,RMD,TDB,1.171338438987732,16.04729652404785
2026-12-01,RMD_Schizoaffective Disorder,Schizoaffective Disorder,RMD,TDB,1.5476480722427368,90.6070327758789
2026-12-01,RMD_Schizotypal Personality Disorder,Schizotypal Personality Disorder,RMD,TDB,2.014425754547119,232.48800659179688
2026-12-01,RMD_Selective Mutism,Selective Mutism,RMD,TDB,2.666271448135376,52.63692855834961
2026-12-01,RMD_Stendhal Syndrome,Stendhal Syndrome,RMD,TDB,0.9220212697982788,3.5005087852478027
2026-12-01,RMD_Wendigo Psychosis,Wendigo Psychosis,RMD,TDB,0.6236529350280762,1.1976685523986816
2026-12-01,PT_Acceptance And Commitment Therapy,Acceptance And Commitment Therapy,PT,TDB,1.0122759342193604,37.677005767822266
2026-12-01,PT_Animal Assisted Therapy,Animal Assisted Therapy,PT,TDB,1.289416790008545,7.799391746520996
2026-12-01,PT_Anticonvulsant Therapy,Anticonvulsant Therapy,PT,TDB,0.3914361894130707,2.579907178878784
2026-12-01,PT_Antidepressants,Antidepressants,PT,TDB,0.9155958890914917,126.62031555175781
2026-12-01,PT_Antipsychotic Medications,Antipsychotic Medications,PT,TDB,-0.014594212174415588,0.0
2026-12-01,PT_Anxiolytic Medications,Anxiolytic Medications,PT,TDB,0.8841573596000671,76.04002380371094
2026-12-01,PT_Art Therapy,Art Therapy,PT,TDB,0.4066884517669678,3.0938045978546143
2026-12-01,PT_Augmentative Communication Devices,Augmentative Communication Devices,PT,TDB,0.3117855489253998,0.5406841039657593
2026-12-01,PT_Behavioral Activation Therapy,Behavioral Activation Therapy,PT,TDB,0.5300880670547485,2.025070905685425
2026-12-01,PT_Biofeedback Devices,Biofeedback Devices,PT,TDB,0.5574259161949158,0.8375798463821411
2026-12-01,PT_Blockchain For Data Protection,Blockchain For Data Protection,PT,TDB,-0.013879790902137756,0.0
2026-12-01,PT_Brain Computer Interface,Brain Computer Interface,PT,TDB,0.9008273482322693,66.98777770996094
2026-12-01,PT_Cbt For Insomnia,Cbt For Insomnia,PT,TDB,1.4811729192733765,3.398101329803467
2026-12-01,PT_Chronotherapy,Chronotherapy,PT,TDB,1.027291178703308,2.571051836013794
2026-12-01,PT_Closed Loop Neurostimulation,Closed Loop Neurostimulation,PT,TDB,1.201453447341919,29.636295318603516
2026-12-01,PT_Clozapine Protocol,Clozapine Protocol,PT,TDB,-0.015508323907852173,0.0
2026-12-01,PT_Cognitive Assistive Technologies,Cognitive Assistive Technologies,PT,TDB,0.03473886847496033,0.03534931316971779
2026-12-01,PT_Cognitive Behavioral Therapy,Cognitive Behavioral Therapy,PT,TDB,0.9251846671104431,143.05323791503906
2026-12-01,PT_Cognitive Enhancement Programs,Cognitive Enhancement Programs,PT,TDB,0.07797610759735107,0.1719752699136734
2026-12-01,PT_Cultural Psychiatry Interventions,Cultural Psychiatry Interventions,PT,TDB,0.1654769331216812,0.17995575070381165
2026-12-01,PT_Deep Brain Stimulation,Deep Brain Stimulation,PT,TDB,0.878950834274292,12.303364753723145
2026-12-01,PT_Dialectical Behavior Therapy,Dialectical Behavior Therapy,PT,TDB,0.9896277785301208,28.780494689941406
2026-12-01,PT_Dietary Interventions And Supplements,Dietary Interventions And Supplements,PT,TDB,0.14784833788871765,0.15933705866336823
2026-12-01,PT_Digital Health Tools,Digital Health Tools,PT,TDB,0.7580934166908264,44.87455368041992
2026-12-01,PT_Digital Imaging Technologies For Brain Scanning,Digital Imaging Technologies For Brain Scanning,PT,TDB,0.06240224838256836,0.10769853740930557
2026-12-01,PT_Digital Phenotyping,Digital Phenotyping,PT,TDB,1.3397016525268555,17.086584091186523
2026-12-01,PT_Digital Therapeutics,Digital Therapeutics,PT,TDB,-0.014710355550050735,0.0
2026-12-01,PT_Electroconvulsive Therapy,Electroconvulsive Therapy,PT,TDB,-0.014680832624435425,0.0
2026-12-01,PT_Electroencephalography,Electroencephalography,PT,TDB,0.8441914319992065,183.48513793945312
2026-12-01,PT_Emdr Therapy,Emdr Therapy,PT,TDB,1.0051764249801636,28.627574920654297
2026-12-01,PT_Emotion Regulation Training,Emotion Regulation Training,PT,TDB,0.6385189294815063,1.9897654056549072
2026-12-01,PT_Expressive Writing And Journaling,Expressive Writing And Journaling,PT,TDB,0.15744245052337646,0.17051339149475098
2026-12-01,PT_Fecal Microbiota Transplant,Fecal Microbiota Transplant,PT,TDB,-0.014644196256995201,0.0
2026-12-01,PT_Focused Ultrasound Therapy,Focused Ultrasound Therapy,PT,TDB,0.40274161100387573,0.932521402835846
2026-12-01,PT_Hypnotherapy,Hypnotherapy,PT,TDB,1.089426040649414,23.827512741088867
2026-12-01,PT_Immunotherapy For Neuropsychiatric Disorders,Immunotherapy For Neuropsychiatric Disorders,PT,TDB,1.029953122138977,18.627811431884766
2026-12-01,PT_Interpersonal Psychotherapy,Interpersonal Psychotherapy,PT,TDB,0.6183742880821228,4.128957748413086
2026-12-01,PT_Ketamine Therapy,Ketamine Therapy,PT,TDB,1.153003215789795,21.202390670776367
2026-12-01,PT_Light Therapy,Light Therapy,PT,TDB,1.0331881046295166,15.249003410339355
2026-12-01,PT_Lithium Therapy,Lithium Therapy,PT,TDB,0.06843066960573196,0.07807686179876328
2026-12-01,PT_Machine Learning Neuroimaging,Machine Learning Neuroimaging,PT,TDB,2.0196449756622314,9.047426223754883
2026-12-01,PT_Meditation And Relaxation Techniques,Meditation And Relaxation Techniques,PT,TDB,0.3549483120441437,0.9951067566871643
2026-12-01,PT_Memory Retrieval Techniques,Memory Retrieval Techniques,PT,TDB,-0.010508468374609947,0.0
2026-12-01,PT_Mentalization Based Treatment,Mentalization Based Treatment,PT,TDB,0.9482473134994507,7.385265350341797
2026-12-01,PT_Metabolic And Enzyme Targeted Therapy,Metabolic And Enzyme Targeted Therapy,PT,TDB,0.4097370207309723,0.7647624611854553
2026-12-01,PT_Metaverse,Metaverse,PT,TDB,-0.01578943431377411,0.0
2026-12-01,PT_Mindfulness Based Stress Reduction,Mindfulness Based Stress Reduction,PT,TDB,0.9001715183258057,26.817392349243164
2026-12-01,PT_Mood Stabilizers,Mood Stabilizers,PT,TDB,0.9913896322250366,44.55223083496094
2026-12-01,PT_Motivational Interviewing,Motivational Interviewing,PT,TDB,1.1221717596054077,61.20616149902344
2026-12-01,PT_Music Therapy,Music Therapy,PT,TDB,0.8451539874076843,11.576815605163574
2026-12-01,PT_Naltrexone,Naltrexone,PT,TDB,1.2127420902252197,21.434993743896484
2026-12-01,PT_Narrative Exposure Therapy,Narrative Exposure Therapy,PT,TDB,0.8303213715553284,24.744895935058594
2026-12-01,PT_Neurobiological Assessments For Mental Disorders,Neurobiological Assessments For Mental Disorders,PT,TDB,0.16787199676036835,0.18278519809246063
2026-12-01,PT_Neurocognitive Training,Neurocognitive Training,PT,TDB,0.755276620388031,1.3576908111572266
2026-12-01,PT_Neurofeedback Systems,Neurofeedback Systems,PT,TDB,0.3199003338813782,0.37699052691459656
2026-12-01,PT_Neuromodulation Techniques,Neuromodulation Techniques,PT,TDB,0.7385517358779907,12.267438888549805
2026-12-01,PT_Neuroplasticity Techniques,Neuroplasticity Techniques,PT,TDB,0.05958999693393707,0.13191843032836914
2026-12-01,PT_Neuroprotective Agents,Neuroprotective Agents,PT,TDB,1.0081689357757568,26.56648063659668
2026-12-01,PT_Occupational Therapy,Occupational Therapy,PT,TDB,1.075392246246338,64.87804412841797
2026-12-01,PT_Oxytocin Therapy,Oxytocin Therapy,PT,TDB,0.964034914970398,1.6222556829452515
2026-12-01,PT_Personalized Medicine,Personalized Medicine,PT,TDB,0.9098327159881592,300.87237548828125
2026-12-01,PT_Pharmacogenomic Testing,Pharmacogenomic Testing,PT,TDB,1.4705840349197388,14.305362701416016
2026-12-01,PT_Privacy Preserving Ai In Digital Mental Health,Privacy Preserving AI In Digital Mental Health,PT,TDB,-0.015092985704541206,0.0
2026-12-01,PT_Prolonged Exposure Therapy,Prolonged Exposure Therapy,PT,TDB,0.02241109497845173,0.04664015397429466
2026-12-01,PT_Psilocybin Assisted Therapy,Psilocybin Assisted Therapy,PT,TDB,-0.0158715657889843,0.0
2026-12-01,PT_Psychoeducation Programs,Psychoeducation Programs,PT,TDB,0.4226243495941162,0.9742481708526611
2026-12-01,PT_Psychophysiological Metrics For Treatment Response,Psychophysiological Metrics For Treatment Response,PT,TDB,0.2927829325199127,0.5140022039413452
2026-12-01,PT_Reality Testing Techniques,Reality Testing Techniques,PT,TDB,-0.015057818964123726,0.0
2026-12-01,PT_Regenerative Medicine Approaches,Regenerative Medicine Approaches,PT,TDB,0.6484262347221375,18.4574031829834
2026-12-01,PT_Resting State Fmri,Resting State FMRI,PT,TDB,0.7660325169563293,27.887123107910156
2026-12-01,PT_Schema Therapy,Schema Therapy,PT,TDB,1.327980637550354,2.7734158039093018
2026-12-01,PT_Secure Data Storage For Patient Records,Secure Data Storage For Patient Records,PT,TDB,0.02839352935552597,0.028800468891859055
2026-12-01,PT_Selective Serotonin Reuptake Inhibitors,Selective Serotonin Reuptake Inhibitors,PT,TDB,0.961821973323822,63.3292121887207
2026-12-01,PT_Sleep Pattern Monitoring And Manipulation,Sleep Pattern Monitoring And Manipulation,PT,TDB,-0.015437424182891846,0.0
2026-12-01,PT_Smart Wearable Mental Health Trackers,Smart Wearable Mental Health Trackers,PT,TDB,-0.015456579625606537,0.0
2026-12-01,PT_Social Skills Training,Social Skills Training,PT,TDB,1.0578526258468628,24.04454803466797
2026-12-01,PT_Speech Language Therapy,Speech Language Therapy,PT,TDB,0.5417157411575317,1.0083510875701904
2026-12-01,PT_Stem Cell Therapy For Neurological Disorders,Stem Cell Therapy For Neurological Disorders,PT,TDB,0.4036479890346527,2.1668360233306885
2026-12-01,PT_Stimulant And Wake Promoting Agents,Stimulant And Wake Promoting Agents,PT,TDB,1.1751117706298828,37.96448516845703
2026-12-01,PT_Traditional And Alternative Medicine Approaches,Traditional And Alternative Medicine Approaches,PT,TDB,0.5961474776268005,8.25597095489502
2026-12-01,PT_Transcranial Direct Current Stimulation,Transcranial Direct Current Stimulation,PT,TDB,0.853096604347229,36.95791244506836
2026-12-01,PT_Transcranial Magnetic Stimulation,Transcranial Magnetic Stimulation,PT,TDB,0.9453633427619934,183.59873962402344
2026-12-01,PT_Transference Focused Psychotherapy,Transference Focused Psychotherapy,PT,TDB,1.1056287288665771,9.819973945617676
2026-12-01,PT_Trauma Focused Cbt,Trauma Focused Cbt,PT,TDB,0.5877017378807068,2.803887128829956
2026-12-01,PT_Vagus Nerve Stimulation,Vagus Nerve Stimulation,PT,TDB,1.0987786054611206,15.140117645263672
2026-12-01,PT_Virtual Reality Exposure Therapy,Virtual Reality Exposure Therapy,PT,TDB,0.8764762282371521,6.998032093048096
2026-12-01,PT_Vocal And Speech Biomarkers,Vocal And Speech Biomarkers,PT,TDB,-0.014758072793483734,0.0
2026-12-01,PT_Voxel Based Lesion Symptom Mapping,Voxel Based Lesion Symptom Mapping,PT,TDB,0.485371857881546,0.9361013770103455
2027-01-01,RMD_Anorexia Nervosa,Anorexia Nervosa,RMD,TDB,1.8952796459197998,347.8265075683594
2027-01-01,RMD_Antisocial Personality Disorder,Antisocial Personality Disorder,RMD,TDB,1.2064869403839111,44.79059982299805
2027-01-01,RMD_Autosarcophagy,Autosarcophagy,RMD,TDB,0.6049239635467529,0.8311129808425903
2027-01-01,RMD_Avoidant Personality Disorder,Avoidant Personality Disorder,RMD,TDB,1.5523757934570312,16.03386878967285
2027-01-01,RMD_Boanthropy,Boanthropy,RMD,TDB,0.8015496730804443,2.275970935821533
2027-01-01,RMD_Body Integrity Dysphoria,Body Integrity Dysphoria,RMD,TDB,1.7172597646713257,32.31447219848633
2027-01-01,RMD_Brief Psychotic Disorder,Brief Psychotic Disorder,RMD,TDB,1.2004996538162231,2.4360132217407227
2027-01-01,RMD_Capgras Syndrome,Capgras Syndrome,RMD,TDB,1.574033498764038,24.48208999633789
2027-01-01,RMD_Childhood Disintegrative Disorder,Childhood Disintegrative Disorder,RMD,TDB,1.6813369989395142,32.041839599609375
2027-01-01,RMD_Chronic Traumatic Encephalopathy,Chronic Traumatic Encephalopathy,RMD,TDB,2.0457961559295654,417.5345153808594
2027-01-01,RMD_Circadian Rhythm Sleep Wake Disorder,Circadian Rhythm Sleep Wake Disorder,RMD,TDB,1.2318265438079834,2.7749414443969727
2027-01-01,RMD_Cotard Syndrome,Cotard Syndrome,RMD,TDB,1.5317074060440063,5.283078670501709
2027-01-01,RMD_Cyclothymic Disorder,Cyclothymic Disorder,RMD,TDB,1.9697833061218262,231.77854919433594
2027-01-01,RMD_Delusional Disorder,Delusional Disorder,RMD,TDB,0.5947766304016113,1.874289631843567
2027-01-01,RMD_Diogenes Syndrome,Diogenes Syndrome,RMD,TDB,1.6982312202453613,4.522784233093262
2027-01-01,RMD_Disinhibited Social Engagement Disorder,Disinhibited Social Engagement Disorder,RMD,TDB,1.0895048379898071,4.657436370849609
2027-01-01,RMD_Dissociative Amnesia,Dissociative Amnesia,RMD,TDB,1.6003503799438477,6.000860214233398
2027-01-01,RMD_Dissociative Fugue,Dissociative Fugue,RMD,TDB,1.9102058410644531,39.03751754760742
2027-01-01,RMD_Ekbom Syndrome,Ekbom Syndrome,RMD,TDB,1.5208380222320557,47.52184295654297
2027-01-01,RMD_Erotomania,Erotomania,RMD,TDB,1.9335882663726807,80.14497375488281
2027-01-01,RMD_Factitious Disorder,Factitious Disorder,RMD,TDB,2.058192491531372,263.2412109375
2027-01-01,RMD_Fregoli Delusion,Fregoli Delusion,RMD,TDB,0.9567217826843262,1.6031488180160522
2027-01-01,RMD_Ganser Syndrome,Ganser Syndrome,RMD,TDB,2.271111249923706,12.94930362701416
2027-01-01,RMD_Hallucinogen Persisting Perception Disorder,Hallucinogen Persisting Perception Disorder,RMD,TDB,2.0604710578918457,149.06411743164062
2027-01-01,RMD_Histrionic Personality Disorder,Histrionic Personality Disorder,RMD,TDB,1.2812107801437378,16.43968963623047
2027-01-01,RMD_Hypergraphia,Hypergraphia,RMD,TDB,1.0388091802597046,4.999852657318115
2027-01-01,RMD_Hyperthymesia,Hyperthymesia,RMD,TDB,1.9523676633834839,74.82132720947266
2027-01-01,RMD_Impulse Control Disorders,Impulse Control Disorders,RMD,TDB,1.3534348011016846,72.89595794677734
2027-01-01,RMD_Intermetamorphosis Syndrome,Intermetamorphosis Syndrome,RMD,TDB,0.025815296918153763,0.07075130194425583
2027-01-01,RMD_Kleine Levin Syndrome,Kleine Levin Syndrome,RMD,TDB,1.406158447265625,16.634014129638672
2027-01-01,RMD_Kleptomania,Kleptomania,RMD,TDB,2.2933008670806885,37.43888473510742
2027-01-01,RMD_Koro,Koro,RMD,TDB,1.0749595165252686,3.5691301822662354
2027-01-01,RMD_Landau Kleffner Syndrome,Landau Kleffner Syndrome,RMD,TDB,1.663090705871582,10.60197925567627
2027-01-01,RMD_Narcissistic Personality Disorder,Narcissistic Personality Disorder,RMD,TDB,2.002718210220337,349.791748046875
2027-01-01,RMD_Olfactory Reference Syndrome,Olfactory Reference Syndrome,RMD,TDB,1.5760700702667236,92.25756072998047
2027-01-01,RMD_Othello Syndrome,Othello Syndrome,RMD,TDB,1.4325522184371948,17.933095932006836
2027-01-01,RMD_Palilalia,Palilalia,RMD,TDB,0.769713819026947,2.281865358352661
2027-01-01,RMD_Postpartum Psychosis,Postpartum Psychosis,RMD,TDB,2.2858214378356934,32.27472686767578
2027-01-01,RMD_Pyromania,Pyromania,RMD,TDB,1.7819678783416748,45.901668548583984
2027-01-01,RMD_Reactive Attachment Disorder,Reactive Attachment Disorder,RMD,TDB,2.2228269577026367,158.32501220703125
2027-01-01,RMD_Reduplicative Paramnesia,Reduplicative Paramnesia,RMD,TDB,1.294710636138916,2.649939775466919
2027-01-01,RMD_Rumination Disorder,Rumination Disorder,RMD,TDB,1.8464915752410889,82.08951568603516
2027-01-01,RMD_Savant Syndrome,Savant Syndrome,RMD,TDB,1.165467381477356,15.806687355041504
2027-01-01,RMD_Schizoaffective Disorder,Schizoaffective Disorder,RMD,TDB,1.546282172203064,90.24253845214844
2027-01-01,RMD_Schizotypal Personality Disorder,Schizotypal Personality Disorder,RMD,TDB,2.0091140270233154,229.1547088623047
2027-01-01,RMD_Selective Mutism,Selective Mutism,RMD,TDB,2.6577224731445312,51.9564323425293
2027-01-01,RMD_Stendhal Syndrome,Stendhal Syndrome,RMD,TDB,0.9189391732215881,3.4779365062713623
2027-01-01,RMD_Wendigo Psychosis,Wendigo Psychosis,RMD,TDB,0.6233941316604614,1.1969505548477173
2027-01-01,PT_Acceptance And Commitment Therapy,Acceptance And Commitment Therapy,PT,TDB,1.0108819007873535,37.48280715942383
2027-01-01,PT_Animal Assisted Therapy,Animal Assisted Therapy,PT,TDB,1.2823309898376465,7.694860458374023
2027-01-01,PT_Anticonvulsant Therapy,Anticonvulsant Therapy,PT,TDB,0.3907563090324402,2.571985960006714
2027-01-01,PT_Antidepressants,Antidepressants,PT,TDB,0.9148057699203491,126.0873794555664
2027-01-01,PT_Antipsychotic Medications,Antipsychotic Medications,PT,TDB,-0.014666318893432617,0.0
2027-01-01,PT_Anxiolytic Medications,Anxiolytic Medications,PT,TDB,0.8834360241889954,75.76744842529297
2027-01-01,PT_Art Therapy,Art Therapy,PT,TDB,0.40533316135406494,3.0746207237243652
2027-01-01,PT_Augmentative Communication Devices,Augmentative Communication Devices,PT,TDB,0.31098291277885437,0.5389707684516907
2027-01-01,PT_Behavioral Activation Therapy,Behavioral Activation Therapy,PT,TDB,0.530225932598114,2.025942087173462
2027-01-01,PT_Biofeedback Devices,Biofeedback Devices,PT,TDB,0.5559269785881042,0.8345757722854614
2027-01-01,PT_Blockchain For Data Protection,Blockchain For Data Protection,PT,TDB,-0.013758305460214615,0.0
2027-01-01,PT_Brain Computer Interface,Brain Computer Interface,PT,TDB,0.901735782623291,67.27767181396484
2027-01-01,PT_Cbt For Insomnia,Cbt For Insomnia,PT,TDB,1.4737043380737305,3.3653759956359863
2027-01-01,PT_Chronotherapy,Chronotherapy,PT,TDB,1.0237009525299072,2.5552010536193848
2027-01-01,PT_Closed Loop Neurostimulation,Closed Loop Neurostimulation,PT,TDB,1.1968356370925903,29.235971450805664
2027-01-01,PT_Clozapine Protocol,Clozapine Protocol,PT,TDB,-0.015659837052226067,0.0
2027-01-01,PT_Cognitive Assistive Technologies,Cognitive Assistive Technologies,PT,TDB,0.0344562754034996,0.03505676984786987
2027-01-01,PT_Cognitive Behavioral Therapy,Cognitive Behavioral Therapy,PT,TDB,0.9249738454818726,142.8901824951172
2027-01-01,PT_Cognitive Enhancement Programs,Cognitive Enhancement Programs,PT,TDB,0.07657766342163086,0.16864456236362457
2027-01-01,PT_Cultural Psychiatry Interventions,Cultural Psychiatry Interventions,PT,TDB,0.16363616287708282,0.1777857095003128
2027-01-01,PT_Deep Brain Stimulation,Deep Brain Stimulation,PT,TDB,0.8757271766662598,12.177690505981445
2027-01-01,PT_Dialectical Behavior Therapy,Dialectical Behavior Therapy,PT,TDB,0.9880318641662598,28.61795425415039
2027-01-01,PT_Dietary Interventions And Supplements,Dietary Interventions And Supplements,PT,TDB,0.14846724271774292,0.16005480289459229
2027-01-01,PT_Digital Health Tools,Digital Health Tools,PT,TDB,0.7587718963623047,45.03190612792969
2027-01-01,PT_Digital Imaging Technologies For Brain Scanning,Digital Imaging Technologies For Brain Scanning,PT,TDB,0.06511533260345459,0.11263550817966461
2027-01-01,PT_Digital Phenotyping,Digital Phenotyping,PT,TDB,1.335648775100708,16.928863525390625
2027-01-01,PT_Digital Therapeutics,Digital Therapeutics,PT,TDB,-0.014869185164570808,0.0
2027-01-01,PT_Electroconvulsive Therapy,Electroconvulsive Therapy,PT,TDB,-0.014830898493528366,0.0
2027-01-01,PT_Electroencephalography,Electroencephalography,PT,TDB,0.844632625579834,183.98883056640625
2027-01-01,PT_Emdr Therapy,Emdr Therapy,PT,TDB,1.0038015842437744,28.490571975708008
2027-01-01,PT_Emotion Regulation Training,Emotion Regulation Training,PT,TDB,0.6379634141921997,1.9869179725646973
2027-01-01,PT_Expressive Writing And Journaling,Expressive Writing And Journaling,PT,TDB,0.15935206413269043,0.17275075614452362
2027-01-01,PT_Fecal Microbiota Transplant,Fecal Microbiota Transplant,PT,TDB,-0.014821561053395271,0.0
2027-01-01,PT_Focused Ultrasound Therapy,Focused Ultrasound Therapy,PT,TDB,0.4003444015979767,0.9249578714370728
2027-01-01,PT_Hypnotherapy,Hypnotherapy,PT,TDB,1.0848335027694702,23.493608474731445
2027-01-01,PT_Immunotherapy For Neuropsychiatric Disorders,Immunotherapy For Neuropsychiatric Disorders,PT,TDB,1.0251728296279907,18.358482360839844
2027-01-01,PT_Interpersonal Psychotherapy,Interpersonal Psychotherapy,PT,TDB,0.6183153986930847,4.128159523010254
2027-01-01,PT_Ketamine Therapy,Ketamine Therapy,PT,TDB,1.146823525428772,20.83652114868164
2027-01-01,PT_Light Therapy,Light Therapy,PT,TDB,1.027953028678894,15.021075248718262
2027-01-01,PT_Lithium Therapy,Lithium Therapy,PT,TDB,0.06783205270767212,0.0773681029677391
2027-01-01,PT_Machine Learning Neuroimaging,Machine Learning Neuroimaging,PT,TDB,2.0095324516296387,8.932018280029297
2027-01-01,PT_Meditation And Relaxation Techniques,Meditation And Relaxation Techniques,PT,TDB,0.3566502332687378,1.0017249584197998
2027-01-01,PT_Memory Retrieval Techniques,Memory Retrieval Techniques,PT,TDB,-0.010736579075455666,0.0
2027-01-01,PT_Mentalization Based Treatment,Mentalization Based Treatment,PT,TDB,0.941250205039978,7.254716873168945
2027-01-01,PT_Metabolic And Enzyme Targeted Therapy,Metabolic And Enzyme Targeted Therapy,PT,TDB,0.4074946641921997,0.7592851519584656
2027-01-01,PT_Metaverse,Metaverse,PT,TDB,-0.015931611880660057,0.0
2027-01-01,PT_Mindfulness Based Stress Reduction,Mindfulness Based Stress Reduction,PT,TDB,0.9003095626831055,26.831581115722656
2027-01-01,PT_Mood Stabilizers,Mood Stabilizers,PT,TDB,0.9897044897079468,44.25749969482422
2027-01-01,PT_Motivational Interviewing,Motivational Interviewing,PT,TDB,1.1188457012176514,60.449256896972656
2027-01-01,PT_Music Therapy,Music Therapy,PT,TDB,0.8408845663070679,11.416982650756836
2027-01-01,PT_Naltrexone,Naltrexone,PT,TDB,1.2051043510437012,20.999759674072266
2027-01-01,PT_Narrative Exposure Therapy,Narrative Exposure Therapy,PT,TDB,0.8274072408676147,24.453065872192383
2027-01-01,PT_Neurobiological Assessments For Mental Disorders,Neurobiological Assessments For Mental Disorders,PT,TDB,0.16758933663368225,0.18245092034339905
2027-01-01,PT_Neurocognitive Training,Neurocognitive Training,PT,TDB,0.7533340454101562,1.352495551109314
2027-01-01,PT_Neurofeedback Systems,Neurofeedback Systems,PT,TDB,0.3189433515071869,0.37567338347435
2027-01-01,PT_Neuromodulation Techniques,Neuromodulation Techniques,PT,TDB,0.7394639253616333,12.309871673583984
2027-01-01,PT_Neuroplasticity Techniques,Neuroplasticity Techniques,PT,TDB,0.06164681166410446,0.13677002489566803
2027-01-01,PT_Neuroprotective Agents,Neuroprotective Agents,PT,TDB,1.006168007850647,26.3856201171875
2027-01-01,PT_Occupational Therapy,Occupational Therapy,PT,TDB,1.071997880935669,64.01296997070312
2027-01-01,PT_Oxytocin Therapy,Oxytocin Therapy,PT,TDB,0.959166407585144,1.6095203161239624
2027-01-01,PT_Personalized Medicine,Personalized Medicine,PT,TDB,0.9098649621009827,300.93341064453125
2027-01-01,PT_Pharmacogenomic Testing,Pharmacogenomic Testing,PT,TDB,1.4642943143844604,14.1278076171875
2027-01-01,PT_Privacy Preserving Ai In Digital Mental Health,Privacy Preserving AI In Digital Mental Health,PT,TDB,-0.015334835276007652,0.0
2027-01-01,PT_Prolonged Exposure Therapy,Prolonged Exposure Therapy,PT,TDB,0.02169216424226761,0.04511072859168053
2027-01-01,PT_Psilocybin Assisted Therapy,Psilocybin Assisted Therapy,PT,TDB,-0.016032852232456207,0.0
2027-01-01,PT_Psychoeducation Programs,Psychoeducation Programs,PT,TDB,0.4209359288215637,0.9688906669616699
2027-01-01,PT_Psychophysiological Metrics For Treatment Response,Psychophysiological Metrics For Treatment Response,PT,TDB,0.29500335454940796,0.5187718868255615
2027-01-01,PT_Reality Testing Techniques,Reality Testing Techniques,PT,TDB,-0.0153261199593544,0.0
2027-01-01,PT_Regenerative Medicine Approaches,Regenerative Medicine Approaches,PT,TDB,0.6503333449363708,18.628007888793945
2027-01-01,PT_Resting State Fmri,Resting State FMRI,PT,TDB,0.7673015594482422,28.048526763916016
2027-01-01,PT_Schema Therapy,Schema Therapy,PT,TDB,1.3230704069137573,2.7549328804016113
2027-01-01,PT_Secure Data Storage For Patient Records,Secure Data Storage For Patient Records,PT,TDB,0.028711099177598953,0.02912723645567894
2027-01-01,PT_Selective Serotonin Reuptake Inhibitors,Selective Serotonin Reuptake Inhibitors,PT,TDB,0.9600867033004761,62.847747802734375
2027-01-01,PT_Sleep Pattern Monitoring And Manipulation,Sleep Pattern Monitoring And Manipulation,PT,TDB,-0.01573518104851246,0.0
2027-01-01,PT_Smart Wearable Mental Health Trackers,Smart Wearable Mental Health Trackers,PT,TDB,-0.015776868909597397,0.0
2027-01-01,PT_Social Skills Training,Social Skills Training,PT,TDB,1.055364966392517,23.855581283569336
2027-01-01,PT_Speech Language Therapy,Speech Language Therapy,PT,TDB,0.5407225489616394,1.0057851076126099
2027-01-01,PT_Stem Cell Therapy For Neurological Disorders,Stem Cell Therapy For Neurological Disorders,PT,TDB,0.4062653183937073,2.1905953884124756
2027-01-01,PT_Stimulant And Wake Promoting Agents,Stimulant And Wake Promoting Agents,PT,TDB,1.1719094514846802,37.57750701904297
2027-01-01,PT_Traditional And Alternative Medicine Approaches,Traditional And Alternative Medicine Approaches,PT,TDB,0.5972403883934021,8.293807983398438
2027-01-01,PT_Transcranial Direct Current Stimulation,Transcranial Direct Current Stimulation,PT,TDB,0.8499857187271118,36.457881927490234
2027-01-01,PT_Transcranial Magnetic Stimulation,Transcranial Magnetic Stimulation,PT,TDB,0.9444758892059326,182.69668579101562
2027-01-01,PT_Transference Focused Psychotherapy,Transference Focused Psychotherapy,PT,TDB,1.1015849113464355,9.726142883300781
2027-01-01,PT_Trauma Focused Cbt,Trauma Focused Cbt,PT,TDB,0.5882841944694519,2.808927059173584
2027-01-01,PT_Vagus Nerve Stimulation,Vagus Nerve Stimulation,PT,TDB,1.0947415828704834,14.97602367401123
2027-01-01,PT_Virtual Reality Exposure Therapy,Virtual Reality Exposure Therapy,PT,TDB,0.8741265535354614,6.953575134277344
2027-01-01,PT_Vocal And Speech Biomarkers,Vocal And Speech Biomarkers,PT,TDB,-0.014882270246744156,0.0
2027-01-01,PT_Voxel Based Lesion Symptom Mapping,Voxel Based Lesion Symptom Mapping,PT,TDB,0.4863058626651764,0.9385644793510437
2027-02-01,RMD_Anorexia Nervosa,Anorexia Nervosa,RMD,TDB,1.8933895826339722,345.7958679199219
2027-02-01,RMD_Antisocial Personality Disorder,Antisocial Personality Disorder,RMD,TDB,1.2083289623260498,45.05872344970703
2027-02-01,RMD_Autosarcophagy,Autosarcophagy,RMD,TDB,0.6066243648529053,0.8342292308807373
2027-02-01,RMD_Avoidant Personality Disorder,Avoidant Personality Disorder,RMD,TDB,1.5503058433532715,15.969595909118652
2027-02-01,RMD_Boanthropy,Boanthropy,RMD,TDB,0.8019573092460632,2.2779483795166016
2027-02-01,RMD_Body Integrity Dysphoria,Body Integrity Dysphoria,RMD,TDB,1.7161288261413574,32.23763656616211
2027-02-01,RMD_Brief Psychotic Disorder,Brief Psychotic Disorder,RMD,TDB,1.2035071849822998,2.446654796600342
2027-02-01,RMD_Capgras Syndrome,Capgras Syndrome,RMD,TDB,1.5749428272247314,24.529802322387695
2027-02-01,RMD_Childhood Disintegrative Disorder,Childhood Disintegrative Disorder,RMD,TDB,1.680529236793518,31.98635482788086
2027-02-01,RMD_Chronic Traumatic Encephalopathy,Chronic Traumatic Encephalopathy,RMD,TDB,2.043194532394409,414.3338928222656
2027-02-01,RMD_Circadian Rhythm Sleep Wake Disorder,Circadian Rhythm Sleep Wake Disorder,RMD,TDB,1.2347877025604248,2.787015199661255
2027-02-01,RMD_Cotard Syndrome,Cotard Syndrome,RMD,TDB,1.5314903259277344,5.281442165374756
2027-02-01,RMD_Cyclothymic Disorder,Cyclothymic Disorder,RMD,TDB,1.9678843021392822,230.5586700439453
2027-02-01,RMD_Delusional Disorder,Delusional Disorder,RMD,TDB,0.6041240692138672,1.9223802089691162
2027-02-01,RMD_Diogenes Syndrome,Diogenes Syndrome,RMD,TDB,1.697204351425171,4.517080307006836
2027-02-01,RMD_Disinhibited Social Engagement Disorder,Disinhibited Social Engagement Disorder,RMD,TDB,1.0911186933517456,4.671977996826172
2027-02-01,RMD_Dissociative Amnesia,Dissociative Amnesia,RMD,TDB,1.6005477905273438,6.0025410652160645
2027-02-01,RMD_Dissociative Fugue,Dissociative Fugue,RMD,TDB,1.9069676399230957,38.78785705566406
2027-02-01,RMD_Ekbom Syndrome,Ekbom Syndrome,RMD,TDB,1.5216238498687744,47.61927795410156
2027-02-01,RMD_Erotomania,Erotomania,RMD,TDB,1.9300345182418823,79.4919662475586
2027-02-01,RMD_Factitious Disorder,Factitious Disorder,RMD,TDB,2.0553154945373535,261.1892395019531
2027-02-01,RMD_Fregoli Delusion,Fregoli Delusion,RMD,TDB,0.9601966738700867,1.6122101545333862
2027-02-01,RMD_Ganser Syndrome,Ganser Syndrome,RMD,TDB,2.2653238773345947,12.855937957763672
2027-02-01,RMD_Hallucinogen Persisting Perception Disorder,Hallucinogen Persisting Perception Disorder,RMD,TDB,2.057105541229248,147.8408660888672
2027-02-01,RMD_Histrionic Personality Disorder,Histrionic Personality Disorder,RMD,TDB,1.2804145812988281,16.408737182617188
2027-02-01,RMD_Hypergraphia,Hypergraphia,RMD,TDB,1.038449764251709,4.9961347579956055
2027-02-01,RMD_Hyperthymesia,Hyperthymesia,RMD,TDB,1.9495251178741455,74.34501647949219
2027-02-01,RMD_Impulse Control Disorders,Impulse Control Disorders,RMD,TDB,1.3559664487838745,73.49311065673828
2027-02-01,RMD_Intermetamorphosis Syndrome,Intermetamorphosis Syndrome,RMD,TDB,0.031052207574248314,0.08570355921983719
2027-02-01,RMD_Kleine Levin Syndrome,Kleine Levin Syndrome,RMD,TDB,1.4067199230194092,16.65423583984375
2027-02-01,RMD_Kleptomania,Kleptomania,RMD,TDB,2.2907845973968506,37.285282135009766
2027-02-01,RMD_Koro,Koro,RMD,TDB,1.0785272121429443,3.5922279357910156
2027-02-01,RMD_Landau Kleffner Syndrome,Landau Kleffner Syndrome,RMD,TDB,1.6620194911956787,10.5836763381958
2027-02-01,RMD_Narcissistic Personality Disorder,Narcissistic Personality Disorder,RMD,TDB,1.999976634979248,346.989013671875
2027-02-01,RMD_Olfactory Reference Syndrome,Olfactory Reference Syndrome,RMD,TDB,1.5765650272369385,92.3904800415039
2027-02-01,RMD_Othello Syndrome,Othello Syndrome,RMD,TDB,1.4318944215774536,17.907546997070312
2027-02-01,RMD_Palilalia,Palilalia,RMD,TDB,0.76825350522995,2.2744743824005127
2027-02-01,RMD_Postpartum Psychosis,Postpartum Psychosis,RMD,TDB,2.280954599380493,32.027347564697266
2027-02-01,RMD_Pyromania,Pyromania,RMD,TDB,1.7788705825805664,45.589019775390625
2027-02-01,RMD_Reactive Attachment Disorder,Reactive Attachment Disorder,RMD,TDB,2.217914581298828,156.5494842529297
2027-02-01,RMD_Reduplicative Paramnesia,Reduplicative Paramnesia,RMD,TDB,1.2938530445098877,2.64681077003479
2027-02-01,RMD_Rumination Disorder,Rumination Disorder,RMD,TDB,1.8445250988006592,81.69930267333984
2027-02-01,RMD_Savant Syndrome,Savant Syndrome,RMD,TDB,1.1604498624801636,15.603752136230469
2027-02-01,RMD_Schizoaffective Disorder,Schizoaffective Disorder,RMD,TDB,1.545842170715332,90.12544250488281
2027-02-01,RMD_Schizotypal Personality Disorder,Schizotypal Personality Disorder,RMD,TDB,2.005021333694458,226.6188201904297
2027-02-01,RMD_Selective Mutism,Selective Mutism,RMD,TDB,2.650723695755005,51.4057502746582
2027-02-01,RMD_Stendhal Syndrome,Stendhal Syndrome,RMD,TDB,0.9165046811103821,3.460186719894409
2027-02-01,RMD_Wendigo Psychosis,Wendigo Psychosis,RMD,TDB,0.6237858533859253,1.1980372667312622
2027-02-01,PT_Acceptance And Commitment Therapy,Acceptance And Commitment Therapy,PT,TDB,1.0100867748260498,37.37247085571289
2027-02-01,PT_Animal Assisted Therapy,Animal Assisted Therapy,PT,TDB,1.2763135433197021,7.607062816619873
2027-02-01,PT_Anticonvulsant Therapy,Anticonvulsant Therapy,PT,TDB,0.39078471064567566,2.572316884994507
2027-02-01,PT_Antidepressants,Antidepressants,PT,TDB,0.9145756363868713,125.93257904052734
2027-02-01,PT_Antipsychotic Medications,Antipsychotic Medications,PT,TDB,-0.014341159723699093,0.0
2027-02-01,PT_Anxiolytic Medications,Anxiolytic Medications,PT,TDB,0.8831937909126282,75.67613983154297
2027-02-01,PT_Art Therapy,Art Therapy,PT,TDB,0.4045313894748688,3.063314437866211
2027-02-01,PT_Augmentative Communication Devices,Augmentative Communication Devices,PT,TDB,0.31066036224365234,0.5382827520370483
2027-02-01,PT_Behavioral Activation Therapy,Behavioral Activation Therapy,PT,TDB,0.5308338403701782,2.029785394668579
2027-02-01,PT_Biofeedback Devices,Biofeedback Devices,PT,TDB,0.5551018714904785,0.8329242467880249
2027-02-01,PT_Blockchain For Data Protection,Blockchain For Data Protection,PT,TDB,-0.013213417492806911,0.0
2027-02-01,PT_Brain Computer Interface,Brain Computer Interface,PT,TDB,0.9030865430831909,67.71104431152344
2027-02-01,PT_Cbt For Insomnia,Cbt For Insomnia,PT,TDB,1.4671237468719482,3.3367435932159424
2027-02-01,PT_Chronotherapy,Chronotherapy,PT,TDB,1.0207716226577759,2.542320728302002
2027-02-01,PT_Closed Loop Neurostimulation,Closed Loop Neurostimulation,PT,TDB,1.1929570436477661,28.90376853942871
2027-02-01,PT_Clozapine Protocol,Clozapine Protocol,PT,TDB,-0.015406888909637928,0.0
2027-02-01,PT_Cognitive Assistive Technologies,Cognitive Assistive Technologies,PT,TDB,0.03459007292985916,0.03519526869058609
2027-02-01,PT_Cognitive Behavioral Therapy,Cognitive Behavioral Therapy,PT,TDB,0.9252070784568787,143.07061767578125
2027-02-01,PT_Cognitive Enhancement Programs,Cognitive Enhancement Programs,PT,TDB,0.0756782591342926,0.16650745272636414
2027-02-01,PT_Cultural Psychiatry Interventions,Cultural Psychiatry Interventions,PT,TDB,0.16235655546188354,0.17627957463264465
2027-02-01,PT_Deep Brain Stimulation,Deep Brain Stimulation,PT,TDB,0.8729705214500427,12.071161270141602
2027-02-01,PT_Dialectical Behavior Therapy,Dialectical Behavior Therapy,PT,TDB,0.9869615435600281,28.509435653686523
2027-02-01,PT_Dietary Interventions And Supplements,Dietary Interventions And Supplements,PT,TDB,0.14951466023921967,0.16127049922943115
2027-02-01,PT_Digital Health Tools,Digital Health Tools,PT,TDB,0.7598822116851807,45.29056167602539
2027-02-01,PT_Digital Imaging Technologies For Brain Scanning,Digital Imaging Technologies For Brain Scanning,PT,TDB,0.06812117993831635,0.11813090741634369
2027-02-01,PT_Digital Phenotyping,Digital Phenotyping,PT,TDB,1.3322160243988037,16.79635238647461
2027-02-01,PT_Digital Therapeutics,Digital Therapeutics,PT,TDB,-0.014640389941632748,0.0
2027-02-01,PT_Electroconvulsive Therapy,Electroconvulsive Therapy,PT,TDB,-0.01459470670670271,0.0
2027-02-01,PT_Electroencephalography,Electroencephalography,PT,TDB,0.8454843759536743,184.96522521972656
2027-02-01,PT_Emdr Therapy,Emdr Therapy,PT,TDB,1.0029325485229492,28.404293060302734
2027-02-01,PT_Emotion Regulation Training,Emotion Regulation Training,PT,TDB,0.6379521489143372,1.9868603944778442
2027-02-01,PT_Expressive Writing And Journaling,Expressive Writing And Journaling,PT,TDB,0.16157375276088715,0.17535914480686188
2027-02-01,PT_Fecal Microbiota Transplant,Fecal Microbiota Transplant,PT,TDB,-0.014618576504290104,0.0
2027-02-01,PT_Focused Ultrasound Therapy,Focused Ultrasound Therapy,PT,TDB,0.3985150158405304,0.919205904006958
2027-02-01,PT_Hypnotherapy,Hypnotherapy,PT,TDB,1.0809845924377441,23.21723175048828
2027-02-01,PT_Immunotherapy For Neuropsychiatric Disorders,Immunotherapy For Neuropsychiatric Disorders,PT,TDB,1.0209637880325317,18.124399185180664
2027-02-01,PT_Interpersonal Psychotherapy,Interpersonal Psychotherapy,PT,TDB,0.6187270283699036,4.1337432861328125
2027-02-01,PT_Ketamine Therapy,Ketamine Therapy,PT,TDB,1.1414477825164795,20.523157119750977
2027-02-01,PT_Light Therapy,Light Therapy,PT,TDB,1.0234448909759521,14.827354431152344
2027-02-01,PT_Lithium Therapy,Lithium Therapy,PT,TDB,0.06763190776109695,0.0771312341094017
2027-02-01,PT_Machine Learning Neuroimaging,Machine Learning Neuroimaging,PT,TDB,2.000472068786621,8.829743385314941
2027-02-01,PT_Meditation And Relaxation Techniques,Meditation And Relaxation Techniques,PT,TDB,0.3586914837360382,1.009691834449768
2027-02-01,PT_Memory Retrieval Techniques,Memory Retrieval Techniques,PT,TDB,-0.010557260364294052,0.0
2027-02-01,PT_Mentalization Based Treatment,Mentalization Based Treatment,PT,TDB,0.9352337718009949,7.144093036651611
2027-02-01,PT_Metabolic And Enzyme Targeted Therapy,Metabolic And Enzyme Targeted Therapy,PT,TDB,0.4058469533920288,0.7552711367607117
2027-02-01,PT_Metaverse,Metaverse,PT,TDB,-0.015679383650422096,0.0
2027-02-01,PT_Mindfulness Based Stress Reduction,Mindfulness Based Stress Reduction,PT,TDB,0.9008738398551941,26.889663696289062
2027-02-01,PT_Mood Stabilizers,Mood Stabilizers,PT,TDB,0.9885087013244629,44.04951095581055
2027-02-01,PT_Motivational Interviewing,Motivational Interviewing,PT,TDB,1.116141438484192,59.84062576293945
2027-02-01,PT_Music Therapy,Music Therapy,PT,TDB,0.8373596668243408,11.286552429199219
2027-02-01,PT_Naltrexone,Naltrexone,PT,TDB,1.1984230279922485,20.62595558166504
2027-02-01,PT_Narrative Exposure Therapy,Narrative Exposure Therapy,PT,TDB,0.8251192569732666,24.226259231567383
2027-02-01,PT_Neurobiological Assessments For Mental Disorders,Neurobiological Assessments For Mental Disorders,PT,TDB,0.16775205731391907,0.1826433539390564
2027-02-01,PT_Neurocognitive Training,Neurocognitive Training,PT,TDB,0.7519838809967041,1.3488913774490356
2027-02-01,PT_Neurofeedback Systems,Neurofeedback Systems,PT,TDB,0.31849193572998047,0.3750525414943695
2027-02-01,PT_Neuromodulation Techniques,Neuromodulation Techniques,PT,TDB,0.7407853007316589,12.371580123901367
2027-02-01,PT_Neuroplasticity Techniques,Neuroplasticity Techniques,PT,TDB,0.06393051147460938,0.1421811878681183
2027-02-01,PT_Neuroprotective Agents,Neuroprotective Agents,PT,TDB,1.0046988725662231,26.253585815429688
2027-02-01,PT_Occupational Therapy,Occupational Therapy,PT,TDB,1.0692235231399536,63.31433868408203
2027-02-01,PT_Oxytocin Therapy,Oxytocin Therapy,PT,TDB,0.9550266861915588,1.5987399816513062
2027-02-01,PT_Personalized Medicine,Personalized Medicine,PT,TDB,0.9103457927703857,301.84600830078125
2027-02-01,PT_Pharmacogenomic Testing,Pharmacogenomic Testing,PT,TDB,1.4588232040405273,13.975037574768066
2027-02-01,PT_Privacy Preserving Ai In Digital Mental Health,Privacy Preserving AI In Digital Mental Health,PT,TDB,-0.015180335380136967,0.0
2027-02-01,PT_Prolonged Exposure Therapy,Prolonged Exposure Therapy,PT,TDB,0.02140321396291256,0.04449666291475296
2027-02-01,PT_Psilocybin Assisted Therapy,Psilocybin Assisted Therapy,PT,TDB,-0.015795137733221054,0.0
2027-02-01,PT_Psychoeducation Programs,Psychoeducation Programs,PT,TDB,0.41986748576164246,0.9655078649520874
2027-02-01,PT_Psychophysiological Metrics For Treatment Response,Psychophysiological Metrics For Treatment Response,PT,TDB,0.29756614565849304,0.5242957472801208
2027-02-01,PT_Reality Testing Techniques,Reality Testing Techniques,PT,TDB,-0.015211879275739193,0.0
2027-02-01,PT_Regenerative Medicine Approaches,Regenerative Medicine Approaches,PT,TDB,0.6525378823280334,18.827089309692383
2027-02-01,PT_Resting State Fmri,Resting State FMRI,PT,TDB,0.7689391374588013,28.25813865661621
2027-02-01,PT_Schema Therapy,Schema Therapy,PT,TDB,1.318611979484558,2.7382290363311768
2027-02-01,PT_Secure Data Storage For Patient Records,Secure Data Storage For Patient Records,PT,TDB,0.029382213950157166,0.029818130657076836
2027-02-01,PT_Selective Serotonin Reuptake Inhibitors,Selective Serotonin Reuptake Inhibitors,PT,TDB,0.9588733315467834,62.51324462890625
2027-02-01,PT_Sleep Pattern Monitoring And Manipulation,Sleep Pattern Monitoring And Manipulation,PT,TDB,-0.015648094937205315,0.0
2027-02-01,PT_Smart Wearable Mental Health Trackers,Smart Wearable Mental Health Trackers,PT,TDB,-0.015710782259702682,0.0
2027-02-01,PT_Social Skills Training,Social Skills Training,PT,TDB,1.0533936023712158,23.706851959228516
2027-02-01,PT_Speech Language Therapy,Speech Language Therapy,PT,TDB,0.5401663780212402,1.004349708557129
2027-02-01,PT_Stem Cell Therapy For Neurological Disorders,Stem Cell Therapy For Neurological Disorders,PT,TDB,0.4092060327529907,2.2175028324127197
2027-02-01,PT_Stimulant And Wake Promoting Agents,Stimulant And Wake Promoting Agents,PT,TDB,1.169327974319458,37.26836395263672
2027-02-01,PT_Traditional And Alternative Medicine Approaches,Traditional And Alternative Medicine Approaches,PT,TDB,0.5987386703491211,8.345930099487305
2027-02-01,PT_Transcranial Direct Current Stimulation,Transcranial Direct Current Stimulation,PT,TDB,0.847395122051239,36.04651641845703
2027-02-01,PT_Transcranial Magnetic Stimulation,Transcranial Magnetic Stimulation,PT,TDB,0.9440605044364929,182.2759246826172
2027-02-01,PT_Transference Focused Psychotherapy,Transference Focused Psychotherapy,PT,TDB,1.0982590913772583,9.649580001831055
2027-02-01,PT_Trauma Focused Cbt,Trauma Focused Cbt,PT,TDB,0.5892922282218933,2.8176653385162354
2027-02-01,PT_Vagus Nerve Stimulation,Vagus Nerve Stimulation,PT,TDB,1.0914236307144165,14.84241008758545
2027-02-01,PT_Virtual Reality Exposure Therapy,Virtual Reality Exposure Therapy,PT,TDB,0.8723654747009277,6.920417785644531
2027-02-01,PT_Vocal And Speech Biomarkers,Vocal And Speech Biomarkers,PT,TDB,-0.014613221399486065,0.0
2027-02-01,PT_Voxel Based Lesion Symptom Mapping,Voxel Based Lesion Symptom Mapping,PT,TDB,0.4876435101032257,0.9420973062515259
2027-03-01,RMD_Anorexia Nervosa,Anorexia Nervosa,RMD,TDB,1.8912988901138306,343.5633544921875
2027-03-01,RMD_Antisocial Personality Disorder,Antisocial Personality Disorder,RMD,TDB,1.2099424600601196,45.29487609863281
2027-03-01,RMD_Autosarcophagy,Autosarcophagy,RMD,TDB,0.6082313656806946,0.8371792435646057
2027-03-01,RMD_Avoidant Personality Disorder,Avoidant Personality Disorder,RMD,TDB,1.5482876300811768,15.9071626663208
2027-03-01,RMD_Boanthropy,Boanthropy,RMD,TDB,0.8022923469543457,2.2795746326446533
2027-03-01,RMD_Body Integrity Dysphoria,Body Integrity Dysphoria,RMD,TDB,1.7147715091705322,32.14566421508789
2027-03-01,RMD_Brief Psychotic Disorder,Brief Psychotic Disorder,RMD,TDB,1.2060753107070923,2.4557676315307617
2027-03-01,RMD_Capgras Syndrome,Capgras Syndrome,RMD,TDB,1.575502872467041,24.55923080444336
2027-03-01,RMD_Childhood Disintegrative Disorder,Childhood Disintegrative Disorder,RMD,TDB,1.679487705230713,31.914958953857422
2027-03-01,RMD_Chronic Traumatic Encephalopathy,Chronic Traumatic Encephalopathy,RMD,TDB,2.0404393672943115,410.97088623046875
2027-03-01,RMD_Circadian Rhythm Sleep Wake Disorder,Circadian Rhythm Sleep Wake Disorder,RMD,TDB,1.237269639968872,2.7971646785736084
2027-03-01,RMD_Cotard Syndrome,Cotard Syndrome,RMD,TDB,1.531087875366211,5.2784104347229
2027-03-01,RMD_Cyclothymic Disorder,Cyclothymic Disorder,RMD,TDB,1.965766429901123,229.2057342529297
2027-03-01,RMD_Delusional Disorder,Delusional Disorder,RMD,TDB,0.6127232313156128,1.9673315286636353
2027-03-01,RMD_Diogenes Syndrome,Diogenes Syndrome,RMD,TDB,1.69596266746521,4.510190486907959
2027-03-01,RMD_Disinhibited Social Engagement Disorder,Disinhibited Social Engagement Disorder,RMD,TDB,1.0925530195236206,4.684932708740234
2027-03-01,RMD_Dissociative Amnesia,Dissociative Amnesia,RMD,TDB,1.6004624366760254,6.001814842224121
2027-03-01,RMD_Dissociative Fugue,Dissociative Fugue,RMD,TDB,1.9035931825637817,38.52935791015625
2027-03-01,RMD_Ekbom Syndrome,Ekbom Syndrome,RMD,TDB,1.5220385789871216,47.670772552490234
2027-03-01,RMD_Erotomania,Erotomania,RMD,TDB,1.9263583421707153,78.82201385498047
2027-03-01,RMD_Factitious Disorder,Factitious Disorder,RMD,TDB,2.0522866249084473,259.0462951660156
2027-03-01,RMD_Fregoli Delusion,Fregoli Delusion,RMD,TDB,0.9633088111877441,1.6203523874282837
2027-03-01,RMD_Ganser Syndrome,Ganser Syndrome,RMD,TDB,2.2597784996032715,12.767062187194824
2027-03-01,RMD_Hallucinogen Persisting Perception Disorder,Hallucinogen Persisting Perception Disorder,RMD,TDB,2.0536046028137207,146.57894897460938
2027-03-01,RMD_Histrionic Personality Disorder,Histrionic Personality Disorder,RMD,TDB,1.2796170711517334,16.377784729003906
2027-03-01,RMD_Hypergraphia,Hypergraphia,RMD,TDB,1.0380555391311646,4.992058753967285
2027-03-01,RMD_Hyperthymesia,Hyperthymesia,RMD,TDB,1.946533203125,73.84688568115234
2027-03-01,RMD_Impulse Control Disorders,Impulse Control Disorders,RMD,TDB,1.3582041263580322,74.02490234375
2027-03-01,RMD_Intermetamorphosis Syndrome,Intermetamorphosis Syndrome,RMD,TDB,0.03606325387954712,0.1002063974738121
2027-03-01,RMD_Kleine Levin Syndrome,Kleine Levin Syndrome,RMD,TDB,1.4069797992706299,16.663599014282227
2027-03-01,RMD_Kleptomania,Kleptomania,RMD,TDB,2.2881298065185547,37.12389373779297
2027-03-01,RMD_Koro,Koro,RMD,TDB,1.0817075967788696,3.612917184829712
2027-03-01,RMD_Landau Kleffner Syndrome,Landau Kleffner Syndrome,RMD,TDB,1.6607022285461426,10.561205863952637
2027-03-01,RMD_Narcissistic Personality Disorder,Narcissistic Personality Disorder,RMD,TDB,1.9970612525939941,344.0329284667969
2027-03-01,RMD_Olfactory Reference Syndrome,Olfactory Reference Syndrome,RMD,TDB,1.576828956604004,92.4614028930664
2027-03-01,RMD_Othello Syndrome,Othello Syndrome,RMD,TDB,1.4310078620910645,17.873165130615234
2027-03-01,RMD_Palilalia,Palilalia,RMD,TDB,0.7668300271034241,2.2672853469848633
2027-03-01,RMD_Postpartum Psychosis,Postpartum Psychosis,RMD,TDB,2.2759852409362793,31.776655197143555
2027-03-01,RMD_Pyromania,Pyromania,RMD,TDB,1.7757072448730469,45.271846771240234
2027-03-01,RMD_Reactive Attachment Disorder,Reactive Attachment Disorder,RMD,TDB,2.212895154953003,154.75570678710938
2027-03-01,RMD_Reduplicative Paramnesia,Reduplicative Paramnesia,RMD,TDB,1.292779803276062,2.6428990364074707
2027-03-01,RMD_Rumination Disorder,Rumination Disorder,RMD,TDB,1.8424019813537598,81.28008270263672
2027-03-01,RMD_Savant Syndrome,Savant Syndrome,RMD,TDB,1.155587077140808,15.40941333770752
2027-03-01,RMD_Schizoaffective Disorder,Schizoaffective Disorder,RMD,TDB,1.5451937913894653,89.9531478881836
2027-03-01,RMD_Schizotypal Personality Disorder,Schizotypal Personality Disorder,RMD,TDB,2.000788688659668,224.02566528320312
2027-03-01,RMD_Selective Mutism,Selective Mutism,RMD,TDB,2.643693208694458,50.85834503173828
2027-03-01,RMD_Stendhal Syndrome,Stendhal Syndrome,RMD,TDB,0.9140933156013489,3.4426751136779785
2027-03-01,RMD_Wendigo Psychosis,Wendigo Psychosis,RMD,TDB,0.6241689324378967,1.1991007328033447
2027-03-01,PT_Acceptance And Commitment Therapy,Acceptance And Commitment Therapy,PT,TDB,1.0092664957046509,37.25898361206055
2027-03-01,PT_Animal Assisted Therapy,Animal Assisted Therapy,PT,TDB,1.2705276012420654,7.523481369018555
2027-03-01,PT_Anticonvulsant Therapy,Anticonvulsant Therapy,PT,TDB,0.3908602297306061,2.5731959342956543
2027-03-01,PT_Antidepressants,Antidepressants,PT,TDB,0.9142784476280212,125.73300170898438
2027-03-01,PT_Antipsychotic Medications,Antipsychotic Medications,PT,TDB,-0.01404824573546648,0.0
2027-03-01,PT_Anxiolytic Medications,Anxiolytic Medications,PT,TDB,0.8828566074371338,75.54922485351562
2027-03-01,PT_Art Therapy,Art Therapy,PT,TDB,0.4037427306175232,3.0522232055664062
2027-03-01,PT_Augmentative Communication Devices,Augmentative Communication Devices,PT,TDB,0.31032148003578186,0.5375602841377258
2027-03-01,PT_Behavioral Activation Therapy,Behavioral Activation Therapy,PT,TDB,0.5313536524772644,2.033076047897339
2027-03-01,PT_Biofeedback Devices,Biofeedback Devices,PT,TDB,0.5542559623718262,0.8312326073646545
2027-03-01,PT_Blockchain For Data Protection,Blockchain For Data Protection,PT,TDB,-0.01269314344972372,0.0
2027-03-01,PT_Brain Computer Interface,Brain Computer Interface,PT,TDB,0.9043043255805969,68.10404968261719
2027-03-01,PT_Cbt For Insomnia,Cbt For Insomnia,PT,TDB,1.4607396125793457,3.309145450592041
2027-03-01,PT_Chronotherapy,Chronotherapy,PT,TDB,1.0178583860397339,2.529557466506958
2027-03-01,PT_Closed Loop Neurostimulation,Closed Loop Neurostimulation,PT,TDB,1.189163088798523,28.582351684570312
2027-03-01,PT_Clozapine Protocol,Clozapine Protocol,PT,TDB,-0.01518258173018694,0.0
2027-03-01,PT_Cognitive Assistive Technologies,Cognitive Assistive Technologies,PT,TDB,0.03469304367899895,0.03530186787247658
2027-03-01,PT_Cognitive Behavioral Therapy,Cognitive Behavioral Therapy,PT,TDB,0.9253127574920654,143.15245056152344
2027-03-01,PT_Cognitive Enhancement Programs,Cognitive Enhancement Programs,PT,TDB,0.07479144632816315,0.16440407931804657
2027-03-01,PT_Cultural Psychiatry Interventions,Cultural Psychiatry Interventions,PT,TDB,0.16110223531723022,0.17480507493019104
2027-03-01,PT_Deep Brain Stimulation,Deep Brain Stimulation,PT,TDB,0.8702467679977417,11.966750144958496
2027-03-01,PT_Dialectical Behavior Therapy,Dialectical Behavior Therapy,PT,TDB,0.9858220219612122,28.39434051513672
2027-03-01,PT_Dietary Interventions And Supplements,Dietary Interventions And Supplements,PT,TDB,0.15049193799495697,0.16240593791007996
2027-03-01,PT_Digital Health Tools,Digital Health Tools,PT,TDB,0.7608643770217896,45.52058029174805
2027-03-01,PT_Digital Imaging Technologies For Brain Scanning,Digital Imaging Technologies For Brain Scanning,PT,TDB,0.07095475494861603,0.12333621084690094
2027-03-01,PT_Digital Phenotyping,Digital Phenotyping,PT,TDB,1.3288509845733643,16.66740608215332
2027-03-01,PT_Digital Therapeutics,Digital Therapeutics,PT,TDB,-0.014456956647336483,0.0
2027-03-01,PT_Electroconvulsive Therapy,Electroconvulsive Therapy,PT,TDB,-0.014402109198272228,0.0
2027-03-01,PT_Electroencephalography,Electroencephalography,PT,TDB,0.8461987376213074,185.7880859375
2027-03-01,PT_Emdr Therapy,Emdr Therapy,PT,TDB,1.0019842386245728,28.310440063476562
2027-03-01,PT_Emotion Regulation Training,Emotion Regulation Training,PT,TDB,0.6378615498542786,1.9863964319229126
2027-03-01,PT_Expressive Writing And Journaling,Expressive Writing And Journaling,PT,TDB,0.16364654898643494,0.17779794335365295
2027-03-01,PT_Fecal Microbiota Transplant,Fecal Microbiota Transplant,PT,TDB,-0.01445023249834776,0.0
2027-03-01,PT_Focused Ultrasound Therapy,Focused Ultrasound Therapy,PT,TDB,0.39671698212623596,0.9135692119598389
2027-03-01,PT_Hypnotherapy,Hypnotherapy,PT,TDB,1.0772109031677246,22.949281692504883
2027-03-01,PT_Immunotherapy For Neuropsychiatric Disorders,Immunotherapy For Neuropsychiatric Disorders,PT,TDB,1.0168390274047852,17.897748947143555
2027-03-01,PT_Interpersonal Psychotherapy,Interpersonal Psychotherapy,PT,TDB,0.6190436482429504,4.138042449951172
2027-03-01,PT_Ketamine Therapy,Ketamine Therapy,PT,TDB,1.1362254619598389,20.22304916381836
2027-03-01,PT_Light Therapy,Light Therapy,PT,TDB,1.0190500020980835,14.640759468078613
2027-03-01,PT_Lithium Therapy,Lithium Therapy,PT,TDB,0.06740866601467133,0.07686710357666016
2027-03-01,PT_Machine Learning Neuroimaging,Machine Learning Neuroimaging,PT,TDB,1.9916930198669434,8.731647491455078
2027-03-01,PT_Meditation And Relaxation Techniques,Meditation And Relaxation Techniques,PT,TDB,0.3605853319168091,1.0171117782592773
2027-03-01,PT_Memory Retrieval Techniques,Memory Retrieval Techniques,PT,TDB,-0.010422494262456894,0.0
2027-03-01,PT_Mentalization Based Treatment,Mentalization Based Treatment,PT,TDB,0.9294160604476929,7.038531303405762
2027-03-01,PT_Metabolic And Enzyme Targeted Therapy,Metabolic And Enzyme Targeted Therapy,PT,TDB,0.4042188227176666,0.7513138651847839
2027-03-01,PT_Metaverse,Metaverse,PT,TDB,-0.015454147942364216,0.0
2027-03-01,PT_Mindfulness Based Stress Reduction,Mindfulness Based Stress Reduction,PT,TDB,0.9013041257858276,26.934030532836914
2027-03-01,PT_Mood Stabilizers,Mood Stabilizers,PT,TDB,0.9872413873672485,43.83013153076172
2027-03-01,PT_Motivational Interviewing,Motivational Interviewing,PT,TDB,1.1134464740753174,59.24011993408203
2027-03-01,PT_Music Therapy,Music Therapy,PT,TDB,0.833895742893219,11.159714698791504
2027-03-01,PT_Naltrexone,Naltrexone,PT,TDB,1.1919747591018677,20.27121353149414
2027-03-01,PT_Narrative Exposure Therapy,Narrative Exposure Therapy,PT,TDB,0.8228292465209961,24.001277923583984
2027-03-01,PT_Neurobiological Assessments For Mental Disorders,Neurobiological Assessments For Mental Disorders,PT,TDB,0.1678588092327118,0.18276959657669067
2027-03-01,PT_Neurocognitive Training,Neurocognitive Training,PT,TDB,0.7506014704704285,1.3452068567276
2027-03-01,PT_Neurofeedback Systems,Neurofeedback Systems,PT,TDB,0.31801870465278625,0.3744019567966461
2027-03-01,PT_Neuromodulation Techniques,Neuromodulation Techniques,PT,TDB,0.741969108581543,12.427105903625488
2027-03-01,PT_Neuroplasticity Techniques,Neuroplasticity Techniques,PT,TDB,0.06607881188392639,0.1472950279712677
2027-03-01,PT_Neuroprotective Agents,Neuroprotective Agents,PT,TDB,1.0031794309616089,26.117692947387695
2027-03-01,PT_Occupational Therapy,Occupational Therapy,PT,TDB,1.0664591789245605,62.625732421875
2027-03-01,PT_Oxytocin Therapy,Oxytocin Therapy,PT,TDB,0.9509767293930054,1.5882364511489868
2027-03-01,PT_Personalized Medicine,Personalized Medicine,PT,TDB,0.9106972217559814,302.5146179199219
2027-03-01,PT_Pharmacogenomic Testing,Pharmacogenomic Testing,PT,TDB,1.4535176753997803,13.828367233276367
2027-03-01,PT_Privacy Preserving Ai In Digital Mental Health,Privacy Preserving AI In Digital Mental Health,PT,TDB,-0.015059330500662327,0.0
2027-03-01,PT_Prolonged Exposure Therapy,Prolonged Exposure Therapy,PT,TDB,0.021089499816298485,0.043830372393131256
2027-03-01,PT_Psilocybin Assisted Therapy,Psilocybin Assisted Therapy,PT,TDB,-0.015582229010760784,0.0
2027-03-01,PT_Psychoeducation Programs,Psychoeducation Programs,PT,TDB,0.4187934994697571,0.9621133804321289
2027-03-01,PT_Psychophysiological Metrics For Treatment Response,Psychophysiological Metrics For Treatment Response,PT,TDB,0.29995936155319214,0.529472291469574
2027-03-01,PT_Reality Testing Techniques,Reality Testing Techniques,PT,TDB,-0.01513493712991476,0.0
2027-03-01,PT_Regenerative Medicine Approaches,Regenerative Medicine Approaches,PT,TDB,0.6545645594596863,19.011882781982422
2027-03-01,PT_Resting State Fmri,Resting State FMRI,PT,TDB,0.7704100012779236,28.44770622253418
2027-03-01,PT_Schema Therapy,Schema Therapy,PT,TDB,1.3141943216323853,2.7217512130737305
2027-03-01,PT_Secure Data Storage For Patient Records,Secure Data Storage For Patient Records,PT,TDB,0.029986105859279633,0.03044021688401699
2027-03-01,PT_Selective Serotonin Reuptake Inhibitors,Selective Serotonin Reuptake Inhibitors,PT,TDB,0.9575994610786438,62.16392517089844
2027-03-01,PT_Sleep Pattern Monitoring And Manipulation,Sleep Pattern Monitoring And Manipulation,PT,TDB,-0.015592907555401325,0.0
2027-03-01,PT_Smart Wearable Mental Health Trackers,Smart Wearable Mental Health Trackers,PT,TDB,-0.01567782461643219,0.0
2027-03-01,PT_Social Skills Training,Social Skills Training,PT,TDB,1.051408052444458,23.557947158813477
2027-03-01,PT_Speech Language Therapy,Speech Language Therapy,PT,TDB,0.5395651459693909,1.0027990341186523
2027-03-01,PT_Stem Cell Therapy For Neurological Disorders,Stem Cell Therapy For Neurological Disorders,PT,TDB,0.41195017099380493,2.242816686630249
2027-03-01,PT_Stimulant And Wake Promoting Agents,Stimulant And Wake Promoting Agents,PT,TDB,1.1667686700820923,36.96430969238281
2027-03-01,PT_Traditional And Alternative Medicine Approaches,Traditional And Alternative Medicine Approaches,PT,TDB,0.6001014709472656,8.393593788146973
2027-03-01,PT_Transcranial Direct Current Stimulation,Transcranial Direct Current Stimulation,PT,TDB,0.8448071479797363,35.64007568359375
2027-03-01,PT_Transcranial Magnetic Stimulation,Transcranial Magnetic Stimulation,PT,TDB,0.9435449242591858,181.75511169433594
2027-03-01,PT_Transference Focused Psychotherapy,Transference Focused Psychotherapy,PT,TDB,1.0949957370758057,9.57498836517334
2027-03-01,PT_Trauma Focused Cbt,Trauma Focused Cbt,PT,TDB,0.5901889204978943,2.8254554271698
2027-03-01,PT_Vagus Nerve Stimulation,Vagus Nerve Stimulation,PT,TDB,1.0881632566452026,14.712203025817871
2027-03-01,PT_Virtual Reality Exposure Therapy,Virtual Reality Exposure Therapy,PT,TDB,0.870573103427887,6.88681173324585
2027-03-01,PT_Vocal And Speech Biomarkers,Vocal And Speech Biomarkers,PT,TDB,-0.014380459673702717,0.0
2027-03-01,PT_Voxel Based Lesion Symptom Mapping,Voxel Based Lesion Symptom Mapping,PT,TDB,0.4888521134853363,0.945294976234436
2027-04-01,RMD_Anorexia Nervosa,Anorexia Nervosa,RMD,TDB,1.8897218704223633,341.8889465332031
2027-04-01,RMD_Antisocial Personality Disorder,Antisocial Personality Disorder,RMD,TDB,1.211582899093628,45.53622055053711
2027-04-01,RMD_Autosarcophagy,Autosarcophagy,RMD,TDB,0.6099222302436829,0.8402882814407349
2027-04-01,RMD_Avoidant Personality Disorder,Avoidant Personality Disorder,RMD,TDB,1.5462557077407837,15.844532012939453
2027-04-01,RMD_Boanthropy,Boanthropy,RMD,TDB,0.8027015328407288,2.281562089920044
2027-04-01,RMD_Body Integrity Dysphoria,Body Integrity Dysphoria,RMD,TDB,1.7140445709228516,32.09650802612305
2027-04-01,RMD_Brief Psychotic Disorder,Brief Psychotic Disorder,RMD,TDB,1.2089484930038452,2.4659910202026367
2027-04-01,RMD_Capgras Syndrome,Capgras Syndrome,RMD,TDB,1.576385259628296,24.605670928955078
2027-04-01,RMD_Childhood Disintegrative Disorder,Childhood Disintegrative Disorder,RMD,TDB,1.679031252861023,31.883724212646484
2027-04-01,RMD_Chronic Traumatic Encephalopathy,Chronic Traumatic Encephalopathy,RMD,TDB,2.0383622646331787,408.45355224609375
2027-04-01,RMD_Circadian Rhythm Sleep Wake Disorder,Circadian Rhythm Sleep Wake Disorder,RMD,TDB,1.240220546722412,2.809267520904541
2027-04-01,RMD_Cotard Syndrome,Cotard Syndrome,RMD,TDB,1.5308958292007446,5.276963710784912
2027-04-01,RMD_Cyclothymic Disorder,Cyclothymic Disorder,RMD,TDB,1.964289903640747,228.2671356201172
2027-04-01,RMD_Delusional Disorder,Delusional Disorder,RMD,TDB,0.6213865280151367,2.013317108154297
2027-04-01,RMD_Diogenes Syndrome,Diogenes Syndrome,RMD,TDB,1.6952717304229736,4.50636100769043
2027-04-01,RMD_Disinhibited Social Engagement Disorder,Disinhibited Social Engagement Disorder,RMD,TDB,1.0940262079238892,4.698269367218018
2027-04-01,RMD_Dissociative Amnesia,Dissociative Amnesia,RMD,TDB,1.6010817289352417,6.007089614868164
2027-04-01,RMD_Dissociative Fugue,Dissociative Fugue,RMD,TDB,1.900698184967041,38.30892562866211
2027-04-01,RMD_Ekbom Syndrome,Ekbom Syndrome,RMD,TDB,1.5230249166488647,47.79346466064453
2027-04-01,RMD_Erotomania,Erotomania,RMD,TDB,1.92318856716156,78.24881744384766
2027-04-01,RMD_Factitious Disorder,Factitious Disorder,RMD,TDB,2.0498464107513428,257.33258056640625
2027-04-01,RMD_Fregoli Delusion,Fregoli Delusion,RMD,TDB,0.9664581418037415,1.628617763519287
2027-04-01,RMD_Ganser Syndrome,Ganser Syndrome,RMD,TDB,2.2542154788970947,12.678476333618164
2027-04-01,RMD_Hallucinogen Persisting Perception Disorder,Hallucinogen Persisting Perception Disorder,RMD,TDB,2.050717830657959,145.5465087890625
2027-04-01,RMD_Histrionic Personality Disorder,Histrionic Personality Disorder,RMD,TDB,1.278853416442871,16.34819793701172
2027-04-01,RMD_Hypergraphia,Hypergraphia,RMD,TDB,1.0376957654953003,4.98834228515625
2027-04-01,RMD_Hyperthymesia,Hyperthymesia,RMD,TDB,1.9441053867340088,73.44513702392578
2027-04-01,RMD_Impulse Control Disorders,Impulse Control Disorders,RMD,TDB,1.3605713844299316,74.59165954589844
2027-04-01,RMD_Intermetamorphosis Syndrome,Intermetamorphosis Syndrome,RMD,TDB,0.04115404933691025,0.11513841897249222
2027-04-01,RMD_Kleine Levin Syndrome,Kleine Levin Syndrome,RMD,TDB,1.4077973365783691,16.693098068237305
2027-04-01,RMD_Kleptomania,Kleptomania,RMD,TDB,2.285862684249878,36.98661804199219
2027-04-01,RMD_Koro,Koro,RMD,TDB,1.0852129459381104,3.6358277797698975
2027-04-01,RMD_Landau Kleffner Syndrome,Landau Kleffner Syndrome,RMD,TDB,1.6600276231765747,10.549717903137207
2027-04-01,RMD_Narcissistic Personality Disorder,Narcissistic Personality Disorder,RMD,TDB,1.994760274887085,341.7176513671875
2027-04-01,RMD_Olfactory Reference Syndrome,Olfactory Reference Syndrome,RMD,TDB,1.5773916244506836,92.61286926269531
2027-04-01,RMD_Othello Syndrome,Othello Syndrome,RMD,TDB,1.4306670427322388,17.859962463378906
2027-04-01,RMD_Palilalia,Palilalia,RMD,TDB,0.7654407024383545,2.260284423828125
2027-04-01,RMD_Postpartum Psychosis,Postpartum Psychosis,RMD,TDB,2.2717015743255615,31.562076568603516
2027-04-01,RMD_Pyromania,Pyromania,RMD,TDB,1.7732007503509521,45.022071838378906
2027-04-01,RMD_Reactive Attachment Disorder,Reactive Attachment Disorder,RMD,TDB,2.2084760665893555,153.19337463378906
2027-04-01,RMD_Reduplicative Paramnesia,Reduplicative Paramnesia,RMD,TDB,1.292303204536438,2.6411633491516113
2027-04-01,RMD_Rumination Disorder,Rumination Disorder,RMD,TDB,1.8407233953475952,80.95015716552734
2027-04-01,RMD_Savant Syndrome,Savant Syndrome,RMD,TDB,1.150733470916748,15.217707633972168
2027-04-01,RMD_Schizoaffective Disorder,Schizoaffective Disorder,RMD,TDB,1.5448875427246094,89.87186431884766
2027-04-01,RMD_Schizotypal Personality Disorder,Schizotypal Personality Disorder,RMD,TDB,1.9970622062683105,221.7671356201172
2027-04-01,RMD_Selective Mutism,Selective Mutism,RMD,TDB,2.6372971534729004,50.36530303955078
2027-04-01,RMD_Stendhal Syndrome,Stendhal Syndrome,RMD,TDB,0.9117245674133301,3.425539970397949
2027-04-01,RMD_Wendigo Psychosis,Wendigo Psychosis,RMD,TDB,0.6246047019958496,1.2003108263015747
2027-04-01,PT_Acceptance And Commitment Therapy,Acceptance And Commitment Therapy,PT,TDB,1.0085058212280273,37.15403747558594
2027-04-01,PT_Animal Assisted Therapy,Animal Assisted Therapy,PT,TDB,1.26481294631958,7.441726207733154
2027-04-01,PT_Anticonvulsant Therapy,Anticonvulsant Therapy,PT,TDB,0.3910289704799652,2.575160503387451
2027-04-01,PT_Antidepressants,Antidepressants,PT,TDB,0.9140176773071289,125.55805206298828
2027-04-01,PT_Antipsychotic Medications,Antipsychotic Medications,PT,TDB,-0.013644548133015633,0.0
2027-04-01,PT_Anxiolytic Medications,Anxiolytic Medications,PT,TDB,0.8825562596321106,75.43634033203125
2027-04-01,PT_Art Therapy,Art Therapy,PT,TDB,0.4030603766441345,3.042651414871216
2027-04-01,PT_Augmentative Communication Devices,Augmentative Communication Devices,PT,TDB,0.3100544512271881,0.5369911789894104
2027-04-01,PT_Behavioral Activation Therapy,Behavioral Activation Therapy,PT,TDB,0.5318962335586548,2.0365147590637207
2027-04-01,PT_Biofeedback Devices,Biofeedback Devices,PT,TDB,0.5534386038780212,0.8295995593070984
2027-04-01,PT_Blockchain For Data Protection,Blockchain For Data Protection,PT,TDB,-0.012051956728100777,0.0
2027-04-01,PT_Brain Computer Interface,Brain Computer Interface,PT,TDB,0.9055588245391846,68.51130676269531
2027-04-01,PT_Cbt For Insomnia,Cbt For Insomnia,PT,TDB,1.454395055770874,3.2818922996520996
2027-04-01,PT_Chronotherapy,Chronotherapy,PT,TDB,1.0149896144866943,2.517033815383911
2027-04-01,PT_Closed Loop Neurostimulation,Closed Loop Neurostimulation,PT,TDB,1.1853950023651123,28.266544342041016
2027-04-01,PT_Clozapine Protocol,Clozapine Protocol,PT,TDB,-0.01484970934689045,0.0
2027-04-01,PT_Cognitive Assistive Technologies,Cognitive Assistive Technologies,PT,TDB,0.034892067313194275,0.035507939755916595
2027-04-01,PT_Cognitive Behavioral Therapy,Cognitive Behavioral Therapy,PT,TDB,0.9254360198974609,143.24789428710938
2027-04-01,PT_Cognitive Enhancement Programs,Cognitive Enhancement Programs,PT,TDB,0.0740007609128952,0.16253188252449036
2027-04-01,PT_Cultural Psychiatry Interventions,Cultural Psychiatry Interventions,PT,TDB,0.15993255376815796,0.17343172430992126
2027-04-01,PT_Deep Brain Stimulation,Deep Brain Stimulation,PT,TDB,0.8676093816757202,11.866446495056152
2027-04-01,PT_Dialectical Behavior Therapy,Dialectical Behavior Therapy,PT,TDB,0.9846981763839722,28.28127098083496
2027-04-01,PT_Dietary Interventions And Supplements,Dietary Interventions And Supplements,PT,TDB,0.1515418440103531,0.1636269986629486
2027-04-01,PT_Digital Health Tools,Digital Health Tools,PT,TDB,0.7618767619132996,45.75887680053711
2027-04-01,PT_Digital Imaging Technologies For Brain Scanning,Digital Imaging Technologies For Brain Scanning,PT,TDB,0.07383094727993011,0.12864458560943604
2027-04-01,PT_Digital Phenotyping,Digital Phenotyping,PT,TDB,1.3255048990249634,16.540109634399414
2027-04-01,PT_Digital Therapeutics,Digital Therapeutics,PT,TDB,-0.014181854203343391,0.0
2027-04-01,PT_Electroconvulsive Therapy,Electroconvulsive Therapy,PT,TDB,-0.014113876968622208,0.0
2027-04-01,PT_Electroencephalography,Electroencephalography,PT,TDB,0.8469362258911133,186.64141845703125
2027-04-01,PT_Emdr Therapy,Emdr Therapy,PT,TDB,1.0010522603988647,28.218494415283203
2027-04-01,PT_Emotion Regulation Training,Emotion Regulation Training,PT,TDB,0.6377870440483093,1.9860148429870605
2027-04-01,PT_Expressive Writing And Journaling,Expressive Writing And Journaling,PT,TDB,0.16575677692890167,0.1802859902381897
2027-04-01,PT_Fecal Microbiota Transplant,Fecal Microbiota Transplant,PT,TDB,-0.014176955446600914,0.0
2027-04-01,PT_Focused Ultrasound Therapy,Focused Ultrasound Therapy,PT,TDB,0.39500343799591064,0.9082126617431641
2027-04-01,PT_Hypnotherapy,Hypnotherapy,PT,TDB,1.0734686851501465,22.686500549316406
2027-04-01,PT_Immunotherapy For Neuropsychiatric Disorders,Immunotherapy For Neuropsychiatric Disorders,PT,TDB,1.0128276348114014,17.679908752441406
2027-04-01,PT_Interpersonal Psychotherapy,Interpersonal Psychotherapy,PT,TDB,0.6193814873695374,4.14263391494751
2027-04-01,PT_Ketamine Therapy,Ketamine Therapy,PT,TDB,1.13104248046875,19.92933464050293
2027-04-01,PT_Light Therapy,Light Therapy,PT,TDB,1.0147294998168945,14.459467887878418
2027-04-01,PT_Lithium Therapy,Lithium Therapy,PT,TDB,0.06729637086391449,0.07673425227403641
2027-04-01,PT_Machine Learning Neuroimaging,Machine Learning Neuroimaging,PT,TDB,1.9828811883926392,8.634170532226562
2027-04-01,PT_Meditation And Relaxation Techniques,Meditation And Relaxation Techniques,PT,TDB,0.3625001013278961,1.024641513824463
2027-04-01,PT_Memory Retrieval Techniques,Memory Retrieval Techniques,PT,TDB,-0.010204203426837921,0.0
2027-04-01,PT_Mentalization Based Treatment,Mentalization Based Treatment,PT,TDB,0.9236523509025574,6.935298919677734
2027-04-01,PT_Metabolic And Enzyme Targeted Therapy,Metabolic And Enzyme Targeted Therapy,PT,TDB,0.40264928340911865,0.7475073337554932
2027-04-01,PT_Metaverse,Metaverse,PT,TDB,-0.015114936977624893,0.0
2027-04-01,PT_Mindfulness Based Stress Reduction,Mindfulness Based Stress Reduction,PT,TDB,0.9017587900161743,26.980995178222656
2027-04-01,PT_Mood Stabilizers,Mood Stabilizers,PT,TDB,0.9859921336174011,43.61491775512695
2027-04-01,PT_Motivational Interviewing,Motivational Interviewing,PT,TDB,1.1107640266418457,58.64824676513672
2027-04-01,PT_Music Therapy,Music Therapy,PT,TDB,0.830470860004425,11.035593032836914
2027-04-01,PT_Naltrexone,Naltrexone,PT,TDB,1.1855831146240234,19.92533302307129
2027-04-01,PT_Narrative Exposure Therapy,Narrative Exposure Therapy,PT,TDB,0.8205711245536804,23.781396865844727
2027-04-01,PT_Neurobiological Assessments For Mental Disorders,Neurobiological Assessments For Mental Disorders,PT,TDB,0.1680210530757904,0.18296150863170624
2027-04-01,PT_Neurocognitive Training,Neurocognitive Training,PT,TDB,0.7492324709892273,1.3415638208389282
2027-04-01,PT_Neurofeedback Systems,Neurofeedback Systems,PT,TDB,0.31760430335998535,0.3738325238227844
2027-04-01,PT_Neuromodulation Techniques,Neuromodulation Techniques,PT,TDB,0.7431800961494446,12.484145164489746
2027-04-01,PT_Neuroplasticity Techniques,Neuroplasticity Techniques,PT,TDB,0.06828741729259491,0.1525762975215912
2027-04-01,PT_Neuroprotective Agents,Neuroprotective Agents,PT,TDB,1.0016791820526123,25.984189987182617
2027-04-01,PT_Occupational Therapy,Occupational Therapy,PT,TDB,1.0637136697769165,61.949092864990234
2027-04-01,PT_Oxytocin Therapy,Oxytocin Therapy,PT,TDB,0.9469866752624512,1.5779298543930054
2027-04-01,PT_Personalized Medicine,Personalized Medicine,PT,TDB,0.9110747575759888,303.234619140625
2027-04-01,PT_Pharmacogenomic Testing,Pharmacogenomic Testing,PT,TDB,1.4482247829437256,13.683475494384766
2027-04-01,PT_Privacy Preserving Ai In Digital Mental Health,Privacy Preserving AI In Digital Mental Health,PT,TDB,-0.014840034767985344,0.0
2027-04-01,PT_Prolonged Exposure Therapy,Prolonged Exposure Therapy,PT,TDB,0.02087029628455639,0.04336506128311157
2027-04-01,PT_Psilocybin Assisted Therapy,Psilocybin Assisted Therapy,PT,TDB,-0.015257002785801888,0.0
2027-04-01,PT_Psychoeducation Programs,Psychoeducation Programs,PT,TDB,0.4177602529525757,0.9588532447814941
2027-04-01,PT_Psychophysiological Metrics For Treatment Response,Psychophysiological Metrics For Treatment Response,PT,TDB,0.30237990617752075,0.5347257256507874
2027-04-01,PT_Reality Testing Techniques,Reality Testing Techniques,PT,TDB,-0.014960115775465965,0.0
2027-04-01,PT_Regenerative Medicine Approaches,Regenerative Medicine Approaches,PT,TDB,0.6566135883331299,19.200469970703125
2027-04-01,PT_Resting State Fmri,Resting State FMRI,PT,TDB,0.7718914151191711,28.639867782592773
2027-04-01,PT_Schema Therapy,Schema Therapy,PT,TDB,1.3099321126937866,2.7059221267700195
2027-04-01,PT_Secure Data Storage For Patient Records,Secure Data Storage For Patient Records,PT,TDB,0.030667124316096306,0.031142206862568855
2027-04-01,PT_Selective Serotonin Reuptake Inhibitors,Selective Serotonin Reuptake Inhibitors,PT,TDB,0.9563455581665039,61.821983337402344
2027-04-01,PT_Sleep Pattern Monitoring And Manipulation,Sleep Pattern Monitoring And Manipulation,PT,TDB,-0.015433447435498238,0.0
2027-04-01,PT_Smart Wearable Mental Health Trackers,Smart Wearable Mental Health Trackers,PT,TDB,-0.015544651076197624,0.0
2027-04-01,PT_Social Skills Training,Social Skills Training,PT,TDB,1.049450159072876,23.4119930267334
2027-04-01,PT_Speech Language Therapy,Speech Language Therapy,PT,TDB,0.5390080213546753,1.0013632774353027
2027-04-01,PT_Stem Cell Therapy For Neurological Disorders,Stem Cell Therapy For Neurological Disorders,PT,TDB,0.41470879316329956,2.2684645652770996
2027-04-01,PT_Stimulant And Wake Promoting Agents,Stimulant And Wake Promoting Agents,PT,TDB,1.1642273664474487,36.6647834777832
2027-04-01,PT_Traditional And Alternative Medicine Approaches,Traditional And Alternative Medicine Approaches,PT,TDB,0.6014875173568726,8.442320823669434
2027-04-01,PT_Transcranial Direct Current Stimulation,Transcranial Direct Current Stimulation,PT,TDB,0.8422808051109314,35.24761199951172
2027-04-01,PT_Transcranial Magnetic Stimulation,Transcranial Magnetic Stimulation,PT,TDB,0.9430487155914307,181.25523376464844
2027-04-01,PT_Transference Focused Psychotherapy,Transference Focused Psychotherapy,PT,TDB,1.0917588472366333,9.501518249511719
2027-04-01,PT_Trauma Focused Cbt,Trauma Focused Cbt,PT,TDB,0.5911105275154114,2.8334786891937256
2027-04-01,PT_Vagus Nerve Stimulation,Vagus Nerve Stimulation,PT,TDB,1.0849430561065674,14.584649085998535
2027-04-01,PT_Virtual Reality Exposure Therapy,Virtual Reality Exposure Therapy,PT,TDB,0.8688037991523743,6.853779315948486
2027-04-01,PT_Vocal And Speech Biomarkers,Vocal And Speech Biomarkers,PT,TDB,-0.014047356322407722,0.0
2027-04-01,PT_Voxel Based Lesion Symptom Mapping,Voxel Based Lesion Symptom Mapping,PT,TDB,0.49007970094680786,0.9485481977462769
2027-05-01,RMD_Anorexia Nervosa,Anorexia Nervosa,RMD,TDB,1.889336347579956,341.4809265136719
2027-05-01,RMD_Antisocial Personality Disorder,Antisocial Personality Disorder,RMD,TDB,1.2138137817382812,45.8664436340332
2027-05-01,RMD_Autosarcophagy,Autosarcophagy,RMD,TDB,0.6120300889015198,0.844171404838562
2027-05-01,RMD_Avoidant Personality Disorder,Avoidant Personality Disorder,RMD,TDB,1.544812798500061,15.800201416015625
2027-05-01,RMD_Boanthropy,Boanthropy,RMD,TDB,0.8035427927970886,2.285651445388794
2027-05-01,RMD_Body Integrity Dysphoria,Body Integrity Dysphoria,RMD,TDB,1.7144081592559814,32.1210823059082
2027-05-01,RMD_Brief Psychotic Disorder,Brief Psychotic Disorder,RMD,TDB,1.2127501964569092,2.4795656204223633
2027-05-01,RMD_Capgras Syndrome,Capgras Syndrome,RMD,TDB,1.5782420635223389,24.703662872314453
2027-05-01,RMD_Childhood Disintegrative Disorder,Childhood Disintegrative Disorder,RMD,TDB,1.6797165870666504,31.930633544921875
2027-05-01,RMD_Chronic Traumatic Encephalopathy,Chronic Traumatic Encephalopathy,RMD,TDB,2.03749942779541,407.4124755859375
2027-05-01,RMD_Circadian Rhythm Sleep Wake Disorder,Circadian Rhythm Sleep Wake Disorder,RMD,TDB,1.244084119796753,2.82517147064209
2027-05-01,RMD_Cotard Syndrome,Cotard Syndrome,RMD,TDB,1.5316516160964966,5.282658576965332
2027-05-01,RMD_Cyclothymic Disorder,Cyclothymic Disorder,RMD,TDB,1.964057207107544,228.11959838867188
2027-05-01,RMD_Delusional Disorder,Delusional Disorder,RMD,TDB,0.6304082870483398,2.0619633197784424
2027-05-01,RMD_Diogenes Syndrome,Diogenes Syndrome,RMD,TDB,1.6957216262817383,4.508854866027832
2027-05-01,RMD_Disinhibited Social Engagement Disorder,Disinhibited Social Engagement Disorder,RMD,TDB,1.0959851741790771,4.716053009033203
2027-05-01,RMD_Dissociative Amnesia,Dissociative Amnesia,RMD,TDB,1.6028072834014893,6.0218071937561035
2027-05-01,RMD_Dissociative Fugue,Dissociative Fugue,RMD,TDB,1.8991366624832153,38.19053649902344
2027-05-01,RMD_Ekbom Syndrome,Ekbom Syndrome,RMD,TDB,1.525118350982666,48.05488586425781
2027-05-01,RMD_Erotomania,Erotomania,RMD,TDB,1.9213119745254517,77.9113998413086
2027-05-01,RMD_Factitious Disorder,Factitious Disorder,RMD,TDB,2.0487020015716553,256.53277587890625
2027-05-01,RMD_Fregoli Delusion,Fregoli Delusion,RMD,TDB,0.9700993299484253,1.6382064819335938
2027-05-01,RMD_Ganser Syndrome,Ganser Syndrome,RMD,TDB,2.2492690086364746,12.600187301635742
2027-05-01,RMD_Hallucinogen Persisting Perception Disorder,Hallucinogen Persisting Perception Disorder,RMD,TDB,2.0491230487823486,144.97921752929688
2027-05-01,RMD_Histrionic Personality Disorder,Histrionic Personality Disorder,RMD,TDB,1.2785333395004272,16.3358154296875
2027-05-01,RMD_Hypergraphia,Hypergraphia,RMD,TDB,1.0377869606018066,4.989283561706543
2027-05-01,RMD_Hyperthymesia,Hyperthymesia,RMD,TDB,1.942931890487671,73.251708984375
2027-05-01,RMD_Impulse Control Disorders,Impulse Control Disorders,RMD,TDB,1.3635659217834473,75.314697265625
2027-05-01,RMD_Intermetamorphosis Syndrome,Intermetamorphosis Syndrome,RMD,TDB,0.04656871780753136,0.13124288618564606
2027-05-01,RMD_Kleine Levin Syndrome,Kleine Levin Syndrome,RMD,TDB,1.409614086151123,16.758819580078125
2027-05-01,RMD_Kleptomania,Kleptomania,RMD,TDB,2.2846779823303223,36.91507339477539
2027-05-01,RMD_Koro,Koro,RMD,TDB,1.089433193206787,3.663562536239624
2027-05-01,RMD_Landau Kleffner Syndrome,Landau Kleffner Syndrome,RMD,TDB,1.6604182720184326,10.55636978149414
2027-05-01,RMD_Narcissistic Personality Disorder,Narcissistic Personality Disorder,RMD,TDB,1.9936312437057495,340.58734130859375
2027-05-01,RMD_Olfactory Reference Syndrome,Olfactory Reference Syndrome,RMD,TDB,1.5788328647613525,93.00193786621094
2027-05-01,RMD_Othello Syndrome,Othello Syndrome,RMD,TDB,1.4313883781433105,17.887916564941406
2027-05-01,RMD_Palilalia,Palilalia,RMD,TDB,0.7644012570381165,2.255056619644165
2027-05-01,RMD_Postpartum Psychosis,Postpartum Psychosis,RMD,TDB,2.2685627937316895,31.405750274658203
2027-05-01,RMD_Pyromania,Pyromania,RMD,TDB,1.771834135055542,44.88645553588867
2027-05-01,RMD_Reactive Attachment Disorder,Reactive Attachment Disorder,RMD,TDB,2.205159902572632,152.03131103515625
2027-05-01,RMD_Reduplicative Paramnesia,Reduplicative Paramnesia,RMD,TDB,1.2928125858306885,2.6430184841156006
2027-05-01,RMD_Rumination Disorder,Rumination Disorder,RMD,TDB,1.839972734451294,80.80304718017578
2027-05-01,RMD_Savant Syndrome,Savant Syndrome,RMD,TDB,1.1463056802749634,15.044778823852539
2027-05-01,RMD_Schizoaffective Disorder,Schizoaffective Disorder,RMD,TDB,1.5454208850860596,90.0134506225586
2027-05-01,RMD_Schizotypal Personality Disorder,Schizotypal Personality Disorder,RMD,TDB,1.9943592548370361,220.14308166503906
2027-05-01,RMD_Selective Mutism,Selective Mutism,RMD,TDB,2.632117748260498,49.96949005126953
2027-05-01,RMD_Stendhal Syndrome,Stendhal Syndrome,RMD,TDB,0.9097388982772827,3.411227226257324
2027-05-01,RMD_Wendigo Psychosis,Wendigo Psychosis,RMD,TDB,0.625350296497345,1.2023831605911255
2027-05-01,PT_Acceptance And Commitment Therapy,Acceptance And Commitment Therapy,PT,TDB,1.00811767578125,37.10060501098633
2027-05-01,PT_Animal Assisted Therapy,Animal Assisted Therapy,PT,TDB,1.259558916091919,7.367251873016357
2027-05-01,PT_Anticonvulsant Therapy,Anticonvulsant Therapy,PT,TDB,0.39151811599731445,2.5808627605438232
2027-05-01,PT_Antidepressants,Antidepressants,PT,TDB,0.9140776991844177,125.59831237792969
2027-05-01,PT_Antipsychotic Medications,Antipsychotic Medications,PT,TDB,-0.012952462770044804,0.0
2027-05-01,PT_Anxiolytic Medications,Anxiolytic Medications,PT,TDB,0.8825377821922302,75.42937469482422
2027-05-01,PT_Art Therapy,Art Therapy,PT,TDB,0.40270668268203735,3.0376994609832764
2027-05-01,PT_Augmentative Communication Devices,Augmentative Communication Devices,PT,TDB,0.31010401248931885,0.5370967984199524
2027-05-01,PT_Behavioral Activation Therapy,Behavioral Activation Therapy,PT,TDB,0.5326608419418335,2.0413665771484375
2027-05-01,PT_Biofeedback Devices,Biofeedback Devices,PT,TDB,0.5528837442398071,0.8284918069839478
2027-05-01,PT_Blockchain For Data Protection,Blockchain For Data Protection,PT,TDB,-0.011112191714346409,0.0
2027-05-01,PT_Brain Computer Interface,Brain Computer Interface,PT,TDB,0.9070770740509033,69.00736999511719
2027-05-01,PT_Cbt For Insomnia,Cbt For Insomnia,PT,TDB,1.4484847784042358,3.256659746170044
2027-05-01,PT_Chronotherapy,Chronotherapy,PT,TDB,1.0124417543411255,2.505948305130005
2027-05-01,PT_Closed Loop Neurostimulation,Closed Loop Neurostimulation,PT,TDB,1.1819669008255005,27.98216438293457
2027-05-01,PT_Clozapine Protocol,Clozapine Protocol,PT,TDB,-0.014234301634132862,0.0
2027-05-01,PT_Cognitive Assistive Technologies,Cognitive Assistive Technologies,PT,TDB,0.035387080162763596,0.03602065518498421
2027-05-01,PT_Cognitive Behavioral Therapy,Cognitive Behavioral Therapy,PT,TDB,0.9257887005805969,143.52149963378906
2027-05-01,PT_Cognitive Enhancement Programs,Cognitive Enhancement Programs,PT,TDB,0.07351885735988617,0.16139233112335205
2027-05-01,PT_Cultural Psychiatry Interventions,Cultural Psychiatry Interventions,PT,TDB,0.159042090177536,0.1723872870206833
2027-05-01,PT_Deep Brain Stimulation,Deep Brain Stimulation,PT,TDB,0.8653584122657776,11.781452178955078
2027-05-01,PT_Dialectical Behavior Therapy,Dialectical Behavior Therapy,PT,TDB,0.9838370680809021,28.194929122924805
2027-05-01,PT_Dietary Interventions And Supplements,Dietary Interventions And Supplements,PT,TDB,0.1528184413909912,0.1651134192943573
2027-05-01,PT_Digital Health Tools,Digital Health Tools,PT,TDB,0.7631008625030518,46.048641204833984
2027-05-01,PT_Digital Imaging Technologies For Brain Scanning,Digital Imaging Technologies For Brain Scanning,PT,TDB,0.07686818391084671,0.13427741825580597
2027-05-01,PT_Digital Phenotyping,Digital Phenotyping,PT,TDB,1.322475790977478,16.42566680908203
2027-05-01,PT_Digital Therapeutics,Digital Therapeutics,PT,TDB,-0.013643105514347553,0.0
2027-05-01,PT_Electroconvulsive Therapy,Electroconvulsive Therapy,PT,TDB,-0.013558571226894855,0.0
2027-05-01,PT_Electroencephalography,Electroencephalography,PT,TDB,0.8479003310203552,187.76292419433594
2027-05-01,PT_Emdr Therapy,Emdr Therapy,PT,TDB,1.0003900527954102,28.153335571289062
2027-05-01,PT_Emotion Regulation Training,Emotion Regulation Training,PT,TDB,0.6379138231277466,1.9866641759872437
2027-05-01,PT_Expressive Writing And Journaling,Expressive Writing And Journaling,PT,TDB,0.16806593537330627,0.1830146163702011
2027-05-01,PT_Fecal Microbiota Transplant,Fecal Microbiota Transplant,PT,TDB,-0.013619503937661648,0.0
2027-05-01,PT_Focused Ultrasound Therapy,Focused Ultrasound Therapy,PT,TDB,0.3935975134372711,0.9038291573524475
2027-05-01,PT_Hypnotherapy,Hypnotherapy,PT,TDB,1.070084571838379,22.45134735107422
2027-05-01,PT_Immunotherapy For Neuropsychiatric Disorders,Immunotherapy For Neuropsychiatric Disorders,PT,TDB,1.0092415809631348,17.48729133605957
2027-05-01,PT_Interpersonal Psychotherapy,Interpersonal Psychotherapy,PT,TDB,0.619949460029602,4.150362491607666
2027-05-01,PT_Ketamine Therapy,Ketamine Therapy,PT,TDB,1.1262216567993164,19.659791946411133
2027-05-01,PT_Light Therapy,Light Therapy,PT,TDB,1.0107977390289307,14.29631233215332
2027-05-01,PT_Lithium Therapy,Lithium Therapy,PT,TDB,0.06747584789991379,0.07694658637046814
2027-05-01,PT_Machine Learning Neuroimaging,Machine Learning Neuroimaging,PT,TDB,1.9745266437530518,8.542655944824219
2027-05-01,PT_Meditation And Relaxation Techniques,Meditation And Relaxation Techniques,PT,TDB,0.36459994316101074,1.0329313278198242
2027-05-01,PT_Memory Retrieval Techniques,Memory Retrieval Techniques,PT,TDB,-0.009720081463456154,0.0
2027-05-01,PT_Mentalization Based Treatment,Mentalization Based Treatment,PT,TDB,0.9182515740394592,6.839770793914795
2027-05-01,PT_Metabolic And Enzyme Targeted Therapy,Metabolic And Enzyme Targeted Therapy,PT,TDB,0.4013558030128479,0.7443766593933105
2027-05-01,PT_Metaverse,Metaverse,PT,TDB,-0.014482011087238789,0.0
2027-05-01,PT_Mindfulness Based Stress Reduction,Mindfulness Based Stress Reduction,PT,TDB,0.9024295210838318,27.0504150390625
2027-05-01,PT_Mood Stabilizers,Mood Stabilizers,PT,TDB,0.9850330352783203,43.45038986206055
2027-05-01,PT_Motivational Interviewing,Motivational Interviewing,PT,TDB,1.1084011793136597,58.13173294067383
2027-05-01,PT_Music Therapy,Music Therapy,PT,TDB,0.8273804783821106,10.924683570861816
2027-05-01,PT_Naltrexone,Naltrexone,PT,TDB,1.1795965433120728,19.60647201538086
2027-05-01,PT_Narrative Exposure Therapy,Narrative Exposure Therapy,PT,TDB,0.8186315298080444,23.594070434570312
2027-05-01,PT_Neurobiological Assessments For Mental Disorders,Neurobiological Assessments For Mental Disorders,PT,TDB,0.16842539608478546,0.1834399402141571
2027-05-01,PT_Neurocognitive Training,Neurocognitive Training,PT,TDB,0.7481354475021362,1.3386486768722534
2027-05-01,PT_Neurofeedback Systems,Neurofeedback Systems,PT,TDB,0.31745296716690063,0.37362465262413025
2027-05-01,PT_Neuromodulation Techniques,Neuromodulation Techniques,PT,TDB,0.7446008324623108,12.551371574401855
2027-05-01,PT_Neuroplasticity Techniques,Neuroplasticity Techniques,PT,TDB,0.07073481380939484,0.1584569662809372
2027-05-01,PT_Neuroprotective Agents,Neuroprotective Agents,PT,TDB,1.0004639625549316,25.876527786254883
2027-05-01,PT_Occupational Therapy,Occupational Therapy,PT,TDB,1.0612883567810059,61.357357025146484
2027-05-01,PT_Oxytocin Therapy,Oxytocin Therapy,PT,TDB,0.9433549046516418,1.5685843229293823
2027-05-01,PT_Personalized Medicine,Personalized Medicine,PT,TDB,0.9116883873939514,304.4084777832031
2027-05-01,PT_Pharmacogenomic Testing,Pharmacogenomic Testing,PT,TDB,1.4432905912399292,13.549678802490234
2027-05-01,PT_Privacy Preserving Ai In Digital Mental Health,Privacy Preserving AI In Digital Mental Health,PT,TDB,-0.01435075979679823,0.0
2027-05-01,PT_Prolonged Exposure Therapy,Prolonged Exposure Therapy,PT,TDB,0.020925208926200867,0.04348160699009895
2027-05-01,PT_Psilocybin Assisted Therapy,Psilocybin Assisted Therapy,PT,TDB,-0.014653169550001621,0.0
2027-05-01,PT_Psychoeducation Programs,Psychoeducation Programs,PT,TDB,0.416985422372818,0.9564120173454285
2027-05-01,PT_Psychophysiological Metrics For Treatment Response,Psychophysiological Metrics For Treatment Response,PT,TDB,0.30495908856391907,0.5403434038162231
2027-05-01,PT_Reality Testing Techniques,Reality Testing Techniques,PT,TDB,-0.014502559788525105,0.0
2027-05-01,PT_Regenerative Medicine Approaches,Regenerative Medicine Approaches,PT,TDB,0.6588525176048279,19.408565521240234
2027-05-01,PT_Resting State Fmri,Resting State FMRI,PT,TDB,0.773553192615509,28.85692024230957
2027-05-01,PT_Schema Therapy,Schema Therapy,PT,TDB,1.3061292171478271,2.6918556690216064
2027-05-01,PT_Secure Data Storage For Patient Records,Secure Data Storage For Patient Records,PT,TDB,0.03160236030817032,0.03210701793432236
2027-05-01,PT_Selective Serotonin Reuptake Inhibitors,Selective Serotonin Reuptake Inhibitors,PT,TDB,0.9553707838058472,61.557430267333984
2027-05-01,PT_Sleep Pattern Monitoring And Manipulation,Sleep Pattern Monitoring And Manipulation,PT,TDB,-0.014982636086642742,0.0
2027-05-01,PT_Smart Wearable Mental Health Trackers,Smart Wearable Mental Health Trackers,PT,TDB,-0.015121848322451115,0.0
2027-05-01,PT_Social Skills Training,Social Skills Training,PT,TDB,1.0477935075759888,23.289180755615234
2027-05-01,PT_Speech Language Therapy,Speech Language Therapy,PT,TDB,0.5387474298477173,1.0006920099258423
2027-05-01,PT_Stem Cell Therapy For Neurological Disorders,Stem Cell Therapy For Neurological Disorders,PT,TDB,0.41760414838790894,2.2956018447875977
2027-05-01,PT_Stimulant And Wake Promoting Agents,Stimulant And Wake Promoting Agents,PT,TDB,1.161983609199524,36.40229415893555
2027-05-01,PT_Traditional And Alternative Medicine Approaches,Traditional And Alternative Medicine Approaches,PT,TDB,0.6030699610710144,8.498260498046875
2027-05-01,PT_Transcranial Direct Current Stimulation,Transcranial Direct Current Stimulation,PT,TDB,0.8401090502738953,34.913604736328125
2027-05-01,PT_Transcranial Magnetic Stimulation,Transcranial Magnetic Stimulation,PT,TDB,0.942807674407959,181.01292419433594
2027-05-01,PT_Transference Focused Psychotherapy,Transference Focused Psychotherapy,PT,TDB,1.0888324975967407,9.435534477233887
2027-05-01,PT_Trauma Focused Cbt,Trauma Focused Cbt,PT,TDB,0.5922250747680664,2.8432037830352783
2027-05-01,PT_Vagus Nerve Stimulation,Vagus Nerve Stimulation,PT,TDB,1.0820176601409912,14.469670295715332
2027-05-01,PT_Virtual Reality Exposure Therapy,Virtual Reality Exposure Therapy,PT,TDB,0.8673180937767029,6.826147079467773
2027-05-01,PT_Vocal And Speech Biomarkers,Vocal And Speech Biomarkers,PT,TDB,-0.01345036644488573,0.0
2027-05-01,PT_Voxel Based Lesion Symptom Mapping,Voxel Based Lesion Symptom Mapping,PT,TDB,0.49149632453918457,0.9523091316223145
2027-06-01,RMD_Anorexia Nervosa,Anorexia Nervosa,RMD,TDB,1.8892908096313477,341.4327697753906
2027-06-01,RMD_Antisocial Personality Disorder,Antisocial Personality Disorder,RMD,TDB,1.2160238027572632,46.195884704589844
2027-06-01,RMD_Autosarcophagy,Autosarcophagy,RMD,TDB,0.6140986084938049,0.847990095615387
2027-06-01,RMD_Avoidant Personality Disorder,Avoidant Personality Disorder,RMD,TDB,1.5435510873794556,15.7615327835083
2027-06-01,RMD_Boanthropy,Boanthropy,RMD,TDB,0.8043996691703796,2.2898218631744385
2027-06-01,RMD_Body Integrity Dysphoria,Body Integrity Dysphoria,RMD,TDB,1.7150102853775024,32.16182327270508
2027-06-01,RMD_Brief Psychotic Disorder,Brief Psychotic Disorder,RMD,TDB,1.216543436050415,2.4931626319885254
2027-06-01,RMD_Capgras Syndrome,Capgras Syndrome,RMD,TDB,1.5802232027053833,24.808626174926758
2027-06-01,RMD_Childhood Disintegrative Disorder,Childhood Disintegrative Disorder,RMD,TDB,1.6806349754333496,31.993614196777344
2027-06-01,RMD_Chronic Traumatic Encephalopathy,Chronic Traumatic Encephalopathy,RMD,TDB,2.036980152130127,406.7870178222656
2027-06-01,RMD_Circadian Rhythm Sleep Wake Disorder,Circadian Rhythm Sleep Wake Disorder,RMD,TDB,1.2479069232940674,2.840973138809204
2027-06-01,RMD_Cotard Syndrome,Cotard Syndrome,RMD,TDB,1.5325753688812256,5.289626121520996
2027-06-01,RMD_Cyclothymic Disorder,Cyclothymic Disorder,RMD,TDB,1.964181900024414,228.19871520996094
2027-06-01,RMD_Delusional Disorder,Delusional Disorder,RMD,TDB,0.6388991475105286,2.108464002609253
2027-06-01,RMD_Diogenes Syndrome,Diogenes Syndrome,RMD,TDB,1.6964119672775269,4.512682914733887
2027-06-01,RMD_Disinhibited Social Engagement Disorder,Disinhibited Social Engagement Disorder,RMD,TDB,1.0978962182998657,4.73345422744751
2027-06-01,RMD_Dissociative Amnesia,Dissociative Amnesia,RMD,TDB,1.6046943664550781,6.037939071655273
2027-06-01,RMD_Dissociative Fugue,Dissociative Fugue,RMD,TDB,1.8981099128723145,38.112884521484375
2027-06-01,RMD_Ekbom Syndrome,Ekbom Syndrome,RMD,TDB,1.5273603200912476,48.336421966552734
2027-06-01,RMD_Erotomania,Erotomania,RMD,TDB,1.9199446439743042,77.66648864746094
2027-06-01,RMD_Factitious Disorder,Factitious Disorder,RMD,TDB,2.0480127334594727,256.0522155761719
2027-06-01,RMD_Fregoli Delusion,Fregoli Delusion,RMD,TDB,0.9736253619194031,1.6475253105163574
2027-06-01,RMD_Ganser Syndrome,Ganser Syndrome,RMD,TDB,2.2446937561035156,12.528170585632324
2027-06-01,RMD_Hallucinogen Persisting Perception Disorder,Hallucinogen Persisting Perception Disorder,RMD,TDB,2.047990083694458,144.57749938964844
2027-06-01,RMD_Histrionic Personality Disorder,Histrionic Personality Disorder,RMD,TDB,1.278265118598938,16.325439453125
2027-06-01,RMD_Hypergraphia,Hypergraphia,RMD,TDB,1.0379059314727783,4.990513324737549
2027-06-01,RMD_Hyperthymesia,Hyperthymesia,RMD,TDB,1.942190408706665,73.12973022460938
2027-06-01,RMD_Impulse Control Disorders,Impulse Control Disorders,RMD,TDB,1.3665231466293335,76.03553771972656
2027-06-01,RMD_Intermetamorphosis Syndrome,Intermetamorphosis Syndrome,RMD,TDB,0.05175342783331871,0.1468813270330429
2027-06-01,RMD_Kleine Levin Syndrome,Kleine Levin Syndrome,RMD,TDB,1.4114892482757568,16.826915740966797
2027-06-01,RMD_Kleptomania,Kleptomania,RMD,TDB,2.2838895320892334,36.86753845214844
2027-06-01,RMD_Koro,Koro,RMD,TDB,1.0934464931488037,3.6900904178619385
2027-06-01,RMD_Landau Kleffner Syndrome,Landau Kleffner Syndrome,RMD,TDB,1.66098952293396,10.566102981567383
2027-06-01,RMD_Narcissistic Personality Disorder,Narcissistic Personality Disorder,RMD,TDB,1.9928925037384033,339.84979248046875
2027-06-01,RMD_Olfactory Reference Syndrome,Olfactory Reference Syndrome,RMD,TDB,1.5803338289260864,93.40882873535156
2027-06-01,RMD_Othello Syndrome,Othello Syndrome,RMD,TDB,1.432326316833496,17.924318313598633
2027-06-01,RMD_Palilalia,Palilalia,RMD,TDB,0.7634276151657104,2.250166654586792
2027-06-01,RMD_Postpartum Psychosis,Postpartum Psychosis,RMD,TDB,2.265941619873047,31.275772094726562
2027-06-01,RMD_Pyromania,Pyromania,RMD,TDB,1.7708759307861328,44.791603088378906
2027-06-01,RMD_Reactive Attachment Disorder,Reactive Attachment Disorder,RMD,TDB,2.2024056911468506,151.07278442382812
2027-06-01,RMD_Reduplicative Paramnesia,Reduplicative Paramnesia,RMD,TDB,1.2934868335723877,2.6454756259918213
2027-06-01,RMD_Rumination Disorder,Rumination Disorder,RMD,TDB,1.839463710784912,80.70344543457031
2027-06-01,RMD_Savant Syndrome,Savant Syndrome,RMD,TDB,1.1422374248504639,14.887513160705566
2027-06-01,RMD_Schizoaffective Disorder,Schizoaffective Disorder,RMD,TDB,1.546069860458374,90.18599700927734
2027-06-01,RMD_Schizotypal Personality Disorder,Schizotypal Personality Disorder,RMD,TDB,1.99207603931427,218.78045654296875
2027-06-01,RMD_Selective Mutism,Selective Mutism,RMD,TDB,2.6276872158050537,49.633323669433594
2027-06-01,RMD_Stendhal Syndrome,Stendhal Syndrome,RMD,TDB,0.9078916907310486,3.397953987121582
2027-06-01,RMD_Wendigo Psychosis,Wendigo Psychosis,RMD,TDB,0.626045823097229,1.2043180465698242
2027-06-01,PT_Acceptance And Commitment Therapy,Acceptance And Commitment Therapy,PT,TDB,1.0077582597732544,37.051185607910156
2027-06-01,PT_Animal Assisted Therapy,Animal Assisted Therapy,PT,TDB,1.2547533512115479,7.299711227416992
2027-06-01,PT_Anticonvulsant Therapy,Anticonvulsant Therapy,PT,TDB,0.39201897382736206,2.5867109298706055
2027-06-01,PT_Antidepressants,Antidepressants,PT,TDB,0.9141054153442383,125.61690521240234
2027-06-01,PT_Antipsychotic Medications,Antipsychotic Medications,PT,TDB,-0.012284691445529461,0.0
2027-06-01,PT_Anxiolytic Medications,Anxiolytic Medications,PT,TDB,0.8824686408042908,75.40343475341797
2027-06-01,PT_Art Therapy,Art Therapy,PT,TDB,0.40241122245788574,3.033566951751709
2027-06-01,PT_Augmentative Communication Devices,Augmentative Communication Devices,PT,TDB,0.31016436219215393,0.5372254252433777
2027-06-01,PT_Behavioral Activation Therapy,Behavioral Activation Therapy,PT,TDB,0.5333263874053955,2.0455965995788574
2027-06-01,PT_Biofeedback Devices,Biofeedback Devices,PT,TDB,0.5523349642753601,0.827396810054779
2027-06-01,PT_Blockchain For Data Protection,Blockchain For Data Protection,PT,TDB,-0.010192113928496838,0.0
2027-06-01,PT_Brain Computer Interface,Brain Computer Interface,PT,TDB,0.9084597826004028,69.46223449707031
2027-06-01,PT_Cbt For Insomnia,Cbt For Insomnia,PT,TDB,1.4430866241455078,3.233743667602539
2027-06-01,PT_Chronotherapy,Chronotherapy,PT,TDB,1.0100562572479248,2.495600700378418
2027-06-01,PT_Closed Loop Neurostimulation,Closed Loop Neurostimulation,PT,TDB,1.17880117893219,27.722000122070312
2027-06-01,PT_Clozapine Protocol,Clozapine Protocol,PT,TDB,-0.01364611554890871,0.0
2027-06-01,PT_Cognitive Assistive Technologies,Cognitive Assistive Technologies,PT,TDB,0.0358755886554718,0.0365268848836422
2027-06-01,PT_Cognitive Behavioral Therapy,Cognitive Behavioral Therapy,PT,TDB,0.926040768623352,143.71726989746094
2027-06-01,PT_Cognitive Enhancement Programs,Cognitive Enhancement Programs,PT,TDB,0.07308386266231537,0.16036462783813477
2027-06-01,PT_Cultural Psychiatry Interventions,Cultural Psychiatry Interventions,PT,TDB,0.1581888049840927,0.17138734459877014
2027-06-01,PT_Deep Brain Stimulation,Deep Brain Stimulation,PT,TDB,0.8632716536521912,11.703157424926758
2027-06-01,PT_Dialectical Behavior Therapy,Dialectical Behavior Therapy,PT,TDB,0.9829805493354797,28.109294891357422
2027-06-01,PT_Dietary Interventions And Supplements,Dietary Interventions And Supplements,PT,TDB,0.15399877727031708,0.16648946702480316
2027-06-01,PT_Digital Health Tools,Digital Health Tools,PT,TDB,0.764176607131958,46.30476379394531
2027-06-01,PT_Digital Imaging Technologies For Brain Scanning,Digital Imaging Technologies For Brain Scanning,PT,TDB,0.0796690359711647,0.13949675858020782
2027-06-01,PT_Digital Phenotyping,Digital Phenotyping,PT,TDB,1.3196818828582764,16.320772171020508
2027-06-01,PT_Digital Therapeutics,Digital Therapeutics,PT,TDB,-0.013151642866432667,0.0
2027-06-01,PT_Electroconvulsive Therapy,Electroconvulsive Therapy,PT,TDB,-0.013048301450908184,0.0
2027-06-01,PT_Electroencephalography,Electroencephalography,PT,TDB,0.8487308621406555,188.73435974121094
2027-06-01,PT_Emdr Therapy,Emdr Therapy,PT,TDB,0.9997234344482422,28.087890625
2027-06-01,PT_Emotion Regulation Training,Emotion Regulation Training,PT,TDB,0.6379492282867432,1.9868453741073608
2027-06-01,PT_Expressive Writing And Journaling,Expressive Writing And Journaling,PT,TDB,0.17018111050128937,0.18551954627037048
2027-06-01,PT_Fecal Microbiota Transplant,Fecal Microbiota Transplant,PT,TDB,-0.01308592688292265,0.0
2027-06-01,PT_Focused Ultrasound Therapy,Focused Ultrasound Therapy,PT,TDB,0.3922766149044037,0.8997198343276978
2027-06-01,PT_Hypnotherapy,Hypnotherapy,PT,TDB,1.06694757938385,22.23545265197754
2027-06-01,PT_Immunotherapy For Neuropsychiatric Disorders,Immunotherapy For Neuropsychiatric Disorders,PT,TDB,1.0059453248977661,17.31199073791504
2027-06-01,PT_Interpersonal Psychotherapy,Interpersonal Psychotherapy,PT,TDB,0.6204187870025635,4.15675687789917
2027-06-01,PT_Ketamine Therapy,Ketamine Therapy,PT,TDB,1.1217759847640991,19.414304733276367
2027-06-01,PT_Light Therapy,Light Therapy,PT,TDB,1.007163405418396,14.147032737731934
2027-06-01,PT_Lithium Therapy,Lithium Therapy,PT,TDB,0.06765202432870865,0.07715504616498947
2027-06-01,PT_Machine Learning Neuroimaging,Machine Learning Neuroimaging,PT,TDB,1.966910481452942,8.45998477935791
2027-06-01,PT_Meditation And Relaxation Techniques,Meditation And Relaxation Techniques,PT,TDB,0.3665017783641815,1.040468692779541
2027-06-01,PT_Memory Retrieval Techniques,Memory Retrieval Techniques,PT,TDB,-0.00927688553929329,0.0
2027-06-01,PT_Mentalization Based Treatment,Mentalization Based Treatment,PT,TDB,0.9132418632507324,6.7521891593933105
2027-06-01,PT_Metabolic And Enzyme Targeted Therapy,Metabolic And Enzyme Targeted Therapy,PT,TDB,0.40011048316955566,0.7413678765296936
2027-06-01,PT_Metaverse,Metaverse,PT,TDB,-0.01386213954538107,0.0
2027-06-01,PT_Mindfulness Based Stress Reduction,Mindfulness Based Stress Reduction,PT,TDB,0.9029699563980103,27.106481552124023
2027-06-01,PT_Mood Stabilizers,Mood Stabilizers,PT,TDB,0.9840938448905945,43.28987121582031
2027-06-01,PT_Motivational Interviewing,Motivational Interviewing,PT,TDB,1.1061924695968628,57.6529655456543
2027-06-01,PT_Music Therapy,Music Therapy,PT,TDB,0.8244875073432922,10.821782112121582
2027-06-01,PT_Naltrexone,Naltrexone,PT,TDB,1.1740981340408325,19.317899703979492
2027-06-01,PT_Narrative Exposure Therapy,Narrative Exposure Therapy,PT,TDB,0.8167954087257385,23.418046951293945
2027-06-01,PT_Neurobiological Assessments For Mental Disorders,Neurobiological Assessments For Mental Disorders,PT,TDB,0.16877612471580505,0.1838550716638565
2027-06-01,PT_Neurocognitive Training,Neurocognitive Training,PT,TDB,0.7470581531524658,1.3357893228530884
2027-06-01,PT_Neurofeedback Systems,Neurofeedback Systems,PT,TDB,0.3172880709171295,0.37339815497398376
2027-06-01,PT_Neuromodulation Techniques,Neuromodulation Techniques,PT,TDB,0.7458572387695312,12.611103057861328
2027-06-01,PT_Neuroplasticity Techniques,Neuroplasticity Techniques,PT,TDB,0.07300804555416107,0.1639460176229477
2027-06-01,PT_Neuroprotective Agents,Neuroprotective Agents,PT,TDB,0.9992932081222534,25.77321434020996
2027-06-01,PT_Occupational Therapy,Occupational Therapy,PT,TDB,1.059015154838562,60.80777359008789
2027-06-01,PT_Oxytocin Therapy,Oxytocin Therapy,PT,TDB,0.9399820566177368,1.559935450553894
2027-06-01,PT_Personalized Medicine,Personalized Medicine,PT,TDB,0.9121958017349243,305.3826904296875
2027-06-01,PT_Pharmacogenomic Testing,Pharmacogenomic Testing,PT,TDB,1.4387637376785278,13.427997589111328
2027-06-01,PT_Privacy Preserving Ai In Digital Mental Health,Privacy Preserving AI In Digital Mental Health,PT,TDB,-0.013892131857573986,0.0
2027-06-01,PT_Prolonged Exposure Therapy,Prolonged Exposure Therapy,PT,TDB,0.02096443437039852,0.04356486722826958
2027-06-01,PT_Psilocybin Assisted Therapy,Psilocybin Assisted Therapy,PT,TDB,-0.014070774428546429,0.0
2027-06-01,PT_Psychoeducation Programs,Psychoeducation Programs,PT,TDB,0.4162239730358124,0.9540157914161682
2027-06-01,PT_Psychophysiological Metrics For Treatment Response,Psychophysiological Metrics For Treatment Response,PT,TDB,0.307308554649353,0.5454785823822021
2027-06-01,PT_Reality Testing Techniques,Reality Testing Techniques,PT,TDB,-0.014066402800381184,0.0
2027-06-01,PT_Regenerative Medicine Approaches,Regenerative Medicine Approaches,PT,TDB,0.6608670949935913,19.597644805908203
2027-06-01,PT_Resting State Fmri,Resting State FMRI,PT,TDB,0.7750023603439331,29.047504425048828
2027-06-01,PT_Schema Therapy,Schema Therapy,PT,TDB,1.3026896715164185,2.6791791915893555
2027-06-01,PT_Secure Data Storage For Patient Records,Secure Data Storage For Patient Records,PT,TDB,0.032463256269693375,0.03299593925476074
2027-06-01,PT_Selective Serotonin Reuptake Inhibitors,Selective Serotonin Reuptake Inhibitors,PT,TDB,0.9544156789779663,61.29928207397461
2027-06-01,PT_Sleep Pattern Monitoring And Manipulation,Sleep Pattern Monitoring And Manipulation,PT,TDB,-0.014545551501214504,0.0
2027-06-01,PT_Smart Wearable Mental Health Trackers,Smart Wearable Mental Health Trackers,PT,TDB,-0.01471161749213934,0.0
2027-06-01,PT_Social Skills Training,Social Skills Training,PT,TDB,1.0462257862091064,23.17352294921875
2027-06-01,PT_Speech Language Therapy,Speech Language Therapy,PT,TDB,0.5384755730628967,0.9999920129776001
2027-06-01,PT_Stem Cell Therapy For Neurological Disorders,Stem Cell Therapy For Neurological Disorders,PT,TDB,0.42022109031677246,2.3203237056732178
2027-06-01,PT_Stimulant And Wake Promoting Agents,Stimulant And Wake Promoting Agents,PT,TDB,1.1598912477493286,36.1591682434082
2027-06-01,PT_Traditional And Alternative Medicine Approaches,Traditional And Alternative Medicine Approaches,PT,TDB,0.6044832468032837,8.548501014709473
2027-06-01,PT_Transcranial Direct Current Stimulation,Transcranial Direct Current Stimulation,PT,TDB,0.8380717039108276,34.603057861328125
2027-06-01,PT_Transcranial Magnetic Stimulation,Transcranial Magnetic Stimulation,PT,TDB,0.9425209164619446,180.72500610351562
2027-06-01,PT_Transference Focused Psychotherapy,Transference Focused Psychotherapy,PT,TDB,1.086106777191162,9.374448776245117
2027-06-01,PT_Trauma Focused Cbt,Trauma Focused Cbt,PT,TDB,0.5931959748268127,2.8516957759857178
2027-06-01,PT_Vagus Nerve Stimulation,Vagus Nerve Stimulation,PT,TDB,1.0792909860610962,14.363269805908203
2027-06-01,PT_Virtual Reality Exposure Therapy,Virtual Reality Exposure Therapy,PT,TDB,0.8658832907676697,6.799554824829102
2027-06-01,PT_Vocal And Speech Biomarkers,Vocal And Speech Biomarkers,PT,TDB,-0.012891109101474285,0.0
2027-06-01,PT_Voxel Based Lesion Symptom Mapping,Voxel Based Lesion Symptom Mapping,PT,TDB,0.4927457273006439,0.9556321501731873
2027-07-01,RMD_Anorexia Nervosa,Anorexia Nervosa,RMD,TDB,1.889114499092102,341.2461853027344
2027-07-01,RMD_Antisocial Personality Disorder,Antisocial Personality Disorder,RMD,TDB,1.2182705402374268,46.533180236816406
2027-07-01,RMD_Autosarcophagy,Autosarcophagy,RMD,TDB,0.6164337396621704,0.8523104190826416
2027-07-01,RMD_Avoidant Personality Disorder,Avoidant Personality Disorder,RMD,TDB,1.5424882173538208,15.729026794433594
2027-07-01,RMD_Boanthropy,Boanthropy,RMD,TDB,0.8055000305175781,2.2951853275299072
2027-07-01,RMD_Body Integrity Dysphoria,Body Integrity Dysphoria,RMD,TDB,1.715538501739502,32.197601318359375
2027-07-01,RMD_Brief Psychotic Disorder,Brief Psychotic Disorder,RMD,TDB,1.2201313972473145,2.506072998046875
2027-07-01,RMD_Capgras Syndrome,Capgras Syndrome,RMD,TDB,1.5820012092590332,24.903196334838867
2027-07-01,RMD_Childhood Disintegrative Disorder,Childhood Disintegrative Disorder,RMD,TDB,1.6813912391662598,32.04556655883789
2027-07-01,RMD_Chronic Traumatic Encephalopathy,Chronic Traumatic Encephalopathy,RMD,TDB,2.0363824367523193,406.0683898925781
2027-07-01,RMD_Circadian Rhythm Sleep Wake Disorder,Circadian Rhythm Sleep Wake Disorder,RMD,TDB,1.2514415979385376,2.8556418418884277
2027-07-01,RMD_Cotard Syndrome,Cotard Syndrome,RMD,TDB,1.5334324836730957,5.296097755432129
2027-07-01,RMD_Cyclothymic Disorder,Cyclothymic Disorder,RMD,TDB,1.964176893234253,228.19554138183594
2027-07-01,RMD_Delusional Disorder,Delusional Disorder,RMD,TDB,0.6470015048980713,2.1534950733184814
2027-07-01,RMD_Diogenes Syndrome,Diogenes Syndrome,RMD,TDB,1.6969630718231201,4.515740871429443
2027-07-01,RMD_Disinhibited Social Engagement Disorder,Disinhibited Social Engagement Disorder,RMD,TDB,1.0998395681381226,4.751204490661621
2027-07-01,RMD_Dissociative Amnesia,Dissociative Amnesia,RMD,TDB,1.606405258178711,6.052596569061279
2027-07-01,RMD_Dissociative Fugue,Dissociative Fugue,RMD,TDB,1.8970701694488525,38.03440856933594
2027-07-01,RMD_Ekbom Syndrome,Ekbom Syndrome,RMD,TDB,1.5293643474578857,48.589447021484375
2027-07-01,RMD_Erotomania,Erotomania,RMD,TDB,1.9185987710952759,77.42610931396484
2027-07-01,RMD_Factitious Disorder,Factitious Disorder,RMD,TDB,2.047276735305786,255.54013061523438
2027-07-01,RMD_Fregoli Delusion,Fregoli Delusion,RMD,TDB,0.9771014451980591,1.656744360923767
2027-07-01,RMD_Ganser Syndrome,Ganser Syndrome,RMD,TDB,2.240508556365967,12.462629318237305
2027-07-01,RMD_Hallucinogen Persisting Perception Disorder,Hallucinogen Persisting Perception Disorder,RMD,TDB,2.0468599796295166,144.17800903320312
2027-07-01,RMD_Histrionic Personality Disorder,Histrionic Personality Disorder,RMD,TDB,1.278174638748169,16.321945190429688
2027-07-01,RMD_Hypergraphia,Hypergraphia,RMD,TDB,1.0382071733474731,4.993626117706299
2027-07-01,RMD_Hyperthymesia,Hyperthymesia,RMD,TDB,1.9414275884628296,73.00445556640625
2027-07-01,RMD_Impulse Control Disorders,Impulse Control Disorders,RMD,TDB,1.369323968887329,76.72452545166016
2027-07-01,RMD_Intermetamorphosis Syndrome,Intermetamorphosis Syndrome,RMD,TDB,0.057078227400779724,0.16316738724708557
2027-07-01,RMD_Kleine Levin Syndrome,Kleine Levin Syndrome,RMD,TDB,1.4131546020507812,16.887609481811523
2027-07-01,RMD_Kleptomania,Kleptomania,RMD,TDB,2.2831175327301025,36.82105255126953
2027-07-01,RMD_Koro,Koro,RMD,TDB,1.0972638130187988,3.715463399887085
2027-07-01,RMD_Landau Kleffner Syndrome,Landau Kleffner Syndrome,RMD,TDB,1.661435604095459,10.573710441589355
2027-07-01,RMD_Narcissistic Personality Disorder,Narcissistic Personality Disorder,RMD,TDB,1.9921263456344604,339.08642578125
2027-07-01,RMD_Olfactory Reference Syndrome,Olfactory Reference Syndrome,RMD,TDB,1.5817004442214966,93.78082275390625
2027-07-01,RMD_Othello Syndrome,Othello Syndrome,RMD,TDB,1.4331800937652588,17.957515716552734
2027-07-01,RMD_Palilalia,Palilalia,RMD,TDB,0.7627586722373962,2.246811628341675
2027-07-01,RMD_Postpartum Psychosis,Postpartum Psychosis,RMD,TDB,2.263547658920288,31.157514572143555
2027-07-01,RMD_Pyromania,Pyromania,RMD,TDB,1.77010178565979,44.71512222290039
2027-07-01,RMD_Reactive Attachment Disorder,Reactive Attachment Disorder,RMD,TDB,2.199862241744995,150.1929931640625
2027-07-01,RMD_Reduplicative Paramnesia,Reduplicative Paramnesia,RMD,TDB,1.294171929359436,2.6479740142822266
2027-07-01,RMD_Rumination Disorder,Rumination Disorder,RMD,TDB,1.838997721672058,80.61233520507812
2027-07-01,RMD_Savant Syndrome,Savant Syndrome,RMD,TDB,1.1386209726333618,14.74901008605957
2027-07-01,RMD_Schizoaffective Disorder,Schizoaffective Disorder,RMD,TDB,1.5466628074645996,90.34396362304688
2027-07-01,RMD_Schizotypal Personality Disorder,Schizotypal Personality Disorder,RMD,TDB,1.9899518489837646,217.5203094482422
2027-07-01,RMD_Selective Mutism,Selective Mutism,RMD,TDB,2.6236321926116943,49.327598571777344
2027-07-01,RMD_Stendhal Syndrome,Stendhal Syndrome,RMD,TDB,0.9063785076141357,3.3871099948883057
2027-07-01,RMD_Wendigo Psychosis,Wendigo Psychosis,RMD,TDB,0.626957356929779,1.206856369972229
2027-07-01,PT_Acceptance And Commitment Therapy,Acceptance And Commitment Therapy,PT,TDB,1.007644772529602,37.03559494018555
2027-07-01,PT_Animal Assisted Therapy,Animal Assisted Therapy,PT,TDB,1.2505184412002563,7.240641117095947
2027-07-01,PT_Anticonvulsant Therapy,Anticonvulsant Therapy,PT,TDB,0.3928243815898895,2.596135377883911
2027-07-01,PT_Antidepressants,Antidepressants,PT,TDB,0.9143204689025879,125.76116180419922
2027-07-01,PT_Antipsychotic Medications,Antipsychotic Medications,PT,TDB,-0.011410532519221306,0.0
2027-07-01,PT_Anxiolytic Medications,Anxiolytic Medications,PT,TDB,0.8825699090957642,75.44143676757812
2027-07-01,PT_Art Therapy,Art Therapy,PT,TDB,0.40242260694503784,3.0337259769439697
2027-07-01,PT_Augmentative Communication Devices,Augmentative Communication Devices,PT,TDB,0.31046146154403687,0.5378586649894714
2027-07-01,PT_Behavioral Activation Therapy,Behavioral Activation Therapy,PT,TDB,0.5341205596923828,2.0506513118743896
2027-07-01,PT_Biofeedback Devices,Biofeedback Devices,PT,TDB,0.5520390272140503,0.8268066644668579
2027-07-01,PT_Blockchain For Data Protection,Blockchain For Data Protection,PT,TDB,-0.009058116003870964,0.0
2027-07-01,PT_Brain Computer Interface,Brain Computer Interface,PT,TDB,0.9099411964416504,69.95286560058594
2027-07-01,PT_Cbt For Insomnia,Cbt For Insomnia,PT,TDB,1.4382758140563965,3.2134249210357666
2027-07-01,PT_Chronotherapy,Chronotherapy,PT,TDB,1.008008599281311,2.486743211746216
2027-07-01,PT_Closed Loop Neurostimulation,Closed Loop Neurostimulation,PT,TDB,1.1760152578353882,27.494985580444336
2027-07-01,PT_Clozapine Protocol,Clozapine Protocol,PT,TDB,-0.012850143015384674,0.0
2027-07-01,PT_Cognitive Assistive Technologies,Cognitive Assistive Technologies,PT,TDB,0.03657784312963486,0.037255045026540756
2027-07-01,PT_Cognitive Behavioral Therapy,Cognitive Behavioral Therapy,PT,TDB,0.926415741443634,144.00912475585938
2027-07-01,PT_Cognitive Enhancement Programs,Cognitive Enhancement Programs,PT,TDB,0.07292674481868744,0.15999366343021393
2027-07-01,PT_Cultural Psychiatry Interventions,Cultural Psychiatry Interventions,PT,TDB,0.1576138734817505,0.17071406543254852
2027-07-01,PT_Deep Brain Stimulation,Deep Brain Stimulation,PT,TDB,0.8615409135818481,11.63858699798584
2027-07-01,PT_Dialectical Behavior Therapy,Dialectical Behavior Therapy,PT,TDB,0.9823214411735535,28.043575286865234
2027-07-01,PT_Dietary Interventions And Supplements,Dietary Interventions And Supplements,PT,TDB,0.1553138941526413,0.16802453994750977
2027-07-01,PT_Digital Health Tools,Digital Health Tools,PT,TDB,0.7653511762619019,46.58599853515625
2027-07-01,PT_Digital Imaging Technologies For Brain Scanning,Digital Imaging Technologies For Brain Scanning,PT,TDB,0.08247348666191101,0.14474686980247498
2027-07-01,PT_Digital Phenotyping,Digital Phenotyping,PT,TDB,1.317200779914856,16.228151321411133
2027-07-01,PT_Digital Therapeutics,Digital Therapeutics,PT,TDB,-0.012462165206670761,0.0
2027-07-01,PT_Electroconvulsive Therapy,Electroconvulsive Therapy,PT,TDB,-0.012340446934103966,0.0
2027-07-01,PT_Electroencephalography,Electroencephalography,PT,TDB,0.8496590256690979,189.8258819580078
2027-07-01,PT_Emdr Therapy,Emdr Therapy,PT,TDB,0.9992486834526062,28.04137420654297
2027-07-01,PT_Emotion Regulation Training,Emotion Regulation Training,PT,TDB,0.6381415724754333,1.9878311157226562
2027-07-01,PT_Expressive Writing And Journaling,Expressive Writing And Journaling,PT,TDB,0.17233732342720032,0.18807853758335114
2027-07-01,PT_Fecal Microbiota Transplant,Fecal Microbiota Transplant,PT,TDB,-0.01235118880867958,0.0
2027-07-01,PT_Focused Ultrasound Therapy,Focused Ultrasound Therapy,PT,TDB,0.39127317070961,0.8966039419174194
2027-07-01,PT_Hypnotherapy,Hypnotherapy,PT,TDB,1.0642110109329224,22.048734664916992
2027-07-01,PT_Immunotherapy For Neuropsychiatric Disorders,Immunotherapy For Neuropsychiatric Disorders,PT,TDB,1.0030840635299683,17.161169052124023
2027-07-01,PT_Interpersonal Psychotherapy,Interpersonal Psychotherapy,PT,TDB,0.6210190057754517,4.164947032928467
2027-07-01,PT_Ketamine Therapy,Ketamine Therapy,PT,TDB,1.1177968978881836,19.197059631347656
2027-07-01,PT_Light Therapy,Light Therapy,PT,TDB,1.0039747953414917,14.01726245880127
2027-07-01,PT_Lithium Therapy,Lithium Therapy,PT,TDB,0.06805943697690964,0.07763727754354477
2027-07-01,PT_Machine Learning Neuroimaging,Machine Learning Neuroimaging,PT,TDB,1.9600112438201904,8.38571548461914
2027-07-01,PT_Meditation And Relaxation Techniques,Meditation And Relaxation Techniques,PT,TDB,0.3684382140636444,1.0481719970703125
2027-07-01,PT_Memory Retrieval Techniques,Memory Retrieval Techniques,PT,TDB,-0.008637536317110062,0.0
2027-07-01,PT_Mentalization Based Treatment,Mentalization Based Treatment,PT,TDB,0.9087687730789185,6.674814224243164
2027-07-01,PT_Metabolic And Enzyme Targeted Therapy,Metabolic And Enzyme Targeted Therapy,PT,TDB,0.3991604447364807,0.7390758395195007
2027-07-01,PT_Metaverse,Metaverse,PT,TDB,-0.013031771406531334,0.0
2027-07-01,PT_Mindfulness Based Stress Reduction,Mindfulness Based Stress Reduction,PT,TDB,0.9036089181900024,27.17290687561035
2027-07-01,PT_Mood Stabilizers,Mood Stabilizers,PT,TDB,0.9833601713180542,43.16487503051758
2027-07-01,PT_Motivational Interviewing,Motivational Interviewing,PT,TDB,1.1042876243591309,57.243160247802734
2027-07-01,PT_Music Therapy,Music Therapy,PT,TDB,0.8219826817512512,10.733406066894531
2027-07-01,PT_Naltrexone,Naltrexone,PT,TDB,1.1691639423370361,19.0623779296875
2027-07-01,PT_Narrative Exposure Therapy,Narrative Exposure Therapy,PT,TDB,0.8152647614479065,23.27227210998535
2027-07-01,PT_Neurobiological Assessments For Mental Disorders,Neurobiological Assessments For Mental Disorders,PT,TDB,0.16930660605430603,0.18448325991630554
2027-07-01,PT_Neurocognitive Training,Neurocognitive Training,PT,TDB,0.746223509311676,1.3335764408111572
2027-07-01,PT_Neurofeedback Systems,Neurofeedback Systems,PT,TDB,0.3173508942127228,0.37348443269729614
2027-07-01,PT_Neuromodulation Techniques,Neuromodulation Techniques,PT,TDB,0.7471930384635925,12.674899101257324
2027-07-01,PT_Neuroplasticity Techniques,Neuroplasticity Techniques,PT,TDB,0.07532516866922379,0.16956780850887299
2027-07-01,PT_Neuroprotective Agents,Neuroprotective Agents,PT,TDB,0.9983521103858948,25.690448760986328
2027-07-01,PT_Occupational Therapy,Occupational Therapy,PT,TDB,1.0570510625839233,60.33684158325195
2027-07-01,PT_Oxytocin Therapy,Oxytocin Therapy,PT,TDB,0.9370282292366028,1.5523850917816162
2027-07-01,PT_Personalized Medicine,Personalized Medicine,PT,TDB,0.9128301739692688,306.6048583984375
2027-07-01,PT_Pharmacogenomic Testing,Pharmacogenomic Testing,PT,TDB,1.434670329093933,13.318848609924316
2027-07-01,PT_Privacy Preserving Ai In Digital Mental Health,Privacy Preserving AI In Digital Mental Health,PT,TDB,-0.01322944276034832,0.0
2027-07-01,PT_Prolonged Exposure Therapy,Prolonged Exposure Therapy,PT,TDB,0.021234171465039253,0.044137582182884216
2027-07-01,PT_Psilocybin Assisted Therapy,Psilocybin Assisted Therapy,PT,TDB,-0.01328219659626484,0.0
2027-07-01,PT_Psychoeducation Programs,Psychoeducation Programs,PT,TDB,0.4157218933105469,0.9524375200271606
2027-07-01,PT_Psychophysiological Metrics For Treatment Response,Psychophysiological Metrics For Treatment Response,PT,TDB,0.3096752166748047,0.5506687164306641
2027-07-01,PT_Reality Testing Techniques,Reality Testing Techniques,PT,TDB,-0.01342620700597763,0.0
2027-07-01,PT_Regenerative Medicine Approaches,Regenerative Medicine Approaches,PT,TDB,0.6629006862640381,19.790279388427734
2027-07-01,PT_Resting State Fmri,Resting State FMRI,PT,TDB,0.7764803767204285,29.24312400817871
2027-07-01,PT_Schema Therapy,Schema Therapy,PT,TDB,1.2997572422027588,2.6684060096740723
2027-07-01,PT_Secure Data Storage For Patient Records,Secure Data Storage For Patient Records,PT,TDB,0.03348614647984505,0.034053120762109756
2027-07-01,PT_Selective Serotonin Reuptake Inhibitors,Selective Serotonin Reuptake Inhibitors,PT,TDB,0.9536729454994202,61.09929275512695
2027-07-01,PT_Sleep Pattern Monitoring And Manipulation,Sleep Pattern Monitoring And Manipulation,PT,TDB,-0.013900350779294968,0.0
2027-07-01,PT_Smart Wearable Mental Health Trackers,Smart Wearable Mental Health Trackers,PT,TDB,-0.014092639088630676,0.0
2027-07-01,PT_Social Skills Training,Social Skills Training,PT,TDB,1.044909119606018,23.07681655883789
2027-07-01,PT_Speech Language Therapy,Speech Language Therapy,PT,TDB,0.538404643535614,0.9998093843460083
2027-07-01,PT_Stem Cell Therapy For Neurological Disorders,Stem Cell Therapy For Neurological Disorders,PT,TDB,0.4228159785270691,2.345020055770874
2027-07-01,PT_Stimulant And Wake Promoting Agents,Stimulant And Wake Promoting Agents,PT,TDB,1.1580874919891357,35.95083999633789
2027-07-01,PT_Traditional And Alternative Medicine Approaches,Traditional And Alternative Medicine Approaches,PT,TDB,0.6059646606445312,8.601446151733398
2027-07-01,PT_Transcranial Direct Current Stimulation,Transcranial Direct Current Stimulation,PT,TDB,0.8363537192344666,34.34328079223633
2027-07-01,PT_Transcranial Magnetic Stimulation,Transcranial Magnetic Stimulation,PT,TDB,0.9423986077308655,180.60235595703125
2027-07-01,PT_Transference Focused Psychotherapy,Transference Focused Psychotherapy,PT,TDB,1.0837277173995972,9.321422576904297
2027-07-01,PT_Trauma Focused Cbt,Trauma Focused Cbt,PT,TDB,0.5942635536193848,2.8610551357269287
2027-07-01,PT_Vagus Nerve Stimulation,Vagus Nerve Stimulation,PT,TDB,1.076900839805603,14.270601272583008
2027-07-01,PT_Virtual Reality Exposure Therapy,Virtual Reality Exposure Therapy,PT,TDB,0.8647031784057617,6.777750492095947
2027-07-01,PT_Vocal And Speech Biomarkers,Vocal And Speech Biomarkers,PT,TDB,-0.012130873277783394,0.0
2027-07-01,PT_Voxel Based Lesion Symptom Mapping,Voxel Based Lesion Symptom Mapping,PT,TDB,0.4940657913684845,0.9591492414474487
2027-08-01,RMD_Anorexia Nervosa,Anorexia Nervosa,RMD,TDB,1.8892464637756348,341.3857421875
2027-08-01,RMD_Antisocial Personality Disorder,Antisocial Personality Disorder,RMD,TDB,1.2213338613510132,46.996944427490234
2027-08-01,RMD_Autosarcophagy,Autosarcophagy,RMD,TDB,0.6192071437835693,0.857454776763916
2027-08-01,RMD_Avoidant Personality Disorder,Avoidant Personality Disorder,RMD,TDB,1.5420386791229248,15.715299606323242
2027-08-01,RMD_Boanthropy,Boanthropy,RMD,TDB,0.8071047067642212,2.3030223846435547
2027-08-01,RMD_Body Integrity Dysphoria,Body Integrity Dysphoria,RMD,TDB,1.7163746356964111,32.25432205200195
2027-08-01,RMD_Brief Psychotic Disorder,Brief Psychotic Disorder,RMD,TDB,1.2243350744247437,2.521259069442749
2027-08-01,RMD_Capgras Syndrome,Capgras Syndrome,RMD,TDB,1.5842406749725342,25.022808074951172
2027-08-01,RMD_Childhood Disintegrative Disorder,Childhood Disintegrative Disorder,RMD,TDB,1.6824971437454224,32.121681213378906
2027-08-01,RMD_Chronic Traumatic Encephalopathy,Chronic Traumatic Encephalopathy,RMD,TDB,2.0360372066497803,405.65399169921875
2027-08-01,RMD_Circadian Rhythm Sleep Wake Disorder,Circadian Rhythm Sleep Wake Disorder,RMD,TDB,1.2554841041564941,2.8724865913391113
2027-08-01,RMD_Cotard Syndrome,Cotard Syndrome,RMD,TDB,1.534650206565857,5.305304050445557
2027-08-01,RMD_Cyclothymic Disorder,Cyclothymic Disorder,RMD,TDB,1.9645534753799438,228.43446350097656
2027-08-01,RMD_Delusional Disorder,Delusional Disorder,RMD,TDB,0.6557309031486511,2.2027416229248047
2027-08-01,RMD_Diogenes Syndrome,Diogenes Syndrome,RMD,TDB,1.6978204250335693,4.520501136779785
2027-08-01,RMD_Disinhibited Social Engagement Disorder,Disinhibited Social Engagement Disorder,RMD,TDB,1.1023958921432495,4.774637222290039
2027-08-01,RMD_Dissociative Amnesia,Dissociative Amnesia,RMD,TDB,1.6085164546966553,6.070724964141846
2027-08-01,RMD_Dissociative Fugue,Dissociative Fugue,RMD,TDB,1.8963327407836914,37.978851318359375
2027-08-01,RMD_Ekbom Syndrome,Ekbom Syndrome,RMD,TDB,1.5318918228149414,48.910404205322266
2027-08-01,RMD_Erotomania,Erotomania,RMD,TDB,1.9174402952194214,77.21984100341797
2027-08-01,RMD_Factitious Disorder,Factitious Disorder,RMD,TDB,2.046851396560669,255.24462890625
2027-08-01,RMD_Fregoli Delusion,Fregoli Delusion,RMD,TDB,0.9811630845069885,1.6675570011138916
2027-08-01,RMD_Ganser Syndrome,Ganser Syndrome,RMD,TDB,2.23702073097229,12.40825366973877
2027-08-01,RMD_Hallucinogen Persisting Perception Disorder,Hallucinogen Persisting Perception Disorder,RMD,TDB,2.045938730239868,143.8530731201172
2027-08-01,RMD_Histrionic Personality Disorder,Histrionic Personality Disorder,RMD,TDB,1.2784925699234009,16.33423614501953
2027-08-01,RMD_Hypergraphia,Hypergraphia,RMD,TDB,1.0388972759246826,5.000764846801758
2027-08-01,RMD_Hyperthymesia,Hyperthymesia,RMD,TDB,1.9409165382385254,72.92066192626953
2027-08-01,RMD_Impulse Control Disorders,Impulse Control Disorders,RMD,TDB,1.372572660446167,77.53141021728516
2027-08-01,RMD_Intermetamorphosis Syndrome,Intermetamorphosis Syndrome,RMD,TDB,0.06278085708618164,0.1808655858039856
2027-08-01,RMD_Kleine Levin Syndrome,Kleine Levin Syndrome,RMD,TDB,1.4151016473770142,16.958831787109375
2027-08-01,RMD_Kleptomania,Kleptomania,RMD,TDB,2.282724380493164,36.79739761352539
2027-08-01,RMD_Koro,Koro,RMD,TDB,1.101300597190857,3.7424447536468506
2027-08-01,RMD_Landau Kleffner Syndrome,Landau Kleffner Syndrome,RMD,TDB,1.662062406539917,10.584407806396484
2027-08-01,RMD_Narcissistic Personality Disorder,Narcissistic Personality Disorder,RMD,TDB,1.991555094718933,338.5185241699219
2027-08-01,RMD_Olfactory Reference Syndrome,Olfactory Reference Syndrome,RMD,TDB,1.5833905935287476,94.24293518066406
2027-08-01,RMD_Othello Syndrome,Othello Syndrome,RMD,TDB,1.43424391746521,17.99896240234375
2027-08-01,RMD_Palilalia,Palilalia,RMD,TDB,0.7622658610343933,2.24434232711792
2027-08-01,RMD_Postpartum Psychosis,Postpartum Psychosis,RMD,TDB,2.2610952854156494,31.03682518005371
2027-08-01,RMD_Pyromania,Pyromania,RMD,TDB,1.7693750858306885,44.64344024658203
2027-08-01,RMD_Reactive Attachment Disorder,Reactive Attachment Disorder,RMD,TDB,2.197237014770508,149.29019165039062
2027-08-01,RMD_Reduplicative Paramnesia,Reduplicative Paramnesia,RMD,TDB,1.2949224710464478,2.6507129669189453
2027-08-01,RMD_Rumination Disorder,Rumination Disorder,RMD,TDB,1.8385846614837646,80.53170013427734
2027-08-01,RMD_Savant Syndrome,Savant Syndrome,RMD,TDB,1.1351144313812256,14.615869522094727
2027-08-01,RMD_Schizoaffective Disorder,Schizoaffective Disorder,RMD,TDB,1.5473164319992065,90.51840209960938
2027-08-01,RMD_Schizotypal Personality Disorder,Schizotypal Personality Disorder,RMD,TDB,1.9876866340637207,216.18441772460938
2027-08-01,RMD_Selective Mutism,Selective Mutism,RMD,TDB,2.6193716526031494,49.00836181640625
2027-08-01,RMD_Stendhal Syndrome,Stendhal Syndrome,RMD,TDB,0.9049612879753113,3.376978635787964
2027-08-01,RMD_Wendigo Psychosis,Wendigo Psychosis,RMD,TDB,0.6280223727226257,1.2098257541656494
2027-08-01,PT_Acceptance And Commitment Therapy,Acceptance And Commitment Therapy,PT,TDB,1.0076707601547241,37.03916549682617
2027-08-01,PT_Animal Assisted Therapy,Animal Assisted Therapy,PT,TDB,1.2465128898620605,7.185158729553223
2027-08-01,PT_Anticonvulsant Therapy,Anticonvulsant Therapy,PT,TDB,0.3937513530254364,2.6070122718811035
2027-08-01,PT_Antidepressants,Antidepressants,PT,TDB,0.9146091938018799,125.95515441894531
2027-08-01,PT_Antipsychotic Medications,Antipsychotic Medications,PT,TDB,-0.010549413971602917,0.0
2027-08-01,PT_Anxiolytic Medications,Anxiolytic Medications,PT,TDB,0.8826810717582703,75.48322296142578
2027-08-01,PT_Art Therapy,Art Therapy,PT,TDB,0.40246886014938354,3.034372329711914
2027-08-01,PT_Augmentative Communication Devices,Augmentative Communication Devices,PT,TDB,0.31076961755752563,0.5385158061981201
2027-08-01,PT_Behavioral Activation Therapy,Behavioral Activation Therapy,PT,TDB,0.5348813533782959,2.055501699447632
2027-08-01,PT_Biofeedback Devices,Biofeedback Devices,PT,TDB,0.5517318248748779,0.826194167137146
2027-08-01,PT_Blockchain For Data Protection,Blockchain For Data Protection,PT,TDB,-0.007915644906461239,0.0
2027-08-01,PT_Brain Computer Interface,Brain Computer Interface,PT,TDB,0.9114384651184082,70.45219421386719
2027-08-01,PT_Cbt For Insomnia,Cbt For Insomnia,PT,TDB,1.4335678815841675,3.1936349868774414
2027-08-01,PT_Chronotherapy,Chronotherapy,PT,TDB,1.006011724472046,2.4781270027160645
2027-08-01,PT_Closed Loop Neurostimulation,Closed Loop Neurostimulation,PT,TDB,1.1732860803604126,27.274333953857422
2027-08-01,PT_Clozapine Protocol,Clozapine Protocol,PT,TDB,-0.012066240422427654,0.0
2027-08-01,PT_Cognitive Assistive Technologies,Cognitive Assistive Technologies,PT,TDB,0.037259574979543686,0.0379624143242836
2027-08-01,PT_Cognitive Behavioral Therapy,Cognitive Behavioral Therapy,PT,TDB,0.9267779588699341,144.2915802001953
2027-08-01,PT_Cognitive Enhancement Programs,Cognitive Enhancement Programs,PT,TDB,0.07277031242847443,0.15962441265583038
2027-08-01,PT_Cultural Psychiatry Interventions,Cultural Psychiatry Interventions,PT,TDB,0.15702608227729797,0.17002612352371216
2027-08-01,PT_Deep Brain Stimulation,Deep Brain Stimulation,PT,TDB,0.8598840832710266,11.577079772949219
2027-08-01,PT_Dialectical Behavior Therapy,Dialectical Behavior Therapy,PT,TDB,0.9816659688949585,27.978357315063477
2027-08-01,PT_Dietary Interventions And Supplements,Dietary Interventions And Supplements,PT,TDB,0.15657640993595123,0.16950012743473053
2027-08-01,PT_Digital Health Tools,Digital Health Tools,PT,TDB,0.7664952874183655,46.86155700683594
2027-08-01,PT_Digital Imaging Technologies For Brain Scanning,Digital Imaging Technologies For Brain Scanning,PT,TDB,0.08518214523792267,0.14984062314033508
2027-08-01,PT_Digital Phenotyping,Digital Phenotyping,PT,TDB,1.3147674798965454,16.137794494628906
2027-08-01,PT_Digital Therapeutics,Digital Therapeutics,PT,TDB,-0.011789265088737011,0.0
2027-08-01,PT_Electroconvulsive Therapy,Electroconvulsive Therapy,PT,TDB,-0.011651414446532726,0.0
2027-08-01,PT_Electroencephalography,Electroencephalography,PT,TDB,0.8505646586418152,190.89694213867188
2027-08-01,PT_Emdr Therapy,Emdr Therapy,PT,TDB,0.998778760433197,27.995407104492188
2027-08-01,PT_Emotion Regulation Training,Emotion Regulation Training,PT,TDB,0.638316810131073,1.9887292385101318
2027-08-01,PT_Expressive Writing And Journaling,Expressive Writing And Journaling,PT,TDB,0.17442664504051208,0.1905634105205536
2027-08-01,PT_Fecal Microbiota Transplant,Fecal Microbiota Transplant,PT,TDB,-0.0116454241797328,0.0
2027-08-01,PT_Focused Ultrasound Therapy,Focused Ultrasound Therapy,PT,TDB,0.3902888298034668,0.8935524821281433
2027-08-01,PT_Hypnotherapy,Hypnotherapy,PT,TDB,1.0615366697311401,21.867717742919922
2027-08-01,PT_Immunotherapy For Neuropsychiatric Disorders,Immunotherapy For Neuropsychiatric Disorders,PT,TDB,1.0003182888031006,17.016569137573242
2027-08-01,PT_Interpersonal Psychotherapy,Interpersonal Psychotherapy,PT,TDB,0.6215885877609253,4.172730445861816
2027-08-01,PT_Ketamine Therapy,Ketamine Therapy,PT,TDB,1.113883137702942,18.985633850097656
2027-08-01,PT_Light Therapy,Light Therapy,PT,TDB,1.0008554458618164,13.89138412475586
2027-08-01,PT_Lithium Therapy,Lithium Therapy,PT,TDB,0.06845498085021973,0.07810565829277039
2027-08-01,PT_Machine Learning Neuroimaging,Machine Learning Neuroimaging,PT,TDB,1.9531797170639038,8.312748908996582
2027-08-01,PT_Meditation And Relaxation Techniques,Meditation And Relaxation Techniques,PT,TDB,0.3703133761882782,1.0556591749191284
2027-08-01,PT_Memory Retrieval Techniques,Memory Retrieval Techniques,PT,TDB,-0.008027996867895126,0.0
2027-08-01,PT_Mentalization Based Treatment,Mentalization Based Treatment,PT,TDB,0.9043518304824829,6.599169731140137
2027-08-01,PT_Metabolic And Enzyme Targeted Therapy,Metabolic And Enzyme Targeted Therapy,PT,TDB,0.3982177972793579,0.736804723739624
2027-08-01,PT_Metaverse,Metaverse,PT,TDB,-0.012224896810948849,0.0
2027-08-01,PT_Mindfulness Based Stress Reduction,Mindfulness Based Stress Reduction,PT,TDB,0.9042357206344604,27.238218307495117
2027-08-01,PT_Mood Stabilizers,Mood Stabilizers,PT,TDB,0.9826328158378601,43.04131317138672
2027-08-01,PT_Motivational Interviewing,Motivational Interviewing,PT,TDB,1.1024194955825806,56.84405517578125
2027-08-01,PT_Music Therapy,Music Therapy,PT,TDB,0.8195108771324158,10.646843910217285
2027-08-01,PT_Naltrexone,Naltrexone,PT,TDB,1.1643084287643433,18.814064025878906
2027-08-01,PT_Narrative Exposure Therapy,Narrative Exposure Therapy,PT,TDB,0.8137584924697876,23.129661560058594
2027-08-01,PT_Neurobiological Assessments For Mental Disorders,Neurobiological Assessments For Mental Disorders,PT,TDB,0.1697937548160553,0.18506041169166565
2027-08-01,PT_Neurocognitive Training,Neurocognitive Training,PT,TDB,0.7453852891921997,1.3313562870025635
2027-08-01,PT_Neurofeedback Systems,Neurofeedback Systems,PT,TDB,0.31739574670791626,0.3735460340976715
2027-08-01,PT_Neuromodulation Techniques,Neuromodulation Techniques,PT,TDB,0.7484928965568542,12.737260818481445
2027-08-01,PT_Neuroplasticity Techniques,Neuroplasticity Techniques,PT,TDB,0.07756741344928741,0.1750337928533554
2027-08-01,PT_Neuroprotective Agents,Neuroprotective Agents,PT,TDB,0.9974143505096436,25.608240127563477
2027-08-01,PT_Occupational Therapy,Occupational Therapy,PT,TDB,1.0551185607910156,59.87698745727539
2027-08-01,PT_Oxytocin Therapy,Oxytocin Therapy,PT,TDB,0.9341367483139038,1.545015573501587
2027-08-01,PT_Personalized Medicine,Personalized Medicine,PT,TDB,0.913451075553894,307.80584716796875
2027-08-01,PT_Pharmacogenomic Testing,Pharmacogenomic Testing,PT,TDB,1.4306535720825195,13.212544441223145
2027-08-01,PT_Privacy Preserving Ai In Digital Mental Health,Privacy Preserving AI In Digital Mental Health,PT,TDB,-0.012598450295627117,0.0
2027-08-01,PT_Prolonged Exposure Therapy,Prolonged Exposure Therapy,PT,TDB,0.02149185538291931,0.0446850024163723
2027-08-01,PT_Psilocybin Assisted Therapy,Psilocybin Assisted Therapy,PT,TDB,-0.012525188736617565,0.0
2027-08-01,PT_Psychoeducation Programs,Psychoeducation Programs,PT,TDB,0.41520997881889343,0.9508295059204102
2027-08-01,PT_Psychophysiological Metrics For Treatment Response,Psychophysiological Metrics For Treatment Response,PT,TDB,0.3119613528251648,0.5556986927986145
2027-08-01,PT_Reality Testing Techniques,Reality Testing Techniques,PT,TDB,-0.01281024795025587,0.0
2027-08-01,PT_Regenerative Medicine Approaches,Regenerative Medicine Approaches,PT,TDB,0.6648784279823303,19.979358673095703
2027-08-01,PT_Resting State Fmri,Resting State FMRI,PT,TDB,0.7779409289360046,29.43769645690918
2027-08-01,PT_Schema Therapy,Schema Therapy,PT,TDB,1.2969260215759277,2.658034563064575
2027-08-01,PT_Secure Data Storage For Patient Records,Secure Data Storage For Patient Records,PT,TDB,0.03447963297367096,0.03508094698190689
2027-08-01,PT_Selective Serotonin Reuptake Inhibitors,Selective Serotonin Reuptake Inhibitors,PT,TDB,0.9529317617416382,60.90032958984375
2027-08-01,PT_Sleep Pattern Monitoring And Manipulation,Sleep Pattern Monitoring And Manipulation,PT,TDB,-0.013280968181788921,0.0
2027-08-01,PT_Smart Wearable Mental Health Trackers,Smart Wearable Mental Health Trackers,PT,TDB,-0.013497835956513882,0.0
2027-08-01,PT_Social Skills Training,Social Skills Training,PT,TDB,1.0436090230941772,22.98170280456543
2027-08-01,PT_Speech Language Therapy,Speech Language Therapy,PT,TDB,0.5383338928222656,0.9996272921562195
2027-08-01,PT_Stem Cell Therapy For Neurological Disorders,Stem Cell Therapy For Neurological Disorders,PT,TDB,0.42533618211746216,2.3691813945770264
2027-08-01,PT_Stimulant And Wake Promoting Agents,Stimulant And Wake Promoting Agents,PT,TDB,1.1563180685043335,35.747623443603516
2027-08-01,PT_Traditional And Alternative Medicine Approaches,Traditional And Alternative Medicine Approaches,PT,TDB,0.6073946952819824,8.652835845947266
2027-08-01,PT_Transcranial Direct Current Stimulation,Transcranial Direct Current Stimulation,PT,TDB,0.8346773386001587,34.09162139892578
2027-08-01,PT_Transcranial Magnetic Stimulation,Transcranial Magnetic Stimulation,PT,TDB,0.9422679543495178,180.47146606445312
2027-08-01,PT_Transference Focused Psychotherapy,Transference Focused Psychotherapy,PT,TDB,1.081390380859375,9.269593238830566
2027-08-01,PT_Trauma Focused Cbt,Trauma Focused Cbt,PT,TDB,0.595291018486023,2.870083808898926
2027-08-01,PT_Vagus Nerve Stimulation,Vagus Nerve Stimulation,PT,TDB,1.0745463371276855,14.179859161376953
2027-08-01,PT_Virtual Reality Exposure Therapy,Virtual Reality Exposure Therapy,PT,TDB,0.8635252714157104,6.75604772567749
2027-08-01,PT_Vocal And Speech Biomarkers,Vocal And Speech Biomarkers,PT,TDB,-0.011405291967093945,0.0
2027-08-01,PT_Voxel Based Lesion Symptom Mapping,Voxel Based Lesion Symptom Mapping,PT,TDB,0.49533316493034363,0.9625319838523865
2027-09-01,RMD_Anorexia Nervosa,Anorexia Nervosa,RMD,TDB,1.8889954090118408,341.120361328125
2027-09-01,RMD_Antisocial Personality Disorder,Antisocial Personality Disorder,RMD,TDB,1.2248895168304443,47.540931701660156
2027-09-01,RMD_Autosarcophagy,Autosarcophagy,RMD,TDB,0.6223089694976807,0.8632252216339111
2027-09-01,RMD_Avoidant Personality Disorder,Avoidant Personality Disorder,RMD,TDB,1.5422958135604858,15.723149299621582
2027-09-01,RMD_Boanthropy,Boanthropy,RMD,TDB,0.8092013001441956,2.3132903575897217
2027-09-01,RMD_Body Integrity Dysphoria,Body Integrity Dysphoria,RMD,TDB,1.7166907787322998,32.27579879760742
2027-09-01,RMD_Brief Psychotic Disorder,Brief Psychotic Disorder,RMD,TDB,1.228050947189331,2.534738063812256
2027-09-01,RMD_Capgras Syndrome,Capgras Syndrome,RMD,TDB,1.5860695838928223,25.120895385742188
2027-09-01,RMD_Childhood Disintegrative Disorder,Childhood Disintegrative Disorder,RMD,TDB,1.6830941438674927,32.162841796875
2027-09-01,RMD_Chronic Traumatic Encephalopathy,Chronic Traumatic Encephalopathy,RMD,TDB,2.0352783203125,404.7444152832031
2027-09-01,RMD_Circadian Rhythm Sleep Wake Disorder,Circadian Rhythm Sleep Wake Disorder,RMD,TDB,1.2588450908660889,2.886547803878784
2027-09-01,RMD_Cotard Syndrome,Cotard Syndrome,RMD,TDB,1.5356991291046143,5.313244342803955
2027-09-01,RMD_Cyclothymic Disorder,Cyclothymic Disorder,RMD,TDB,1.9644324779510498,228.35768127441406
2027-09-01,RMD_Delusional Disorder,Delusional Disorder,RMD,TDB,0.6639708280563354,2.249932289123535
2027-09-01,RMD_Diogenes Syndrome,Diogenes Syndrome,RMD,TDB,1.6982024908065796,4.5226240158081055
2027-09-01,RMD_Disinhibited Social Engagement Disorder,Disinhibited Social Engagement Disorder,RMD,TDB,1.1053143739700317,4.801506042480469
2027-09-01,RMD_Dissociative Amnesia,Dissociative Amnesia,RMD,TDB,1.6099425554275513,6.0829973220825195
2027-09-01,RMD_Dissociative Fugue,Dissociative Fugue,RMD,TDB,1.8953781127929688,37.90703201293945
2027-09-01,RMD_Ekbom Syndrome,Ekbom Syndrome,RMD,TDB,1.5337860584259033,49.15230941772461
2027-09-01,RMD_Erotomania,Erotomania,RMD,TDB,1.9160863161087036,76.97940826416016
2027-09-01,RMD_Factitious Disorder,Factitious Disorder,RMD,TDB,2.0460779666900635,254.7081756591797
2027-09-01,RMD_Fregoli Delusion,Fregoli Delusion,RMD,TDB,0.9852927327156067,1.6785959005355835
2027-09-01,RMD_Ganser Syndrome,Ganser Syndrome,RMD,TDB,2.2345879077911377,12.370454788208008
2027-09-01,RMD_Hallucinogen Persisting Perception Disorder,Hallucinogen Persisting Perception Disorder,RMD,TDB,2.044710636138916,143.42105102539062
2027-09-01,RMD_Histrionic Personality Disorder,Histrionic Personality Disorder,RMD,TDB,1.2791911363601685,16.361278533935547
2027-09-01,RMD_Hypergraphia,Hypergraphia,RMD,TDB,1.0399376153945923,5.011541843414307
2027-09-01,RMD_Hyperthymesia,Hyperthymesia,RMD,TDB,1.9400966167449951,72.78641510009766
2027-09-01,RMD_Impulse Control Disorders,Impulse Control Disorders,RMD,TDB,1.3756332397460938,78.29924011230469
2027-09-01,RMD_Intermetamorphosis Syndrome,Intermetamorphosis Syndrome,RMD,TDB,0.06839296966791153,0.19854573905467987
2027-09-01,RMD_Kleine Levin Syndrome,Kleine Levin Syndrome,RMD,TDB,1.4164656400680542,17.008895874023438
2027-09-01,RMD_Kleptomania,Kleptomania,RMD,TDB,2.282280683517456,36.77072525024414
2027-09-01,RMD_Koro,Koro,RMD,TDB,1.1047719717025757,3.7657697200775146
2027-09-01,RMD_Landau Kleffner Syndrome,Landau Kleffner Syndrome,RMD,TDB,1.6621477603912354,10.585864067077637
2027-09-01,RMD_Narcissistic Personality Disorder,Narcissistic Personality Disorder,RMD,TDB,1.990600347518921,337.5712890625
2027-09-01,RMD_Olfactory Reference Syndrome,Olfactory Reference Syndrome,RMD,TDB,1.5848207473754883,94.6357192993164
2027-09-01,RMD_Othello Syndrome,Othello Syndrome,RMD,TDB,1.434760570526123,18.01912498474121
2027-09-01,RMD_Palilalia,Palilalia,RMD,TDB,0.7621057033538818,2.243540048599243
2027-09-01,RMD_Postpartum Psychosis,Postpartum Psychosis,RMD,TDB,2.2585833072662354,30.913667678833008
2027-09-01,RMD_Pyromania,Pyromania,RMD,TDB,1.7684340476989746,44.55077362060547
2027-09-01,RMD_Reactive Attachment Disorder,Reactive Attachment Disorder,RMD,TDB,2.194551467895508,148.3722686767578
2027-09-01,RMD_Reduplicative Paramnesia,Reduplicative Paramnesia,RMD,TDB,1.2952829599380493,2.652029275894165
2027-09-01,RMD_Rumination Disorder,Rumination Disorder,RMD,TDB,1.8380041122436523,80.41848754882812
2027-09-01,RMD_Savant Syndrome,Savant Syndrome,RMD,TDB,1.1323963403701782,14.513442039489746
2027-09-01,RMD_Schizoaffective Disorder,Schizoaffective Disorder,RMD,TDB,1.5476863384246826,90.61729431152344
2027-09-01,RMD_Schizotypal Personality Disorder,Schizotypal Personality Disorder,RMD,TDB,1.9853894710540771,214.8380584716797
2027-09-01,RMD_Selective Mutism,Selective Mutism,RMD,TDB,2.61531400680542,48.706207275390625
2027-09-01,RMD_Stendhal Syndrome,Stendhal Syndrome,RMD,TDB,0.9039358496665955,3.3696625232696533
2027-09-01,RMD_Wendigo Psychosis,Wendigo Psychosis,RMD,TDB,0.6292082667350769,1.213136911392212
2027-09-01,PT_Acceptance And Commitment Therapy,Acceptance And Commitment Therapy,PT,TDB,1.0079288482666016,37.07463455200195
2027-09-01,PT_Animal Assisted Therapy,Animal Assisted Therapy,PT,TDB,1.2435349225997925,7.144151210784912
2027-09-01,PT_Anticonvulsant Therapy,Anticonvulsant Therapy,PT,TDB,0.39486822485923767,2.62016224861145
2027-09-01,PT_Antidepressants,Antidepressants,PT,TDB,0.9150449633598328,126.24849700927734
2027-09-01,PT_Antipsychotic Medications,Antipsychotic Medications,PT,TDB,-0.009678078815340996,0.0
2027-09-01,PT_Anxiolytic Medications,Anxiolytic Medications,PT,TDB,0.8829074501991272,75.568359375
2027-09-01,PT_Art Therapy,Art Therapy,PT,TDB,0.4027186334133148,3.0378663539886475
2027-09-01,PT_Augmentative Communication Devices,Augmentative Communication Devices,PT,TDB,0.31116318702697754,0.5393553972244263
2027-09-01,PT_Behavioral Activation Therapy,Behavioral Activation Therapy,PT,TDB,0.5356142520904541,2.0601818561553955
2027-09-01,PT_Biofeedback Devices,Biofeedback Devices,PT,TDB,0.5516266822814941,0.825984537601471
2027-09-01,PT_Blockchain For Data Protection,Blockchain For Data Protection,PT,TDB,-0.006760595366358757,0.0
2027-09-01,PT_Brain Computer Interface,Brain Computer Interface,PT,TDB,0.9128924012184143,70.94046020507812
2027-09-01,PT_Cbt For Insomnia,Cbt For Insomnia,PT,TDB,1.429821491241455,3.1779532432556152
2027-09-01,PT_Chronotherapy,Chronotherapy,PT,TDB,1.0044870376586914,2.471562623977661
2027-09-01,PT_Closed Loop Neurostimulation,Closed Loop Neurostimulation,PT,TDB,1.1711711883544922,27.10451889038086
2027-09-01,PT_Clozapine Protocol,Clozapine Protocol,PT,TDB,-0.011266941204667091,0.0
2027-09-01,PT_Cognitive Assistive Technologies,Cognitive Assistive Technologies,PT,TDB,0.037972159683704376,0.03870231658220291
2027-09-01,PT_Cognitive Behavioral Therapy,Cognitive Behavioral Therapy,PT,TDB,0.9271792769432068,144.60513305664062
2027-09-01,PT_Cognitive Enhancement Programs,Cognitive Enhancement Programs,PT,TDB,0.0727616399526596,0.15960395336151123
2027-09-01,PT_Cultural Psychiatry Interventions,Cultural Psychiatry Interventions,PT,TDB,0.1566426157951355,0.16957755386829376
2027-09-01,PT_Deep Brain Stimulation,Deep Brain Stimulation,PT,TDB,0.8585971593856812,11.529513359069824
2027-09-01,PT_Dialectical Behavior Therapy,Dialectical Behavior Therapy,PT,TDB,0.9812168478965759,27.933759689331055
2027-09-01,PT_Dietary Interventions And Supplements,Dietary Interventions And Supplements,PT,TDB,0.15779542922973633,0.17092663049697876
2027-09-01,PT_Digital Health Tools,Digital Health Tools,PT,TDB,0.7675799131393433,47.12425994873047
2027-09-01,PT_Digital Imaging Technologies For Brain Scanning,Digital Imaging Technologies For Brain Scanning,PT,TDB,0.08758844435214996,0.1543847769498825
2027-09-01,PT_Digital Phenotyping,Digital Phenotyping,PT,TDB,1.3128838539123535,16.06817626953125
2027-09-01,PT_Digital Therapeutics,Digital Therapeutics,PT,TDB,-0.011125145480036736,0.0
2027-09-01,PT_Electroconvulsive Therapy,Electroconvulsive Therapy,PT,TDB,-0.010968038812279701,0.0
2027-09-01,PT_Electroencephalography,Electroencephalography,PT,TDB,0.8514306545257568,191.9268341064453
2027-09-01,PT_Emdr Therapy,Emdr Therapy,PT,TDB,0.9984918236732483,27.96736717224121
2027-09-01,PT_Emotion Regulation Training,Emotion Regulation Training,PT,TDB,0.6385458111763,1.9899033308029175
2027-09-01,PT_Expressive Writing And Journaling,Expressive Writing And Journaling,PT,TDB,0.17629197239875793,0.19278626143932343
2027-09-01,PT_Fecal Microbiota Transplant,Fecal Microbiota Transplant,PT,TDB,-0.010929876938462257,0.0
2027-09-01,PT_Focused Ultrasound Therapy,Focused Ultrasound Therapy,PT,TDB,0.389585018157959,0.8913736343383789
2027-09-01,PT_Hypnotherapy,Hypnotherapy,PT,TDB,1.0594485998153687,21.727371215820312
2027-09-01,PT_Immunotherapy For Neuropsychiatric Disorders,Immunotherapy For Neuropsychiatric Disorders,PT,TDB,0.9981635808944702,16.90471076965332
2027-09-01,PT_Interpersonal Psychotherapy,Interpersonal Psychotherapy,PT,TDB,0.6221511960029602,4.1804304122924805
2027-09-01,PT_Ketamine Therapy,Ketamine Therapy,PT,TDB,1.1107544898986816,18.818212509155273
2027-09-01,PT_Light Therapy,Light Therapy,PT,TDB,0.9984059929847717,13.793281555175781
2027-09-01,PT_Lithium Therapy,Lithium Therapy,PT,TDB,0.06891463696956635,0.07865022867918015
2027-09-01,PT_Machine Learning Neuroimaging,Machine Learning Neuroimaging,PT,TDB,1.9476022720336914,8.253596305847168
2027-09-01,PT_Meditation And Relaxation Techniques,Meditation And Relaxation Techniques,PT,TDB,0.3719818890094757,1.0623443126678467
2027-09-01,PT_Memory Retrieval Techniques,Memory Retrieval Techniques,PT,TDB,-0.00740841357037425,0.0
2027-09-01,PT_Mentalization Based Treatment,Mentalization Based Treatment,PT,TDB,0.9008534550666809,6.539786338806152
2027-09-01,PT_Metabolic And Enzyme Targeted Therapy,Metabolic And Enzyme Targeted Therapy,PT,TDB,0.3975182771682739,0.7351213693618774
2027-09-01,PT_Metaverse,Metaverse,PT,TDB,-0.011395836248993874,0.0
2027-09-01,PT_Mindfulness Based Stress Reduction,Mindfulness Based Stress Reduction,PT,TDB,0.9048621654510498,27.303653717041016
2027-09-01,PT_Mood Stabilizers,Mood Stabilizers,PT,TDB,0.9821073412895203,42.95225524902344
2027-09-01,PT_Motivational Interviewing,Motivational Interviewing,PT,TDB,1.1009753942489624,56.53741455078125
2027-09-01,PT_Music Therapy,Music Therapy,PT,TDB,0.8175798058509827,10.57966136932373
2027-09-01,PT_Naltrexone,Naltrexone,PT,TDB,1.1604454517364502,18.618711471557617
2027-09-01,PT_Narrative Exposure Therapy,Narrative Exposure Therapy,PT,TDB,0.8126134276390076,23.021818161010742
2027-09-01,PT_Neurobiological Assessments For Mental Disorders,Neurobiological Assessments For Mental Disorders,PT,TDB,0.1702934056520462,0.18565267324447632
2027-09-01,PT_Neurocognitive Training,Neurocognitive Training,PT,TDB,0.7447701692581177,1.3297282457351685
2027-09-01,PT_Neurofeedback Systems,Neurofeedback Systems,PT,TDB,0.3175384998321533,0.37374213337898254
2027-09-01,PT_Neuromodulation Techniques,Neuromodulation Techniques,PT,TDB,0.7496969699859619,12.795286178588867
2027-09-01,PT_Neuroplasticity Techniques,Neuroplasticity Techniques,PT,TDB,0.07956884801387787,0.1799343079328537
2027-09-01,PT_Neuroprotective Agents,Neuroprotective Agents,PT,TDB,0.9967325925827026,25.548629760742188
2027-09-01,PT_Occupational Therapy,Occupational Therapy,PT,TDB,1.0536117553710938,59.520809173583984
2027-09-01,PT_Oxytocin Therapy,Oxytocin Therapy,PT,TDB,0.9318671822547913,1.5392459630966187
2027-09-01,PT_Personalized Medicine,Personalized Medicine,PT,TDB,0.914100170135498,309.0663757324219
2027-09-01,PT_Pharmacogenomic Testing,Pharmacogenomic Testing,PT,TDB,1.427484154701233,13.12922191619873
2027-09-01,PT_Privacy Preserving Ai In Digital Mental Health,Privacy Preserving AI In Digital Mental Health,PT,TDB,-0.01195996068418026,0.0
2027-09-01,PT_Prolonged Exposure Therapy,Prolonged Exposure Therapy,PT,TDB,0.02181222103536129,0.04536598175764084
2027-09-01,PT_Psilocybin Assisted Therapy,Psilocybin Assisted Therapy,PT,TDB,-0.011747261509299278,0.0
2027-09-01,PT_Psychoeducation Programs,Psychoeducation Programs,PT,TDB,0.41488802433013916,0.9498189687728882
2027-09-01,PT_Psychophysiological Metrics For Treatment Response,Psychophysiological Metrics For Treatment Response,PT,TDB,0.31400397419929504,0.5602068305015564
2027-09-01,PT_Reality Testing Techniques,Reality Testing Techniques,PT,TDB,-0.012184614315629005,0.0
2027-09-01,PT_Regenerative Medicine Approaches,Regenerative Medicine Approaches,PT,TDB,0.666626513004303,20.147905349731445
2027-09-01,PT_Resting State Fmri,Resting State FMRI,PT,TDB,0.7792455554008484,29.6125431060791
2027-09-01,PT_Schema Therapy,Schema Therapy,PT,TDB,1.294752597808838,2.650092840194702
2027-09-01,PT_Secure Data Storage For Patient Records,Secure Data Storage For Patient Records,PT,TDB,0.035412922501564026,0.03604742884635925
2027-09-01,PT_Selective Serotonin Reuptake Inhibitors,Selective Serotonin Reuptake Inhibitors,PT,TDB,0.9524097442626953,60.7606086730957
2027-09-01,PT_Sleep Pattern Monitoring And Manipulation,Sleep Pattern Monitoring And Manipulation,PT,TDB,-0.012642426416277885,0.0
2027-09-01,PT_Smart Wearable Mental Health Trackers,Smart Wearable Mental Health Trackers,PT,TDB,-0.01288571022450924,0.0
2027-09-01,PT_Social Skills Training,Social Skills Training,PT,TDB,1.0426039695739746,22.90843391418457
2027-09-01,PT_Speech Language Therapy,Speech Language Therapy,PT,TDB,0.538361668586731,0.9996987581253052
2027-09-01,PT_Stem Cell Therapy For Neurological Disorders,Stem Cell Therapy For Neurological Disorders,PT,TDB,0.4275658428668976,2.390702962875366
2027-09-01,PT_Stimulant And Wake Promoting Agents,Stimulant And Wake Promoting Agents,PT,TDB,1.1549878120422363,35.5955696105957
2027-09-01,PT_Traditional And Alternative Medicine Approaches,Traditional And Alternative Medicine Approaches,PT,TDB,0.608698844909668,8.69994068145752
2027-09-01,PT_Transcranial Direct Current Stimulation,Transcranial Direct Current Stimulation,PT,TDB,0.833364725112915,33.89582443237305
2027-09-01,PT_Transcranial Magnetic Stimulation,Transcranial Magnetic Stimulation,PT,TDB,0.9422563314437866,180.45986938476562
2027-09-01,PT_Transference Focused Psychotherapy,Transference Focused Psychotherapy,PT,TDB,1.079589605331421,9.229836463928223
2027-09-01,PT_Trauma Focused Cbt,Trauma Focused Cbt,PT,TDB,0.5962453484535217,2.8784890174865723
2027-09-01,PT_Vagus Nerve Stimulation,Vagus Nerve Stimulation,PT,TDB,1.0727605819702148,14.111398696899414
2027-09-01,PT_Virtual Reality Exposure Therapy,Virtual Reality Exposure Therapy,PT,TDB,0.862634003162384,6.73966646194458
2027-09-01,PT_Vocal And Speech Biomarkers,Vocal And Speech Biomarkers,PT,TDB,-0.010681824758648872,0.0
2027-09-01,PT_Voxel Based Lesion Symptom Mapping,Voxel Based Lesion Symptom Mapping,PT,TDB,0.4964836537837982,0.9656077027320862
2027-10-01,RMD_Anorexia Nervosa,Anorexia Nervosa,RMD,TDB,1.8890537023544312,341.1820373535156
2027-10-01,RMD_Antisocial Personality Disorder,Antisocial Personality Disorder,RMD,TDB,1.2284375429153442,48.08990478515625
2027-10-01,RMD_Autosarcophagy,Autosarcophagy,RMD,TDB,0.6255195736885071,0.8692169189453125
2027-10-01,RMD_Avoidant Personality Disorder,Avoidant Personality Disorder,RMD,TDB,1.5429044961929321,15.741750717163086
2027-10-01,RMD_Boanthropy,Boanthropy,RMD,TDB,0.8115230202674866,2.324697971343994
2027-10-01,RMD_Body Integrity Dysphoria,Body Integrity Dysphoria,RMD,TDB,1.7171627283096313,32.3078727722168
2027-10-01,RMD_Brief Psychotic Disorder,Brief Psychotic Disorder,RMD,TDB,1.231484055519104,2.547236919403076
2027-10-01,RMD_Capgras Syndrome,Capgras Syndrome,RMD,TDB,1.5878715515136719,25.21790313720703
2027-10-01,RMD_Childhood Disintegrative Disorder,Childhood Disintegrative Disorder,RMD,TDB,1.6838493347167969,32.21498107910156
2027-10-01,RMD_Chronic Traumatic Encephalopathy,Chronic Traumatic Encephalopathy,RMD,TDB,2.0348894596099854,404.27899169921875
2027-10-01,RMD_Circadian Rhythm Sleep Wake Disorder,Circadian Rhythm Sleep Wake Disorder,RMD,TDB,1.2620036602020264,2.899808645248413
2027-10-01,RMD_Cotard Syndrome,Cotard Syndrome,RMD,TDB,1.5367650985717773,5.321324825286865
2027-10-01,RMD_Cyclothymic Disorder,Cyclothymic Disorder,RMD,TDB,1.964648723602295,228.494873046875
2027-10-01,RMD_Delusional Disorder,Delusional Disorder,RMD,TDB,0.6714179515838623,2.293180227279663
2027-10-01,RMD_Diogenes Syndrome,Diogenes Syndrome,RMD,TDB,1.6987485885620117,4.525660037994385
2027-10-01,RMD_Disinhibited Social Engagement Disorder,Disinhibited Social Engagement Disorder,RMD,TDB,1.108248233795166,4.82864236831665
2027-10-01,RMD_Dissociative Amnesia,Dissociative Amnesia,RMD,TDB,1.611424446105957,6.0957722663879395
2027-10-01,RMD_Dissociative Fugue,Dissociative Fugue,RMD,TDB,1.8948540687561035,37.86767578125
2027-10-01,RMD_Ekbom Syndrome,Ekbom Syndrome,RMD,TDB,1.535719871520996,49.40048599243164
2027-10-01,RMD_Erotomania,Erotomania,RMD,TDB,1.915147066116333,76.81304168701172
2027-10-01,RMD_Factitious Disorder,Factitious Disorder,RMD,TDB,2.0457167625427246,254.45797729492188
2027-10-01,RMD_Fregoli Delusion,Fregoli Delusion,RMD,TDB,0.9892147779464722,1.6891220808029175
2027-10-01,RMD_Ganser Syndrome,Ganser Syndrome,RMD,TDB,2.2327687740325928,12.342259407043457
2027-10-01,RMD_Hallucinogen Persisting Perception Disorder,Hallucinogen Persisting Perception Disorder,RMD,TDB,2.0439047813415527,143.13829040527344
2027-10-01,RMD_Histrionic Personality Disorder,Histrionic Personality Disorder,RMD,TDB,1.2801071405410767,16.39679527282715
2027-10-01,RMD_Hypergraphia,Hypergraphia,RMD,TDB,1.0411512851715088,5.024138927459717
2027-10-01,RMD_Hyperthymesia,Hyperthymesia,RMD,TDB,1.939632534980774,72.71056365966797
2027-10-01,RMD_Impulse Control Disorders,Impulse Control Disorders,RMD,TDB,1.3785364627838135,79.03453063964844
2027-10-01,RMD_Intermetamorphosis Syndrome,Intermetamorphosis Syndrome,RMD,TDB,0.07381386309862137,0.2158747911453247
2027-10-01,RMD_Kleine Levin Syndrome,Kleine Levin Syndrome,RMD,TDB,1.4177964925765991,17.05787467956543
2027-10-01,RMD_Kleptomania,Kleptomania,RMD,TDB,2.282231569290161,36.76777267456055
2027-10-01,RMD_Koro,Koro,RMD,TDB,1.1077895164489746,3.7861390113830566
2027-10-01,RMD_Landau Kleffner Syndrome,Landau Kleffner Syndrome,RMD,TDB,1.6623871326446533,10.58995246887207
2027-10-01,RMD_Narcissistic Personality Disorder,Narcissistic Personality Disorder,RMD,TDB,1.9899871349334717,336.9643249511719
2027-10-01,RMD_Olfactory Reference Syndrome,Olfactory Reference Syndrome,RMD,TDB,1.5862140655517578,95.0199203491211
2027-10-01,RMD_Othello Syndrome,Othello Syndrome,RMD,TDB,1.43531334400177,18.040721893310547
2027-10-01,RMD_Palilalia,Palilalia,RMD,TDB,0.7622426748275757,2.2442259788513184
2027-10-01,RMD_Postpartum Psychosis,Postpartum Psychosis,RMD,TDB,2.2565758228302,30.815589904785156
2027-10-01,RMD_Pyromania,Pyromania,RMD,TDB,1.7676451206207275,44.473243713378906
2027-10-01,RMD_Reactive Attachment Disorder,Reactive Attachment Disorder,RMD,TDB,2.1923575401306152,147.62646484375
2027-10-01,RMD_Reduplicative Paramnesia,Reduplicative Paramnesia,RMD,TDB,1.2956113815307617,2.653228759765625
2027-10-01,RMD_Rumination Disorder,Rumination Disorder,RMD,TDB,1.83758544921875,80.33692169189453
2027-10-01,RMD_Savant Syndrome,Savant Syndrome,RMD,TDB,1.1302884817123413,14.434469223022461
2027-10-01,RMD_Schizoaffective Disorder,Schizoaffective Disorder,RMD,TDB,1.5480207204818726,90.7067642211914
2027-10-01,RMD_Schizotypal Personality Disorder,Schizotypal Personality Disorder,RMD,TDB,1.983473300933838,213.72140502929688
2027-10-01,RMD_Selective Mutism,Selective Mutism,RMD,TDB,2.6120245456695557,48.46259689331055
2027-10-01,RMD_Stendhal Syndrome,Stendhal Syndrome,RMD,TDB,0.9032295942306519,3.364630937576294
2027-10-01,RMD_Wendigo Psychosis,Wendigo Psychosis,RMD,TDB,0.6305281519889832,1.2168281078338623
2027-10-01,PT_Acceptance And Commitment Therapy,Acceptance And Commitment Therapy,PT,TDB,1.0083516836166382,37.1328125
2027-10-01,PT_Animal Assisted Therapy,Animal Assisted Therapy,PT,TDB,1.241373062133789,7.114511013031006
2027-10-01,PT_Anticonvulsant Therapy,Anticonvulsant Therapy,PT,TDB,0.39623159170150757,2.6362786293029785
2027-10-01,PT_Antidepressants,Antidepressants,PT,TDB,0.9155728220939636,126.604736328125
2027-10-01,PT_Antipsychotic Medications,Antipsychotic Medications,PT,TDB,-0.008677290752530098,0.0
2027-10-01,PT_Anxiolytic Medications,Anxiolytic Medications,PT,TDB,0.8832248449325562,75.68783569335938
2027-10-01,PT_Art Therapy,Art Therapy,PT,TDB,0.403221994638443,3.0449166297912598
2027-10-01,PT_Augmentative Communication Devices,Augmentative Communication Devices,PT,TDB,0.31169751286506653,0.5404961109161377
2027-10-01,PT_Behavioral Activation Therapy,Behavioral Activation Therapy,PT,TDB,0.5363909602165222,2.0651490688323975
2027-10-01,PT_Biofeedback Devices,Biofeedback Devices,PT,TDB,0.5517685413360596,0.8262673616409302
2027-10-01,PT_Blockchain For Data Protection,Blockchain For Data Protection,PT,TDB,-0.00547957606613636,0.0
2027-10-01,PT_Brain Computer Interface,Brain Computer Interface,PT,TDB,0.914298415184021,71.4157943725586
2027-10-01,PT_Cbt For Insomnia,Cbt For Insomnia,PT,TDB,1.4268404245376587,3.1655170917510986
2027-10-01,PT_Chronotherapy,Chronotherapy,PT,TDB,1.0033684968948364,2.466754674911499
2027-10-01,PT_Closed Loop Neurostimulation,Closed Loop Neurostimulation,PT,TDB,1.1695759296417236,26.97710609436035
2027-10-01,PT_Clozapine Protocol,Clozapine Protocol,PT,TDB,-0.010327896103262901,0.0
2027-10-01,PT_Cognitive Assistive Technologies,Cognitive Assistive Technologies,PT,TDB,0.03881806135177612,0.03958132863044739
2027-10-01,PT_Cognitive Behavioral Therapy,Cognitive Behavioral Therapy,PT,TDB,0.9276354312896729,144.96237182617188
2027-10-01,PT_Cognitive Enhancement Programs,Cognitive Enhancement Programs,PT,TDB,0.07299570739269257,0.1601564735174179
2027-10-01,PT_Cultural Psychiatry Interventions,Cultural Psychiatry Interventions,PT,TDB,0.15656080842018127,0.16948187351226807
2027-10-01,PT_Deep Brain Stimulation,Deep Brain Stimulation,PT,TDB,0.8576224446296692,11.493603706359863
2027-10-01,PT_Dialectical Behavior Therapy,Dialectical Behavior Therapy,PT,TDB,0.9809550046920776,27.907793045043945
2027-10-01,PT_Dietary Interventions And Supplements,Dietary Interventions And Supplements,PT,TDB,0.15909431874752045,0.17244853079319
2027-10-01,PT_Digital Health Tools,Digital Health Tools,PT,TDB,0.7686575055122375,47.386688232421875
2027-10-01,PT_Digital Imaging Technologies For Brain Scanning,Digital Imaging Technologies For Brain Scanning,PT,TDB,0.0898708701133728,0.15871161222457886
2027-10-01,PT_Digital Phenotyping,Digital Phenotyping,PT,TDB,1.3114434480667114,16.01512908935547
2027-10-01,PT_Digital Therapeutics,Digital Therapeutics,PT,TDB,-0.010333476588129997,0.0
2027-10-01,PT_Electroconvulsive Therapy,Electroconvulsive Therapy,PT,TDB,-0.010156570002436638,0.0
2027-10-01,PT_Electroencephalography,Electroencephalography,PT,TDB,0.8522788882255554,192.9409637451172
2027-10-01,PT_Emdr Therapy,Emdr Therapy,PT,TDB,0.9983673095703125,27.955215454101562
2027-10-01,PT_Emotion Regulation Training,Emotion Regulation Training,PT,TDB,0.6389029026031494,1.9917352199554443
2027-10-01,PT_Expressive Writing And Journaling,Expressive Writing And Journaling,PT,TDB,0.17805752158164978,0.19489404559135437
2027-10-01,PT_Fecal Microbiota Transplant,Fecal Microbiota Transplant,PT,TDB,-0.010082172229886055,0.0
2027-10-01,PT_Focused Ultrasound Therapy,Focused Ultrasound Therapy,PT,TDB,0.3892210125923157,0.890247642993927
2027-10-01,PT_Hypnotherapy,Hypnotherapy,PT,TDB,1.0578522682189941,21.62065315246582
2027-10-01,PT_Immunotherapy For Neuropsychiatric Disorders,Immunotherapy For Neuropsychiatric Disorders,PT,TDB,0.996494472026825,16.818540573120117
2027-10-01,PT_Interpersonal Psychotherapy,Interpersonal Psychotherapy,PT,TDB,0.6227498054504395,4.18863582611084
2027-10-01,PT_Ketamine Therapy,Ketamine Therapy,PT,TDB,1.1082829236984253,18.68694305419922
2027-10-01,PT_Light Therapy,Light Therapy,PT,TDB,0.996513307094574,13.717918395996094
2027-10-01,PT_Lithium Therapy,Lithium Therapy,PT,TDB,0.06954330205917358,0.07939546555280685
2027-10-01,PT_Machine Learning Neuroimaging,Machine Learning Neuroimaging,PT,TDB,1.942980408668518,8.204866409301758
2027-10-01,PT_Meditation And Relaxation Techniques,Meditation And Relaxation Techniques,PT,TDB,0.37355321645736694,1.0686599016189575
2027-10-01,PT_Memory Retrieval Techniques,Memory Retrieval Techniques,PT,TDB,-0.006657238584011793,0.0
2027-10-01,PT_Mentalization Based Treatment,Mentalization Based Treatment,PT,TDB,0.898154616355896,6.494291305541992
2027-10-01,PT_Metabolic And Enzyme Targeted Therapy,Metabolic And Enzyme Targeted Therapy,PT,TDB,0.39713528752326965,0.7342003583908081
2027-10-01,PT_Metaverse,Metaverse,PT,TDB,-0.010427327826619148,0.0
2027-10-01,PT_Mindfulness Based Stress Reduction,Mindfulness Based Stress Reduction,PT,TDB,0.9055135846138,27.371850967407227
2027-10-01,PT_Mood Stabilizers,Mood Stabilizers,PT,TDB,0.981741189956665,42.89030456542969
2027-10-01,PT_Motivational Interviewing,Motivational Interviewing,PT,TDB,1.0998804569244385,56.305992126464844
2027-10-01,PT_Music Therapy,Music Therapy,PT,TDB,0.8161431550979614,10.529932975769043
2027-10-01,PT_Naltrexone,Naltrexone,PT,TDB,1.1574106216430664,18.466585159301758
2027-10-01,PT_Narrative Exposure Therapy,Narrative Exposure Therapy,PT,TDB,0.8118021488189697,22.945697784423828
2027-10-01,PT_Neurobiological Assessments For Mental Disorders,Neurobiological Assessments For Mental Disorders,PT,TDB,0.17091092467308044,0.18638506531715393
2027-10-01,PT_Neurocognitive Training,Neurocognitive Training,PT,TDB,0.744398295879364,1.328744649887085
2027-10-01,PT_Neurofeedback Systems,Neurofeedback Systems,PT,TDB,0.31786978244781494,0.3741973042488098
2027-10-01,PT_Neuromodulation Techniques,Neuromodulation Techniques,PT,TDB,0.7508569359779358,12.851415634155273
2027-10-01,PT_Neuroplasticity Techniques,Neuroplasticity Techniques,PT,TDB,0.08144254982471466,0.18454059958457947
2027-10-01,PT_Neuroprotective Agents,Neuroprotective Agents,PT,TDB,0.9962694048881531,25.508207321166992
2027-10-01,PT_Occupational Therapy,Occupational Therapy,PT,TDB,1.0524564981460571,59.249141693115234
2027-10-01,PT_Oxytocin Therapy,Oxytocin Therapy,PT,TDB,0.9301353693008423,1.5348522663116455
2027-10-01,PT_Personalized Medicine,Personalized Medicine,PT,TDB,0.9147918820381165,310.41534423828125
2027-10-01,PT_Pharmacogenomic Testing,Pharmacogenomic Testing,PT,TDB,1.4250054359436035,13.064395904541016
2027-10-01,PT_Privacy Preserving Ai In Digital Mental Health,Privacy Preserving AI In Digital Mental Health,PT,TDB,-0.01118081621825695,0.0
2027-10-01,PT_Prolonged Exposure Therapy,Prolonged Exposure Therapy,PT,TDB,0.022316085174679756,0.04643790423870087
2027-10-01,PT_Psilocybin Assisted Therapy,Psilocybin Assisted Therapy,PT,TDB,-0.010821638628840446,0.0
2027-10-01,PT_Psychoeducation Programs,Psychoeducation Programs,PT,TDB,0.414825439453125,0.9496225714683533
2027-10-01,PT_Psychophysiological Metrics For Treatment Response,Psychophysiological Metrics For Treatment Response,PT,TDB,0.31594139337539673,0.5644947290420532
2027-10-01,PT_Reality Testing Techniques,Reality Testing Techniques,PT,TDB,-0.011426696553826332,0.0
2027-10-01,PT_Regenerative Medicine Approaches,Regenerative Medicine Approaches,PT,TDB,0.6682125329971313,20.302003860473633
2027-10-01,PT_Resting State Fmri,Resting State FMRI,PT,TDB,0.7804595828056335,29.776161193847656
2027-10-01,PT_Schema Therapy,Schema Therapy,PT,TDB,1.2930376529693604,2.643838405609131
2027-10-01,PT_Secure Data Storage For Patient Records,Secure Data Storage For Patient Records,PT,TDB,0.03641355782747269,0.03708465397357941
2027-10-01,PT_Selective Serotonin Reuptake Inhibitors,Selective Serotonin Reuptake Inhibitors,PT,TDB,0.95207679271698,60.67164611816406
2027-10-01,PT_Sleep Pattern Monitoring And Manipulation,Sleep Pattern Monitoring And Manipulation,PT,TDB,-0.01186731643974781,0.0
2027-10-01,PT_Smart Wearable Mental Health Trackers,Smart Wearable Mental Health Trackers,PT,TDB,-0.01213754154741764,0.0
2027-10-01,PT_Social Skills Training,Social Skills Training,PT,TDB,1.0418440103530884,22.853178024291992
2027-10-01,PT_Speech Language Therapy,Speech Language Therapy,PT,TDB,0.5385114550590515,1.000084400177002
2027-10-01,PT_Stem Cell Therapy For Neurological Disorders,Stem Cell Therapy For Neurological Disorders,PT,TDB,0.4296359717845917,2.4108076095581055
2027-10-01,PT_Stimulant And Wake Promoting Agents,Stimulant And Wake Promoting Agents,PT,TDB,1.154035210609436,35.48707580566406
2027-10-01,PT_Traditional And Alternative Medicine Approaches,Traditional And Alternative Medicine Approaches,PT,TDB,0.6099501252174377,8.745353698730469
2027-10-01,PT_Transcranial Direct Current Stimulation,Transcranial Direct Current Stimulation,PT,TDB,0.8323538303375244,33.74577713012695
2027-10-01,PT_Transcranial Magnetic Stimulation,Transcranial Magnetic Stimulation,PT,TDB,0.9423583745956421,180.5620880126953
2027-10-01,PT_Transference Focused Psychotherapy,Transference Focused Psychotherapy,PT,TDB,1.0782594680786133,9.200571060180664
2027-10-01,PT_Trauma Focused Cbt,Trauma Focused Cbt,PT,TDB,0.5972094535827637,2.8869991302490234
2027-10-01,PT_Vagus Nerve Stimulation,Vagus Nerve Stimulation,PT,TDB,1.0714722871780396,14.062199592590332
2027-10-01,PT_Virtual Reality Exposure Therapy,Virtual Reality Exposure Therapy,PT,TDB,0.8620064854621887,6.72815465927124
2027-10-01,PT_Vocal And Speech Biomarkers,Vocal And Speech Biomarkers,PT,TDB,-0.009820511564612389,0.0
2027-10-01,PT_Voxel Based Lesion Symptom Mapping,Voxel Based Lesion Symptom Mapping,PT,TDB,0.49760305881500244,0.9686050415039062
2027-11-01,RMD_Anorexia Nervosa,Anorexia Nervosa,RMD,TDB,1.889146327972412,341.27996826171875
2027-11-01,RMD_Antisocial Personality Disorder,Antisocial Personality Disorder,RMD,TDB,1.2322759628295898,48.690792083740234
2027-11-01,RMD_Autosarcophagy,Autosarcophagy,RMD,TDB,0.6288410425186157,0.8754357695579529
2027-11-01,RMD_Avoidant Personality Disorder,Avoidant Personality Disorder,RMD,TDB,1.5439627170562744,15.774137496948242
2027-11-01,RMD_Boanthropy,Boanthropy,RMD,TDB,0.8140727281570435,2.337271213531494
2027-11-01,RMD_Body Integrity Dysphoria,Body Integrity Dysphoria,RMD,TDB,1.7177891731262207,32.35049819946289
2027-11-01,RMD_Brief Psychotic Disorder,Brief Psychotic Disorder,RMD,TDB,1.2349764108657837,2.5599968433380127
2027-11-01,RMD_Capgras Syndrome,Capgras Syndrome,RMD,TDB,1.5897088050842285,25.317180633544922
2027-11-01,RMD_Childhood Disintegrative Disorder,Childhood Disintegrative Disorder,RMD,TDB,1.6846940517425537,32.27340316772461
2027-11-01,RMD_Chronic Traumatic Encephalopathy,Chronic Traumatic Encephalopathy,RMD,TDB,2.0346291065216064,403.9678039550781
2027-11-01,RMD_Circadian Rhythm Sleep Wake Disorder,Circadian Rhythm Sleep Wake Disorder,RMD,TDB,1.265104055404663,2.9128692150115967
2027-11-01,RMD_Cotard Syndrome,Cotard Syndrome,RMD,TDB,1.537969946861267,5.330470085144043
2027-11-01,RMD_Cyclothymic Disorder,Cyclothymic Disorder,RMD,TDB,1.9649288654327393,228.67286682128906
2027-11-01,RMD_Delusional Disorder,Delusional Disorder,RMD,TDB,0.6787336468696594,2.3362255096435547
2027-11-01,RMD_Diogenes Syndrome,Diogenes Syndrome,RMD,TDB,1.6993968486785889,4.529265403747559
2027-11-01,RMD_Disinhibited Social Engagement Disorder,Disinhibited Social Engagement Disorder,RMD,TDB,1.1114411354064941,4.8583197593688965
2027-11-01,RMD_Dissociative Amnesia,Dissociative Amnesia,RMD,TDB,1.6130015850067139,6.10939359664917
2027-11-01,RMD_Dissociative Fugue,Dissociative Fugue,RMD,TDB,1.8943912982940674,37.83293914794922
2027-11-01,RMD_Ekbom Syndrome,Ekbom Syndrome,RMD,TDB,1.5376923084259033,49.654876708984375
2027-11-01,RMD_Erotomania,Erotomania,RMD,TDB,1.9143121242523193,76.66547393798828
2027-11-01,RMD_Factitious Disorder,Factitious Disorder,RMD,TDB,2.0454025268554688,254.24063110351562
2027-11-01,RMD_Fregoli Delusion,Fregoli Delusion,RMD,TDB,0.9932665824890137,1.7000399827957153
2027-11-01,RMD_Ganser Syndrome,Ganser Syndrome,RMD,TDB,2.2317404747009277,12.326348304748535
2027-11-01,RMD_Hallucinogen Persisting Perception Disorder,Hallucinogen Persisting Perception Disorder,RMD,TDB,2.043215274810791,142.89683532714844
2027-11-01,RMD_Histrionic Personality Disorder,Histrionic Personality Disorder,RMD,TDB,1.28132963180542,16.44431495666504
2027-11-01,RMD_Hypergraphia,Hypergraphia,RMD,TDB,1.0426490306854248,5.039721965789795
2027-11-01,RMD_Hyperthymesia,Hyperthymesia,RMD,TDB,1.9392664432525635,72.65076446533203
2027-11-01,RMD_Impulse Control Disorders,Impulse Control Disorders,RMD,TDB,1.3815072774887085,79.79397583007812
2027-11-01,RMD_Intermetamorphosis Syndrome,Intermetamorphosis Syndrome,RMD,TDB,0.07914575189352036,0.23316369950771332
2027-11-01,RMD_Kleine Levin Syndrome,Kleine Levin Syndrome,RMD,TDB,1.419233798980713,17.110925674438477
2027-11-01,RMD_Kleptomania,Kleptomania,RMD,TDB,2.2822043895721436,36.76613998413086
2027-11-01,RMD_Koro,Koro,RMD,TDB,1.1108952760696411,3.807194471359253
2027-11-01,RMD_Landau Kleffner Syndrome,Landau Kleffner Syndrome,RMD,TDB,1.6627721786499023,10.59653377532959
2027-11-01,RMD_Narcissistic Personality Disorder,Narcissistic Personality Disorder,RMD,TDB,1.989522933959961,336.5055236816406
2027-11-01,RMD_Olfactory Reference Syndrome,Olfactory Reference Syndrome,RMD,TDB,1.5877084732055664,95.43374633789062
2027-11-01,RMD_Othello Syndrome,Othello Syndrome,RMD,TDB,1.4360225200653076,18.06846046447754
2027-11-01,RMD_Palilalia,Palilalia,RMD,TDB,0.7626112699508667,2.246072769165039
2027-11-01,RMD_Postpartum Psychosis,Postpartum Psychosis,RMD,TDB,2.25484299659729,30.731170654296875
2027-11-01,RMD_Pyromania,Pyromania,RMD,TDB,1.7671761512756348,44.42721176147461
2027-11-01,RMD_Reactive Attachment Disorder,Reactive Attachment Disorder,RMD,TDB,2.190448522567749,146.98062133789062
2027-11-01,RMD_Reduplicative Paramnesia,Reduplicative Paramnesia,RMD,TDB,1.2961969375610352,2.6553685665130615
2027-11-01,RMD_Rumination Disorder,Rumination Disorder,RMD,TDB,1.837334394454956,80.28807067871094
2027-11-01,RMD_Savant Syndrome,Savant Syndrome,RMD,TDB,1.1285656690597534,14.370223999023438
2027-11-01,RMD_Schizoaffective Disorder,Schizoaffective Disorder,RMD,TDB,1.5485196113586426,90.84037017822266
2027-11-01,RMD_Schizotypal Personality Disorder,Schizotypal Personality Disorder,RMD,TDB,1.981813669204712,212.7588653564453
2027-11-01,RMD_Selective Mutism,Selective Mutism,RMD,TDB,2.6090006828308105,48.23971939086914
2027-11-01,RMD_Stendhal Syndrome,Stendhal Syndrome,RMD,TDB,0.9027870893478394,3.361481189727783
2027-11-01,RMD_Wendigo Psychosis,Wendigo Psychosis,RMD,TDB,0.6319641470909119,1.220850944519043
2027-11-01,PT_Acceptance And Commitment Therapy,Acceptance And Commitment Therapy,PT,TDB,1.008963704109192,37.2171745300293
2027-11-01,PT_Animal Assisted Therapy,Animal Assisted Therapy,PT,TDB,1.2396641969680786,7.091156482696533
2027-11-01,PT_Anticonvulsant Therapy,Anticonvulsant Therapy,PT,TDB,0.3976536989212036,2.653165578842163
2027-11-01,PT_Antidepressants,Antidepressants,PT,TDB,0.9162513017654419,127.06404113769531
2027-11-01,PT_Antipsychotic Medications,Antipsychotic Medications,PT,TDB,-0.007649688515812159,0.0
2027-11-01,PT_Anxiolytic Medications,Anxiolytic Medications,PT,TDB,0.8836714625358582,75.85630798339844
2027-11-01,PT_Art Therapy,Art Therapy,PT,TDB,0.40380221605300903,3.0530588626861572
2027-11-01,PT_Augmentative Communication Devices,Augmentative Communication Devices,PT,TDB,0.3123464286327362,0.5418825149536133
2027-11-01,PT_Behavioral Activation Therapy,Behavioral Activation Therapy,PT,TDB,0.5372419357299805,2.070600748062134
2027-11-01,PT_Biofeedback Devices,Biofeedback Devices,PT,TDB,0.552013099193573,0.8267549872398376
2027-11-01,PT_Blockchain For Data Protection,Blockchain For Data Protection,PT,TDB,-0.00418201694265008,0.0
2027-11-01,PT_Brain Computer Interface,Brain Computer Interface,PT,TDB,0.9157489538192749,71.90946197509766
2027-11-01,PT_Cbt For Insomnia,Cbt For Insomnia,PT,TDB,1.4242955446243286,3.1549298763275146
2027-11-01,PT_Chronotherapy,Chronotherapy,PT,TDB,1.0024776458740234,2.4629299640655518
2027-11-01,PT_Closed Loop Neurostimulation,Closed Loop Neurostimulation,PT,TDB,1.1682523488998413,26.871828079223633
2027-11-01,PT_Clozapine Protocol,Clozapine Protocol,PT,TDB,-0.009355137124657631,0.0
2027-11-01,PT_Cognitive Assistive Technologies,Cognitive Assistive Technologies,PT,TDB,0.03970957547426224,0.04050854220986366
2027-11-01,PT_Cognitive Behavioral Therapy,Cognitive Behavioral Therapy,PT,TDB,0.9281919598579407,145.3994140625
2027-11-01,PT_Cognitive Enhancement Programs,Cognitive Enhancement Programs,PT,TDB,0.07333193719387054,0.16095060110092163
2027-11-01,PT_Cultural Psychiatry Interventions,Cultural Psychiatry Interventions,PT,TDB,0.15659239888191223,0.16951881349086761
2027-11-01,PT_Deep Brain Stimulation,Deep Brain Stimulation,PT,TDB,0.8569188117980957,11.467748641967773
2027-11-01,PT_Dialectical Behavior Therapy,Dialectical Behavior Therapy,PT,TDB,0.9808487892150879,27.897262573242188
2027-11-01,PT_Dietary Interventions And Supplements,Dietary Interventions And Supplements,PT,TDB,0.16039256751537323,0.17397163808345795
2027-11-01,PT_Digital Health Tools,Digital Health Tools,PT,TDB,0.7697732448577881,47.6599235534668
2027-11-01,PT_Digital Imaging Technologies For Brain Scanning,Digital Imaging Technologies For Brain Scanning,PT,TDB,0.09206849336624146,0.16289299726486206
2027-11-01,PT_Digital Phenotyping,Digital Phenotyping,PT,TDB,1.3102582693099976,15.971603393554688
2027-11-01,PT_Digital Therapeutics,Digital Therapeutics,PT,TDB,-0.009494854137301445,0.0
2027-11-01,PT_Electroconvulsive Therapy,Electroconvulsive Therapy,PT,TDB,-0.00930229015648365,0.0
2027-11-01,PT_Electroencephalography,Electroencephalography,PT,TDB,0.8531953692436218,194.04263305664062
2027-11-01,PT_Emdr Therapy,Emdr Therapy,PT,TDB,0.9983901381492615,27.95743751525879
2027-11-01,PT_Emotion Regulation Training,Emotion Regulation Training,PT,TDB,0.6393595337867737,1.994079351425171
2027-11-01,PT_Expressive Writing And Journaling,Expressive Writing And Journaling,PT,TDB,0.1798076629638672,0.196987122297287
2027-11-01,PT_Fecal Microbiota Transplant,Fecal Microbiota Transplant,PT,TDB,-0.009202497079968452,0.0
2027-11-01,PT_Focused Ultrasound Therapy,Focused Ultrasound Therapy,PT,TDB,0.3890083432197571,0.8895902037620544
2027-11-01,PT_Hypnotherapy,Hypnotherapy,PT,TDB,1.056552529335022,21.53413963317871
2027-11-01,PT_Immunotherapy For Neuropsychiatric Disorders,Immunotherapy For Neuropsychiatric Disorders,PT,TDB,0.9951223731040955,16.748014450073242
2027-11-01,PT_Interpersonal Psychotherapy,Interpersonal Psychotherapy,PT,TDB,0.6234300136566162,4.197975158691406
2027-11-01,PT_Ketamine Therapy,Ketamine Therapy,PT,TDB,1.1061673164367676,18.575273513793945
2027-11-01,PT_Light Therapy,Light Therapy,PT,TDB,0.994935929775238,13.655405044555664
2027-11-01,PT_Lithium Therapy,Lithium Therapy,PT,TDB,0.07022124528884888,0.0801996961236
2027-11-01,PT_Machine Learning Neuroimaging,Machine Learning Neuroimaging,PT,TDB,1.9389609098434448,8.16269302368164
2027-11-01,PT_Meditation And Relaxation Techniques,Meditation And Relaxation Techniques,PT,TDB,0.3751319348812103,1.0750247240066528
2027-11-01,PT_Memory Retrieval Techniques,Memory Retrieval Techniques,PT,TDB,-0.005853455048054457,0.0
2027-11-01,PT_Mentalization Based Treatment,Mentalization Based Treatment,PT,TDB,0.8958514928817749,6.455684185028076
2027-11-01,PT_Metabolic And Enzyme Targeted Therapy,Metabolic And Enzyme Targeted Therapy,PT,TDB,0.39690208435058594,0.7336397767066956
2027-11-01,PT_Metaverse,Metaverse,PT,TDB,-0.00943857990205288,0.0
2027-11-01,PT_Mindfulness Based Stress Reduction,Mindfulness Based Stress Reduction,PT,TDB,0.9062501192092896,27.44915771484375
2027-11-01,PT_Mood Stabilizers,Mood Stabilizers,PT,TDB,0.9815482497215271,42.85770034790039
2027-11-01,PT_Motivational Interviewing,Motivational Interviewing,PT,TDB,1.0990203619003296,56.12486267089844
2027-11-01,PT_Music Therapy,Music Therapy,PT,TDB,0.814966082572937,10.489347457885742
2027-11-01,PT_Naltrexone,Naltrexone,PT,TDB,1.1547868251800537,18.33601951599121
2027-11-01,PT_Narrative Exposure Therapy,Narrative Exposure Therapy,PT,TDB,0.8112044930458069,22.88977813720703
2027-11-01,PT_Neurobiological Assessments For Mental Disorders,Neurobiological Assessments For Mental Disorders,PT,TDB,0.17159214615821838,0.18719352781772614
2027-11-01,PT_Neurocognitive Training,Neurocognitive Training,PT,TDB,0.7442110776901245,1.3282495737075806
2027-11-01,PT_Neurofeedback Systems,Neurofeedback Systems,PT,TDB,0.3182999789714813,0.3747886121273041
2027-11-01,PT_Neuromodulation Techniques,Neuromodulation Techniques,PT,TDB,0.7520540356636047,12.909581184387207
2027-11-01,PT_Neuroplasticity Techniques,Neuroplasticity Techniques,PT,TDB,0.08330199122428894,0.18912960588932037
2027-11-01,PT_Neuroprotective Agents,Neuroprotective Agents,PT,TDB,0.9959841370582581,25.48334312438965
2027-11-01,PT_Occupational Therapy,Occupational Therapy,PT,TDB,1.0515416860580444,59.034889221191406
2027-11-01,PT_Oxytocin Therapy,Oxytocin Therapy,PT,TDB,0.9286980628967285,1.531211495399475
2027-11-01,PT_Personalized Medicine,Personalized Medicine,PT,TDB,0.9155659079551697,311.9317321777344
2027-11-01,PT_Pharmacogenomic Testing,Pharmacogenomic Testing,PT,TDB,1.4228769540786743,13.0089693069458
2027-11-01,PT_Privacy Preserving Ai In Digital Mental Health,Privacy Preserving AI In Digital Mental Health,PT,TDB,-0.010369697585701942,0.0
2027-11-01,PT_Prolonged Exposure Therapy,Prolonged Exposure Therapy,PT,TDB,0.022885290905833244,0.047650162130594254
2027-11-01,PT_Psilocybin Assisted Therapy,Psilocybin Assisted Therapy,PT,TDB,-0.009879307821393013,0.0
2027-11-01,PT_Psychoeducation Programs,Psychoeducation Programs,PT,TDB,0.414877712726593,0.9497866630554199
2027-11-01,PT_Psychophysiological Metrics For Treatment Response,Psychophysiological Metrics For Treatment Response,PT,TDB,0.3178330957889557,0.5686928629875183
2027-11-01,PT_Reality Testing Techniques,Reality Testing Techniques,PT,TDB,-0.01062687300145626,0.0
2027-11-01,PT_Regenerative Medicine Approaches,Regenerative Medicine Approaches,PT,TDB,0.6698095798492432,20.45830535888672
2027-11-01,PT_Resting State Fmri,Resting State FMRI,PT,TDB,0.781727135181427,29.947919845581055
2027-11-01,PT_Schema Therapy,Schema Therapy,PT,TDB,1.2916064262390137,2.638627052307129
2027-11-01,PT_Secure Data Storage For Patient Records,Secure Data Storage For Patient Records,PT,TDB,0.03745207563042641,0.038162242621183395
2027-11-01,PT_Selective Serotonin Reuptake Inhibitors,Selective Serotonin Reuptake Inhibitors,PT,TDB,0.9519088864326477,60.62681579589844
2027-11-01,PT_Sleep Pattern Monitoring And Manipulation,Sleep Pattern Monitoring And Manipulation,PT,TDB,-0.011054223403334618,0.0
2027-11-01,PT_Smart Wearable Mental Health Trackers,Smart Wearable Mental Health Trackers,PT,TDB,-0.011347608640789986,0.0
2027-11-01,PT_Social Skills Training,Social Skills Training,PT,TDB,1.0412893295288086,22.812931060791016
2027-11-01,PT_Speech Language Therapy,Speech Language Therapy,PT,TDB,0.5388045907020569,1.000839352607727
2027-11-01,PT_Stem Cell Therapy For Neurological Disorders,Stem Cell Therapy For Neurological Disorders,PT,TDB,0.431659996509552,2.430579900741577
2027-11-01,PT_Stimulant And Wake Promoting Agents,Stimulant And Wake Promoting Agents,PT,TDB,1.15330171585083,35.40375518798828
2027-11-01,PT_Traditional And Alternative Medicine Approaches,Traditional And Alternative Medicine Approaches,PT,TDB,0.6112251281738281,8.791845321655273
2027-11-01,PT_Transcranial Direct Current Stimulation,Transcranial Direct Current Stimulation,PT,TDB,0.83159339427948,33.63332748413086
2027-11-01,PT_Transcranial Magnetic Stimulation,Transcranial Magnetic Stimulation,PT,TDB,0.9425863027572632,180.79061889648438
2027-11-01,PT_Transference Focused Psychotherapy,Transference Focused Psychotherapy,PT,TDB,1.0771862268447876,9.177018165588379
2027-11-01,PT_Trauma Focused Cbt,Trauma Focused Cbt,PT,TDB,0.5982248187065125,2.8959810733795166
2027-11-01,PT_Vagus Nerve Stimulation,Vagus Nerve Stimulation,PT,TDB,1.0704209804534912,14.022168159484863
2027-11-01,PT_Virtual Reality Exposure Therapy,Virtual Reality Exposure Therapy,PT,TDB,0.861572265625,6.7201972007751465
2027-11-01,PT_Vocal And Speech Biomarkers,Vocal And Speech Biomarkers,PT,TDB,-0.008938347920775414,0.0
2027-11-01,PT_Voxel Based Lesion Symptom Mapping,Voxel Based Lesion Symptom Mapping,PT,TDB,0.49876341223716736,0.9717167019844055
2027-12-01,RMD_Anorexia Nervosa,Anorexia Nervosa,RMD,TDB,1.8894076347351074,341.55621337890625
2027-12-01,RMD_Antisocial Personality Disorder,Antisocial Personality Disorder,RMD,TDB,1.2362602949142456,49.322296142578125
2027-12-01,RMD_Autosarcophagy,Autosarcophagy,RMD,TDB,0.6322064995765686,0.8817580938339233
2027-12-01,RMD_Avoidant Personality Disorder,Avoidant Personality Disorder,RMD,TDB,1.5454463958740234,15.819655418395996
2027-12-01,RMD_Boanthropy,Boanthropy,RMD,TDB,0.8167718052864075,2.350632429122925
2027-12-01,RMD_Body Integrity Dysphoria,Body Integrity Dysphoria,RMD,TDB,1.7185308933258057,32.40104293823242
2027-12-01,RMD_Brief Psychotic Disorder,Brief Psychotic Disorder,RMD,TDB,1.2384439706802368,2.57271146774292
2027-12-01,RMD_Capgras Syndrome,Capgras Syndrome,RMD,TDB,1.5915758609771729,25.41844940185547
2027-12-01,RMD_Childhood Disintegrative Disorder,Childhood Disintegrative Disorder,RMD,TDB,1.685652732849121,32.33982849121094
2027-12-01,RMD_Chronic Traumatic Encephalopathy,Chronic Traumatic Encephalopathy,RMD,TDB,2.034578800201416,403.9077453613281
2027-12-01,RMD_Circadian Rhythm Sleep Wake Disorder,Circadian Rhythm Sleep Wake Disorder,RMD,TDB,1.268087387084961,2.9254775047302246
2027-12-01,RMD_Cotard Syndrome,Cotard Syndrome,RMD,TDB,1.5393210649490356,5.34074068069458
2027-12-01,RMD_Cyclothymic Disorder,Cyclothymic Disorder,RMD,TDB,1.9654098749160767,228.97872924804688
2027-12-01,RMD_Delusional Disorder,Delusional Disorder,RMD,TDB,0.6855975389480591,2.3771235942840576
2027-12-01,RMD_Diogenes Syndrome,Diogenes Syndrome,RMD,TDB,1.700171947479248,4.5335798263549805
2027-12-01,RMD_Disinhibited Social Engagement Disorder,Disinhibited Social Engagement Disorder,RMD,TDB,1.114757776260376,4.889306545257568
2027-12-01,RMD_Dissociative Amnesia,Dissociative Amnesia,RMD,TDB,1.6146371364593506,6.123547554016113
2027-12-01,RMD_Dissociative Fugue,Dissociative Fugue,RMD,TDB,1.894218921661377,37.82001876831055
2027-12-01,RMD_Ekbom Syndrome,Ekbom Syndrome,RMD,TDB,1.5397224426269531,49.918052673339844
2027-12-01,RMD_Erotomania,Erotomania,RMD,TDB,1.9137496948242188,76.56620788574219
2027-12-01,RMD_Factitious Disorder,Factitious Disorder,RMD,TDB,2.045318603515625,254.18258666992188
2027-12-01,RMD_Fregoli Delusion,Fregoli Delusion,RMD,TDB,0.9973334670066833,1.711043119430542
2027-12-01,RMD_Ganser Syndrome,Ganser Syndrome,RMD,TDB,2.2314014434814453,12.321106910705566
2027-12-01,RMD_Hallucinogen Persisting Perception Disorder,Hallucinogen Persisting Perception Disorder,RMD,TDB,2.042785882949829,142.7466583251953
2027-12-01,RMD_Histrionic Personality Disorder,Histrionic Personality Disorder,RMD,TDB,1.2827982902526855,16.501575469970703
2027-12-01,RMD_Hypergraphia,Hypergraphia,RMD,TDB,1.0443264245986938,5.057220458984375
2027-12-01,RMD_Hyperthymesia,Hyperthymesia,RMD,TDB,1.9391286373138428,72.62825775146484
2027-12-01,RMD_Impulse Control Disorders,Impulse Control Disorders,RMD,TDB,1.3844881057739258,80.56324005126953
2027-12-01,RMD_Intermetamorphosis Syndrome,Intermetamorphosis Syndrome,RMD,TDB,0.08428223431110382,0.25005146861076355
2027-12-01,RMD_Kleine Levin Syndrome,Kleine Levin Syndrome,RMD,TDB,1.4206669330596924,17.163970947265625
2027-12-01,RMD_Kleptomania,Kleptomania,RMD,TDB,2.2823967933654785,36.777706146240234
2027-12-01,RMD_Koro,Koro,RMD,TDB,1.113755464553833,3.826667070388794
2027-12-01,RMD_Landau Kleffner Syndrome,Landau Kleffner Syndrome,RMD,TDB,1.6632530689239502,10.604753494262695
2027-12-01,RMD_Narcissistic Personality Disorder,Narcissistic Personality Disorder,RMD,TDB,1.9892559051513672,336.24200439453125
2027-12-01,RMD_Olfactory Reference Syndrome,Olfactory Reference Syndrome,RMD,TDB,1.5892448425292969,95.86100006103516
2027-12-01,RMD_Othello Syndrome,Othello Syndrome,RMD,TDB,1.436826467514038,18.099960327148438
2027-12-01,RMD_Palilalia,Palilalia,RMD,TDB,0.7631625533103943,2.2488367557525635
2027-12-01,RMD_Postpartum Psychosis,Postpartum Psychosis,RMD,TDB,2.253368616104126,30.659517288208008
2027-12-01,RMD_Pyromania,Pyromania,RMD,TDB,1.7668788433074951,44.39805603027344
2027-12-01,RMD_Reactive Attachment Disorder,Reactive Attachment Disorder,RMD,TDB,2.188774585723877,146.4166259765625
2027-12-01,RMD_Reduplicative Paramnesia,Reduplicative Paramnesia,RMD,TDB,1.2968251705169678,2.657665729522705
2027-12-01,RMD_Rumination Disorder,Rumination Disorder,RMD,TDB,1.8371591567993164,80.25396728515625
2027-12-01,RMD_Savant Syndrome,Savant Syndrome,RMD,TDB,1.127197504043579,14.319393157958984
2027-12-01,RMD_Schizoaffective Disorder,Schizoaffective Disorder,RMD,TDB,1.5490150451660156,90.9732894897461
2027-12-01,RMD_Schizotypal Personality Disorder,Schizotypal Personality Disorder,RMD,TDB,1.9803369045257568,211.906005859375
2027-12-01,RMD_Selective Mutism,Selective Mutism,RMD,TDB,2.6063308715820312,48.043766021728516
2027-12-01,RMD_Stendhal Syndrome,Stendhal Syndrome,RMD,TDB,0.9025352001190186,3.359689235687256
2027-12-01,RMD_Wendigo Psychosis,Wendigo Psychosis,RMD,TDB,0.6334157586097717,1.224924921989441
2027-12-01,PT_Acceptance And Commitment Therapy,Acceptance And Commitment Therapy,PT,TDB,1.0096722841262817,37.315086364746094
2027-12-01,PT_Animal Assisted Therapy,Animal Assisted Therapy,PT,TDB,1.2384592294692993,7.074731826782227
2027-12-01,PT_Anticonvulsant Therapy,Anticonvulsant Therapy,PT,TDB,0.3991229832172394,2.6706955432891846
2027-12-01,PT_Antidepressants,Antidepressants,PT,TDB,0.9169592261314392,127.54510498046875
2027-12-01,PT_Antipsychotic Medications,Antipsychotic Medications,PT,TDB,-0.006628444418311119,0.0
2027-12-01,PT_Anxiolytic Medications,Anxiolytic Medications,PT,TDB,0.8841158747673035,76.02433776855469
2027-12-01,PT_Art Therapy,Art Therapy,PT,TDB,0.4044680893421173,3.062422752380371
2027-12-01,PT_Augmentative Communication Devices,Augmentative Communication Devices,PT,TDB,0.31306880712509155,0.5434274077415466
2027-12-01,PT_Behavioral Activation Therapy,Behavioral Activation Therapy,PT,TDB,0.5380575656890869,2.0758352279663086
2027-12-01,PT_Biofeedback Devices,Biofeedback Devices,PT,TDB,0.5523281097412109,0.8273832201957703
2027-12-01,PT_Blockchain For Data Protection,Blockchain For Data Protection,PT,TDB,-0.0028867663349956274,0.0
2027-12-01,PT_Brain Computer Interface,Brain Computer Interface,PT,TDB,0.9170958399772644,72.3708724975586
2027-12-01,PT_Cbt For Insomnia,Cbt For Insomnia,PT,TDB,1.4221774339675903,3.1461386680603027
2027-12-01,PT_Chronotherapy,Chronotherapy,PT,TDB,1.0017434358596802,2.4597811698913574
2027-12-01,PT_Closed Loop Neurostimulation,Closed Loop Neurostimulation,PT,TDB,1.1671547889709473,26.784826278686523
2027-12-01,PT_Clozapine Protocol,Clozapine Protocol,PT,TDB,-0.008388279005885124,0.0
2027-12-01,PT_Cognitive Assistive Technologies,Cognitive Assistive Technologies,PT,TDB,0.04062265157699585,0.041459038853645325
2027-12-01,PT_Cognitive Behavioral Therapy,Cognitive Behavioral Therapy,PT,TDB,0.9286960363388062,145.79640197753906
2027-12-01,PT_Cognitive Enhancement Programs,Cognitive Enhancement Programs,PT,TDB,0.07378246635198593,0.16201554238796234
2027-12-01,PT_Cultural Psychiatry Interventions,Cultural Psychiatry Interventions,PT,TDB,0.15672065317630768,0.16966882348060608
2027-12-01,PT_Deep Brain Stimulation,Deep Brain Stimulation,PT,TDB,0.8564164638519287,11.449320793151855
2027-12-01,PT_Dialectical Behavior Therapy,Dialectical Behavior Therapy,PT,TDB,0.9807751178741455,27.88996124267578
2027-12-01,PT_Dietary Interventions And Supplements,Dietary Interventions And Supplements,PT,TDB,0.16160480678081512,0.1753956377506256
2027-12-01,PT_Digital Health Tools,Digital Health Tools,PT,TDB,0.7707815766334534,47.90817642211914
2027-12-01,PT_Digital Imaging Technologies For Brain Scanning,Digital Imaging Technologies For Brain Scanning,PT,TDB,0.09400200843811035,0.16658435761928558
2027-12-01,PT_Digital Phenotyping,Digital Phenotyping,PT,TDB,1.3092516660690308,15.934723854064941
2027-12-01,PT_Digital Therapeutics,Digital Therapeutics,PT,TDB,-0.008673297241330147,0.0
2027-12-01,PT_Electroconvulsive Therapy,Electroconvulsive Therapy,PT,TDB,-0.008465109393000603,0.0
2027-12-01,PT_Electroencephalography,Electroencephalography,PT,TDB,0.8540198802947998,195.03909301757812
2027-12-01,PT_Emdr Therapy,Emdr Therapy,PT,TDB,0.9984354972839355,27.961870193481445
2027-12-01,PT_Emotion Regulation Training,Emotion Regulation Training,PT,TDB,0.639792263507843,1.9963023662567139
2027-12-01,PT_Expressive Writing And Journaling,Expressive Writing And Journaling,PT,TDB,0.18135911226272583,0.19884562492370605
2027-12-01,PT_Fecal Microbiota Transplant,Fecal Microbiota Transplant,PT,TDB,-0.008331062272191048,0.0
2027-12-01,PT_Focused Ultrasound Therapy,Focused Ultrasound Therapy,PT,TDB,0.3889586329460144,0.8894364833831787
2027-12-01,PT_Hypnotherapy,Hypnotherapy,PT,TDB,1.0554988384246826,21.464244842529297
2027-12-01,PT_Immunotherapy For Neuropsychiatric Disorders,Immunotherapy For Neuropsychiatric Disorders,PT,TDB,0.9939945936203003,16.690256118774414
2027-12-01,PT_Interpersonal Psychotherapy,Interpersonal Psychotherapy,PT,TDB,0.6240582466125488,4.206615924835205
2027-12-01,PT_Ketamine Therapy,Ketamine Therapy,PT,TDB,1.1043778657913208,18.481313705444336
2027-12-01,PT_Light Therapy,Light Therapy,PT,TDB,0.9936246275901794,13.603636741638184
2027-12-01,PT_Lithium Therapy,Lithium Therapy,PT,TDB,0.07092946022748947,0.08104047179222107
2027-12-01,PT_Machine Learning Neuroimaging,Machine Learning Neuroimaging,PT,TDB,1.9355251789093018,8.126798629760742
2027-12-01,PT_Meditation And Relaxation Techniques,Meditation And Relaxation Techniques,PT,TDB,0.3765290081501007,1.0806734561920166
2027-12-01,PT_Memory Retrieval Techniques,Memory Retrieval Techniques,PT,TDB,-0.005064386408776045,0.0
2027-12-01,PT_Mentalization Based Treatment,Mentalization Based Treatment,PT,TDB,0.8939297795295715,6.423623561859131
2027-12-01,PT_Metabolic And Enzyme Targeted Therapy,Metabolic And Enzyme Targeted Therapy,PT,TDB,0.3967970013618469,0.7333872318267822
2027-12-01,PT_Metaverse,Metaverse,PT,TDB,-0.008451202884316444,0.0
2027-12-01,PT_Mindfulness Based Stress Reduction,Mindfulness Based Stress Reduction,PT,TDB,0.9069073796272278,27.51832389831543
2027-12-01,PT_Mood Stabilizers,Mood Stabilizers,PT,TDB,0.9813913702964783,42.831199645996094
2027-12-01,PT_Motivational Interviewing,Motivational Interviewing,PT,TDB,1.0983134508132935,55.976409912109375
2027-12-01,PT_Music Therapy,Music Therapy,PT,TDB,0.8140196204185486,10.456815719604492
2027-12-01,PT_Naltrexone,Naltrexone,PT,TDB,1.1525601148605347,18.22589874267578
2027-12-01,PT_Narrative Exposure Therapy,Narrative Exposure Therapy,PT,TDB,0.8107547760009766,22.84778594970703
2027-12-01,PT_Neurobiological Assessments For Mental Disorders,Neurobiological Assessments For Mental Disorders,PT,TDB,0.17223726212978363,0.18795965611934662
2027-12-01,PT_Neurocognitive Training,Neurocognitive Training,PT,TDB,0.744125485420227,1.3280234336853027
2027-12-01,PT_Neurofeedback Systems,Neurofeedback Systems,PT,TDB,0.3187764883041382,0.37544387578964233
2027-12-01,PT_Neuromodulation Techniques,Neuromodulation Techniques,PT,TDB,0.7531271576881409,12.961931228637695
2027-12-01,PT_Neuroplasticity Techniques,Neuroplasticity Techniques,PT,TDB,0.08497673273086548,0.1932780146598816
2027-12-01,PT_Neuroprotective Agents,Neuroprotective Agents,PT,TDB,0.995760440826416,25.463857650756836
2027-12-01,PT_Occupational Therapy,Occupational Therapy,PT,TDB,1.0507802963256836,58.85715103149414
2027-12-01,PT_Oxytocin Therapy,Oxytocin Therapy,PT,TDB,0.9275147914886475,1.5282182693481445
2027-12-01,PT_Personalized Medicine,Personalized Medicine,PT,TDB,0.9162792563438416,313.33587646484375
2027-12-01,PT_Pharmacogenomic Testing,Pharmacogenomic Testing,PT,TDB,1.4210710525512695,12.962114334106445
2027-12-01,PT_Privacy Preserving Ai In Digital Mental Health,Privacy Preserving AI In Digital Mental Health,PT,TDB,-0.009587416425347328,0.0
2027-12-01,PT_Prolonged Exposure Therapy,Prolonged Exposure Therapy,PT,TDB,0.023477958515286446,0.04891388118267059
2027-12-01,PT_Psilocybin Assisted Therapy,Psilocybin Assisted Therapy,PT,TDB,-0.008962268009781837,0.0
2027-12-01,PT_Psychoeducation Programs,Psychoeducation Programs,PT,TDB,0.4150080382823944,0.9501956701278687
2027-12-01,PT_Psychophysiological Metrics For Treatment Response,Psychophysiological Metrics For Treatment Response,PT,TDB,0.31949228048324585,0.5723842978477478
2027-12-01,PT_Reality Testing Techniques,Reality Testing Techniques,PT,TDB,-0.009826628491282463,0.0
2027-12-01,PT_Regenerative Medicine Approaches,Regenerative Medicine Approaches,PT,TDB,0.6712067723274231,20.595983505249023
2027-12-01,PT_Resting State Fmri,Resting State FMRI,PT,TDB,0.782836377620697,30.099010467529297
2027-12-01,PT_Schema Therapy,Schema Therapy,PT,TDB,1.2903919219970703,2.6342105865478516
2027-12-01,PT_Secure Data Storage For Patient Records,Secure Data Storage For Patient Records,PT,TDB,0.03843669220805168,0.03918493911623955
2027-12-01,PT_Selective Serotonin Reuptake Inhibitors,Selective Serotonin Reuptake Inhibitors,PT,TDB,0.951776385307312,60.59147262573242
2027-12-01,PT_Sleep Pattern Monitoring And Manipulation,Sleep Pattern Monitoring And Manipulation,PT,TDB,-0.010233795270323753,0.0
2027-12-01,PT_Smart Wearable Mental Health Trackers,Smart Wearable Mental Health Trackers,PT,TDB,-0.010550139471888542,0.0
2027-12-01,PT_Social Skills Training,Social Skills Training,PT,TDB,1.040816068649292,22.77864646911621
2027-12-01,PT_Speech Language Therapy,Speech Language Therapy,PT,TDB,0.5391442775726318,1.0017143487930298
2027-12-01,PT_Stem Cell Therapy For Neurological Disorders,Stem Cell Therapy For Neurological Disorders,PT,TDB,0.4334017038345337,2.447686195373535
2027-12-01,PT_Stimulant And Wake Promoting Agents,Stimulant And Wake Promoting Agents,PT,TDB,1.152713656425476,35.33708953857422
2027-12-01,PT_Traditional And Alternative Medicine Approaches,Traditional And Alternative Medicine Approaches,PT,TDB,0.6123581528663635,8.833345413208008
2027-12-01,PT_Transcranial Direct Current Stimulation,Transcranial Direct Current Stimulation,PT,TDB,0.8309903144836426,33.54441452026367
2027-12-01,PT_Transcranial Magnetic Stimulation,Transcranial Magnetic Stimulation,PT,TDB,0.9427986145019531,181.00381469726562
2027-12-01,PT_Transference Focused Psychotherapy,Transference Focused Psychotherapy,PT,TDB,1.0763099193572998,9.157828330993652
2027-12-01,PT_Trauma Focused Cbt,Trauma Focused Cbt,PT,TDB,0.599141001701355,2.904104232788086
2027-12-01,PT_Vagus Nerve Stimulation,Vagus Nerve Stimulation,PT,TDB,1.069546103477478,13.988940238952637
2027-12-01,PT_Virtual Reality Exposure Therapy,Virtual Reality Exposure Therapy,PT,TDB,0.8612242341041565,6.713827610015869
2027-12-01,PT_Vocal And Speech Biomarkers,Vocal And Speech Biomarkers,PT,TDB,-0.008098693564534187,0.0
2027-12-01,PT_Voxel Based Lesion Symptom Mapping,Voxel Based Lesion Symptom Mapping,PT,TDB,0.49980083107948303,0.9745030403137207
2028-01-01,RMD_Anorexia Nervosa,Anorexia Nervosa,RMD,TDB,1.8901658058166504,342.3594970703125
2028-01-01,RMD_Antisocial Personality Disorder,Antisocial Personality Disorder,RMD,TDB,1.240228295326233,49.959197998046875
2028-01-01,RMD_Autosarcophagy,Autosarcophagy,RMD,TDB,0.6356757283210754,0.8882976770401001
2028-01-01,RMD_Avoidant Personality Disorder,Avoidant Personality Disorder,RMD,TDB,1.547214388847351,15.874052047729492
2028-01-01,RMD_Boanthropy,Boanthropy,RMD,TDB,0.8198648691177368,2.3660099506378174
2028-01-01,RMD_Body Integrity Dysphoria,Body Integrity Dysphoria,RMD,TDB,1.7193536758422852,32.457191467285156
2028-01-01,RMD_Brief Psychotic Disorder,Brief Psychotic Disorder,RMD,TDB,1.2416266202926636,2.5844216346740723
2028-01-01,RMD_Capgras Syndrome,Capgras Syndrome,RMD,TDB,1.5935115814208984,25.52385902404785
2028-01-01,RMD_Childhood Disintegrative Disorder,Childhood Disintegrative Disorder,RMD,TDB,1.686880350112915,32.425086975097656
2028-01-01,RMD_Chronic Traumatic Encephalopathy,Chronic Traumatic Encephalopathy,RMD,TDB,2.034905433654785,404.2981262207031
2028-01-01,RMD_Circadian Rhythm Sleep Wake Disorder,Circadian Rhythm Sleep Wake Disorder,RMD,TDB,1.2710542678833008,2.9380571842193604
2028-01-01,RMD_Cotard Syndrome,Cotard Syndrome,RMD,TDB,1.540649652481079,5.350857257843018
2028-01-01,RMD_Cyclothymic Disorder,Cyclothymic Disorder,RMD,TDB,1.9663289785385132,229.56431579589844
2028-01-01,RMD_Delusional Disorder,Delusional Disorder,RMD,TDB,0.6913372278213501,2.411707878112793
2028-01-01,RMD_Diogenes Syndrome,Diogenes Syndrome,RMD,TDB,1.7012183666229248,4.539409637451172
2028-01-01,RMD_Disinhibited Social Engagement Disorder,Disinhibited Social Engagement Disorder,RMD,TDB,1.118075966835022,4.920471668243408
2028-01-01,RMD_Dissociative Amnesia,Dissociative Amnesia,RMD,TDB,1.616330623626709,6.1382317543029785
2028-01-01,RMD_Dissociative Fugue,Dissociative Fugue,RMD,TDB,1.8947436809539795,37.85938262939453
2028-01-01,RMD_Ekbom Syndrome,Ekbom Syndrome,RMD,TDB,1.5419453382492065,50.207786560058594
2028-01-01,RMD_Erotomania,Erotomania,RMD,TDB,1.9138762950897217,76.58855438232422
2028-01-01,RMD_Factitious Disorder,Factitious Disorder,RMD,TDB,2.045788288116455,254.50755310058594
2028-01-01,RMD_Fregoli Delusion,Fregoli Delusion,RMD,TDB,1.0012423992156982,1.72166109085083
2028-01-01,RMD_Ganser Syndrome,Ganser Syndrome,RMD,TDB,2.2313759326934814,12.32071304321289
2028-01-01,RMD_Hallucinogen Persisting Perception Disorder,Hallucinogen Persisting Perception Disorder,RMD,TDB,2.042942523956299,142.80136108398438
2028-01-01,RMD_Histrionic Personality Disorder,Histrionic Personality Disorder,RMD,TDB,1.2844008207321167,16.564268112182617
2028-01-01,RMD_Hypergraphia,Hypergraphia,RMD,TDB,1.046271800994873,5.077579021453857
2028-01-01,RMD_Hyperthymesia,Hyperthymesia,RMD,TDB,1.9395081996917725,72.69024658203125
2028-01-01,RMD_Impulse Control Disorders,Impulse Control Disorders,RMD,TDB,1.387101173400879,81.24360656738281
2028-01-01,RMD_Intermetamorphosis Syndrome,Intermetamorphosis Syndrome,RMD,TDB,0.08908267319202423,0.26604336500167847
2028-01-01,RMD_Kleine Levin Syndrome,Kleine Levin Syndrome,RMD,TDB,1.422244668006897,17.22255516052246
2028-01-01,RMD_Kleptomania,Kleptomania,RMD,TDB,2.2827179431915283,36.79701232910156
2028-01-01,RMD_Koro,Koro,RMD,TDB,1.1160850524902344,3.842585325241089
2028-01-01,RMD_Landau Kleffner Syndrome,Landau Kleffner Syndrome,RMD,TDB,1.664032220840454,10.618088722229004
2028-01-01,RMD_Narcissistic Personality Disorder,Narcissistic Personality Disorder,RMD,TDB,1.9894317388534546,336.4155578613281
2028-01-01,RMD_Olfactory Reference Syndrome,Olfactory Reference Syndrome,RMD,TDB,1.590643286705017,96.2516098022461
2028-01-01,RMD_Othello Syndrome,Othello Syndrome,RMD,TDB,1.4379115104675293,18.142549514770508
2028-01-01,RMD_Palilalia,Palilalia,RMD,TDB,0.7642698287963867,2.2543957233428955
2028-01-01,RMD_Postpartum Psychosis,Postpartum Psychosis,RMD,TDB,2.251990556716919,30.592695236206055
2028-01-01,RMD_Pyromania,Pyromania,RMD,TDB,1.7663819789886475,44.34937286376953
2028-01-01,RMD_Reactive Attachment Disorder,Reactive Attachment Disorder,RMD,TDB,2.1874849796295166,145.98355102539062
2028-01-01,RMD_Reduplicative Paramnesia,Reduplicative Paramnesia,RMD,TDB,1.2973954677581787,2.659752368927002
2028-01-01,RMD_Rumination Disorder,Rumination Disorder,RMD,TDB,1.8368725776672363,80.19823455810547
2028-01-01,RMD_Savant Syndrome,Savant Syndrome,RMD,TDB,1.1265790462493896,14.296472549438477
2028-01-01,RMD_Schizoaffective Disorder,Schizoaffective Disorder,RMD,TDB,1.549458384513855,91.09239196777344
2028-01-01,RMD_Schizotypal Personality Disorder,Schizotypal Personality Disorder,RMD,TDB,1.9791746139526367,211.2372283935547
2028-01-01,RMD_Selective Mutism,Selective Mutism,RMD,TDB,2.6041030883789062,47.88085174560547
2028-01-01,RMD_Stendhal Syndrome,Stendhal Syndrome,RMD,TDB,0.9027129411697388,3.3609533309936523
2028-01-01,RMD_Wendigo Psychosis,Wendigo Psychosis,RMD,TDB,0.6350663900375366,1.2295664548873901
2028-01-01,PT_Acceptance And Commitment Therapy,Acceptance And Commitment Therapy,PT,TDB,1.010545253753662,37.43605041503906
2028-01-01,PT_Animal Assisted Therapy,Animal Assisted Therapy,PT,TDB,1.2382121086120605,7.0713653564453125
2028-01-01,PT_Anticonvulsant Therapy,Anticonvulsant Therapy,PT,TDB,0.4009373188018799,2.692458152770996
2028-01-01,PT_Antidepressants,Antidepressants,PT,TDB,0.9178515672683716,128.15403747558594
2028-01-01,PT_Antipsychotic Medications,Antipsychotic Medications,PT,TDB,-0.005352284759283066,0.0
2028-01-01,PT_Anxiolytic Medications,Anxiolytic Medications,PT,TDB,0.8847004771232605,76.24590301513672
2028-01-01,PT_Art Therapy,Art Therapy,PT,TDB,0.4054635763168335,3.076462984085083
2028-01-01,PT_Augmentative Communication Devices,Augmentative Communication Devices,PT,TDB,0.3141283392906189,0.5456960797309875
2028-01-01,PT_Behavioral Activation Therapy,Behavioral Activation Therapy,PT,TDB,0.5391280651092529,2.082718849182129
2028-01-01,PT_Biofeedback Devices,Biofeedback Devices,PT,TDB,0.5531864762306213,0.8290961384773254
2028-01-01,PT_Blockchain For Data Protection,Blockchain For Data Protection,PT,TDB,-0.0013448188547044992,0.0
2028-01-01,PT_Brain Computer Interface,Brain Computer Interface,PT,TDB,0.9183887839317322,72.81653594970703
2028-01-01,PT_Cbt For Insomnia,Cbt For Insomnia,PT,TDB,1.420830249786377,3.140556812286377
2028-01-01,PT_Chronotherapy,Chronotherapy,PT,TDB,1.0015119314193726,2.4587888717651367
2028-01-01,PT_Closed Loop Neurostimulation,Closed Loop Neurostimulation,PT,TDB,1.166632056236267,26.743488311767578
2028-01-01,PT_Clozapine Protocol,Clozapine Protocol,PT,TDB,-0.007151097059249878,0.0
2028-01-01,PT_Cognitive Assistive Technologies,Cognitive Assistive Technologies,PT,TDB,0.041856396943330765,0.042744725942611694
2028-01-01,PT_Cognitive Behavioral Therapy,Cognitive Behavioral Therapy,PT,TDB,0.9293124675750732,146.28334045410156
2028-01-01,PT_Cognitive Enhancement Programs,Cognitive Enhancement Programs,PT,TDB,0.07471837103366852,0.16423091292381287
2028-01-01,PT_Cultural Psychiatry Interventions,Cultural Psychiatry Interventions,PT,TDB,0.15740056335926056,0.17046436667442322
2028-01-01,PT_Deep Brain Stimulation,Deep Brain Stimulation,PT,TDB,0.8561692237854004,11.440258979797363
2028-01-01,PT_Dialectical Behavior Therapy,Dialectical Behavior Therapy,PT,TDB,0.9809651374816895,27.908798217773438
2028-01-01,PT_Dietary Interventions And Supplements,Dietary Interventions And Supplements,PT,TDB,0.16305311024188995,0.17709921300411224
2028-01-01,PT_Digital Health Tools,Digital Health Tools,PT,TDB,0.7718611359596252,48.17536926269531
2028-01-01,PT_Digital Imaging Technologies For Brain Scanning,Digital Imaging Technologies For Brain Scanning,PT,TDB,0.09588458389043808,0.17018970847129822
2028-01-01,PT_Digital Phenotyping,Digital Phenotyping,PT,TDB,1.3085521459579468,15.90914535522461
2028-01-01,PT_Digital Therapeutics,Digital Therapeutics,PT,TDB,-0.007602714002132416,0.0
2028-01-01,PT_Electroconvulsive Therapy,Electroconvulsive Therapy,PT,TDB,-0.007380306720733643,0.0
2028-01-01,PT_Electroencephalography,Electroencephalography,PT,TDB,0.8548856973648071,196.09092712402344
2028-01-01,PT_Emdr Therapy,Emdr Therapy,PT,TDB,0.9986843466758728,27.98617935180664
2028-01-01,PT_Emotion Regulation Training,Emotion Regulation Training,PT,TDB,0.6405751705169678,2.000328779220581
2028-01-01,PT_Expressive Writing And Journaling,Expressive Writing And Journaling,PT,TDB,0.1828981339931488,0.2006920874118805
2028-01-01,PT_Fecal Microbiota Transplant,Fecal Microbiota Transplant,PT,TDB,-0.007195841521024704,0.0
2028-01-01,PT_Focused Ultrasound Therapy,Focused Ultrasound Therapy,PT,TDB,0.38940903544425964,0.8908292055130005
2028-01-01,PT_Hypnotherapy,Hypnotherapy,PT,TDB,1.0550864934921265,21.43695068359375
2028-01-01,PT_Immunotherapy For Neuropsychiatric Disorders,Immunotherapy For Neuropsychiatric Disorders,PT,TDB,0.9932438135147095,16.65190887451172
2028-01-01,PT_Interpersonal Psychotherapy,Interpersonal Psychotherapy,PT,TDB,0.6249210238456726,4.218506336212158
2028-01-01,PT_Ketamine Therapy,Ketamine Therapy,PT,TDB,1.1033964157104492,18.429973602294922
2028-01-01,PT_Light Therapy,Light Therapy,PT,TDB,0.992986261844635,13.578502655029297
2028-01-01,PT_Lithium Therapy,Lithium Therapy,PT,TDB,0.07192452251911163,0.08222289383411407
2028-01-01,PT_Machine Learning Neuroimaging,Machine Learning Neuroimaging,PT,TDB,1.9329895973205566,8.100399017333984
2028-01-01,PT_Meditation And Relaxation Techniques,Meditation And Relaxation Techniques,PT,TDB,0.37793803215026855,1.0863862037658691
2028-01-01,PT_Memory Retrieval Techniques,Memory Retrieval Techniques,PT,TDB,-0.003984150942414999,0.0
2028-01-01,PT_Mentalization Based Treatment,Mentalization Based Treatment,PT,TDB,0.8931397199630737,6.410482883453369
2028-01-01,PT_Metabolic And Enzyme Targeted Therapy,Metabolic And Enzyme Targeted Therapy,PT,TDB,0.39723706245422363,0.7344450354576111
2028-01-01,PT_Metaverse,Metaverse,PT,TDB,-0.007193777710199356,0.0
2028-01-01,PT_Mindfulness Based Stress Reduction,Mindfulness Based Stress Reduction,PT,TDB,0.9076492786407471,27.596595764160156
2028-01-01,PT_Mood Stabilizers,Mood Stabilizers,PT,TDB,0.981454610824585,42.841880798339844
2028-01-01,PT_Motivational Interviewing,Motivational Interviewing,PT,TDB,1.097999930381775,55.910701751708984
2028-01-01,PT_Music Therapy,Music Therapy,PT,TDB,0.8137874007225037,10.448847770690918
2028-01-01,PT_Naltrexone,Naltrexone,PT,TDB,1.1513657569885254,18.167091369628906
2028-01-01,PT_Narrative Exposure Therapy,Narrative Exposure Therapy,PT,TDB,0.8107993602752686,22.851943969726562
2028-01-01,PT_Neurobiological Assessments For Mental Disorders,Neurobiological Assessments For Mental Disorders,PT,TDB,0.1732099950313568,0.18911579251289368
2028-01-01,PT_Neurocognitive Training,Neurocognitive Training,PT,TDB,0.7444933652877808,1.328996181488037
2028-01-01,PT_Neurofeedback Systems,Neurofeedback Systems,PT,TDB,0.31965193152427673,0.37664851546287537
2028-01-01,PT_Neuromodulation Techniques,Neuromodulation Techniques,PT,TDB,0.7542446851730347,13.016653060913086
2028-01-01,PT_Neuroplasticity Techniques,Neuroplasticity Techniques,PT,TDB,0.08656004071235657,0.19721323251724243
2028-01-01,PT_Neuroprotective Agents,Neuroprotective Agents,PT,TDB,0.9958001971244812,25.467323303222656
2028-01-01,PT_Occupational Therapy,Occupational Therapy,PT,TDB,1.0504443645477295,58.77891159057617
2028-01-01,PT_Oxytocin Therapy,Oxytocin Therapy,PT,TDB,0.9270123243331909,1.5269482135772705
2028-01-01,PT_Personalized Medicine,Personalized Medicine,PT,TDB,0.9170690774917603,314.8977966308594
2028-01-01,PT_Pharmacogenomic Testing,Pharmacogenomic Testing,PT,TDB,1.4199033975601196,12.931900978088379
2028-01-01,PT_Privacy Preserving Ai In Digital Mental Health,Privacy Preserving AI In Digital Mental Health,PT,TDB,-0.008534230291843414,0.0
2028-01-01,PT_Prolonged Exposure Therapy,Prolonged Exposure Therapy,PT,TDB,0.02439868450164795,0.05088012292981148
2028-01-01,PT_Psilocybin Assisted Therapy,Psilocybin Assisted Therapy,PT,TDB,-0.007772471755743027,0.0
2028-01-01,PT_Psychoeducation Programs,Psychoeducation Programs,PT,TDB,0.4156970977783203,0.9523594975471497
2028-01-01,PT_Psychophysiological Metrics For Treatment Response,Psychophysiological Metrics For Treatment Response,PT,TDB,0.32115113735198975,0.5760836005210876
2028-01-01,PT_Reality Testing Techniques,Reality Testing Techniques,PT,TDB,-0.008749019354581833,0.0
2028-01-01,PT_Regenerative Medicine Approaches,Regenerative Medicine Approaches,PT,TDB,0.6724971532821655,20.72392463684082
2028-01-01,PT_Resting State Fmri,Resting State FMRI,PT,TDB,0.7839300632476807,30.248706817626953
2028-01-01,PT_Schema Therapy,Schema Therapy,PT,TDB,1.2892570495605469,2.6300885677337646
2028-01-01,PT_Secure Data Storage For Patient Records,Secure Data Storage For Patient Records,PT,TDB,0.03959961608052254,0.0403941348195076
2028-01-01,PT_Selective Serotonin Reuptake Inhibitors,Selective Serotonin Reuptake Inhibitors,PT,TDB,0.9519036412239075,60.62543487548828
2028-01-01,PT_Sleep Pattern Monitoring And Manipulation,Sleep Pattern Monitoring And Manipulation,PT,TDB,-0.009131461381912231,0.0
2028-01-01,PT_Smart Wearable Mental Health Trackers,Smart Wearable Mental Health Trackers,PT,TDB,-0.00946267694234848,0.0
2028-01-01,PT_Social Skills Training,Social Skills Training,PT,TDB,1.0406137704849243,22.764007568359375
2028-01-01,PT_Speech Language Therapy,Speech Language Therapy,PT,TDB,0.5397123098373413,1.0031784772872925
2028-01-01,PT_Stem Cell Therapy For Neurological Disorders,Stem Cell Therapy For Neurological Disorders,PT,TDB,0.43504035472869873,2.463857650756836
2028-01-01,PT_Stimulant And Wake Promoting Agents,Stimulant And Wake Promoting Agents,PT,TDB,1.1524708271026611,35.30960464477539
2028-01-01,PT_Traditional And Alternative Medicine Approaches,Traditional And Alternative Medicine Approaches,PT,TDB,0.6135738492012024,8.878068923950195
2028-01-01,PT_Transcranial Direct Current Stimulation,Transcranial Direct Current Stimulation,PT,TDB,0.8307434320449829,33.508079528808594
2028-01-01,PT_Transcranial Magnetic Stimulation,Transcranial Magnetic Stimulation,PT,TDB,0.9431732296943665,181.38050842285156
2028-01-01,PT_Transference Focused Psychotherapy,Transference Focused Psychotherapy,PT,TDB,1.0760020017623901,9.151093482971191
2028-01-01,PT_Trauma Focused Cbt,Trauma Focused Cbt,PT,TDB,0.6002119183540344,2.9136202335357666
2028-01-01,PT_Vagus Nerve Stimulation,Vagus Nerve Stimulation,PT,TDB,1.0692219734191895,13.976648330688477
2028-01-01,PT_Virtual Reality Exposure Therapy,Virtual Reality Exposure Therapy,PT,TDB,0.8613020181655884,6.715249538421631
2028-01-01,PT_Vocal And Speech Biomarkers,Vocal And Speech Biomarkers,PT,TDB,-0.007006734609603882,0.0
2028-01-01,PT_Voxel Based Lesion Symptom Mapping,Voxel Based Lesion Symptom Mapping,PT,TDB,0.5009622573852539,0.9776269793510437
2028-02-01,RMD_Anorexia Nervosa,Anorexia Nervosa,RMD,TDB,1.8910831212997437,343.33392333984375
2028-02-01,RMD_Antisocial Personality Disorder,Antisocial Personality Disorder,RMD,TDB,1.2439104318618774,50.55741882324219
2028-02-01,RMD_Autosarcophagy,Autosarcophagy,RMD,TDB,0.6389560103416443,0.8945019841194153
2028-02-01,RMD_Avoidant Personality Disorder,Avoidant Personality Disorder,RMD,TDB,1.5489485263824463,15.927578926086426
2028-02-01,RMD_Boanthropy,Boanthropy,RMD,TDB,0.8228512406349182,2.3809244632720947
2028-02-01,RMD_Body Integrity Dysphoria,Body Integrity Dysphoria,RMD,TDB,1.7202811241149902,32.52060317993164
2028-02-01,RMD_Brief Psychotic Disorder,Brief Psychotic Disorder,RMD,TDB,1.2446010112762451,2.595400333404541
2028-02-01,RMD_Capgras Syndrome,Capgras Syndrome,RMD,TDB,1.5954020023345947,25.627208709716797
2028-02-01,RMD_Childhood Disintegrative Disorder,Childhood Disintegrative Disorder,RMD,TDB,1.688184380531311,32.5158805847168
2028-02-01,RMD_Chronic Traumatic Encephalopathy,Chronic Traumatic Encephalopathy,RMD,TDB,2.0354721546173096,404.9764709472656
2028-02-01,RMD_Circadian Rhythm Sleep Wake Disorder,Circadian Rhythm Sleep Wake Disorder,RMD,TDB,1.2738624811172485,2.9500012397766113
2028-02-01,RMD_Cotard Syndrome,Cotard Syndrome,RMD,TDB,1.5420299768447876,5.36138391494751
2028-02-01,RMD_Cyclothymic Disorder,Cyclothymic Disorder,RMD,TDB,1.9674323797225952,230.26922607421875
2028-02-01,RMD_Delusional Disorder,Delusional Disorder,RMD,TDB,0.6964142322540283,2.442594289779663
2028-02-01,RMD_Diogenes Syndrome,Diogenes Syndrome,RMD,TDB,1.7023602724075317,4.545778751373291
2028-02-01,RMD_Disinhibited Social Engagement Disorder,Disinhibited Social Engagement Disorder,RMD,TDB,1.1211552619934082,4.949541091918945
2028-02-01,RMD_Dissociative Amnesia,Dissociative Amnesia,RMD,TDB,1.6180412769317627,6.1530961990356445
2028-02-01,RMD_Dissociative Fugue,Dissociative Fugue,RMD,TDB,1.8955440521240234,37.91950988769531
2028-02-01,RMD_Ekbom Syndrome,Ekbom Syndrome,RMD,TDB,1.5441555976867676,50.49750518798828
2028-02-01,RMD_Erotomania,Erotomania,RMD,TDB,1.9143446683883667,76.67121124267578
2028-02-01,RMD_Factitious Disorder,Factitious Disorder,RMD,TDB,2.0464677810668945,254.9783935546875
2028-02-01,RMD_Fregoli Delusion,Fregoli Delusion,RMD,TDB,1.004768967628479,1.7312761545181274
2028-02-01,RMD_Ganser Syndrome,Ganser Syndrome,RMD,TDB,2.231633424758911,12.324692726135254
2028-02-01,RMD_Hallucinogen Persisting Perception Disorder,Hallucinogen Persisting Perception Disorder,RMD,TDB,2.0434117317199707,142.96560668945312
2028-02-01,RMD_Histrionic Personality Disorder,Histrionic Personality Disorder,RMD,TDB,1.2859364748001099,16.624553680419922
2028-02-01,RMD_Hypergraphia,Hypergraphia,RMD,TDB,1.0481408834457397,5.097203254699707
2028-02-01,RMD_Hyperthymesia,Hyperthymesia,RMD,TDB,1.9401397705078125,72.79348754882812
2028-02-01,RMD_Impulse Control Disorders,Impulse Control Disorders,RMD,TDB,1.3894963264465332,81.87224578857422
2028-02-01,RMD_Intermetamorphosis Syndrome,Intermetamorphosis Syndrome,RMD,TDB,0.09358835220336914,0.28123944997787476
2028-02-01,RMD_Kleine Levin Syndrome,Kleine Levin Syndrome,RMD,TDB,1.4238550662994385,17.282543182373047
2028-02-01,RMD_Kleptomania,Kleptomania,RMD,TDB,2.2831268310546875,36.82161331176758
2028-02-01,RMD_Koro,Koro,RMD,TDB,1.118218183517456,3.8572072982788086
2028-02-01,RMD_Landau Kleffner Syndrome,Landau Kleffner Syndrome,RMD,TDB,1.6649811267852783,10.63434886932373
2028-02-01,RMD_Narcissistic Personality Disorder,Narcissistic Personality Disorder,RMD,TDB,1.9899230003356934,336.9008483886719
2028-02-01,RMD_Olfactory Reference Syndrome,Olfactory Reference Syndrome,RMD,TDB,1.5920140743255615,96.6359634399414
2028-02-01,RMD_Othello Syndrome,Othello Syndrome,RMD,TDB,1.4391752481460571,18.192279815673828
2028-02-01,RMD_Palilalia,Palilalia,RMD,TDB,0.7655289173126221,2.260728597640991
2028-02-01,RMD_Postpartum Psychosis,Postpartum Psychosis,RMD,TDB,2.251007080078125,30.545089721679688
2028-02-01,RMD_Pyromania,Pyromania,RMD,TDB,1.7661205530166626,44.32378005981445
2028-02-01,RMD_Reactive Attachment Disorder,Reactive Attachment Disorder,RMD,TDB,2.186772346496582,145.7447509765625
2028-02-01,RMD_Reduplicative Paramnesia,Reduplicative Paramnesia,RMD,TDB,1.298094630241394,2.6623120307922363
2028-02-01,RMD_Rumination Disorder,Rumination Disorder,RMD,TDB,1.836771011352539,80.1784896850586
2028-02-01,RMD_Savant Syndrome,Savant Syndrome,RMD,TDB,1.126291036605835,14.285809516906738
2028-02-01,RMD_Schizoaffective Disorder,Schizoaffective Disorder,RMD,TDB,1.5500556230545044,91.25308227539062
2028-02-01,RMD_Schizotypal Personality Disorder,Schizotypal Personality Disorder,RMD,TDB,1.9784975051879883,210.8485565185547
2028-02-01,RMD_Selective Mutism,Selective Mutism,RMD,TDB,2.6025521755218506,47.76774978637695
2028-02-01,RMD_Stendhal Syndrome,Stendhal Syndrome,RMD,TDB,0.9030725955963135,3.3635129928588867
2028-02-01,RMD_Wendigo Psychosis,Wendigo Psychosis,RMD,TDB,0.6367124319076538,1.234204888343811
2028-02-01,PT_Acceptance And Commitment Therapy,Acceptance And Commitment Therapy,PT,TDB,1.0114277601242065,37.55873107910156
2028-02-01,PT_Animal Assisted Therapy,Animal Assisted Therapy,PT,TDB,1.2382769584655762,7.072248458862305
2028-02-01,PT_Anticonvulsant Therapy,Anticonvulsant Therapy,PT,TDB,0.40285006165504456,2.715541124343872
2028-02-01,PT_Antidepressants,Antidepressants,PT,TDB,0.918783962726593,128.79339599609375
2028-02-01,PT_Antipsychotic Medications,Antipsychotic Medications,PT,TDB,-0.003824532963335514,0.0
2028-02-01,PT_Anxiolytic Medications,Anxiolytic Medications,PT,TDB,0.8853519558906555,76.49356842041016
2028-02-01,PT_Art Therapy,Art Therapy,PT,TDB,0.40665343403816223,3.0933077335357666
2028-02-01,PT_Augmentative Communication Devices,Augmentative Communication Devices,PT,TDB,0.31545135378837585,0.5485336184501648
2028-02-01,PT_Behavioral Activation Therapy,Behavioral Activation Therapy,PT,TDB,0.5403602123260498,2.090660572052002
2028-02-01,PT_Biofeedback Devices,Biofeedback Devices,PT,TDB,0.5542985200881958,0.8313177227973938
2028-02-01,PT_Blockchain For Data Protection,Blockchain For Data Protection,PT,TDB,0.000427692080847919,0.0004277835541870445
2028-02-01,PT_Brain Computer Interface,Brain Computer Interface,PT,TDB,0.919624388217926,73.24497985839844
2028-02-01,PT_Cbt For Insomnia,Cbt For Insomnia,PT,TDB,1.4198716878890991,3.136589527130127
2028-02-01,PT_Chronotherapy,Chronotherapy,PT,TDB,1.0015032291412354,2.4587514400482178
2028-02-01,PT_Closed Loop Neurostimulation,Closed Loop Neurostimulation,PT,TDB,1.1663826704025269,26.723791122436523
2028-02-01,PT_Clozapine Protocol,Clozapine Protocol,PT,TDB,-0.005653669126331806,0.0
2028-02-01,PT_Cognitive Assistive Technologies,Cognitive Assistive Technologies,PT,TDB,0.04336925223469734,0.04432344064116478
2028-02-01,PT_Cognitive Behavioral Therapy,Cognitive Behavioral Therapy,PT,TDB,0.9299962520599365,146.8253173828125
2028-02-01,PT_Cognitive Enhancement Programs,Cognitive Enhancement Programs,PT,TDB,0.07600532472133636,0.16728414595127106
2028-02-01,PT_Cultural Psychiatry Interventions,Cultural Psychiatry Interventions,PT,TDB,0.1584346890449524,0.1716753989458084
2028-02-01,PT_Deep Brain Stimulation,Deep Brain Stimulation,PT,TDB,0.8561169505119324,11.438345909118652
2028-02-01,PT_Dialectical Behavior Therapy,Dialectical Behavior Therapy,PT,TDB,0.9813008308410645,27.942094802856445
2028-02-01,PT_Dietary Interventions And Supplements,Dietary Interventions And Supplements,PT,TDB,0.1646711379289627,0.17900532484054565
2028-02-01,PT_Digital Health Tools,Digital Health Tools,PT,TDB,0.7729772925376892,48.45315170288086
2028-02-01,PT_Digital Imaging Technologies For Brain Scanning,Digital Imaging Technologies For Brain Scanning,PT,TDB,0.09782712906599045,0.173921599984169
2028-02-01,PT_Digital Phenotyping,Digital Phenotyping,PT,TDB,1.3080593347549438,15.891146659851074
2028-02-01,PT_Digital Therapeutics,Digital Therapeutics,PT,TDB,-0.006264251656830311,0.0
2028-02-01,PT_Electroconvulsive Therapy,Electroconvulsive Therapy,PT,TDB,-0.006032527424395084,0.0
2028-02-01,PT_Electroencephalography,Electroencephalography,PT,TDB,0.8557910919189453,197.19688415527344
2028-02-01,PT_Emdr Therapy,Emdr Therapy,PT,TDB,0.9990517497062683,28.022104263305664
2028-02-01,PT_Emotion Regulation Training,Emotion Regulation Training,PT,TDB,0.6415460109710693,2.005328893661499
2028-02-01,PT_Expressive Writing And Journaling,Expressive Writing And Journaling,PT,TDB,0.1845448911190033,0.20267097651958466
2028-02-01,PT_Fecal Microbiota Transplant,Fecal Microbiota Transplant,PT,TDB,-0.005794086493551731,0.0
2028-02-01,PT_Focused Ultrasound Therapy,Focused Ultrasound Therapy,PT,TDB,0.39015650749206543,0.893142580986023
2028-02-01,PT_Hypnotherapy,Hypnotherapy,PT,TDB,1.0549763441085815,21.42966651916504
2028-02-01,PT_Immunotherapy For Neuropsychiatric Disorders,Immunotherapy For Neuropsychiatric Disorders,PT,TDB,0.9926848411560059,16.623414993286133
2028-02-01,PT_Interpersonal Psychotherapy,Interpersonal Psychotherapy,PT,TDB,0.6259351968765259,4.232517719268799
2028-02-01,PT_Ketamine Therapy,Ketamine Therapy,PT,TDB,1.1028060913085938,18.399154663085938
2028-02-01,PT_Light Therapy,Light Therapy,PT,TDB,0.9926705360412598,13.566085815429688
2028-02-01,PT_Lithium Therapy,Lithium Therapy,PT,TDB,0.07318738102912903,0.08372540771961212
2028-02-01,PT_Machine Learning Neuroimaging,Machine Learning Neuroimaging,PT,TDB,1.9310767650604248,8.080534934997559
2028-02-01,PT_Meditation And Relaxation Techniques,Meditation And Relaxation Techniques,PT,TDB,0.37943166494369507,1.0924590826034546
2028-02-01,PT_Memory Retrieval Techniques,Memory Retrieval Techniques,PT,TDB,-0.002608580980449915,0.0
2028-02-01,PT_Mentalization Based Treatment,Mentalization Based Treatment,PT,TDB,0.8928367495536804,6.405449390411377
2028-02-01,PT_Metabolic And Enzyme Targeted Therapy,Metabolic And Enzyme Targeted Therapy,PT,TDB,0.39800989627838135,0.7363042831420898
2028-02-01,PT_Metaverse,Metaverse,PT,TDB,-0.005679489113390446,0.0
2028-02-01,PT_Mindfulness Based Stress Reduction,Mindfulness Based Stress Reduction,PT,TDB,0.9084415435791016,27.680423736572266
2028-02-01,PT_Mood Stabilizers,Mood Stabilizers,PT,TDB,0.9816604256629944,42.876651763916016
2028-02-01,PT_Motivational Interviewing,Motivational Interviewing,PT,TDB,1.0979021787643433,55.89021682739258
2028-02-01,PT_Music Therapy,Music Therapy,PT,TDB,0.8138933181762695,10.452481269836426
2028-02-01,PT_Naltrexone,Naltrexone,PT,TDB,1.1506037712097168,18.12966537475586
2028-02-01,PT_Narrative Exposure Therapy,Narrative Exposure Therapy,PT,TDB,0.811094343662262,22.879487991333008
2028-02-01,PT_Neurobiological Assessments For Mental Disorders,Neurobiological Assessments For Mental Disorders,PT,TDB,0.17446419596672058,0.19060811400413513
2028-02-01,PT_Neurocognitive Training,Neurocognitive Training,PT,TDB,0.7451137900352478,1.3306375741958618
2028-02-01,PT_Neurofeedback Systems,Neurofeedback Systems,PT,TDB,0.32080012559890747,0.37823009490966797
2028-02-01,PT_Neuromodulation Techniques,Neuromodulation Techniques,PT,TDB,0.7554000616073608,13.073458671569824
2028-02-01,PT_Neuroplasticity Techniques,Neuroplasticity Techniques,PT,TDB,0.08825337886810303,0.20143628120422363
2028-02-01,PT_Neuroprotective Agents,Neuroprotective Agents,PT,TDB,0.9959964752197266,25.484416961669922
2028-02-01,PT_Occupational Therapy,Occupational Therapy,PT,TDB,1.0503443479537964,58.7556266784668
2028-02-01,PT_Oxytocin Therapy,Oxytocin Therapy,PT,TDB,0.9268215894699097,1.5264662504196167
2028-02-01,PT_Personalized Medicine,Personalized Medicine,PT,TDB,0.9178965091705322,316.5424499511719
2028-02-01,PT_Pharmacogenomic Testing,Pharmacogenomic Testing,PT,TDB,1.4190579652786255,12.91006851196289
2028-02-01,PT_Privacy Preserving Ai In Digital Mental Health,Privacy Preserving AI In Digital Mental Health,PT,TDB,-0.007199072279036045,0.0
2028-02-01,PT_Prolonged Exposure Therapy,Prolonged Exposure Therapy,PT,TDB,0.02562662400305271,0.053508173674345016
2028-02-01,PT_Psilocybin Assisted Therapy,Psilocybin Assisted Therapy,PT,TDB,-0.006323688663542271,0.0
2028-02-01,PT_Psychoeducation Programs,Psychoeducation Programs,PT,TDB,0.41670167446136475,0.9555187225341797
2028-02-01,PT_Psychophysiological Metrics For Treatment Response,Psychophysiological Metrics For Treatment Response,PT,TDB,0.3228548467159271,0.5798920392990112
2028-02-01,PT_Reality Testing Techniques,Reality Testing Techniques,PT,TDB,-0.007380192168056965,0.0
2028-02-01,PT_Regenerative Medicine Approaches,Regenerative Medicine Approaches,PT,TDB,0.6737862825393677,20.85249900817871
2028-02-01,PT_Resting State Fmri,Resting State FMRI,PT,TDB,0.785051167011261,30.402904510498047
2028-02-01,PT_Schema Therapy,Schema Therapy,PT,TDB,1.2882074117660522,2.6262803077697754
2028-02-01,PT_Secure Data Storage For Patient Records,Secure Data Storage For Patient Records,PT,TDB,0.041006289422512054,0.04185865819454193
2028-02-01,PT_Selective Serotonin Reuptake Inhibitors,Selective Serotonin Reuptake Inhibitors,PT,TDB,0.9521742463111877,60.69767761230469
2028-02-01,PT_Sleep Pattern Monitoring And Manipulation,Sleep Pattern Monitoring And Manipulation,PT,TDB,-0.007745795883238316,0.0
2028-02-01,PT_Smart Wearable Mental Health Trackers,Smart Wearable Mental Health Trackers,PT,TDB,-0.008076918311417103,0.0
2028-02-01,PT_Social Skills Training,Social Skills Training,PT,TDB,1.0405939817428589,22.7625732421875
2028-02-01,PT_Speech Language Therapy,Speech Language Therapy,PT,TDB,0.5404866933822632,1.005176305770874
2028-02-01,PT_Stem Cell Therapy For Neurological Disorders,Stem Cell Therapy For Neurological Disorders,PT,TDB,0.43666815757751465,2.479997396469116
2028-02-01,PT_Stimulant And Wake Promoting Agents,Stimulant And Wake Promoting Agents,PT,TDB,1.1524221897125244,35.30409622192383
2028-02-01,PT_Traditional And Alternative Medicine Approaches,Traditional And Alternative Medicine Approaches,PT,TDB,0.6148614287376404,8.925660133361816
2028-02-01,PT_Transcranial Direct Current Stimulation,Transcranial Direct Current Stimulation,PT,TDB,0.8307238817214966,33.50519943237305
2028-02-01,PT_Transcranial Magnetic Stimulation,Transcranial Magnetic Stimulation,PT,TDB,0.9436444044113159,181.85552978515625
2028-02-01,PT_Transference Focused Psychotherapy,Transference Focused Psychotherapy,PT,TDB,1.0759763717651367,9.150531768798828
2028-02-01,PT_Trauma Focused Cbt,Trauma Focused Cbt,PT,TDB,0.6013929843902588,2.924142360687256
2028-02-01,PT_Vagus Nerve Stimulation,Vagus Nerve Stimulation,PT,TDB,1.0691499710083008,13.973917007446289
2028-02-01,PT_Virtual Reality Exposure Therapy,Virtual Reality Exposure Therapy,PT,TDB,0.861596941947937,6.7206501960754395
2028-02-01,PT_Vocal And Speech Biomarkers,Vocal And Speech Biomarkers,PT,TDB,-0.005651314742863178,0.0
2028-02-01,PT_Voxel Based Lesion Symptom Mapping,Voxel Based Lesion Symptom Mapping,PT,TDB,0.5022318363189697,0.981047511100769
2028-03-01,RMD_Anorexia Nervosa,Anorexia Nervosa,RMD,TDB,1.8924230337142944,344.7620544433594
2028-03-01,RMD_Antisocial Personality Disorder,Antisocial Personality Disorder,RMD,TDB,1.2476259469985962,51.168182373046875
2028-03-01,RMD_Autosarcophagy,Autosarcophagy,RMD,TDB,0.6422070264816284,0.9006710648536682
2028-03-01,RMD_Avoidant Personality Disorder,Avoidant Personality Disorder,RMD,TDB,1.5508198738098145,15.9855318069458
2028-03-01,RMD_Boanthropy,Boanthropy,RMD,TDB,0.8258441090583801,2.395937442779541
2028-03-01,RMD_Body Integrity Dysphoria,Body Integrity Dysphoria,RMD,TDB,1.7216978073120117,32.61770248413086
2028-03-01,RMD_Brief Psychotic Disorder,Brief Psychotic Disorder,RMD,TDB,1.247921347618103,2.6076953411102295
2028-03-01,RMD_Capgras Syndrome,Capgras Syndrome,RMD,TDB,1.5976601839065552,25.751188278198242
2028-03-01,RMD_Childhood Disintegrative Disorder,Childhood Disintegrative Disorder,RMD,TDB,1.6899850368499756,32.64167022705078
2028-03-01,RMD_Chronic Traumatic Encephalopathy,Chronic Traumatic Encephalopathy,RMD,TDB,2.0364274978637695,406.12255859375
2028-03-01,RMD_Circadian Rhythm Sleep Wake Disorder,Circadian Rhythm Sleep Wake Disorder,RMD,TDB,1.2771339416503906,2.963960886001587
2028-03-01,RMD_Cotard Syndrome,Cotard Syndrome,RMD,TDB,1.543578863143921,5.373217582702637
2028-03-01,RMD_Cyclothymic Disorder,Cyclothymic Disorder,RMD,TDB,1.9690628051757812,231.31492614746094
2028-03-01,RMD_Delusional Disorder,Delusional Disorder,RMD,TDB,0.7015109062194824,2.473881721496582
2028-03-01,RMD_Diogenes Syndrome,Diogenes Syndrome,RMD,TDB,1.7039573192596436,4.5546979904174805
2028-03-01,RMD_Disinhibited Social Engagement Disorder,Disinhibited Social Engagement Disorder,RMD,TDB,1.1242965459823608,4.979342937469482
2028-03-01,RMD_Dissociative Amnesia,Dissociative Amnesia,RMD,TDB,1.6203203201293945,6.172947406768799
2028-03-01,RMD_Dissociative Fugue,Dissociative Fugue,RMD,TDB,1.8966960906982422,38.00621795654297
2028-03-01,RMD_Ekbom Syndrome,Ekbom Syndrome,RMD,TDB,1.546949863433838,50.86612319946289
2028-03-01,RMD_Erotomania,Erotomania,RMD,TDB,1.915075421333313,76.8003921508789
2028-03-01,RMD_Factitious Disorder,Factitious Disorder,RMD,TDB,2.047583818435669,255.75367736816406
2028-03-01,RMD_Fregoli Delusion,Fregoli Delusion,RMD,TDB,1.0083388090133667,1.7410438060760498
2028-03-01,RMD_Ganser Syndrome,Ganser Syndrome,RMD,TDB,2.2320823669433594,12.331636428833008
2028-03-01,RMD_Hallucinogen Persisting Perception Disorder,Hallucinogen Persisting Perception Disorder,RMD,TDB,2.044203519821167,143.24307250976562
2028-03-01,RMD_Histrionic Personality Disorder,Histrionic Personality Disorder,RMD,TDB,1.2876050472259521,16.69029426574707
2028-03-01,RMD_Hypergraphia,Hypergraphia,RMD,TDB,1.0501227378845215,5.118081569671631
2028-03-01,RMD_Hyperthymesia,Hyperthymesia,RMD,TDB,1.941131353378296,72.95587921142578
2028-03-01,RMD_Impulse Control Disorders,Impulse Control Disorders,RMD,TDB,1.3919672966003418,82.52580261230469
2028-03-01,RMD_Intermetamorphosis Syndrome,Intermetamorphosis Syndrome,RMD,TDB,0.09797421097755432,0.296206533908844
2028-03-01,RMD_Kleine Levin Syndrome,Kleine Levin Syndrome,RMD,TDB,1.4258761405944824,17.358112335205078
2028-03-01,RMD_Kleptomania,Kleptomania,RMD,TDB,2.283720016479492,36.857330322265625
2028-03-01,RMD_Koro,Koro,RMD,TDB,1.1206209659576416,3.8737306594848633
2028-03-01,RMD_Landau Kleffner Syndrome,Landau Kleffner Syndrome,RMD,TDB,1.666274070739746,10.65654182434082
2028-03-01,RMD_Narcissistic Personality Disorder,Narcissistic Personality Disorder,RMD,TDB,1.9907333850860596,337.70306396484375
2028-03-01,RMD_Olfactory Reference Syndrome,Olfactory Reference Syndrome,RMD,TDB,1.593592882156372,97.08055877685547
2028-03-01,RMD_Othello Syndrome,Othello Syndrome,RMD,TDB,1.4408129453659058,18.25691032409668
2028-03-01,RMD_Palilalia,Palilalia,RMD,TDB,0.7668660283088684,2.2674672603607178
2028-03-01,RMD_Postpartum Psychosis,Postpartum Psychosis,RMD,TDB,2.2500176429748535,30.497270584106445
2028-03-01,RMD_Pyromania,Pyromania,RMD,TDB,1.7660396099090576,44.31585693359375
2028-03-01,RMD_Reactive Attachment Disorder,Reactive Attachment Disorder,RMD,TDB,2.1860127449035645,145.49069213867188
2028-03-01,RMD_Reduplicative Paramnesia,Reduplicative Paramnesia,RMD,TDB,1.2990243434906006,2.6657185554504395
2028-03-01,RMD_Rumination Disorder,Rumination Disorder,RMD,TDB,1.8367609977722168,80.17655181884766
2028-03-01,RMD_Savant Syndrome,Savant Syndrome,RMD,TDB,1.1260597705841064,14.277251243591309
2028-03-01,RMD_Schizoaffective Disorder,Schizoaffective Disorder,RMD,TDB,1.5507912635803223,91.45137786865234
2028-03-01,RMD_Schizotypal Personality Disorder,Schizotypal Personality Disorder,RMD,TDB,1.9776780605316162,210.379150390625
2028-03-01,RMD_Selective Mutism,Selective Mutism,RMD,TDB,2.6007251739501953,47.634857177734375
2028-03-01,RMD_Stendhal Syndrome,Stendhal Syndrome,RMD,TDB,0.9035342335700989,3.366800546646118
2028-03-01,RMD_Wendigo Psychosis,Wendigo Psychosis,RMD,TDB,0.6384596228599548,1.2391387224197388
2028-03-01,PT_Acceptance And Commitment Therapy,Acceptance And Commitment Therapy,PT,TDB,1.0123932361602783,37.693389892578125
2028-03-01,PT_Animal Assisted Therapy,Animal Assisted Therapy,PT,TDB,1.2384147644042969,7.074125289916992
2028-03-01,PT_Anticonvulsant Therapy,Anticonvulsant Therapy,PT,TDB,0.40476828813552856,2.738835096359253
2028-03-01,PT_Antidepressants,Antidepressants,PT,TDB,0.9197525382041931,129.4608612060547
2028-03-01,PT_Antipsychotic Medications,Antipsychotic Medications,PT,TDB,-0.0022366840858012438,0.0
2028-03-01,PT_Anxiolytic Medications,Anxiolytic Medications,PT,TDB,0.8860354423522949,76.75425720214844
2028-03-01,PT_Art Therapy,Art Therapy,PT,TDB,0.40786290168762207,3.110501766204834
2028-03-01,PT_Augmentative Communication Devices,Augmentative Communication Devices,PT,TDB,0.31677982211112976,0.551388144493103
2028-03-01,PT_Behavioral Activation Therapy,Behavioral Activation Therapy,PT,TDB,0.5415897965431213,2.0986063480377197
2028-03-01,PT_Biofeedback Devices,Biofeedback Devices,PT,TDB,0.555360734462738,0.8334422707557678
2028-03-01,PT_Blockchain For Data Protection,Blockchain For Data Protection,PT,TDB,0.002225766656920314,0.0022282456047832966
2028-03-01,PT_Brain Computer Interface,Brain Computer Interface,PT,TDB,0.9208465814590454,73.67121124267578
2028-03-01,PT_Cbt For Insomnia,Cbt For Insomnia,PT,TDB,1.4189717769622803,3.132868766784668
2028-03-01,PT_Chronotherapy,Chronotherapy,PT,TDB,1.0015921592712402,2.4591329097747803
2028-03-01,PT_Closed Loop Neurostimulation,Closed Loop Neurostimulation,PT,TDB,1.166190505027771,26.7086181640625
2028-03-01,PT_Clozapine Protocol,Clozapine Protocol,PT,TDB,-0.004087501205503941,0.0
2028-03-01,PT_Cognitive Assistive Technologies,Cognitive Assistive Technologies,PT,TDB,0.044904593378305435,0.045928068459033966
2028-03-01,PT_Cognitive Behavioral Therapy,Cognitive Behavioral Therapy,PT,TDB,0.930715799331665,147.3978729248047
2028-03-01,PT_Cognitive Enhancement Programs,Cognitive Enhancement Programs,PT,TDB,0.07732716202735901,0.17042848467826843
2028-03-01,PT_Cultural Psychiatry Interventions,Cultural Psychiatry Interventions,PT,TDB,0.1595357358455658,0.17296618223190308
2028-03-01,PT_Deep Brain Stimulation,Deep Brain Stimulation,PT,TDB,0.8562182784080505,11.442056655883789
2028-03-01,PT_Dialectical Behavior Therapy,Dialectical Behavior Therapy,PT,TDB,0.981682538986206,27.980009078979492
2028-03-01,PT_Dietary Interventions And Supplements,Dietary Interventions And Supplements,PT,TDB,0.16630852222442627,0.18093739449977875
2028-03-01,PT_Digital Health Tools,Digital Health Tools,PT,TDB,0.7741063237190247,48.73573684692383
2028-03-01,PT_Digital Imaging Technologies For Brain Scanning,Digital Imaging Technologies For Brain Scanning,PT,TDB,0.09981022030115128,0.17774364352226257
2028-03-01,PT_Digital Phenotyping,Digital Phenotyping,PT,TDB,1.3076220750808716,15.875190734863281
2028-03-01,PT_Digital Therapeutics,Digital Therapeutics,PT,TDB,-0.004816983826458454,0.0
2028-03-01,PT_Electroconvulsive Therapy,Electroconvulsive Therapy,PT,TDB,-0.004579623229801655,0.0
2028-03-01,PT_Electroencephalography,Electroencephalography,PT,TDB,0.8567137122154236,198.330322265625
2028-03-01,PT_Emdr Therapy,Emdr Therapy,PT,TDB,0.9994586110115051,28.06193733215332
2028-03-01,PT_Emotion Regulation Training,Emotion Regulation Training,PT,TDB,0.6425580382347107,2.0105502605438232
2028-03-01,PT_Expressive Writing And Journaling,Expressive Writing And Journaling,PT,TDB,0.1862344890832901,0.20470471680164337
2028-03-01,PT_Fecal Microbiota Transplant,Fecal Microbiota Transplant,PT,TDB,-0.0043186889961361885,0.0
2028-03-01,PT_Focused Ultrasound Therapy,Focused Ultrasound Therapy,PT,TDB,0.3909698724746704,0.8956632018089294
2028-03-01,PT_Hypnotherapy,Hypnotherapy,PT,TDB,1.0549297332763672,21.42658042907715
2028-03-01,PT_Immunotherapy For Neuropsychiatric Disorders,Immunotherapy For Neuropsychiatric Disorders,PT,TDB,0.9923235774040222,16.60502052307129
2028-03-01,PT_Interpersonal Psychotherapy,Interpersonal Psychotherapy,PT,TDB,0.6269721388816833,4.246882915496826
2028-03-01,PT_Ketamine Therapy,Ketamine Therapy,PT,TDB,1.1023058891296387,18.373083114624023
2028-03-01,PT_Light Therapy,Light Therapy,PT,TDB,0.9924956560134888,13.55921459197998
2028-03-01,PT_Lithium Therapy,Lithium Therapy,PT,TDB,0.07453375309705734,0.0853295773267746
2028-03-01,PT_Machine Learning Neuroimaging,Machine Learning Neuroimaging,PT,TDB,1.9291325807571411,8.060388565063477
2028-03-01,PT_Meditation And Relaxation Techniques,Meditation And Relaxation Techniques,PT,TDB,0.3809545934200287,1.098669171333313
2028-03-01,PT_Memory Retrieval Techniques,Memory Retrieval Techniques,PT,TDB,-0.0011593387462198734,0.0
2028-03-01,PT_Mentalization Based Treatment,Mentalization Based Treatment,PT,TDB,0.8926045298576355,6.401594161987305
2028-03-01,PT_Metabolic And Enzyme Targeted Therapy,Metabolic And Enzyme Targeted Therapy,PT,TDB,0.39884811639785767,0.7383230328559875
2028-03-01,PT_Metaverse,Metaverse,PT,TDB,-0.004115299321711063,0.0
2028-03-01,PT_Mindfulness Based Stress Reduction,Mindfulness Based Stress Reduction,PT,TDB,0.9092794060707092,27.769336700439453
2028-03-01,PT_Mood Stabilizers,Mood Stabilizers,PT,TDB,0.9819215536117554,42.920806884765625
2028-03-01,PT_Motivational Interviewing,Motivational Interviewing,PT,TDB,1.0978463888168335,55.8785514831543
2028-03-01,PT_Music Therapy,Music Therapy,PT,TDB,0.8140593767166138,10.458181381225586
2028-03-01,PT_Naltrexone,Naltrexone,PT,TDB,1.1499402523040771,18.097137451171875
2028-03-01,PT_Narrative Exposure Therapy,Narrative Exposure Therapy,PT,TDB,0.811450183391571,22.912750244140625
2028-03-01,PT_Neurobiological Assessments For Mental Disorders,Neurobiological Assessments For Mental Disorders,PT,TDB,0.17576156556606293,0.19215378165245056
2028-03-01,PT_Neurocognitive Training,Neurocognitive Training,PT,TDB,0.7457647323608398,1.332361102104187
2028-03-01,PT_Neurofeedback Systems,Neurofeedback Systems,PT,TDB,0.32198306918144226,0.37986141443252563
2028-03-01,PT_Neuromodulation Techniques,Neuromodulation Techniques,PT,TDB,0.7565652132034302,13.130976676940918
2028-03-01,PT_Neuroplasticity Techniques,Neuroplasticity Techniques,PT,TDB,0.09000301361083984,0.205815389752388
2028-03-01,PT_Neuroprotective Agents,Neuroprotective Agents,PT,TDB,0.9962325096130371,25.504989624023438
2028-03-01,PT_Occupational Therapy,Occupational Therapy,PT,TDB,1.050297737121582,58.744773864746094
2028-03-01,PT_Oxytocin Therapy,Oxytocin Therapy,PT,TDB,0.9267547130584717,1.5262973308563232
2028-03-01,PT_Personalized Medicine,Personalized Medicine,PT,TDB,0.9187342524528503,318.21636962890625
2028-03-01,PT_Pharmacogenomic Testing,Pharmacogenomic Testing,PT,TDB,1.4182698726654053,12.88974380493164
2028-03-01,PT_Privacy Preserving Ai In Digital Mental Health,Privacy Preserving AI In Digital Mental Health,PT,TDB,-0.00576904509216547,0.0
2028-03-01,PT_Prolonged Exposure Therapy,Prolonged Exposure Therapy,PT,TDB,0.02695195935666561,0.05635204166173935
2028-03-01,PT_Psilocybin Assisted Therapy,Psilocybin Assisted Therapy,PT,TDB,-0.00480575580149889,0.0
2028-03-01,PT_Psychoeducation Programs,Psychoeducation Programs,PT,TDB,0.41771090030670166,0.9586976170539856
2028-03-01,PT_Psychophysiological Metrics For Treatment Response,Psychophysiological Metrics For Treatment Response,PT,TDB,0.3245748281478882,0.5837461948394775
2028-03-01,PT_Reality Testing Techniques,Reality Testing Techniques,PT,TDB,-0.005939648486673832,0.0
2028-03-01,PT_Regenerative Medicine Approaches,Regenerative Medicine Approaches,PT,TDB,0.6751021146774292,20.98452377319336
2028-03-01,PT_Resting State Fmri,Resting State FMRI,PT,TDB,0.7862367033958435,30.566795349121094
2028-03-01,PT_Schema Therapy,Schema Therapy,PT,TDB,1.2873644828796387,2.623224973678589
2028-03-01,PT_Secure Data Storage For Patient Records,Secure Data Storage For Patient Records,PT,TDB,0.04250069707632065,0.04341678321361542
2028-03-01,PT_Selective Serotonin Reuptake Inhibitors,Selective Serotonin Reuptake Inhibitors,PT,TDB,0.952500581741333,60.78487777709961
2028-03-01,PT_Sleep Pattern Monitoring And Manipulation,Sleep Pattern Monitoring And Manipulation,PT,TDB,-0.00629329401999712,0.0
2028-03-01,PT_Smart Wearable Mental Health Trackers,Smart Wearable Mental Health Trackers,PT,TDB,-0.006628029979765415,0.0
2028-03-01,PT_Social Skills Training,Social Skills Training,PT,TDB,1.0406557321548462,22.767044067382812
2028-03-01,PT_Speech Language Therapy,Speech Language Therapy,PT,TDB,0.5413327217102051,1.0073611736297607
2028-03-01,PT_Stem Cell Therapy For Neurological Disorders,Stem Cell Therapy For Neurological Disorders,PT,TDB,0.4383384883403778,2.4966373443603516
2028-03-01,PT_Stimulant And Wake Promoting Agents,Stimulant And Wake Promoting Agents,PT,TDB,1.1524105072021484,35.302772521972656
2028-03-01,PT_Traditional And Alternative Medicine Approaches,Traditional And Alternative Medicine Approaches,PT,TDB,0.6161555647850037,8.973723411560059
2028-03-01,PT_Transcranial Direct Current Stimulation,Transcranial Direct Current Stimulation,PT,TDB,0.830833911895752,33.521392822265625
2028-03-01,PT_Transcranial Magnetic Stimulation,Transcranial Magnetic Stimulation,PT,TDB,0.944157063961029,182.3736572265625
2028-03-01,PT_Transference Focused Psychotherapy,Transference Focused Psychotherapy,PT,TDB,1.0759985446929932,9.151018142700195
2028-03-01,PT_Trauma Focused Cbt,Trauma Focused Cbt,PT,TDB,0.6026131510734558,2.935042142868042
2028-03-01,PT_Vagus Nerve Stimulation,Vagus Nerve Stimulation,PT,TDB,1.0691345930099487,13.973334312438965
2028-03-01,PT_Virtual Reality Exposure Therapy,Virtual Reality Exposure Therapy,PT,TDB,0.8619494438171387,6.727108478546143
2028-03-01,PT_Vocal And Speech Biomarkers,Vocal And Speech Biomarkers,PT,TDB,-0.004194841720163822,0.0
2028-03-01,PT_Voxel Based Lesion Symptom Mapping,Voxel Based Lesion Symptom Mapping,PT,TDB,0.5035262703895569,0.9845411777496338
2028-04-01,RMD_Anorexia Nervosa,Anorexia Nervosa,RMD,TDB,1.8935045003890991,345.9190673828125
2028-04-01,RMD_Antisocial Personality Disorder,Antisocial Personality Disorder,RMD,TDB,1.251313328742981,51.78147506713867
2028-04-01,RMD_Autosarcophagy,Autosarcophagy,RMD,TDB,0.645346462726593,0.9066475033760071
2028-04-01,RMD_Avoidant Personality Disorder,Avoidant Personality Disorder,RMD,TDB,1.552619457244873,16.041452407836914
2028-04-01,RMD_Boanthropy,Boanthropy,RMD,TDB,0.8287240266799927,2.4104466438293457
2028-04-01,RMD_Body Integrity Dysphoria,Body Integrity Dysphoria,RMD,TDB,1.7230244874954224,32.70887756347656
2028-04-01,RMD_Brief Psychotic Disorder,Brief Psychotic Disorder,RMD,TDB,1.2510758638381958,2.619415521621704
2028-04-01,RMD_Capgras Syndrome,Capgras Syndrome,RMD,TDB,1.5997207164764404,25.864816665649414
2028-04-01,RMD_Childhood Disintegrative Disorder,Childhood Disintegrative Disorder,RMD,TDB,1.6915780305862427,32.75334167480469
2028-04-01,RMD_Chronic Traumatic Encephalopathy,Chronic Traumatic Encephalopathy,RMD,TDB,2.037179708480835,407.0272521972656
2028-04-01,RMD_Circadian Rhythm Sleep Wake Disorder,Circadian Rhythm Sleep Wake Disorder,RMD,TDB,1.280249834060669,2.9773027896881104
2028-04-01,RMD_Cotard Syndrome,Cotard Syndrome,RMD,TDB,1.544837236404419,5.382847785949707
2028-04-01,RMD_Cyclothymic Disorder,Cyclothymic Disorder,RMD,TDB,1.9705328941345215,232.26177978515625
2028-04-01,RMD_Delusional Disorder,Delusional Disorder,RMD,TDB,0.7065697908401489,2.505218267440796
2028-04-01,RMD_Diogenes Syndrome,Diogenes Syndrome,RMD,TDB,1.7053186893463135,4.562313079833984
2028-04-01,RMD_Disinhibited Social Engagement Disorder,Disinhibited Social Engagement Disorder,RMD,TDB,1.1273479461669922,5.008434772491455
2028-04-01,RMD_Dissociative Amnesia,Dissociative Amnesia,RMD,TDB,1.6224751472473145,6.191766738891602
2028-04-01,RMD_Dissociative Fugue,Dissociative Fugue,RMD,TDB,1.8976032733917236,38.074623107910156
2028-04-01,RMD_Ekbom Syndrome,Ekbom Syndrome,RMD,TDB,1.549615502357483,51.220237731933594
2028-04-01,RMD_Erotomania,Erotomania,RMD,TDB,1.9155430793762207,76.88312530517578
2028-04-01,RMD_Factitious Disorder,Factitious Disorder,RMD,TDB,2.0484743118286133,256.3739318847656
2028-04-01,RMD_Fregoli Delusion,Fregoli Delusion,RMD,TDB,1.0116478204727173,1.750128984451294
2028-04-01,RMD_Ganser Syndrome,Ganser Syndrome,RMD,TDB,2.232767343521118,12.34223747253418
2028-04-01,RMD_Hallucinogen Persisting Perception Disorder,Hallucinogen Persisting Perception Disorder,RMD,TDB,2.044743061065674,143.43247985839844
2028-04-01,RMD_Histrionic Personality Disorder,Histrionic Personality Disorder,RMD,TDB,1.2891618013381958,16.751848220825195
2028-04-01,RMD_Hypergraphia,Hypergraphia,RMD,TDB,1.051978588104248,5.137696743011475
2028-04-01,RMD_Hyperthymesia,Hyperthymesia,RMD,TDB,1.9418978691101074,73.08167266845703
2028-04-01,RMD_Impulse Control Disorders,Impulse Control Disorders,RMD,TDB,1.3941469192504883,83.10655975341797
2028-04-01,RMD_Intermetamorphosis Syndrome,Intermetamorphosis Syndrome,RMD,TDB,0.10225487500429153,0.31098321080207825
2028-04-01,RMD_Kleine Levin Syndrome,Kleine Levin Syndrome,RMD,TDB,1.4276354312896729,17.424148559570312
2028-04-01,RMD_Kleptomania,Kleptomania,RMD,TDB,2.2840919494628906,36.879737854003906
2028-04-01,RMD_Koro,Koro,RMD,TDB,1.1228368282318115,3.8890182971954346
2028-04-01,RMD_Landau Kleffner Syndrome,Landau Kleffner Syndrome,RMD,TDB,1.6672611236572266,10.67351245880127
2028-04-01,RMD_Narcissistic Personality Disorder,Narcissistic Personality Disorder,RMD,TDB,1.991358995437622,338.3236389160156
2028-04-01,RMD_Olfactory Reference Syndrome,Olfactory Reference Syndrome,RMD,TDB,1.594896912574768,97.4493179321289
2028-04-01,RMD_Othello Syndrome,Othello Syndrome,RMD,TDB,1.4422075748443604,18.31212615966797
2028-04-01,RMD_Palilalia,Palilalia,RMD,TDB,0.7681015133857727,2.2737057209014893
2028-04-01,RMD_Postpartum Psychosis,Postpartum Psychosis,RMD,TDB,2.248868227005005,30.441808700561523
2028-04-01,RMD_Pyromania,Pyromania,RMD,TDB,1.7659085988998413,44.303035736083984
2028-04-01,RMD_Reactive Attachment Disorder,Reactive Attachment Disorder,RMD,TDB,2.185137987136841,145.19863891601562
2028-04-01,RMD_Reduplicative Paramnesia,Reduplicative Paramnesia,RMD,TDB,1.2996869087219238,2.6681480407714844
2028-04-01,RMD_Rumination Disorder,Rumination Disorder,RMD,TDB,1.8365561962127686,80.13677215576172
2028-04-01,RMD_Savant Syndrome,Savant Syndrome,RMD,TDB,1.1257282495498657,14.264995574951172
2028-04-01,RMD_Schizoaffective Disorder,Schizoaffective Disorder,RMD,TDB,1.5512893199920654,91.58588409423828
2028-04-01,RMD_Schizotypal Personality Disorder,Schizotypal Personality Disorder,RMD,TDB,1.976576805114746,209.7499237060547
2028-04-01,RMD_Selective Mutism,Selective Mutism,RMD,TDB,2.598710775375366,47.48875427246094
2028-04-01,RMD_Stendhal Syndrome,Stendhal Syndrome,RMD,TDB,0.9038912057876587,3.3693442344665527
2028-04-01,RMD_Wendigo Psychosis,Wendigo Psychosis,RMD,TDB,0.640113353729248,1.2438188791275024
2028-04-01,PT_Acceptance And Commitment Therapy,Acceptance And Commitment Therapy,PT,TDB,1.0132148265838623,37.808349609375
2028-04-01,PT_Animal Assisted Therapy,Animal Assisted Therapy,PT,TDB,1.2383981943130493,7.07390022277832
2028-04-01,PT_Anticonvulsant Therapy,Anticonvulsant Therapy,PT,TDB,0.406554639339447,2.7606592178344727
2028-04-01,PT_Antidepressants,Antidepressants,PT,TDB,0.9205713272094727,130.02781677246094
2028-04-01,PT_Antipsychotic Medications,Antipsychotic Medications,PT,TDB,-0.0006981645710766315,0.0
2028-04-01,PT_Anxiolytic Medications,Anxiolytic Medications,PT,TDB,0.88658207654953,76.96334838867188
2028-04-01,PT_Art Therapy,Art Therapy,PT,TDB,0.40894919633865356,3.1260061264038086
2028-04-01,PT_Augmentative Communication Devices,Augmentative Communication Devices,PT,TDB,0.3180015981197357,0.554017961025238
2028-04-01,PT_Behavioral Activation Therapy,Behavioral Activation Therapy,PT,TDB,0.5427184700965881,2.1059181690216064
2028-04-01,PT_Biofeedback Devices,Biofeedback Devices,PT,TDB,0.556294322013855,0.8353115916252136
2028-04-01,PT_Blockchain For Data Protection,Blockchain For Data Protection,PT,TDB,0.003938089590519667,0.003945854492485523
2028-04-01,PT_Brain Computer Interface,Brain Computer Interface,PT,TDB,0.9218893051147461,74.03681182861328
2028-04-01,PT_Cbt For Insomnia,Cbt For Insomnia,PT,TDB,1.4180219173431396,3.1289448738098145
2028-04-01,PT_Chronotherapy,Chronotherapy,PT,TDB,1.0016196966171265,2.4592506885528564
2028-04-01,PT_Closed Loop Neurostimulation,Closed Loop Neurostimulation,PT,TDB,1.1659109592437744,26.686561584472656
2028-04-01,PT_Clozapine Protocol,Clozapine Protocol,PT,TDB,-0.0025546145625412464,0.0
2028-04-01,PT_Cognitive Assistive Technologies,Cognitive Assistive Technologies,PT,TDB,0.04636812210083008,0.047459933906793594
2028-04-01,PT_Cognitive Behavioral Therapy,Cognitive Behavioral Therapy,PT,TDB,0.9313446879386902,147.9000701904297
2028-04-01,PT_Cognitive Enhancement Programs,Cognitive Enhancement Programs,PT,TDB,0.07859328389167786,0.17344823479652405
2028-04-01,PT_Cultural Psychiatry Interventions,Cultural Psychiatry Interventions,PT,TDB,0.16061481833457947,0.1742325872182846
2028-04-01,PT_Deep Brain Stimulation,Deep Brain Stimulation,PT,TDB,0.8562480211257935,11.443145751953125
2028-04-01,PT_Dialectical Behavior Therapy,Dialectical Behavior Therapy,PT,TDB,0.9819867014884949,28.01025390625
2028-04-01,PT_Dietary Interventions And Supplements,Dietary Interventions And Supplements,PT,TDB,0.1678674817085266,0.18277986347675323
2028-04-01,PT_Digital Health Tools,Digital Health Tools,PT,TDB,0.7751225829124451,48.99148178100586
2028-04-01,PT_Digital Imaging Technologies For Brain Scanning,Digital Imaging Technologies For Brain Scanning,PT,TDB,0.1017448902130127,0.1814843714237213
2028-04-01,PT_Digital Phenotyping,Digital Phenotyping,PT,TDB,1.3071166276931763,15.856769561767578
2028-04-01,PT_Digital Therapeutics,Digital Therapeutics,PT,TDB,-0.003355972934514284,0.0
2028-04-01,PT_Electroconvulsive Therapy,Electroconvulsive Therapy,PT,TDB,-0.0031208363361656666,0.0
2028-04-01,PT_Electroencephalography,Electroencephalography,PT,TDB,0.8575289845466614,199.3372344970703
2028-04-01,PT_Emdr Therapy,Emdr Therapy,PT,TDB,0.9997782707214355,28.093273162841797
2028-04-01,PT_Emotion Regulation Training,Emotion Regulation Training,PT,TDB,0.6435385346412659,2.0156173706054688
2028-04-01,PT_Expressive Writing And Journaling,Expressive Writing And Journaling,PT,TDB,0.1878855973482132,0.20669545233249664
2028-04-01,PT_Fecal Microbiota Transplant,Fecal Microbiota Transplant,PT,TDB,-0.00287259416654706,0.0
2028-04-01,PT_Focused Ultrasound Therapy,Focused Ultrasound Therapy,PT,TDB,0.3917018175125122,0.8979343175888062
2028-04-01,PT_Hypnotherapy,Hypnotherapy,PT,TDB,1.0547879934310913,21.41720962524414
2028-04-01,PT_Immunotherapy For Neuropsychiatric Disorders,Immunotherapy For Neuropsychiatric Disorders,PT,TDB,0.9918971657752991,16.583337783813477
2028-04-01,PT_Interpersonal Psychotherapy,Interpersonal Psychotherapy,PT,TDB,0.6279289126396179,4.260171413421631
2028-04-01,PT_Ketamine Therapy,Ketamine Therapy,PT,TDB,1.1017656326293945,18.344959259033203
2028-04-01,PT_Light Therapy,Light Therapy,PT,TDB,0.9922850728034973,13.550945281982422
2028-04-01,PT_Lithium Therapy,Lithium Therapy,PT,TDB,0.07585589587688446,0.08690718561410904
2028-04-01,PT_Machine Learning Neuroimaging,Machine Learning Neuroimaging,PT,TDB,1.927266001701355,8.041089057922363
2028-04-01,PT_Meditation And Relaxation Techniques,Meditation And Relaxation Techniques,PT,TDB,0.3824204206466675,1.1046639680862427
2028-04-01,PT_Memory Retrieval Techniques,Memory Retrieval Techniques,PT,TDB,0.00029517151415348053,0.0005974023370072246
2028-04-01,PT_Mentalization Based Treatment,Mentalization Based Treatment,PT,TDB,0.8922960758209229,6.396474838256836
2028-04-01,PT_Metabolic And Enzyme Targeted Therapy,Metabolic And Enzyme Targeted Therapy,PT,TDB,0.39964789152145386,0.7402514815330505
2028-04-01,PT_Metaverse,Metaverse,PT,TDB,-0.002611089963465929,0.0
2028-04-01,PT_Mindfulness Based Stress Reduction,Mindfulness Based Stress Reduction,PT,TDB,0.9100379943847656,27.850080490112305
2028-04-01,PT_Mood Stabilizers,Mood Stabilizers,PT,TDB,0.9821031093597412,42.951541900634766
2028-04-01,PT_Motivational Interviewing,Motivational Interviewing,PT,TDB,1.097693920135498,55.846641540527344
2028-04-01,PT_Music Therapy,Music Therapy,PT,TDB,0.8141371011734009,10.460847854614258
2028-04-01,PT_Naltrexone,Naltrexone,PT,TDB,1.1491988897323608,18.060855865478516
2028-04-01,PT_Narrative Exposure Therapy,Narrative Exposure Therapy,PT,TDB,0.8117144703865051,22.937488555908203
2028-04-01,PT_Neurobiological Assessments For Mental Disorders,Neurobiological Assessments For Mental Disorders,PT,TDB,0.17704828083515167,0.19368872046470642
2028-04-01,PT_Neurocognitive Training,Neurocognitive Training,PT,TDB,0.7463324069976807,1.3338650465011597
2028-04-01,PT_Neurofeedback Systems,Neurofeedback Systems,PT,TDB,0.32311365008354187,0.38142234086990356
2028-04-01,PT_Neuromodulation Techniques,Neuromodulation Techniques,PT,TDB,0.7576242685317993,13.183460235595703
2028-04-01,PT_Neuroplasticity Techniques,Neuroplasticity Techniques,PT,TDB,0.09170487523078918,0.21009023487567902
2028-04-01,PT_Neuroprotective Agents,Neuroprotective Agents,PT,TDB,0.99637371301651,25.517303466796875
2028-04-01,PT_Occupational Therapy,Occupational Therapy,PT,TDB,1.0501654148101807,58.714012145996094
2028-04-01,PT_Oxytocin Therapy,Oxytocin Therapy,PT,TDB,0.9266390800476074,1.5260051488876343
2028-04-01,PT_Personalized Medicine,Personalized Medicine,PT,TDB,0.9194413423538208,319.63616943359375
2028-04-01,PT_Pharmacogenomic Testing,Pharmacogenomic Testing,PT,TDB,1.4174381494522095,12.868330955505371
2028-04-01,PT_Privacy Preserving Ai In Digital Mental Health,Privacy Preserving AI In Digital Mental Health,PT,TDB,-0.004332211334258318,0.0
2028-04-01,PT_Prolonged Exposure Therapy,Prolonged Exposure Therapy,PT,TDB,0.028293520212173462,0.05923854932188988
2028-04-01,PT_Psilocybin Assisted Therapy,Psilocybin Assisted Therapy,PT,TDB,-0.0033216369338333607,0.0
2028-04-01,PT_Psychoeducation Programs,Psychoeducation Programs,PT,TDB,0.41865238547325134,0.9616678357124329
2028-04-01,PT_Psychophysiological Metrics For Treatment Response,Psychophysiological Metrics For Treatment Response,PT,TDB,0.3262227773666382,0.5874477624893188
2028-04-01,PT_Reality Testing Techniques,Reality Testing Techniques,PT,TDB,-0.004517171997576952,0.0
2028-04-01,PT_Regenerative Medicine Approaches,Regenerative Medicine Approaches,PT,TDB,0.6763297915458679,21.10841941833496
2028-04-01,PT_Resting State Fmri,Resting State FMRI,PT,TDB,0.7873897552490234,30.727008819580078
2028-04-01,PT_Schema Therapy,Schema Therapy,PT,TDB,1.28652024269104,2.6201672554016113
2028-04-01,PT_Secure Data Storage For Patient Records,Secure Data Storage For Patient Records,PT,TDB,0.04400062561035156,0.04498300701379776
2028-04-01,PT_Selective Serotonin Reuptake Inhibitors,Selective Serotonin Reuptake Inhibitors,PT,TDB,0.9527377486228943,60.84836959838867
2028-04-01,PT_Sleep Pattern Monitoring And Manipulation,Sleep Pattern Monitoring And Manipulation,PT,TDB,-0.004876535851508379,0.0
2028-04-01,PT_Smart Wearable Mental Health Trackers,Smart Wearable Mental Health Trackers,PT,TDB,-0.005205631721764803,0.0
2028-04-01,PT_Social Skills Training,Social Skills Training,PT,TDB,1.0406638383865356,22.767627716064453
2028-04-01,PT_Speech Language Therapy,Speech Language Therapy,PT,TDB,0.5421059131622314,1.0093600749969482
2028-04-01,PT_Stem Cell Therapy For Neurological Disorders,Stem Cell Therapy For Neurological Disorders,PT,TDB,0.4399608373641968,2.5128750801086426
2028-04-01,PT_Stimulant And Wake Promoting Agents,Stimulant And Wake Promoting Agents,PT,TDB,1.1523051261901855,35.29084777832031
2028-04-01,PT_Traditional And Alternative Medicine Approaches,Traditional And Alternative Medicine Approaches,PT,TDB,0.6173521876335144,9.018373489379883
2028-04-01,PT_Transcranial Direct Current Stimulation,Transcranial Direct Current Stimulation,PT,TDB,0.8308978080749512,33.53079605102539
2028-04-01,PT_Transcranial Magnetic Stimulation,Transcranial Magnetic Stimulation,PT,TDB,0.9445781111717224,182.8003387451172
2028-04-01,PT_Transference Focused Psychotherapy,Transference Focused Psychotherapy,PT,TDB,1.0759332180023193,9.149587631225586
2028-04-01,PT_Trauma Focused Cbt,Trauma Focused Cbt,PT,TDB,0.603764533996582,2.9453554153442383
2028-04-01,PT_Vagus Nerve Stimulation,Vagus Nerve Stimulation,PT,TDB,1.069030523300171,13.969390869140625
2028-04-01,PT_Virtual Reality Exposure Therapy,Virtual Reality Exposure Therapy,PT,TDB,0.8622213006019592,6.732093334197998
2028-04-01,PT_Vocal And Speech Biomarkers,Vocal And Speech Biomarkers,PT,TDB,-0.0027314131148159504,0.0
2028-04-01,PT_Voxel Based Lesion Symptom Mapping,Voxel Based Lesion Symptom Mapping,PT,TDB,0.5047548413276672,0.9878625869750977
2028-05-01,RMD_Anorexia Nervosa,Anorexia Nervosa,RMD,TDB,1.8952531814575195,347.7980651855469
2028-05-01,RMD_Antisocial Personality Disorder,Antisocial Personality Disorder,RMD,TDB,1.255418062210083,52.47267532348633
2028-05-01,RMD_Autosarcophagy,Autosarcophagy,RMD,TDB,0.6487101912498474,0.9130717515945435
2028-05-01,RMD_Avoidant Personality Disorder,Avoidant Personality Disorder,RMD,TDB,1.5548944473266602,16.11240577697754
2028-05-01,RMD_Boanthropy,Boanthropy,RMD,TDB,0.831842839717865,2.426229238510132
2028-05-01,RMD_Body Integrity Dysphoria,Body Integrity Dysphoria,RMD,TDB,1.7248899936676025,32.83750915527344
2028-05-01,RMD_Brief Psychotic Disorder,Brief Psychotic Disorder,RMD,TDB,1.254773497581482,2.633201837539673
2028-05-01,RMD_Capgras Syndrome,Capgras Syndrome,RMD,TDB,1.6023623943328857,26.011205673217773
2028-05-01,RMD_Childhood Disintegrative Disorder,Childhood Disintegrative Disorder,RMD,TDB,1.6937856674194336,32.90871810913086
2028-05-01,RMD_Chronic Traumatic Encephalopathy,Chronic Traumatic Encephalopathy,RMD,TDB,2.0385425090789795,408.6714782714844
2028-05-01,RMD_Circadian Rhythm Sleep Wake Disorder,Circadian Rhythm Sleep Wake Disorder,RMD,TDB,1.2838788032531738,2.9928982257843018
2028-05-01,RMD_Cotard Syndrome,Cotard Syndrome,RMD,TDB,1.5466606616973877,5.396827697753906
2028-05-01,RMD_Cyclothymic Disorder,Cyclothymic Disorder,RMD,TDB,1.9726629257202148,233.64060974121094
2028-05-01,RMD_Delusional Disorder,Delusional Disorder,RMD,TDB,0.7120036482810974,2.5391926765441895
2028-05-01,RMD_Diogenes Syndrome,Diogenes Syndrome,RMD,TDB,1.7072982788085938,4.573404312133789
2028-05-01,RMD_Disinhibited Social Engagement Disorder,Disinhibited Social Engagement Disorder,RMD,TDB,1.1307857036590576,5.041379451751709
2028-05-01,RMD_Dissociative Amnesia,Dissociative Amnesia,RMD,TDB,1.6251894235610962,6.215542793273926
2028-05-01,RMD_Dissociative Fugue,Dissociative Fugue,RMD,TDB,1.899196743965149,38.1950798034668
2028-05-01,RMD_Ekbom Syndrome,Ekbom Syndrome,RMD,TDB,1.5528833866119385,51.65764236450195
2028-05-01,RMD_Erotomania,Erotomania,RMD,TDB,1.9166425466537476,77.07808685302734
2028-05-01,RMD_Factitious Disorder,Factitious Disorder,RMD,TDB,2.0500688552856445,257.48834228515625
2028-05-01,RMD_Fregoli Delusion,Fregoli Delusion,RMD,TDB,1.015381097793579,1.7604151964187622
2028-05-01,RMD_Ganser Syndrome,Ganser Syndrome,RMD,TDB,2.2338716983795166,12.359346389770508
2028-05-01,RMD_Hallucinogen Persisting Perception Disorder,Hallucinogen Persisting Perception Disorder,RMD,TDB,2.0459136962890625,143.84423828125
2028-05-01,RMD_Histrionic Personality Disorder,Histrionic Personality Disorder,RMD,TDB,1.2910879850387573,16.828310012817383
2028-05-01,RMD_Hypergraphia,Hypergraphia,RMD,TDB,1.0541517734527588,5.160745620727539
2028-05-01,RMD_Hyperthymesia,Hyperthymesia,RMD,TDB,1.9433070421218872,73.31348419189453
2028-05-01,RMD_Impulse Control Disorders,Impulse Control Disorders,RMD,TDB,1.39682137966156,83.82472229003906
2028-05-01,RMD_Intermetamorphosis Syndrome,Intermetamorphosis Syndrome,RMD,TDB,0.10674531012773514,0.32666513323783875
2028-05-01,RMD_Kleine Levin Syndrome,Kleine Levin Syndrome,RMD,TDB,1.429924726486206,17.510433197021484
2028-05-01,RMD_Kleptomania,Kleptomania,RMD,TDB,2.2850985527038574,36.94045639038086
2028-05-01,RMD_Koro,Koro,RMD,TDB,1.125527262687683,3.907644510269165
2028-05-01,RMD_Landau Kleffner Syndrome,Landau Kleffner Syndrome,RMD,TDB,1.6687911748886108,10.699865341186523
2028-05-01,RMD_Narcissistic Personality Disorder,Narcissistic Personality Disorder,RMD,TDB,1.992531418800354,339.48980712890625
2028-05-01,RMD_Olfactory Reference Syndrome,Olfactory Reference Syndrome,RMD,TDB,1.5967671871185303,97.9806137084961
2028-05-01,RMD_Othello Syndrome,Othello Syndrome,RMD,TDB,1.4440948963165283,18.387096405029297
2028-05-01,RMD_Palilalia,Palilalia,RMD,TDB,0.7694182395935059,2.2803680896759033
2028-05-01,RMD_Postpartum Psychosis,Postpartum Psychosis,RMD,TDB,2.248143196105957,30.406879425048828
2028-05-01,RMD_Pyromania,Pyromania,RMD,TDB,1.7662105560302734,44.332584381103516
2028-05-01,RMD_Reactive Attachment Disorder,Reactive Attachment Disorder,RMD,TDB,2.1846330165863037,145.0303192138672
2028-05-01,RMD_Reduplicative Paramnesia,Reduplicative Paramnesia,RMD,TDB,1.3007581233978271,2.672079563140869
2028-05-01,RMD_Rumination Disorder,Rumination Disorder,RMD,TDB,1.8368009328842163,80.18433380126953
2028-05-01,RMD_Savant Syndrome,Savant Syndrome,RMD,TDB,1.1254576444625854,14.254997253417969
2028-05-01,RMD_Schizoaffective Disorder,Schizoaffective Disorder,RMD,TDB,1.552253007888794,91.84668731689453
2028-05-01,RMD_Schizotypal Personality Disorder,Schizotypal Personality Disorder,RMD,TDB,1.9758498668670654,209.33560180664062
2028-05-01,RMD_Selective Mutism,Selective Mutism,RMD,TDB,2.597111225128174,47.37305450439453
2028-05-01,RMD_Stendhal Syndrome,Stendhal Syndrome,RMD,TDB,0.9043323397636414,3.3724899291992188
2028-05-01,RMD_Wendigo Psychosis,Wendigo Psychosis,RMD,TDB,0.6418957114219666,1.2488738298416138
2028-05-01,PT_Acceptance And Commitment Therapy,Acceptance And Commitment Therapy,PT,TDB,1.0142046213150024,37.947303771972656
2028-05-01,PT_Animal Assisted Therapy,Animal Assisted Therapy,PT,TDB,1.2384631633758545,7.074783802032471
2028-05-01,PT_Anticonvulsant Therapy,Anticonvulsant Therapy,PT,TDB,0.40835756063461304,2.7828145027160645
2028-05-01,PT_Antidepressants,Antidepressants,PT,TDB,0.9215152263641357,130.68447875976562
2028-05-01,PT_Antipsychotic Medications,Antipsychotic Medications,PT,TDB,0.0007321793818846345,0.0007324474863708019
2028-05-01,PT_Anxiolytic Medications,Anxiolytic Medications,PT,TDB,0.8872151970863342,77.20626068115234
2028-05-01,PT_Art Therapy,Art Therapy,PT,TDB,0.4099949896335602,3.1409876346588135
2028-05-01,PT_Augmentative Communication Devices,Augmentative Communication Devices,PT,TDB,0.31914833188056946,0.5564903616905212
2028-05-01,PT_Behavioral Activation Therapy,Behavioral Activation Therapy,PT,TDB,0.5438085794448853,2.1129965782165527
2028-05-01,PT_Biofeedback Devices,Biofeedback Devices,PT,TDB,0.5571444630622864,0.8370153903961182
2028-05-01,PT_Blockchain For Data Protection,Blockchain For Data Protection,PT,TDB,0.005545250605791807,0.00556065421551466
2028-05-01,PT_Brain Computer Interface,Brain Computer Interface,PT,TDB,0.9230657815933228,74.45143127441406
2028-05-01,PT_Cbt For Insomnia,Cbt For Insomnia,PT,TDB,1.4171236753463745,3.1252379417419434
2028-05-01,PT_Chronotherapy,Chronotherapy,PT,TDB,1.001673936843872,2.4594833850860596
2028-05-01,PT_Closed Loop Neurostimulation,Closed Loop Neurostimulation,PT,TDB,1.1656728982925415,26.667795181274414
2028-05-01,PT_Clozapine Protocol,Clozapine Protocol,PT,TDB,-0.0011310804402455688,0.0
2028-05-01,PT_Cognitive Assistive Technologies,Cognitive Assistive Technologies,PT,TDB,0.04770226776599884,0.04885832965373993
2028-05-01,PT_Cognitive Behavioral Therapy,Cognitive Behavioral Therapy,PT,TDB,0.9320508241653442,148.46595764160156
2028-05-01,PT_Cognitive Enhancement Programs,Cognitive Enhancement Programs,PT,TDB,0.07970839738845825,0.1761142611503601
2028-05-01,PT_Cultural Psychiatry Interventions,Cultural Psychiatry Interventions,PT,TDB,0.16156277060508728,0.175346240401268
2028-05-01,PT_Deep Brain Stimulation,Deep Brain Stimulation,PT,TDB,0.8563406467437744,11.446539878845215
2028-05-01,PT_Dialectical Behavior Therapy,Dialectical Behavior Therapy,PT,TDB,0.9823502898216248,28.046449661254883
2028-05-01,PT_Dietary Interventions And Supplements,Dietary Interventions And Supplements,PT,TDB,0.16934354603290558,0.18452700972557068
2028-05-01,PT_Digital Health Tools,Digital Health Tools,PT,TDB,0.7761942148208618,49.26258087158203
2028-05-01,PT_Digital Imaging Technologies For Brain Scanning,Digital Imaging Technologies For Brain Scanning,PT,TDB,0.10364869236946106,0.1851770132780075
2028-05-01,PT_Digital Phenotyping,Digital Phenotyping,PT,TDB,1.3067245483398438,15.84249210357666
2028-05-01,PT_Digital Therapeutics,Digital Therapeutics,PT,TDB,-0.0019919653423130512,0.0
2028-05-01,PT_Electroconvulsive Therapy,Electroconvulsive Therapy,PT,TDB,-0.001759015372954309,0.0
2028-05-01,PT_Electroencephalography,Electroencephalography,PT,TDB,0.8584142327308655,200.4363250732422
2028-05-01,PT_Emdr Therapy,Emdr Therapy,PT,TDB,1.0001713037490845,28.131845474243164
2028-05-01,PT_Emotion Regulation Training,Emotion Regulation Training,PT,TDB,0.6444905996322632,2.0205461978912354
2028-05-01,PT_Expressive Writing And Journaling,Expressive Writing And Journaling,PT,TDB,0.18949294090270996,0.2086365967988968
2028-05-01,PT_Fecal Microbiota Transplant,Fecal Microbiota Transplant,PT,TDB,-0.0015408474719151855,0.0
2028-05-01,PT_Focused Ultrasound Therapy,Focused Ultrasound Therapy,PT,TDB,0.39234697818756104,0.8999384641647339
2028-05-01,PT_Hypnotherapy,Hypnotherapy,PT,TDB,1.0546610355377197,21.4088191986084
2028-05-01,PT_Immunotherapy For Neuropsychiatric Disorders,Immunotherapy For Neuropsychiatric Disorders,PT,TDB,0.9915409088134766,16.56524085998535
2028-05-01,PT_Interpersonal Psychotherapy,Interpersonal Psychotherapy,PT,TDB,0.6288734674453735,4.273324489593506
2028-05-01,PT_Ketamine Therapy,Ketamine Therapy,PT,TDB,1.1012160778045654,18.31639862060547
2028-05-01,PT_Light Therapy,Light Therapy,PT,TDB,0.9920831918716431,13.543020248413086
2028-05-01,PT_Lithium Therapy,Lithium Therapy,PT,TDB,0.07707581669092178,0.0883648619055748
2028-05-01,PT_Machine Learning Neuroimaging,Machine Learning Neuroimaging,PT,TDB,1.9254634380340576,8.022488594055176
2028-05-01,PT_Meditation And Relaxation Techniques,Meditation And Relaxation Techniques,PT,TDB,0.3838689625263214,1.1106047630310059
2028-05-01,PT_Memory Retrieval Techniques,Memory Retrieval Techniques,PT,TDB,0.0016241725534200668,0.0032916127238422632
2028-05-01,PT_Mentalization Based Treatment,Mentalization Based Treatment,PT,TDB,0.8918832540512085,6.389630317687988
2028-05-01,PT_Metabolic And Enzyme Targeted Therapy,Metabolic And Enzyme Targeted Therapy,PT,TDB,0.4003540873527527,0.7419559359550476
2028-05-01,PT_Metaverse,Metaverse,PT,TDB,-0.0012229162966832519,0.0
2028-05-01,PT_Mindfulness Based Stress Reduction,Mindfulness Based Stress Reduction,PT,TDB,0.9108762145042419,27.93956184387207
2028-05-01,PT_Mood Stabilizers,Mood Stabilizers,PT,TDB,0.9823570251464844,42.99454879760742
2028-05-01,PT_Motivational Interviewing,Motivational Interviewing,PT,TDB,1.0976026058197021,55.82753372192383
2028-05-01,PT_Music Therapy,Music Therapy,PT,TDB,0.8141664266586304,10.461856842041016
2028-05-01,PT_Naltrexone,Naltrexone,PT,TDB,1.1484264135360718,18.023130416870117
2028-05-01,PT_Narrative Exposure Therapy,Narrative Exposure Therapy,PT,TDB,0.8119738698005676,22.961790084838867
2028-05-01,PT_Neurobiological Assessments For Mental Disorders,Neurobiological Assessments For Mental Disorders,PT,TDB,0.17822037637233734,0.19508865475654602
2028-05-01,PT_Neurocognitive Training,Neurocognitive Training,PT,TDB,0.7468834519386292,1.335326075553894
2028-05-01,PT_Neurofeedback Systems,Neurofeedback Systems,PT,TDB,0.32415828108787537,0.38286617398262024
2028-05-01,PT_Neuromodulation Techniques,Neuromodulation Techniques,PT,TDB,0.7587338089942932,13.238656997680664
2028-05-01,PT_Neuroplasticity Techniques,Neuroplasticity Techniques,PT,TDB,0.0933600515127182,0.21426235139369965
2028-05-01,PT_Neuroprotective Agents,Neuroprotective Agents,PT,TDB,0.9965814352035522,25.535429000854492
2028-05-01,PT_Occupational Therapy,Occupational Therapy,PT,TDB,1.0500773191452026,58.69351577758789
2028-05-01,PT_Oxytocin Therapy,Oxytocin Therapy,PT,TDB,0.9265109896659851,1.5256816148757935
2028-05-01,PT_Personalized Medicine,Personalized Medicine,PT,TDB,0.9202284216880798,321.223876953125
2028-05-01,PT_Pharmacogenomic Testing,Pharmacogenomic Testing,PT,TDB,1.4166830778121948,12.848916053771973
2028-05-01,PT_Privacy Preserving Ai In Digital Mental Health,Privacy Preserving AI In Digital Mental Health,PT,TDB,-0.002999663818627596,0.0
2028-05-01,PT_Prolonged Exposure Therapy,Prolonged Exposure Therapy,PT,TDB,0.02951645851135254,0.06187669560313225
2028-05-01,PT_Psilocybin Assisted Therapy,Psilocybin Assisted Therapy,PT,TDB,-0.001945991418324411,0.0
2028-05-01,PT_Psychoeducation Programs,Psychoeducation Programs,PT,TDB,0.41948553919792175,0.9643000364303589
2028-05-01,PT_Psychophysiological Metrics For Treatment Response,Psychophysiological Metrics For Treatment Response,PT,TDB,0.3278479278087616,0.5911065936088562
2028-05-01,PT_Reality Testing Techniques,Reality Testing Techniques,PT,TDB,-0.0032203278969973326,0.0
2028-05-01,PT_Regenerative Medicine Approaches,Regenerative Medicine Approaches,PT,TDB,0.6776155233383179,21.238924026489258
2028-05-01,PT_Resting State Fmri,Resting State FMRI,PT,TDB,0.7886090278625488,30.897314071655273
2028-05-01,PT_Schema Therapy,Schema Therapy,PT,TDB,1.285829782485962,2.617668628692627
2028-05-01,PT_Secure Data Storage For Patient Records,Secure Data Storage For Patient Records,PT,TDB,0.04540964215993881,0.04645644500851631
2028-05-01,PT_Selective Serotonin Reuptake Inhibitors,Selective Serotonin Reuptake Inhibitors,PT,TDB,0.9530479907989502,60.93150329589844
2028-05-01,PT_Sleep Pattern Monitoring And Manipulation,Sleep Pattern Monitoring And Manipulation,PT,TDB,-0.0035815280862152576,0.0
2028-05-01,PT_Smart Wearable Mental Health Trackers,Smart Wearable Mental Health Trackers,PT,TDB,-0.003914297092705965,0.0
2028-05-01,PT_Social Skills Training,Social Skills Training,PT,TDB,1.0407497882843018,22.773849487304688
2028-05-01,PT_Speech Language Therapy,Speech Language Therapy,PT,TDB,0.542861819267273,1.011316180229187
2028-05-01,PT_Stem Cell Therapy For Neurological Disorders,Stem Cell Therapy For Neurological Disorders,PT,TDB,0.44161221385002136,2.5294806957244873
2028-05-01,PT_Stimulant And Wake Promoting Agents,Stimulant And Wake Promoting Agents,PT,TDB,1.1522804498672485,35.288063049316406
2028-05-01,PT_Traditional And Alternative Medicine Approaches,Traditional And Alternative Medicine Approaches,PT,TDB,0.6185563206672668,9.06350326538086
2028-05-01,PT_Transcranial Direct Current Stimulation,Transcranial Direct Current Stimulation,PT,TDB,0.8309850692749023,33.54364013671875
2028-05-01,PT_Transcranial Magnetic Stimulation,Transcranial Magnetic Stimulation,PT,TDB,0.9450770616531372,183.3072509765625
2028-05-01,PT_Transference Focused Psychotherapy,Transference Focused Psychotherapy,PT,TDB,1.075892448425293,9.148697853088379
2028-05-01,PT_Trauma Focused Cbt,Trauma Focused Cbt,PT,TDB,0.6049149632453918,2.9556868076324463
2028-05-01,PT_Vagus Nerve Stimulation,Vagus Nerve Stimulation,PT,TDB,1.0689659118652344,13.96694278717041
2028-05-01,PT_Virtual Reality Exposure Therapy,Virtual Reality Exposure Therapy,PT,TDB,0.8625089526176453,6.737371444702148
2028-05-01,PT_Vocal And Speech Biomarkers,Vocal And Speech Biomarkers,PT,TDB,-0.0013616274809464812,0.0
2028-05-01,PT_Voxel Based Lesion Symptom Mapping,Voxel Based Lesion Symptom Mapping,PT,TDB,0.5059681534767151,0.9911483526229858
2028-06-01,RMD_Anorexia Nervosa,Anorexia Nervosa,RMD,TDB,1.899113655090332,351.9824523925781
2028-06-01,RMD_Antisocial Personality Disorder,Antisocial Personality Disorder,RMD,TDB,1.2604575157165527,53.33364486694336
2028-06-01,RMD_Autosarcophagy,Autosarcophagy,RMD,TDB,0.6528117656707764,0.9209344387054443
2028-06-01,RMD_Avoidant Personality Disorder,Avoidant Personality Disorder,RMD,TDB,1.5581395626068115,16.214130401611328
2028-06-01,RMD_Boanthropy,Boanthropy,RMD,TDB,0.8356968760490417,2.445833444595337
2028-06-01,RMD_Body Integrity Dysphoria,Body Integrity Dysphoria,RMD,TDB,1.7287828922271729,33.107513427734375
2028-06-01,RMD_Brief Psychotic Disorder,Brief Psychotic Disorder,RMD,TDB,1.259981393814087,2.6527085304260254
2028-06-01,RMD_Capgras Syndrome,Capgras Syndrome,RMD,TDB,1.6067750453948975,26.257516860961914
2028-06-01,RMD_Childhood Disintegrative Disorder,Childhood Disintegrative Disorder,RMD,TDB,1.6979668140411377,33.20494842529297
2028-06-01,RMD_Chronic Traumatic Encephalopathy,Chronic Traumatic Encephalopathy,RMD,TDB,2.0421438217163086,413.0481872558594
2028-06-01,RMD_Circadian Rhythm Sleep Wake Disorder,Circadian Rhythm Sleep Wake Disorder,RMD,TDB,1.2891353368759155,3.015596628189087
2028-06-01,RMD_Cotard Syndrome,Cotard Syndrome,RMD,TDB,1.5501384735107422,5.423577785491943
2028-06-01,RMD_Cyclothymic Disorder,Cyclothymic Disorder,RMD,TDB,1.977042555809021,236.50112915039062
2028-06-01,RMD_Delusional Disorder,Delusional Disorder,RMD,TDB,0.7181456089019775,2.577990770339966
2028-06-01,RMD_Diogenes Syndrome,Diogenes Syndrome,RMD,TDB,1.7112314701080322,4.59550666809082
2028-06-01,RMD_Disinhibited Social Engagement Disorder,Disinhibited Social Engagement Disorder,RMD,TDB,1.1350287199020386,5.082290172576904
2028-06-01,RMD_Dissociative Amnesia,Dissociative Amnesia,RMD,TDB,1.6298593282699585,6.256633758544922
2028-06-01,RMD_Dissociative Fugue,Dissociative Fugue,RMD,TDB,1.9030554294586182,38.488319396972656
2028-06-01,RMD_Ekbom Syndrome,Ekbom Syndrome,RMD,TDB,1.5580666065216064,52.35896301269531
2028-06-01,RMD_Erotomania,Erotomania,RMD,TDB,1.9199612140655518,77.66944885253906
2028-06-01,RMD_Factitious Disorder,Factitious Disorder,RMD,TDB,2.0539474487304688,260.2191162109375
2028-06-01,RMD_Fregoli Delusion,Fregoli Delusion,RMD,TDB,1.019887089729309,1.7728816270828247
2028-06-01,RMD_Ganser Syndrome,Ganser Syndrome,RMD,TDB,2.2362618446350098,12.39645004272461
2028-06-01,RMD_Hallucinogen Persisting Perception Disorder,Hallucinogen Persisting Perception Disorder,RMD,TDB,2.04935359954834,145.06109619140625
2028-06-01,RMD_Histrionic Personality Disorder,Histrionic Personality Disorder,RMD,TDB,1.2938308715820312,16.93775749206543
2028-06-01,RMD_Hypergraphia,Hypergraphia,RMD,TDB,1.057083010673523,5.191972255706787
2028-06-01,RMD_Hyperthymesia,Hyperthymesia,RMD,TDB,1.9469091892242432,73.90929412841797
2028-06-01,RMD_Impulse Control Disorders,Impulse Control Disorders,RMD,TDB,1.4006421566009521,84.861328125
2028-06-01,RMD_Intermetamorphosis Syndrome,Intermetamorphosis Syndrome,RMD,TDB,0.11189530789852142,0.34488147497177124
2028-06-01,RMD_Kleine Levin Syndrome,Kleine Levin Syndrome,RMD,TDB,1.4339390993118286,17.66270637512207
2028-06-01,RMD_Kleptomania,Kleptomania,RMD,TDB,2.288242816925049,37.13075637817383
2028-06-01,RMD_Koro,Koro,RMD,TDB,1.1294423341751099,3.934875965118408
2028-06-01,RMD_Landau Kleffner Syndrome,Landau Kleffner Syndrome,RMD,TDB,1.6722358465194702,10.759414672851562
2028-06-01,RMD_Narcissistic Personality Disorder,Narcissistic Personality Disorder,RMD,TDB,1.9959194660186768,342.8822021484375
2028-06-01,RMD_Olfactory Reference Syndrome,Olfactory Reference Syndrome,RMD,TDB,1.6002192497253418,98.9687271118164
2028-06-01,RMD_Othello Syndrome,Othello Syndrome,RMD,TDB,1.4477765560150146,18.534181594848633
2028-06-01,RMD_Palilalia,Palilalia,RMD,TDB,0.7713711261749268,2.290273666381836
2028-06-01,RMD_Postpartum Psychosis,Postpartum Psychosis,RMD,TDB,2.2496719360351562,30.480581283569336
2028-06-01,RMD_Pyromania,Pyromania,RMD,TDB,1.768432855606079,44.55066680908203
2028-06-01,RMD_Reactive Attachment Disorder,Reactive Attachment Disorder,RMD,TDB,2.1864137649536133,145.62478637695312
2028-06-01,RMD_Reduplicative Paramnesia,Reduplicative Paramnesia,RMD,TDB,1.3034406900405884,2.681943416595459
2028-06-01,RMD_Rumination Disorder,Rumination Disorder,RMD,TDB,1.8388437032699585,80.58226013183594
2028-06-01,RMD_Savant Syndrome,Savant Syndrome,RMD,TDB,1.1258437633514404,14.269265174865723
2028-06-01,RMD_Schizoaffective Disorder,Schizoaffective Disorder,RMD,TDB,1.5547621250152588,92.52921295166016
2028-06-01,RMD_Schizotypal Personality Disorder,Schizotypal Personality Disorder,RMD,TDB,1.9770808219909668,210.03762817382812
2028-06-01,RMD_Selective Mutism,Selective Mutism,RMD,TDB,2.5980191230773926,47.438690185546875
2028-06-01,RMD_Stendhal Syndrome,Stendhal Syndrome,RMD,TDB,0.9053927659988403,3.3800606727600098
2028-06-01,RMD_Wendigo Psychosis,Wendigo Psychosis,RMD,TDB,0.6443307995796204,1.2557984590530396
2028-06-01,PT_Acceptance And Commitment Therapy,Acceptance And Commitment Therapy,PT,TDB,1.0158332586288452,38.17702102661133
2028-06-01,PT_Animal Assisted Therapy,Animal Assisted Therapy,PT,TDB,1.2392117977142334,7.084985733032227
2028-06-01,PT_Anticonvulsant Therapy,Anticonvulsant Therapy,PT,TDB,0.4107470214366913,2.8123788833618164
2028-06-01,PT_Antidepressants,Antidepressants,PT,TDB,0.9230385422706604,131.75115966796875
2028-06-01,PT_Antipsychotic Medications,Antipsychotic Medications,PT,TDB,0.002667857799679041,0.0026714198756963015
2028-06-01,PT_Anxiolytic Medications,Anxiolytic Medications,PT,TDB,0.8884023427963257,77.66378784179688
2028-06-01,PT_Art Therapy,Art Therapy,PT,TDB,0.41157764196395874,3.1637635231018066
2028-06-01,PT_Augmentative Communication Devices,Augmentative Communication Devices,PT,TDB,0.3207795321941376,0.5600140690803528
2028-06-01,PT_Behavioral Activation Therapy,Behavioral Activation Therapy,PT,TDB,0.5453997254371643,2.123357057571411
2028-06-01,PT_Biofeedback Devices,Biofeedback Devices,PT,TDB,0.558495044708252,0.8397255539894104
2028-06-01,PT_Blockchain For Data Protection,Blockchain For Data Protection,PT,TDB,0.007645899895578623,0.007675205357372761
2028-06-01,PT_Brain Computer Interface,Brain Computer Interface,PT,TDB,0.9247992038726807,75.0665283203125
2028-06-01,PT_Cbt For Insomnia,Cbt For Insomnia,PT,TDB,1.4169554710388184,3.1245439052581787
2028-06-01,PT_Chronotherapy,Chronotherapy,PT,TDB,1.0023202896118164,2.4622550010681152
2028-06-01,PT_Closed Loop Neurostimulation,Closed Loop Neurostimulation,PT,TDB,1.1660584211349487,26.69819450378418
2028-06-01,PT_Clozapine Protocol,Clozapine Protocol,PT,TDB,0.0008020871318876743,0.000802408903837204
2028-06-01,PT_Cognitive Assistive Technologies,Cognitive Assistive Technologies,PT,TDB,0.04951682314276695,0.050763268023729324
2028-06-01,PT_Cognitive Behavioral Therapy,Cognitive Behavioral Therapy,PT,TDB,0.9333133101463318,149.483154296875
2028-06-01,PT_Cognitive Enhancement Programs,Cognitive Enhancement Programs,PT,TDB,0.08131754398345947,0.1799721121788025
2028-06-01,PT_Cultural Psychiatry Interventions,Cultural Psychiatry Interventions,PT,TDB,0.16302257776260376,0.17706327140331268
2028-06-01,PT_Deep Brain Stimulation,Deep Brain Stimulation,PT,TDB,0.8570384979248047,11.472143173217773
2028-06-01,PT_Dialectical Behavior Therapy,Dialectical Behavior Therapy,PT,TDB,0.9832882881164551,28.140033721923828
2028-06-01,PT_Dietary Interventions And Supplements,Dietary Interventions And Supplements,PT,TDB,0.17131628096103668,0.18686607480049133
2028-06-01,PT_Digital Health Tools,Digital Health Tools,PT,TDB,0.7778033018112183,49.672401428222656
2028-06-01,PT_Digital Imaging Technologies For Brain Scanning,Digital Imaging Technologies For Brain Scanning,PT,TDB,0.10606994479894638,0.18988999724388123
2028-06-01,PT_Digital Phenotyping,Digital Phenotyping,PT,TDB,1.3070255517959595,15.853449821472168
2028-06-01,PT_Digital Therapeutics,Digital Therapeutics,PT,TDB,-9.006401523947716e-05,0.0
2028-06-01,PT_Electroconvulsive Therapy,Electroconvulsive Therapy,PT,TDB,0.00013739848509430885,0.00013740792928729206
2028-06-01,PT_Electroencephalography,Electroencephalography,PT,TDB,0.8598434925079346,202.2236785888672
2028-06-01,PT_Emdr Therapy,Emdr Therapy,PT,TDB,1.0011454820632935,28.227676391601562
2028-06-01,PT_Emotion Regulation Training,Emotion Regulation Training,PT,TDB,0.6459842324256897,2.028294324874878
2028-06-01,PT_Expressive Writing And Journaling,Expressive Writing And Journaling,PT,TDB,0.19161219894886017,0.21120071411132812
2028-06-01,PT_Fecal Microbiota Transplant,Fecal Microbiota Transplant,PT,TDB,0.00030183279886841774,0.00030187834636308253
2028-06-01,PT_Focused Ultrasound Therapy,Focused Ultrasound Therapy,PT,TDB,0.39351096749305725,0.9035595655441284
2028-06-01,PT_Hypnotherapy,Hypnotherapy,PT,TDB,1.0551241636276245,21.439443588256836
2028-06-01,PT_Immunotherapy For Neuropsychiatric Disorders,Immunotherapy For Neuropsychiatric Disorders,PT,TDB,0.9918235540390015,16.579593658447266
2028-06-01,PT_Interpersonal Psychotherapy,Interpersonal Psychotherapy,PT,TDB,0.6303381323814392,4.293784141540527
2028-06-01,PT_Ketamine Therapy,Ketamine Therapy,PT,TDB,1.1012969017028809,18.320594787597656
2028-06-01,PT_Light Therapy,Light Therapy,PT,TDB,0.9924890995025635,13.55895709991455
2028-06-01,PT_Lithium Therapy,Lithium Therapy,PT,TDB,0.07881409674882889,0.09044529497623444
2028-06-01,PT_Machine Learning Neuroimaging,Machine Learning Neuroimaging,PT,TDB,1.9245591163635254,8.013172149658203
2028-06-01,PT_Meditation And Relaxation Techniques,Meditation And Relaxation Techniques,PT,TDB,0.38583076000213623,1.1186773777008057
2028-06-01,PT_Memory Retrieval Techniques,Memory Retrieval Techniques,PT,TDB,0.003475104458630085,0.007055996917188168
2028-06-01,PT_Mentalization Based Treatment,Mentalization Based Treatment,PT,TDB,0.8920537829399109,6.392457008361816
2028-06-01,PT_Metabolic And Enzyme Targeted Therapy,Metabolic And Enzyme Targeted Therapy,PT,TDB,0.40158331394195557,0.744926929473877
2028-06-01,PT_Metaverse,Metaverse,PT,TDB,0.0006646723486483097,0.0006648933049291372
2028-06-01,PT_Mindfulness Based Stress Reduction,Mindfulness Based Stress Reduction,PT,TDB,0.9122675061225891,28.088695526123047
2028-06-01,PT_Mood Stabilizers,Mood Stabilizers,PT,TDB,0.9831885099411011,43.135684967041016
2028-06-01,PT_Motivational Interviewing,Motivational Interviewing,PT,TDB,1.0981240272521973,55.93670654296875
2028-06-01,PT_Music Therapy,Music Therapy,PT,TDB,0.814746618270874,10.481795310974121
2028-06-01,PT_Naltrexone,Naltrexone,PT,TDB,1.1482967138290405,18.016799926757812
2028-06-01,PT_Narrative Exposure Therapy,Narrative Exposure Therapy,PT,TDB,0.81278395652771,23.0378475189209
2028-06-01,PT_Neurobiological Assessments For Mental Disorders,Neurobiological Assessments For Mental Disorders,PT,TDB,0.17989572882652283,0.19709253311157227
2028-06-01,PT_Neurocognitive Training,Neurocognitive Training,PT,TDB,0.7479709386825562,1.3382116556167603
2028-06-01,PT_Neurofeedback Systems,Neurofeedback Systems,PT,TDB,0.3257162272930145,0.38502228260040283
2028-06-01,PT_Neuromodulation Techniques,Neuromodulation Techniques,PT,TDB,0.7603760361671448,13.320743560791016
2028-06-01,PT_Neuroplasticity Techniques,Neuroplasticity Techniques,PT,TDB,0.09551634639501572,0.21971918642520905
2028-06-01,PT_Neuroprotective Agents,Neuroprotective Agents,PT,TDB,0.9973758459091187,25.60487174987793
2028-06-01,PT_Occupational Therapy,Occupational Therapy,PT,TDB,1.050588607788086,58.8125
2028-06-01,PT_Oxytocin Therapy,Oxytocin Therapy,PT,TDB,0.9269826412200928,1.526873230934143
2028-06-01,PT_Personalized Medicine,Personalized Medicine,PT,TDB,0.9215640425682068,323.93621826171875
2028-06-01,PT_Pharmacogenomic Testing,Pharmacogenomic Testing,PT,TDB,1.4166514873504639,12.84810733795166
2028-06-01,PT_Privacy Preserving Ai In Digital Mental Health,Privacy Preserving AI In Digital Mental Health,PT,TDB,-0.0011417469941079617,0.0
2028-06-01,PT_Prolonged Exposure Therapy,Prolonged Exposure Therapy,PT,TDB,0.031274013221263885,0.0656796470284462
2028-06-01,PT_Psilocybin Assisted Therapy,Psilocybin Assisted Therapy,PT,TDB,-6.098812445998192e-05,0.0
2028-06-01,PT_Psychoeducation Programs,Psychoeducation Programs,PT,TDB,0.4208144545555115,0.9685057997703552
2028-06-01,PT_Psychophysiological Metrics For Treatment Response,Psychophysiological Metrics For Treatment Response,PT,TDB,0.3299817144870758,0.5959233045578003
2028-06-01,PT_Reality Testing Techniques,Reality Testing Techniques,PT,TDB,-0.0014168934430927038,0.0
2028-06-01,PT_Regenerative Medicine Approaches,Regenerative Medicine Approaches,PT,TDB,0.6794329881668091,21.424715042114258
2028-06-01,PT_Resting State Fmri,Resting State FMRI,PT,TDB,0.7903891205787659,31.147594451904297
2028-06-01,PT_Schema Therapy,Schema Therapy,PT,TDB,1.2858775854110718,2.6178414821624756
2028-06-01,PT_Secure Data Storage For Patient Records,Secure Data Storage For Patient Records,PT,TDB,0.04734313488006592,0.048481717705726624
2028-06-01,PT_Selective Serotonin Reuptake Inhibitors,Selective Serotonin Reuptake Inhibitors,PT,TDB,0.9539397358894348,61.171051025390625
2028-06-01,PT_Sleep Pattern Monitoring And Manipulation,Sleep Pattern Monitoring And Manipulation,PT,TDB,-0.0017842105589807034,0.0
2028-06-01,PT_Smart Wearable Mental Health Trackers,Smart Wearable Mental Health Trackers,PT,TDB,-0.0021241805516183376,0.0
2028-06-01,PT_Social Skills Training,Social Skills Training,PT,TDB,1.0414464473724365,22.82432746887207
2028-06-01,PT_Speech Language Therapy,Speech Language Therapy,PT,TDB,0.5441417694091797,1.0146327018737793
2028-06-01,PT_Stem Cell Therapy For Neurological Disorders,Stem Cell Therapy For Neurological Disorders,PT,TDB,0.44380834698677063,2.5516860485076904
2028-06-01,PT_Stimulant And Wake Promoting Agents,Stimulant And Wake Promoting Agents,PT,TDB,1.1528860330581665,35.356624603271484
2028-06-01,PT_Traditional And Alternative Medicine Approaches,Traditional And Alternative Medicine Approaches,PT,TDB,0.6202718019485474,9.128151893615723
2028-06-01,PT_Transcranial Direct Current Stimulation,Transcranial Direct Current Stimulation,PT,TDB,0.831659197807312,33.64305114746094
2028-06-01,PT_Transcranial Magnetic Stimulation,Transcranial Magnetic Stimulation,PT,TDB,0.9461464285850525,184.39830017089844
2028-06-01,PT_Transference Focused Psychotherapy,Transference Focused Psychotherapy,PT,TDB,1.0764464139938354,9.160815238952637
2028-06-01,PT_Trauma Focused Cbt,Trauma Focused Cbt,PT,TDB,0.6065906286239624,2.9707841873168945
2028-06-01,PT_Vagus Nerve Stimulation,Vagus Nerve Stimulation,PT,TDB,1.069508671760559,13.987517356872559
2028-06-01,PT_Virtual Reality Exposure Therapy,Virtual Reality Exposure Therapy,PT,TDB,0.8633498549461365,6.752821445465088
2028-06-01,PT_Vocal And Speech Biomarkers,Vocal And Speech Biomarkers,PT,TDB,0.0005418681539595127,0.0005420150118879974
2028-06-01,PT_Voxel Based Lesion Symptom Mapping,Voxel Based Lesion Symptom Mapping,PT,TDB,0.5076985359191895,0.9958437085151672
2028-07-01,RMD_Anorexia Nervosa,Anorexia Nervosa,RMD,TDB,1.901423692703247,354.5101318359375
2028-07-01,RMD_Antisocial Personality Disorder,Antisocial Personality Disorder,RMD,TDB,1.2644598484039307,54.027313232421875
2028-07-01,RMD_Autosarcophagy,Autosarcophagy,RMD,TDB,0.6561936736106873,0.9274418950080872
2028-07-01,RMD_Avoidant Personality Disorder,Avoidant Personality Disorder,RMD,TDB,1.5604305267333984,16.286304473876953
2028-07-01,RMD_Boanthropy,Boanthropy,RMD,TDB,0.8387026786804199,2.4612009525299072
2028-07-01,RMD_Body Integrity Dysphoria,Body Integrity Dysphoria,RMD,TDB,1.731389045715332,33.28947448730469
2028-07-01,RMD_Brief Psychotic Disorder,Brief Psychotic Disorder,RMD,TDB,1.2640390396118164,2.6679787635803223
2028-07-01,RMD_Capgras Syndrome,Capgras Syndrome,RMD,TDB,1.6099181175231934,26.434326171875
2028-07-01,RMD_Childhood Disintegrative Disorder,Childhood Disintegrative Disorder,RMD,TDB,1.7006793022155762,33.39850997924805
2028-07-01,RMD_Chronic Traumatic Encephalopathy,Chronic Traumatic Encephalopathy,RMD,TDB,2.044187545776367,415.55267333984375
2028-07-01,RMD_Circadian Rhythm Sleep Wake Disorder,Circadian Rhythm Sleep Wake Disorder,RMD,TDB,1.2930551767349243,3.032606601715088
2028-07-01,RMD_Cotard Syndrome,Cotard Syndrome,RMD,TDB,1.5524919033050537,5.441742420196533
2028-07-01,RMD_Cyclothymic Disorder,Cyclothymic Disorder,RMD,TDB,1.9797958135604858,238.31732177734375
2028-07-01,RMD_Delusional Disorder,Delusional Disorder,RMD,TDB,0.723503589630127,2.6121835708618164
2028-07-01,RMD_Diogenes Syndrome,Diogenes Syndrome,RMD,TDB,1.7137353420257568,4.609622001647949
2028-07-01,RMD_Disinhibited Social Engagement Disorder,Disinhibited Social Engagement Disorder,RMD,TDB,1.1383495330810547,5.114501953125
2028-07-01,RMD_Dissociative Amnesia,Dissociative Amnesia,RMD,TDB,1.6331076622009277,6.285354137420654
2028-07-01,RMD_Dissociative Fugue,Dissociative Fugue,RMD,TDB,1.9052904844284058,38.6591682434082
2028-07-01,RMD_Ekbom Syndrome,Ekbom Syndrome,RMD,TDB,1.5617433786392212,52.862098693847656
2028-07-01,RMD_Erotomania,Erotomania,RMD,TDB,1.921694040298462,77.97998809814453
2028-07-01,RMD_Factitious Disorder,Factitious Disorder,RMD,TDB,2.0562167167663574,261.83026123046875
2028-07-01,RMD_Fregoli Delusion,Fregoli Delusion,RMD,TDB,1.0234570503234863,1.782798409461975
2028-07-01,RMD_Ganser Syndrome,Ganser Syndrome,RMD,TDB,2.2377724647521973,12.419953346252441
2028-07-01,RMD_Hallucinogen Persisting Perception Disorder,Hallucinogen Persisting Perception Disorder,RMD,TDB,2.0511820316314697,145.71200561523438
2028-07-01,RMD_Histrionic Personality Disorder,Histrionic Personality Disorder,RMD,TDB,1.2957967519760132,17.016613006591797
2028-07-01,RMD_Hypergraphia,Hypergraphia,RMD,TDB,1.0592149496078491,5.21478271484375
2028-07-01,RMD_Hyperthymesia,Hyperthymesia,RMD,TDB,1.948974609375,74.25309753417969
2028-07-01,RMD_Impulse Control Disorders,Impulse Control Disorders,RMD,TDB,1.4034886360168457,85.64180755615234
2028-07-01,RMD_Intermetamorphosis Syndrome,Intermetamorphosis Syndrome,RMD,TDB,0.11642961949110031,0.36112701892852783
2028-07-01,RMD_Kleine Levin Syndrome,Kleine Levin Syndrome,RMD,TDB,1.4365860223770142,17.763797760009766
2028-07-01,RMD_Kleptomania,Kleptomania,RMD,TDB,2.290125846862793,37.24517822265625
2028-07-01,RMD_Koro,Koro,RMD,TDB,1.1324671506881714,3.956019401550293
2028-07-01,RMD_Landau Kleffner Syndrome,Landau Kleffner Syndrome,RMD,TDB,1.6742262840270996,10.793964385986328
2028-07-01,RMD_Narcissistic Personality Disorder,Narcissistic Personality Disorder,RMD,TDB,1.9978190660476685,344.7989807128906
2028-07-01,RMD_Olfactory Reference Syndrome,Olfactory Reference Syndrome,RMD,TDB,1.6025538444519043,99.6426010131836
2028-07-01,RMD_Othello Syndrome,Othello Syndrome,RMD,TDB,1.4501349925994873,18.628986358642578
2028-07-01,RMD_Palilalia,Palilalia,RMD,TDB,0.7726486921310425,2.2967703342437744
2028-07-01,RMD_Postpartum Psychosis,Postpartum Psychosis,RMD,TDB,2.2499566078186035,30.494325637817383
2028-07-01,RMD_Pyromania,Pyromania,RMD,TDB,1.7696702480316162,44.67253875732422
2028-07-01,RMD_Reactive Attachment Disorder,Reactive Attachment Disorder,RMD,TDB,2.1868717670440674,145.77806091308594
2028-07-01,RMD_Reduplicative Paramnesia,Reduplicative Paramnesia,RMD,TDB,1.305014729499817,2.6877434253692627
2028-07-01,RMD_Rumination Disorder,Rumination Disorder,RMD,TDB,1.8398447036743164,80.77796936035156
2028-07-01,RMD_Savant Syndrome,Savant Syndrome,RMD,TDB,1.125558853149414,14.258736610412598
2028-07-01,RMD_Schizoaffective Disorder,Schizoaffective Disorder,RMD,TDB,1.5562019348144531,92.92312622070312
2028-07-01,RMD_Schizotypal Personality Disorder,Schizotypal Personality Disorder,RMD,TDB,1.9770504236221313,210.02032470703125
2028-07-01,RMD_Selective Mutism,Selective Mutism,RMD,TDB,2.5975074768066406,47.40169143676758
2028-07-01,RMD_Stendhal Syndrome,Stendhal Syndrome,RMD,TDB,0.9058562517166138,3.383373975753784
2028-07-01,RMD_Wendigo Psychosis,Wendigo Psychosis,RMD,TDB,0.6461751461029053,1.2610574960708618
2028-07-01,PT_Acceptance And Commitment Therapy,Acceptance And Commitment Therapy,PT,TDB,1.0168545246124268,38.3217658996582
2028-07-01,PT_Animal Assisted Therapy,Animal Assisted Therapy,PT,TDB,1.2392120361328125,7.084989547729492
2028-07-01,PT_Anticonvulsant Therapy,Anticonvulsant Therapy,PT,TDB,0.41256123781204224,2.834980010986328
2028-07-01,PT_Antidepressants,Antidepressants,PT,TDB,0.9239394068717957,132.3860626220703
2028-07-01,PT_Antipsychotic Medications,Antipsychotic Medications,PT,TDB,0.004173380322754383,0.004182101227343082
2028-07-01,PT_Anxiolytic Medications,Anxiolytic Medications,PT,TDB,0.889018177986145,77.90218353271484
2028-07-01,PT_Art Therapy,Art Therapy,PT,TDB,0.4126726984977722,3.179596185684204
2028-07-01,PT_Augmentative Communication Devices,Augmentative Communication Devices,PT,TDB,0.32190433144569397,0.5624485611915588
2028-07-01,PT_Behavioral Activation Therapy,Behavioral Activation Therapy,PT,TDB,0.5464326739311218,2.1301016807556152
2028-07-01,PT_Biofeedback Devices,Biofeedback Devices,PT,TDB,0.5592324733734131,0.8412070274353027
2028-07-01,PT_Blockchain For Data Protection,Blockchain For Data Protection,PT,TDB,0.009291590191423893,0.00933489203453064
2028-07-01,PT_Brain Computer Interface,Brain Computer Interface,PT,TDB,0.9259536862373352,75.47895812988281
2028-07-01,PT_Cbt For Insomnia,Cbt For Insomnia,PT,TDB,1.4161773920059204,3.121335983276367
2028-07-01,PT_Chronotherapy,Chronotherapy,PT,TDB,1.0023975372314453,2.4625864028930664
2028-07-01,PT_Closed Loop Neurostimulation,Closed Loop Neurostimulation,PT,TDB,1.1658318042755127,26.68032455444336
2028-07-01,PT_Clozapine Protocol,Clozapine Protocol,PT,TDB,0.002310902578756213,0.0023135747760534286
2028-07-01,PT_Cognitive Assistive Technologies,Cognitive Assistive Technologies,PT,TDB,0.05086322873830795,0.05217897519469261
2028-07-01,PT_Cognitive Behavioral Therapy,Cognitive Behavioral Therapy,PT,TDB,0.9340175986289978,150.0535430908203
2028-07-01,PT_Cognitive Enhancement Programs,Cognitive Enhancement Programs,PT,TDB,0.08244498819112778,0.18268264830112457
2028-07-01,PT_Cultural Psychiatry Interventions,Cultural Psychiatry Interventions,PT,TDB,0.16398662328720093,0.17819856107234955
2028-07-01,PT_Deep Brain Stimulation,Deep Brain Stimulation,PT,TDB,0.8573066592216492,11.481995582580566
2028-07-01,PT_Dialectical Behavior Therapy,Dialectical Behavior Therapy,PT,TDB,0.9836544394493103,28.176651000976562
2028-07-01,PT_Dietary Interventions And Supplements,Dietary Interventions And Supplements,PT,TDB,0.17278699576854706,0.1886128932237625
2028-07-01,PT_Digital Health Tools,Digital Health Tools,PT,TDB,0.7788689136505127,49.94565200805664
2028-07-01,PT_Digital Imaging Technologies For Brain Scanning,Digital Imaging Technologies For Brain Scanning,PT,TDB,0.10803495347499847,0.19372865557670593
2028-07-01,PT_Digital Phenotyping,Digital Phenotyping,PT,TDB,1.3067421913146973,15.843134880065918
2028-07-01,PT_Digital Therapeutics,Digital Therapeutics,PT,TDB,0.0014128803741186857,0.0014138789847493172
2028-07-01,PT_Electroconvulsive Therapy,Electroconvulsive Therapy,PT,TDB,0.0016321211587637663,0.001633453881368041
2028-07-01,PT_Electroencephalography,Electroencephalography,PT,TDB,0.8607244491577148,203.33314514160156
2028-07-01,PT_Emdr Therapy,Emdr Therapy,PT,TDB,1.001555323600769,28.26808738708496
2028-07-01,PT_Emotion Regulation Training,Emotion Regulation Training,PT,TDB,0.646923840045929,2.0331788063049316
2028-07-01,PT_Expressive Writing And Journaling,Expressive Writing And Journaling,PT,TDB,0.19328099489212036,0.2132236510515213
2028-07-01,PT_Fecal Microbiota Transplant,Fecal Microbiota Transplant,PT,TDB,0.001726300222799182,0.0017277911538258195
2028-07-01,PT_Focused Ultrasound Therapy,Focused Ultrasound Therapy,PT,TDB,0.3941780924797058,0.9056381583213806
2028-07-01,PT_Hypnotherapy,Hypnotherapy,PT,TDB,1.054977297782898,21.429725646972656
2028-07-01,PT_Immunotherapy For Neuropsychiatric Disorders,Immunotherapy For Neuropsychiatric Disorders,PT,TDB,0.9916536211967468,16.57096290588379
2028-07-01,PT_Interpersonal Psychotherapy,Interpersonal Psychotherapy,PT,TDB,0.6312605738639832,4.306710243225098
2028-07-01,PT_Ketamine Therapy,Ketamine Therapy,PT,TDB,1.1007603406906128,18.292741775512695
2028-07-01,PT_Light Therapy,Light Therapy,PT,TDB,0.9923446774482727,13.55328369140625
2028-07-01,PT_Lithium Therapy,Lithium Therapy,PT,TDB,0.0801413282752037,0.09203644096851349
2028-07-01,PT_Machine Learning Neuroimaging,Machine Learning Neuroimaging,PT,TDB,1.9230269193649292,7.997408866882324
2028-07-01,PT_Meditation And Relaxation Techniques,Meditation And Relaxation Techniques,PT,TDB,0.38730499148368835,1.1247639656066895
2028-07-01,PT_Memory Retrieval Techniques,Memory Retrieval Techniques,PT,TDB,0.004907808266580105,0.009979492984712124
2028-07-01,PT_Mentalization Based Treatment,Mentalization Based Treatment,PT,TDB,0.8915733098983765,6.384496688842773
2028-07-01,PT_Metabolic And Enzyme Targeted Therapy,Metabolic And Enzyme Targeted Therapy,PT,TDB,0.40230435132980347,0.7466719746589661
2028-07-01,PT_Metaverse,Metaverse,PT,TDB,0.0021184429060667753,0.002120688557624817
2028-07-01,PT_Mindfulness Based Stress Reduction,Mindfulness Based Stress Reduction,PT,TDB,0.913105845451355,28.178932189941406
2028-07-01,PT_Mood Stabilizers,Mood Stabilizers,PT,TDB,0.9834635853767395,43.182472229003906
2028-07-01,PT_Motivational Interviewing,Motivational Interviewing,PT,TDB,1.0980498790740967,55.92115020751953
2028-07-01,PT_Music Therapy,Music Therapy,PT,TDB,0.814739465713501,10.481549263000488
2028-07-01,PT_Naltrexone,Naltrexone,PT,TDB,1.1475199460983276,17.97895050048828
2028-07-01,PT_Narrative Exposure Therapy,Narrative Exposure Therapy,PT,TDB,0.8130298852920532,23.060983657836914
2028-07-01,PT_Neurobiological Assessments For Mental Disorders,Neurobiological Assessments For Mental Disorders,PT,TDB,0.18110288679599762,0.19853848218917847
2028-07-01,PT_Neurocognitive Training,Neurocognitive Training,PT,TDB,0.7484891414642334,1.3395880460739136
2028-07-01,PT_Neurofeedback Systems,Neurofeedback Systems,PT,TDB,0.32677626609802246,0.38649123907089233
2028-07-01,PT_Neuromodulation Techniques,Neuromodulation Techniques,PT,TDB,0.7614798545837402,13.37618637084961
2028-07-01,PT_Neuroplasticity Techniques,Neuroplasticity Techniques,PT,TDB,0.09726586192846298,0.22416463494300842
2028-07-01,PT_Neuroprotective Agents,Neuroprotective Agents,PT,TDB,0.997599184513092,25.624420166015625
2028-07-01,PT_Occupational Therapy,Occupational Therapy,PT,TDB,1.0505127906799316,58.79484558105469
2028-07-01,PT_Oxytocin Therapy,Oxytocin Therapy,PT,TDB,0.9268888235092163,1.5266361236572266
2028-07-01,PT_Personalized Medicine,Personalized Medicine,PT,TDB,0.9223332405090332,325.50848388671875
2028-07-01,PT_Pharmacogenomic Testing,Pharmacogenomic Testing,PT,TDB,1.4159770011901855,12.830787658691406
2028-07-01,PT_Privacy Preserving Ai In Digital Mental Health,Privacy Preserving AI In Digital Mental Health,PT,TDB,0.00031542847864329815,0.00031547824619337916
2028-07-01,PT_Prolonged Exposure Therapy,Prolonged Exposure Therapy,PT,TDB,0.03262573108077049,0.06861370801925659
2028-07-01,PT_Psilocybin Assisted Therapy,Psilocybin Assisted Therapy,PT,TDB,0.0014028071891516447,0.0014037915971130133
2028-07-01,PT_Psychoeducation Programs,Psychoeducation Programs,PT,TDB,0.42158323526382446,0.9709428548812866
2028-07-01,PT_Psychophysiological Metrics For Treatment Response,Psychophysiological Metrics For Treatment Response,PT,TDB,0.331619530916214,0.5996303558349609
2028-07-01,PT_Reality Testing Techniques,Reality Testing Techniques,PT,TDB,-2.9805574740748852e-05,0.0
2028-07-01,PT_Regenerative Medicine Approaches,Regenerative Medicine Approaches,PT,TDB,0.6807522773742676,21.560550689697266
2028-07-01,PT_Resting State Fmri,Resting State FMRI,PT,TDB,0.7916469573974609,31.32562828063965
2028-07-01,PT_Schema Therapy,Schema Therapy,PT,TDB,1.285571575164795,2.616734504699707
2028-07-01,PT_Secure Data Storage For Patient Records,Secure Data Storage For Patient Records,PT,TDB,0.0488743893802166,0.050088439136743546
2028-07-01,PT_Selective Serotonin Reuptake Inhibitors,Selective Serotonin Reuptake Inhibitors,PT,TDB,0.9542610049247742,61.25758743286133
2028-07-01,PT_Sleep Pattern Monitoring And Manipulation,Sleep Pattern Monitoring And Manipulation,PT,TDB,-0.0004103884566575289,0.0
2028-07-01,PT_Smart Wearable Mental Health Trackers,Smart Wearable Mental Health Trackers,PT,TDB,-0.0007553801406174898,0.0
2028-07-01,PT_Social Skills Training,Social Skills Training,PT,TDB,1.0416007041931152,22.835519790649414
2028-07-01,PT_Speech Language Therapy,Speech Language Therapy,PT,TDB,0.5449450612068176,1.0167169570922852
2028-07-01,PT_Stem Cell Therapy For Neurological Disorders,Stem Cell Therapy For Neurological Disorders,PT,TDB,0.4455224573612213,2.5691144466400146
2028-07-01,PT_Stimulant And Wake Promoting Agents,Stimulant And Wake Promoting Agents,PT,TDB,1.1528980731964111,35.35798263549805
2028-07-01,PT_Traditional And Alternative Medicine Approaches,Traditional And Alternative Medicine Approaches,PT,TDB,0.6214596629142761,9.173157691955566
2028-07-01,PT_Transcranial Direct Current Stimulation,Transcranial Direct Current Stimulation,PT,TDB,0.8318446278572083,33.670440673828125
2028-07-01,PT_Transcranial Magnetic Stimulation,Transcranial Magnetic Stimulation,PT,TDB,0.9466561675071716,184.92071533203125
2028-07-01,PT_Transference Focused Psychotherapy,Transference Focused Psychotherapy,PT,TDB,1.076388955116272,9.159558296203613
2028-07-01,PT_Trauma Focused Cbt,Trauma Focused Cbt,PT,TDB,0.6077525615692139,2.9812865257263184
2028-07-01,PT_Vagus Nerve Stimulation,Vagus Nerve Stimulation,PT,TDB,1.0694390535354614,13.984877586364746
2028-07-01,PT_Virtual Reality Exposure Therapy,Virtual Reality Exposure Therapy,PT,TDB,0.8636103272438049,6.7576141357421875
2028-07-01,PT_Vocal And Speech Biomarkers,Vocal And Speech Biomarkers,PT,TDB,0.0020489327143877745,0.0020510333124548197
2028-07-01,PT_Voxel Based Lesion Symptom Mapping,Voxel Based Lesion Symptom Mapping,PT,TDB,0.5089092254638672,0.9991355538368225
2028-08-01,RMD_Anorexia Nervosa,Anorexia Nervosa,RMD,TDB,1.903028130531311,356.2764892578125
2028-08-01,RMD_Antisocial Personality Disorder,Antisocial Personality Disorder,RMD,TDB,1.2683676481246948,54.713111877441406
2028-08-01,RMD_Autosarcophagy,Autosarcophagy,RMD,TDB,0.6592508554458618,0.9333434104919434
2028-08-01,RMD_Avoidant Personality Disorder,Avoidant Personality Disorder,RMD,TDB,1.5626922845840454,16.357858657836914
2028-08-01,RMD_Boanthropy,Boanthropy,RMD,TDB,0.8413728475570679,2.474909782409668
2028-08-01,RMD_Body Integrity Dysphoria,Body Integrity Dysphoria,RMD,TDB,1.733375906944275,33.42885208129883
2028-08-01,RMD_Brief Psychotic Disorder,Brief Psychotic Disorder,RMD,TDB,1.2677373886108398,2.681952953338623
2028-08-01,RMD_Capgras Syndrome,Capgras Syndrome,RMD,TDB,1.612600326538086,26.58611297607422
2028-08-01,RMD_Childhood Disintegrative Disorder,Childhood Disintegrative Disorder,RMD,TDB,1.702721118927002,33.54494094848633
2028-08-01,RMD_Chronic Traumatic Encephalopathy,Chronic Traumatic Encephalopathy,RMD,TDB,2.0454633235931396,417.1238098144531
2028-08-01,RMD_Circadian Rhythm Sleep Wake Disorder,Circadian Rhythm Sleep Wake Disorder,RMD,TDB,1.2963820695877075,3.04710054397583
2028-08-01,RMD_Cotard Syndrome,Cotard Syndrome,RMD,TDB,1.5546177625656128,5.458194255828857
2028-08-01,RMD_Cyclothymic Disorder,Cyclothymic Disorder,RMD,TDB,1.981752634048462,239.61660766601562
2028-08-01,RMD_Delusional Disorder,Delusional Disorder,RMD,TDB,0.7289110422134399,2.647023916244507
2028-08-01,RMD_Diogenes Syndrome,Diogenes Syndrome,RMD,TDB,1.7155983448028564,4.620148181915283
2028-08-01,RMD_Disinhibited Social Engagement Disorder,Disinhibited Social Engagement Disorder,RMD,TDB,1.141586184501648,5.14606237411499
2028-08-01,RMD_Dissociative Amnesia,Dissociative Amnesia,RMD,TDB,1.6356563568115234,6.3079681396484375
2028-08-01,RMD_Dissociative Fugue,Dissociative Fugue,RMD,TDB,1.9068294763565063,38.777244567871094
2028-08-01,RMD_Ekbom Syndrome,Ekbom Syndrome,RMD,TDB,1.5647050142288208,53.27082824707031
2028-08-01,RMD_Erotomania,Erotomania,RMD,TDB,1.9227465391159058,78.16919708251953
2028-08-01,RMD_Factitious Disorder,Factitious Disorder,RMD,TDB,2.057734489440918,262.9134216308594
2028-08-01,RMD_Fregoli Delusion,Fregoli Delusion,RMD,TDB,1.0269283056259155,1.7924749851226807
2028-08-01,RMD_Ganser Syndrome,Ganser Syndrome,RMD,TDB,2.2395143508911133,12.44710636138916
2028-08-01,RMD_Hallucinogen Persisting Perception Disorder,Hallucinogen Persisting Perception Disorder,RMD,TDB,2.0522751808166504,146.10260009765625
2028-08-01,RMD_Histrionic Personality Disorder,Histrionic Personality Disorder,RMD,TDB,1.2976702451705933,17.092082977294922
2028-08-01,RMD_Hypergraphia,Hypergraphia,RMD,TDB,1.061164140701294,5.235711574554443
2028-08-01,RMD_Hyperthymesia,Hyperthymesia,RMD,TDB,1.9503463506698608,74.48230743408203
2028-08-01,RMD_Impulse Control Disorders,Impulse Control Disorders,RMD,TDB,1.4063324928283691,86.42867279052734
2028-08-01,RMD_Intermetamorphosis Syndrome,Intermetamorphosis Syndrome,RMD,TDB,0.1207728236913681,0.376871794462204
2028-08-01,RMD_Kleine Levin Syndrome,Kleine Levin Syndrome,RMD,TDB,1.4386013746261597,17.841135025024414
2028-08-01,RMD_Kleptomania,Kleptomania,RMD,TDB,2.2916290760040283,37.336761474609375
2028-08-01,RMD_Koro,Koro,RMD,TDB,1.1353014707565308,3.975912570953369
2028-08-01,RMD_Landau Kleffner Syndrome,Landau Kleffner Syndrome,RMD,TDB,1.6755411624908447,10.816842079162598
2028-08-01,RMD_Narcissistic Personality Disorder,Narcissistic Personality Disorder,RMD,TDB,1.999024748802185,346.02099609375
2028-08-01,RMD_Olfactory Reference Syndrome,Olfactory Reference Syndrome,RMD,TDB,1.6046371459960938,100.24778747558594
2028-08-01,RMD_Othello Syndrome,Othello Syndrome,RMD,TDB,1.4518992900848389,18.700212478637695
2028-08-01,RMD_Palilalia,Palilalia,RMD,TDB,0.7736175060272217,2.3017055988311768
2028-08-01,RMD_Postpartum Psychosis,Postpartum Psychosis,RMD,TDB,2.249906301498413,30.491893768310547
2028-08-01,RMD_Pyromania,Pyromania,RMD,TDB,1.7706855535507202,44.77278518676758
2028-08-01,RMD_Reactive Attachment Disorder,Reactive Attachment Disorder,RMD,TDB,2.1868834495544434,145.781982421875
2028-08-01,RMD_Reduplicative Paramnesia,Reduplicative Paramnesia,RMD,TDB,1.3062307834625244,2.692230701446533
2028-08-01,RMD_Rumination Disorder,Rumination Disorder,RMD,TDB,1.8406727313995361,80.94023132324219
2028-08-01,RMD_Savant Syndrome,Savant Syndrome,RMD,TDB,1.1250859498977661,14.241273880004883
2028-08-01,RMD_Schizoaffective Disorder,Schizoaffective Disorder,RMD,TDB,1.5574822425842285,93.27477264404297
2028-08-01,RMD_Schizotypal Personality Disorder,Schizotypal Personality Disorder,RMD,TDB,1.9767417907714844,209.84400939941406
2028-08-01,RMD_Selective Mutism,Selective Mutism,RMD,TDB,2.5966527462005615,47.339942932128906
2028-08-01,RMD_Stendhal Syndrome,Stendhal Syndrome,RMD,TDB,0.9061303734779358,3.3853349685668945
2028-08-01,RMD_Wendigo Psychosis,Wendigo Psychosis,RMD,TDB,0.6477641463279724,1.2655980587005615
2028-08-01,PT_Acceptance And Commitment Therapy,Acceptance And Commitment Therapy,PT,TDB,1.0177098512649536,38.443397521972656
2028-08-01,PT_Animal Assisted Therapy,Animal Assisted Therapy,PT,TDB,1.2388404607772827,7.079923629760742
2028-08-01,PT_Anticonvulsant Therapy,Anticonvulsant Therapy,PT,TDB,0.4140377640724182,2.853473424911499
2028-08-01,PT_Antidepressants,Antidepressants,PT,TDB,0.9246971011161804,132.92234802246094
2028-08-01,PT_Antipsychotic Medications,Antipsychotic Medications,PT,TDB,0.005572135094553232,0.005587688647210598
2028-08-01,PT_Anxiolytic Medications,Anxiolytic Medications,PT,TDB,0.8895180821418762,78.09622192382812
2028-08-01,PT_Art Therapy,Art Therapy,PT,TDB,0.4135408401489258,3.192190408706665
2028-08-01,PT_Augmentative Communication Devices,Augmentative Communication Devices,PT,TDB,0.32288655638694763,0.5645774602890015
2028-08-01,PT_Behavioral Activation Therapy,Behavioral Activation Therapy,PT,TDB,0.5473306775093079,2.135976552963257
2028-08-01,PT_Biofeedback Devices,Biofeedback Devices,PT,TDB,0.5596903562545776,0.8421275019645691
2028-08-01,PT_Blockchain For Data Protection,Blockchain For Data Protection,PT,TDB,0.010824697092175484,0.010883497074246407
2028-08-01,PT_Brain Computer Interface,Brain Computer Interface,PT,TDB,0.9270111918449402,75.85872650146484
2028-08-01,PT_Cbt For Insomnia,Cbt For Insomnia,PT,TDB,1.4152113199234009,3.117356538772583
2028-08-01,PT_Chronotherapy,Chronotherapy,PT,TDB,1.0022541284561157,2.4619710445404053
2028-08-01,PT_Closed Loop Neurostimulation,Closed Loop Neurostimulation,PT,TDB,1.1654186248779297,26.647768020629883
2028-08-01,PT_Clozapine Protocol,Clozapine Protocol,PT,TDB,0.003696552012115717,0.0037033928092569113
2028-08-01,PT_Cognitive Assistive Technologies,Cognitive Assistive Technologies,PT,TDB,0.05210971459746361,0.053491320461034775
2028-08-01,PT_Cognitive Behavioral Therapy,Cognitive Behavioral Therapy,PT,TDB,0.9346234202384949,150.5459442138672
2028-08-01,PT_Cognitive Enhancement Programs,Cognitive Enhancement Programs,PT,TDB,0.08340960741043091,0.18500666320323944
2028-08-01,PT_Cultural Psychiatry Interventions,Cultural Psychiatry Interventions,PT,TDB,0.1647048145532608,0.17904503643512726
2028-08-01,PT_Deep Brain Stimulation,Deep Brain Stimulation,PT,TDB,0.8574533462524414,11.487385749816895
2028-08-01,PT_Dialectical Behavior Therapy,Dialectical Behavior Therapy,PT,TDB,0.9839001297950745,28.201244354248047
2028-08-01,PT_Dietary Interventions And Supplements,Dietary Interventions And Supplements,PT,TDB,0.17411789298057556,0.19019587337970734
2028-08-01,PT_Digital Health Tools,Digital Health Tools,PT,TDB,0.7797975540161133,50.184974670410156
2028-08-01,PT_Digital Imaging Technologies For Brain Scanning,Digital Imaging Technologies For Brain Scanning,PT,TDB,0.10995756089687347,0.1974964737892151
2028-08-01,PT_Digital Phenotyping,Digital Phenotyping,PT,TDB,1.3064321279525757,15.831850051879883
2028-08-01,PT_Digital Therapeutics,Digital Therapeutics,PT,TDB,0.002796268556267023,0.0028001819737255573
2028-08-01,PT_Electroconvulsive Therapy,Electroconvulsive Therapy,PT,TDB,0.003007518593221903,0.0030120457522571087
2028-08-01,PT_Electroencephalography,Electroencephalography,PT,TDB,0.8615171313285828,204.33673095703125
2028-08-01,PT_Emdr Therapy,Emdr Therapy,PT,TDB,1.0018627643585205,28.298442840576172
2028-08-01,PT_Emotion Regulation Training,Emotion Regulation Training,PT,TDB,0.6476521492004395,2.0369701385498047
2028-08-01,PT_Expressive Writing And Journaling,Expressive Writing And Journaling,PT,TDB,0.1949152648448944,0.2152080088853836
2028-08-01,PT_Fecal Microbiota Transplant,Fecal Microbiota Transplant,PT,TDB,0.0030496553517878056,0.0030543103348463774
2028-08-01,PT_Focused Ultrasound Therapy,Focused Ultrasound Therapy,PT,TDB,0.3946077525615692,0.9069780111312866
2028-08-01,PT_Hypnotherapy,Hypnotherapy,PT,TDB,1.0546059608459473,21.405181884765625
2028-08-01,PT_Immunotherapy For Neuropsychiatric Disorders,Immunotherapy For Neuropsychiatric Disorders,PT,TDB,0.9913154244422913,16.553794860839844
2028-08-01,PT_Interpersonal Psychotherapy,Interpersonal Psychotherapy,PT,TDB,0.6320385336875916,4.317636489868164
2028-08-01,PT_Ketamine Therapy,Ketamine Therapy,PT,TDB,1.0999841690063477,18.252521514892578
2028-08-01,PT_Light Therapy,Light Therapy,PT,TDB,0.9919418096542358,13.537473678588867
2028-08-01,PT_Lithium Therapy,Lithium Therapy,PT,TDB,0.08133602887392044,0.09347070008516312
2028-08-01,PT_Machine Learning Neuroimaging,Machine Learning Neuroimaging,PT,TDB,1.9214849472045898,7.981572151184082
2028-08-01,PT_Meditation And Relaxation Techniques,Meditation And Relaxation Techniques,PT,TDB,0.3887225091457367,1.130632996559143
2028-08-01,PT_Memory Retrieval Techniques,Memory Retrieval Techniques,PT,TDB,0.006230630911886692,0.012686305679380894
2028-08-01,PT_Mentalization Based Treatment,Mentalization Based Treatment,PT,TDB,0.890653133392334,6.369274139404297
2028-08-01,PT_Metabolic And Enzyme Targeted Therapy,Metabolic And Enzyme Targeted Therapy,PT,TDB,0.4027502238750458,0.7477519512176514
2028-08-01,PT_Metaverse,Metaverse,PT,TDB,0.0034682811237871647,0.0034743028227239847
2028-08-01,PT_Mindfulness Based Stress Reduction,Mindfulness Based Stress Reduction,PT,TDB,0.9138411283493042,28.258298873901367
2028-08-01,PT_Mood Stabilizers,Mood Stabilizers,PT,TDB,0.983656644821167,43.21533966064453
2028-08-01,PT_Motivational Interviewing,Motivational Interviewing,PT,TDB,1.0978611707687378,55.88164520263672
2028-08-01,PT_Music Therapy,Music Therapy,PT,TDB,0.8144327402114868,10.471003532409668
2028-08-01,PT_Naltrexone,Naltrexone,PT,TDB,1.1463921070098877,17.92412567138672
2028-08-01,PT_Narrative Exposure Therapy,Narrative Exposure Therapy,PT,TDB,0.8130604028701782,23.063858032226562
2028-08-01,PT_Neurobiological Assessments For Mental Disorders,Neurobiological Assessments For Mental Disorders,PT,TDB,0.18217021226882935,0.19981840252876282
2028-08-01,PT_Neurocognitive Training,Neurocognitive Training,PT,TDB,0.7487990856170654,1.34041166305542
2028-08-01,PT_Neurofeedback Systems,Neurofeedback Systems,PT,TDB,0.32763901352882385,0.38768795132637024
2028-08-01,PT_Neuromodulation Techniques,Neuromodulation Techniques,PT,TDB,0.7624675035476685,13.425975799560547
2028-08-01,PT_Neuroplasticity Techniques,Neuroplasticity Techniques,PT,TDB,0.09904904663562775,0.2287122905254364
2028-08-01,PT_Neuroprotective Agents,Neuroprotective Agents,PT,TDB,0.9977225065231323,25.63522720336914
2028-08-01,PT_Occupational Therapy,Occupational Therapy,PT,TDB,1.0503063201904297,58.74676513671875
2028-08-01,PT_Oxytocin Therapy,Oxytocin Therapy,PT,TDB,0.9265300035476685,1.5257296562194824
2028-08-01,PT_Personalized Medicine,Personalized Medicine,PT,TDB,0.9230014681816101,326.88067626953125
2028-08-01,PT_Pharmacogenomic Testing,Pharmacogenomic Testing,PT,TDB,1.4152014255523682,12.810901641845703
2028-08-01,PT_Privacy Preserving Ai In Digital Mental Health,Privacy Preserving AI In Digital Mental Health,PT,TDB,0.0016439355676993728,0.0016452876152470708
2028-08-01,PT_Prolonged Exposure Therapy,Prolonged Exposure Therapy,PT,TDB,0.0338309183716774,0.07123652845621109
2028-08-01,PT_Psilocybin Assisted Therapy,Psilocybin Assisted Therapy,PT,TDB,0.0027393014170229435,0.0027430567424744368
2028-08-01,PT_Psychoeducation Programs,Psychoeducation Programs,PT,TDB,0.4220876097679138,0.9725434184074402
2028-08-01,PT_Psychophysiological Metrics For Treatment Response,Psychophysiological Metrics For Treatment Response,PT,TDB,0.3331804871559143,0.6031714677810669
2028-08-01,PT_Reality Testing Techniques,Reality Testing Techniques,PT,TDB,0.0012652931036427617,0.0012660939246416092
2028-08-01,PT_Regenerative Medicine Approaches,Regenerative Medicine Approaches,PT,TDB,0.6820298433303833,21.692874908447266
2028-08-01,PT_Resting State Fmri,Resting State FMRI,PT,TDB,0.7928286194801331,31.493776321411133
2028-08-01,PT_Schema Therapy,Schema Therapy,PT,TDB,1.2851955890655518,2.61537504196167
2028-08-01,PT_Secure Data Storage For Patient Records,Secure Data Storage For Patient Records,PT,TDB,0.05032428354024887,0.05161206051707268
2028-08-01,PT_Selective Serotonin Reuptake Inhibitors,Selective Serotonin Reuptake Inhibitors,PT,TDB,0.9544738531112671,61.31496810913086
2028-08-01,PT_Sleep Pattern Monitoring And Manipulation,Sleep Pattern Monitoring And Manipulation,PT,TDB,0.0008692204719409347,0.0008695983560755849
2028-08-01,PT_Smart Wearable Mental Health Trackers,Smart Wearable Mental Health Trackers,PT,TDB,0.0005233533447608352,0.0005234903073869646
2028-08-01,PT_Social Skills Training,Social Skills Training,PT,TDB,1.0416704416275024,22.840578079223633
2028-08-01,PT_Speech Language Therapy,Speech Language Therapy,PT,TDB,0.5456413626670837,1.0185253620147705
2028-08-01,PT_Stem Cell Therapy For Neurological Disorders,Stem Cell Therapy For Neurological Disorders,PT,TDB,0.44716188311576843,2.5858640670776367
2028-08-01,PT_Stimulant And Wake Promoting Agents,Stimulant And Wake Promoting Agents,PT,TDB,1.1528079509735107,35.347774505615234
2028-08-01,PT_Traditional And Alternative Medicine Approaches,Traditional And Alternative Medicine Approaches,PT,TDB,0.622535228729248,9.214085578918457
2028-08-01,PT_Transcranial Direct Current Stimulation,Transcranial Direct Current Stimulation,PT,TDB,0.8318848013877869,33.67637634277344
2028-08-01,PT_Transcranial Magnetic Stimulation,Transcranial Magnetic Stimulation,PT,TDB,0.9470669627189636,185.34274291992188
2028-08-01,PT_Transference Focused Psychotherapy,Transference Focused Psychotherapy,PT,TDB,1.0761325359344482,9.153946876525879
2028-08-01,PT_Trauma Focused Cbt,Trauma Focused Cbt,PT,TDB,0.6087711453437805,2.990515947341919
2028-08-01,PT_Vagus Nerve Stimulation,Vagus Nerve Stimulation,PT,TDB,1.0691642761230469,13.974459648132324
2028-08-01,PT_Virtual Reality Exposure Therapy,Virtual Reality Exposure Therapy,PT,TDB,0.8636907935142517,6.759093761444092
2028-08-01,PT_Vocal And Speech Biomarkers,Vocal And Speech Biomarkers,PT,TDB,0.003417360130697489,0.00342320604249835
2028-08-01,PT_Voxel Based Lesion Symptom Mapping,Voxel Based Lesion Symptom Mapping,PT,TDB,0.5100079774856567,1.002127766609192
2028-09-01,RMD_Anorexia Nervosa,Anorexia Nervosa,RMD,TDB,1.9039232730865479,357.26580810546875
2028-09-01,RMD_Antisocial Personality Disorder,Antisocial Personality Disorder,RMD,TDB,1.2719807624816895,55.35481643676758
2028-09-01,RMD_Autosarcophagy,Autosarcophagy,RMD,TDB,0.6621304154396057,0.9389186501502991
2028-09-01,RMD_Avoidant Personality Disorder,Avoidant Personality Disorder,RMD,TDB,1.5650800466537476,16.4337215423584
2028-09-01,RMD_Boanthropy,Boanthropy,RMD,TDB,0.8439339399337769,2.488109827041626
2028-09-01,RMD_Body Integrity Dysphoria,Body Integrity Dysphoria,RMD,TDB,1.7346701622009277,33.51994705200195
2028-09-01,RMD_Brief Psychotic Disorder,Brief Psychotic Disorder,RMD,TDB,1.270563006401062,2.6926655769348145
2028-09-01,RMD_Capgras Syndrome,Capgras Syndrome,RMD,TDB,1.6144957542419434,26.693883895874023
2028-09-01,RMD_Childhood Disintegrative Disorder,Childhood Disintegrative Disorder,RMD,TDB,1.703955888748169,33.633792877197266
2028-09-01,RMD_Chronic Traumatic Encephalopathy,Chronic Traumatic Encephalopathy,RMD,TDB,2.0460643768310547,417.8659362792969
2028-09-01,RMD_Circadian Rhythm Sleep Wake Disorder,Circadian Rhythm Sleep Wake Disorder,RMD,TDB,1.2986881732940674,3.0571775436401367
2028-09-01,RMD_Cotard Syndrome,Cotard Syndrome,RMD,TDB,1.5562238693237305,5.470652103424072
2028-09-01,RMD_Cyclothymic Disorder,Cyclothymic Disorder,RMD,TDB,1.9829137325286865,240.3908233642578
2028-09-01,RMD_Delusional Disorder,Delusional Disorder,RMD,TDB,0.7332785129547119,2.675408363342285
2028-09-01,RMD_Diogenes Syndrome,Diogenes Syndrome,RMD,TDB,1.716710090637207,4.626439571380615
2028-09-01,RMD_Disinhibited Social Engagement Disorder,Disinhibited Social Engagement Disorder,RMD,TDB,1.1445038318634033,5.174651622772217
2028-09-01,RMD_Dissociative Amnesia,Dissociative Amnesia,RMD,TDB,1.637279987335205,6.322410583496094
2028-09-01,RMD_Dissociative Fugue,Dissociative Fugue,RMD,TDB,1.9078198671340942,38.85341262817383
2028-09-01,RMD_Ekbom Syndrome,Ekbom Syndrome,RMD,TDB,1.5666900873184204,53.5465087890625
2028-09-01,RMD_Erotomania,Erotomania,RMD,TDB,1.9233191013336182,78.27232360839844
2028-09-01,RMD_Factitious Disorder,Factitious Disorder,RMD,TDB,2.0586071014404297,263.5382385253906
2028-09-01,RMD_Fregoli Delusion,Fregoli Delusion,RMD,TDB,1.0298447608947754,1.800631046295166
2028-09-01,RMD_Ganser Syndrome,Ganser Syndrome,RMD,TDB,2.2419610023498535,12.48534107208252
2028-09-01,RMD_Hallucinogen Persisting Perception Disorder,Hallucinogen Persisting Perception Disorder,RMD,TDB,2.0528106689453125,146.29429626464844
2028-09-01,RMD_Histrionic Personality Disorder,Histrionic Personality Disorder,RMD,TDB,1.299477458000183,17.165184020996094
2028-09-01,RMD_Hypergraphia,Hypergraphia,RMD,TDB,1.0629910230636597,5.255391597747803
2028-09-01,RMD_Hyperthymesia,Hyperthymesia,RMD,TDB,1.9511386156082153,74.61502075195312
2028-09-01,RMD_Impulse Control Disorders,Impulse Control Disorders,RMD,TDB,1.4085474014282227,87.04647064208984
2028-09-01,RMD_Intermetamorphosis Syndrome,Intermetamorphosis Syndrome,RMD,TDB,0.12464473396539688,0.39106157422065735
2028-09-01,RMD_Kleine Levin Syndrome,Kleine Levin Syndrome,RMD,TDB,1.4397523403167725,17.885448455810547
2028-09-01,RMD_Kleptomania,Kleptomania,RMD,TDB,2.292829990386963,37.410091400146484
2028-09-01,RMD_Koro,Koro,RMD,TDB,1.1373610496520996,3.9904184341430664
2028-09-01,RMD_Landau Kleffner Syndrome,Landau Kleffner Syndrome,RMD,TDB,1.6761159896850586,10.826859474182129
2028-09-01,RMD_Narcissistic Personality Disorder,Narcissistic Personality Disorder,RMD,TDB,1.9996427297592163,346.6492004394531
2028-09-01,RMD_Olfactory Reference Syndrome,Olfactory Reference Syndrome,RMD,TDB,1.6061491966247559,100.68929290771484
2028-09-01,RMD_Othello Syndrome,Othello Syndrome,RMD,TDB,1.4529201984405518,18.741546630859375
2028-09-01,RMD_Palilalia,Palilalia,RMD,TDB,0.7746164202690125,2.3068017959594727
2028-09-01,RMD_Postpartum Psychosis,Postpartum Psychosis,RMD,TDB,2.249988079071045,30.49584197998047
2028-09-01,RMD_Pyromania,Pyromania,RMD,TDB,1.7715072631835938,44.85408401489258
2028-09-01,RMD_Reactive Attachment Disorder,Reactive Attachment Disorder,RMD,TDB,2.1869521141052246,145.804931640625
2028-09-01,RMD_Reduplicative Paramnesia,Reduplicative Paramnesia,RMD,TDB,1.307031273841858,2.6951873302459717
2028-09-01,RMD_Rumination Disorder,Rumination Disorder,RMD,TDB,1.8413474559783936,81.07267761230469
2028-09-01,RMD_Savant Syndrome,Savant Syndrome,RMD,TDB,1.1252427101135254,14.24705982208252
2028-09-01,RMD_Schizoaffective Disorder,Schizoaffective Disorder,RMD,TDB,1.5583724975585938,93.52008819580078
2028-09-01,RMD_Schizotypal Personality Disorder,Schizotypal Personality Disorder,RMD,TDB,1.9765163660049438,209.7154541015625
2028-09-01,RMD_Selective Mutism,Selective Mutism,RMD,TDB,2.596299171447754,47.314422607421875
2028-09-01,RMD_Stendhal Syndrome,Stendhal Syndrome,RMD,TDB,0.9066433310508728,3.3890058994293213
2028-09-01,RMD_Wendigo Psychosis,Wendigo Psychosis,RMD,TDB,0.6492325067520142,1.269802212715149
2028-09-01,PT_Acceptance And Commitment Therapy,Acceptance And Commitment Therapy,PT,TDB,1.0185986757278442,38.5701904296875
2028-09-01,PT_Animal Assisted Therapy,Animal Assisted Therapy,PT,TDB,1.2392795085906982,7.085909366607666
2028-09-01,PT_Anticonvulsant Therapy,Anticonvulsant Therapy,PT,TDB,0.4154687523841858,2.871481418609619
2028-09-01,PT_Antidepressants,Antidepressants,PT,TDB,0.9253900647163391,133.41477966308594
2028-09-01,PT_Antipsychotic Medications,Antipsychotic Medications,PT,TDB,0.006915592588484287,0.006939561106264591
2028-09-01,PT_Anxiolytic Medications,Anxiolytic Medications,PT,TDB,0.8900080919265747,78.28687286376953
2028-09-01,PT_Art Therapy,Art Therapy,PT,TDB,0.41450071334838867,3.2061595916748047
2028-09-01,PT_Augmentative Communication Devices,Augmentative Communication Devices,PT,TDB,0.32381322979927063,0.5665886998176575
2028-09-01,PT_Behavioral Activation Therapy,Behavioral Activation Therapy,PT,TDB,0.5480446815490723,2.140655994415283
2028-09-01,PT_Biofeedback Devices,Biofeedback Devices,PT,TDB,0.5601423978805542,0.8430366516113281
2028-09-01,PT_Blockchain For Data Protection,Blockchain For Data Protection,PT,TDB,0.01227767113596201,0.012353351339697838
2028-09-01,PT_Brain Computer Interface,Brain Computer Interface,PT,TDB,0.9278628826141357,76.16594696044922
2028-09-01,PT_Cbt For Insomnia,Cbt For Insomnia,PT,TDB,1.4152374267578125,3.117464065551758
2028-09-01,PT_Chronotherapy,Chronotherapy,PT,TDB,1.0024796724319458,2.4629385471343994
2028-09-01,PT_Closed Loop Neurostimulation,Closed Loop Neurostimulation,PT,TDB,1.165527105331421,26.656312942504883
2028-09-01,PT_Clozapine Protocol,Clozapine Protocol,PT,TDB,0.005034253932535648,0.00504694739356637
2028-09-01,PT_Cognitive Assistive Technologies,Cognitive Assistive Technologies,PT,TDB,0.05330273136496544,0.05474890395998955
2028-09-01,PT_Cognitive Behavioral Therapy,Cognitive Behavioral Therapy,PT,TDB,0.9351469874382019,150.9728240966797
2028-09-01,PT_Cognitive Enhancement Programs,Cognitive Enhancement Programs,PT,TDB,0.08441886305809021,0.18744312226772308
2028-09-01,PT_Cultural Psychiatry Interventions,Cultural Psychiatry Interventions,PT,TDB,0.1655096858739853,0.1799943894147873
2028-09-01,PT_Deep Brain Stimulation,Deep Brain Stimulation,PT,TDB,0.8579685688018799,11.506343841552734
2028-09-01,PT_Dialectical Behavior Therapy,Dialectical Behavior Therapy,PT,TDB,0.9842349290847778,28.234785079956055
2028-09-01,PT_Dietary Interventions And Supplements,Dietary Interventions And Supplements,PT,TDB,0.17530600726604462,0.19161079823970795
2028-09-01,PT_Digital Health Tools,Digital Health Tools,PT,TDB,0.7805328965187073,50.375274658203125
2028-09-01,PT_Digital Imaging Technologies For Brain Scanning,Digital Imaging Technologies For Brain Scanning,PT,TDB,0.11155521869659424,0.20063652098178864
2028-09-01,PT_Digital Phenotyping,Digital Phenotyping,PT,TDB,1.3066478967666626,15.839701652526855
2028-09-01,PT_Digital Therapeutics,Digital Therapeutics,PT,TDB,0.0041389549151062965,0.004147532396018505
2028-09-01,PT_Electroconvulsive Therapy,Electroconvulsive Therapy,PT,TDB,0.004342363215982914,0.004351805429905653
2028-09-01,PT_Electroencephalography,Electroencephalography,PT,TDB,0.8621453642845154,205.13548278808594
2028-09-01,PT_Emdr Therapy,Emdr Therapy,PT,TDB,1.002250075340271,28.336719512939453
2028-09-01,PT_Emotion Regulation Training,Emotion Regulation Training,PT,TDB,0.6482772827148438,2.0402283668518066
2028-09-01,PT_Expressive Writing And Journaling,Expressive Writing And Journaling,PT,TDB,0.19627125561237335,0.2168569415807724
2028-09-01,PT_Fecal Microbiota Transplant,Fecal Microbiota Transplant,PT,TDB,0.004331023432314396,0.00434041628614068
2028-09-01,PT_Focused Ultrasound Therapy,Focused Ultrasound Therapy,PT,TDB,0.39523082971572876,0.9089226722717285
2028-09-01,PT_Hypnotherapy,Hypnotherapy,PT,TDB,1.0546990633010864,21.41133689880371
2028-09-01,PT_Immunotherapy For Neuropsychiatric Disorders,Immunotherapy For Neuropsychiatric Disorders,PT,TDB,0.9916114211082458,16.568817138671875
2028-09-01,PT_Interpersonal Psychotherapy,Interpersonal Psychotherapy,PT,TDB,0.6326587796211243,4.326364040374756
2028-09-01,PT_Ketamine Therapy,Ketamine Therapy,PT,TDB,1.099908471107483,18.24860191345215
2028-09-01,PT_Light Therapy,Light Therapy,PT,TDB,0.9921253323554993,13.544673919677734
2028-09-01,PT_Lithium Therapy,Lithium Therapy,PT,TDB,0.082535021007061,0.09491199254989624
2028-09-01,PT_Machine Learning Neuroimaging,Machine Learning Neuroimaging,PT,TDB,1.9214242696762085,7.980951309204102
2028-09-01,PT_Meditation And Relaxation Techniques,Meditation And Relaxation Techniques,PT,TDB,0.38984206318855286,1.1352797746658325
2028-09-01,PT_Memory Retrieval Techniques,Memory Retrieval Techniques,PT,TDB,0.007514156401157379,0.0153196407482028
2028-09-01,PT_Mentalization Based Treatment,Mentalization Based Treatment,PT,TDB,0.890462338924408,6.366121768951416
2028-09-01,PT_Metabolic And Enzyme Targeted Therapy,Metabolic And Enzyme Targeted Therapy,PT,TDB,0.40331485867500305,0.7491205930709839
2028-09-01,PT_Metaverse,Metaverse,PT,TDB,0.004773289896547794,0.004784700460731983
2028-09-01,PT_Mindfulness Based Stress Reduction,Mindfulness Based Stress Reduction,PT,TDB,0.9144381284713745,28.32290267944336
2028-09-01,PT_Mood Stabilizers,Mood Stabilizers,PT,TDB,0.9839531183242798,43.265865325927734
2028-09-01,PT_Motivational Interviewing,Motivational Interviewing,PT,TDB,1.0980042219161987,55.911598205566406
2028-09-01,PT_Music Therapy,Music Therapy,PT,TDB,0.8145326972007751,10.47443962097168
2028-09-01,PT_Naltrexone,Naltrexone,PT,TDB,1.1461384296417236,17.911815643310547
2028-09-01,PT_Narrative Exposure Therapy,Narrative Exposure Therapy,PT,TDB,0.8133324980735779,23.089488983154297
2028-09-01,PT_Neurobiological Assessments For Mental Disorders,Neurobiological Assessments For Mental Disorders,PT,TDB,0.18316228687763214,0.20100930333137512
2028-09-01,PT_Neurocognitive Training,Neurocognitive Training,PT,TDB,0.7491809725761414,1.3414268493652344
2028-09-01,PT_Neurofeedback Systems,Neurofeedback Systems,PT,TDB,0.3284800052642822,0.3888554573059082
2028-09-01,PT_Neuromodulation Techniques,Neuromodulation Techniques,PT,TDB,0.7632212042808533,13.464086532592773
2028-09-01,PT_Neuroplasticity Techniques,Neuroplasticity Techniques,PT,TDB,0.10056954622268677,0.23260337114334106
2028-09-01,PT_Neuroprotective Agents,Neuroprotective Agents,PT,TDB,0.9980071783065796,25.66018295288086
2028-09-01,PT_Occupational Therapy,Occupational Therapy,PT,TDB,1.050428867340088,58.775291442871094
2028-09-01,PT_Oxytocin Therapy,Oxytocin Therapy,PT,TDB,0.9267041683197021,1.5261696577072144
2028-09-01,PT_Personalized Medicine,Personalized Medicine,PT,TDB,0.9235795140266418,328.07232666015625
2028-09-01,PT_Pharmacogenomic Testing,Pharmacogenomic Testing,PT,TDB,1.415258526802063,12.812366485595703
2028-09-01,PT_Privacy Preserving Ai In Digital Mental Health,Privacy Preserving AI In Digital Mental Health,PT,TDB,0.0029437777120620012,0.002948115114122629
2028-09-01,PT_Prolonged Exposure Therapy,Prolonged Exposure Therapy,PT,TDB,0.035048335790634155,0.0738924965262413
2028-09-01,PT_Psilocybin Assisted Therapy,Psilocybin Assisted Therapy,PT,TDB,0.004040398634970188,0.004048572387546301
2028-09-01,PT_Psychoeducation Programs,Psychoeducation Programs,PT,TDB,0.4226076602935791,0.9741951823234558
2028-09-01,PT_Psychophysiological Metrics For Treatment Response,Psychophysiological Metrics For Treatment Response,PT,TDB,0.33442020416259766,0.605989396572113
2028-09-01,PT_Reality Testing Techniques,Reality Testing Techniques,PT,TDB,0.002519381232559681,0.0025225577410310507
2028-09-01,PT_Regenerative Medicine Approaches,Regenerative Medicine Approaches,PT,TDB,0.6829672455787659,21.79046058654785
2028-09-01,PT_Resting State Fmri,Resting State FMRI,PT,TDB,0.7937150597572327,31.620494842529297
2028-09-01,PT_Schema Therapy,Schema Therapy,PT,TDB,1.285670518875122,2.6170923709869385
2028-09-01,PT_Secure Data Storage For Patient Records,Secure Data Storage For Patient Records,PT,TDB,0.05167978256940842,0.05303848907351494
2028-09-01,PT_Selective Serotonin Reuptake Inhibitors,Selective Serotonin Reuptake Inhibitors,PT,TDB,0.9548006653785706,61.403194427490234
2028-09-01,PT_Sleep Pattern Monitoring And Manipulation,Sleep Pattern Monitoring And Manipulation,PT,TDB,0.0021128442604094744,0.0021150780376046896
2028-09-01,PT_Smart Wearable Mental Health Trackers,Smart Wearable Mental Health Trackers,PT,TDB,0.0017634641844779253,0.0017650200752541423
2028-09-01,PT_Social Skills Training,Social Skills Training,PT,TDB,1.0419540405273438,22.861175537109375
2028-09-01,PT_Speech Language Therapy,Speech Language Therapy,PT,TDB,0.5463540554046631,1.0203779935836792
2028-09-01,PT_Stem Cell Therapy For Neurological Disorders,Stem Cell Therapy For Neurological Disorders,PT,TDB,0.44843369722366333,2.5989115238189697
2028-09-01,PT_Stimulant And Wake Promoting Agents,Stimulant And Wake Promoting Agents,PT,TDB,1.1530851125717163,35.37918472290039
2028-09-01,PT_Traditional And Alternative Medicine Approaches,Traditional And Alternative Medicine Approaches,PT,TDB,0.6233507394790649,9.24522590637207
2028-09-01,PT_Transcranial Direct Current Stimulation,Transcranial Direct Current Stimulation,PT,TDB,0.8322405815124512,33.72900390625
2028-09-01,PT_Transcranial Magnetic Stimulation,Transcranial Magnetic Stimulation,PT,TDB,0.9474881887435913,185.77650451660156
2028-09-01,PT_Transference Focused Psychotherapy,Transference Focused Psychotherapy,PT,TDB,1.0762909650802612,9.157411575317383
2028-09-01,PT_Trauma Focused Cbt,Trauma Focused Cbt,PT,TDB,0.6095930933952332,2.9979796409606934
2028-09-01,PT_Vagus Nerve Stimulation,Vagus Nerve Stimulation,PT,TDB,1.0693532228469849,13.981622695922852
2028-09-01,PT_Virtual Reality Exposure Therapy,Virtual Reality Exposure Therapy,PT,TDB,0.8639219999313354,6.7633514404296875
2028-09-01,PT_Vocal And Speech Biomarkers,Vocal And Speech Biomarkers,PT,TDB,0.004755624569952488,0.004766950849443674
2028-09-01,PT_Voxel Based Lesion Symptom Mapping,Voxel Based Lesion Symptom Mapping,PT,TDB,0.5108681321144104,1.0044732093811035
2028-10-01,RMD_Anorexia Nervosa,Anorexia Nervosa,RMD,TDB,1.9050281047821045,358.49053955078125
2028-10-01,RMD_Antisocial Personality Disorder,Antisocial Personality Disorder,RMD,TDB,1.2748558521270752,55.8707160949707
2028-10-01,RMD_Autosarcophagy,Autosarcophagy,RMD,TDB,0.6643309593200684,0.9431900382041931
2028-10-01,RMD_Avoidant Personality Disorder,Avoidant Personality Disorder,RMD,TDB,1.567619800567627,16.514774322509766
2028-10-01,RMD_Boanthropy,Boanthropy,RMD,TDB,0.8461796045303345,2.499725341796875
2028-10-01,RMD_Body Integrity Dysphoria,Body Integrity Dysphoria,RMD,TDB,1.7356774806976318,33.59101104736328
2028-10-01,RMD_Brief Psychotic Disorder,Brief Psychotic Disorder,RMD,TDB,1.2724188566207886,2.6997179985046387
2028-10-01,RMD_Capgras Syndrome,Capgras Syndrome,RMD,TDB,1.6160006523132324,26.779752731323242
2028-10-01,RMD_Childhood Disintegrative Disorder,Childhood Disintegrative Disorder,RMD,TDB,1.7049474716186523,33.70530700683594
2028-10-01,RMD_Chronic Traumatic Encephalopathy,Chronic Traumatic Encephalopathy,RMD,TDB,2.046779155731201,418.7502746582031
2028-10-01,RMD_Circadian Rhythm Sleep Wake Disorder,Circadian Rhythm Sleep Wake Disorder,RMD,TDB,1.300044059753418,3.0631144046783447
2028-10-01,RMD_Cotard Syndrome,Cotard Syndrome,RMD,TDB,1.557788372039795,5.482810020446777
2028-10-01,RMD_Cyclothymic Disorder,Cyclothymic Disorder,RMD,TDB,1.984027624130249,241.13589477539062
2028-10-01,RMD_Delusional Disorder,Delusional Disorder,RMD,TDB,0.7351689338684082,2.68776273727417
2028-10-01,RMD_Diogenes Syndrome,Diogenes Syndrome,RMD,TDB,1.7176775932312012,4.631919860839844
2028-10-01,RMD_Disinhibited Social Engagement Disorder,Disinhibited Social Engagement Disorder,RMD,TDB,1.146834135055542,5.197580814361572
2028-10-01,RMD_Dissociative Amnesia,Dissociative Amnesia,RMD,TDB,1.6382417678833008,6.330979824066162
2028-10-01,RMD_Dissociative Fugue,Dissociative Fugue,RMD,TDB,1.9093551635742188,38.97178268432617
2028-10-01,RMD_Ekbom Syndrome,Ekbom Syndrome,RMD,TDB,1.5679826736450195,53.72677993774414
2028-10-01,RMD_Erotomania,Erotomania,RMD,TDB,1.9244720935821533,78.48042297363281
2028-10-01,RMD_Factitious Disorder,Factitious Disorder,RMD,TDB,2.059840679168701,264.423828125
2028-10-01,RMD_Fregoli Delusion,Fregoli Delusion,RMD,TDB,1.0319209098815918,1.8064515590667725
2028-10-01,RMD_Ganser Syndrome,Ganser Syndrome,RMD,TDB,2.2451834678649902,12.53586196899414
2028-10-01,RMD_Hallucinogen Persisting Perception Disorder,Hallucinogen Persisting Perception Disorder,RMD,TDB,2.0537619590759277,146.63546752929688
2028-10-01,RMD_Histrionic Personality Disorder,Histrionic Personality Disorder,RMD,TDB,1.3012595176696777,17.237558364868164
2028-10-01,RMD_Hypergraphia,Hypergraphia,RMD,TDB,1.0647037029266357,5.273897647857666
2028-10-01,RMD_Hyperthymesia,Hyperthymesia,RMD,TDB,1.9522663354873657,74.8042984008789
2028-10-01,RMD_Impulse Control Disorders,Impulse Control Disorders,RMD,TDB,1.4101516008377075,87.49663543701172
2028-10-01,RMD_Intermetamorphosis Syndrome,Intermetamorphosis Syndrome,RMD,TDB,0.1268770843744278,0.39930906891822815
2028-10-01,RMD_Kleine Levin Syndrome,Kleine Levin Syndrome,RMD,TDB,1.4403882026672363,17.909971237182617
2028-10-01,RMD_Kleptomania,Kleptomania,RMD,TDB,2.294581413269043,37.51728439331055
2028-10-01,RMD_Koro,Koro,RMD,TDB,1.1383070945739746,3.9970953464508057
2028-10-01,RMD_Landau Kleffner Syndrome,Landau Kleffner Syndrome,RMD,TDB,1.676523208618164,10.833958625793457
2028-10-01,RMD_Narcissistic Personality Disorder,Narcissistic Personality Disorder,RMD,TDB,2.0004782676696777,347.5001525878906
2028-10-01,RMD_Olfactory Reference Syndrome,Olfactory Reference Syndrome,RMD,TDB,1.6074097156524658,101.05882263183594
2028-10-01,RMD_Othello Syndrome,Othello Syndrome,RMD,TDB,1.453695297241211,18.772985458374023
2028-10-01,RMD_Palilalia,Palilalia,RMD,TDB,0.7757238149642944,2.31246018409729
2028-10-01,RMD_Postpartum Psychosis,Postpartum Psychosis,RMD,TDB,2.25071382522583,30.530908584594727
2028-10-01,RMD_Pyromania,Pyromania,RMD,TDB,1.7722790241241455,44.930564880371094
2028-10-01,RMD_Reactive Attachment Disorder,Reactive Attachment Disorder,RMD,TDB,2.1876814365386963,146.04945373535156
2028-10-01,RMD_Reduplicative Paramnesia,Reduplicative Paramnesia,RMD,TDB,1.3075006008148193,2.6969220638275146
2028-10-01,RMD_Rumination Disorder,Rumination Disorder,RMD,TDB,1.842187523841858,81.23787689208984
2028-10-01,RMD_Savant Syndrome,Savant Syndrome,RMD,TDB,1.1262174844741821,14.283086776733398
2028-10-01,RMD_Schizoaffective Disorder,Schizoaffective Disorder,RMD,TDB,1.5591139793395996,93.72488403320312
2028-10-01,RMD_Schizotypal Personality Disorder,Schizotypal Personality Disorder,RMD,TDB,1.9769436120986938,209.95925903320312
2028-10-01,RMD_Selective Mutism,Selective Mutism,RMD,TDB,2.5972158908843994,47.380611419677734
2028-10-01,RMD_Stendhal Syndrome,Stendhal Syndrome,RMD,TDB,0.9074369668960571,3.3946926593780518
2028-10-01,RMD_Wendigo Psychosis,Wendigo Psychosis,RMD,TDB,0.6503579616546631,1.2730298042297363
2028-10-01,PT_Acceptance And Commitment Therapy,Acceptance And Commitment Therapy,PT,TDB,1.0194543600082397,38.69264602661133
2028-10-01,PT_Animal Assisted Therapy,Animal Assisted Therapy,PT,TDB,1.2407463788986206,7.105938911437988
2028-10-01,PT_Anticonvulsant Therapy,Anticonvulsant Therapy,PT,TDB,0.4166010618209839,2.8857903480529785
2028-10-01,PT_Antidepressants,Antidepressants,PT,TDB,0.9259312152862549,133.800537109375
2028-10-01,PT_Antipsychotic Medications,Antipsychotic Medications,PT,TDB,0.007731948047876358,0.007761917542666197
2028-10-01,PT_Anxiolytic Medications,Anxiolytic Medications,PT,TDB,0.8903582692146301,78.4234390258789
2028-10-01,PT_Art Therapy,Art Therapy,PT,TDB,0.4153161644935608,3.2180633544921875
2028-10-01,PT_Augmentative Communication Devices,Augmentative Communication Devices,PT,TDB,0.3244178295135498,0.5679023265838623
2028-10-01,PT_Behavioral Activation Therapy,Behavioral Activation Therapy,PT,TDB,0.5483996868133545,2.1429848670959473
2028-10-01,PT_Biofeedback Devices,Biofeedback Devices,PT,TDB,0.560609757900238,0.8439770936965942
2028-10-01,PT_Blockchain For Data Protection,Blockchain For Data Protection,PT,TDB,0.013160701841115952,0.013247685506939888
2028-10-01,PT_Brain Computer Interface,Brain Computer Interface,PT,TDB,0.9282840490341187,76.31832122802734
2028-10-01,PT_Cbt For Insomnia,Cbt For Insomnia,PT,TDB,1.4163883924484253,3.1222057342529297
2028-10-01,PT_Chronotherapy,Chronotherapy,PT,TDB,1.003136157989502,2.46575665473938
2028-10-01,PT_Closed Loop Neurostimulation,Closed Loop Neurostimulation,PT,TDB,1.166271686553955,26.71502685546875
2028-10-01,PT_Clozapine Protocol,Clozapine Protocol,PT,TDB,0.005851149559020996,0.005868301261216402
2028-10-01,PT_Cognitive Assistive Technologies,Cognitive Assistive Technologies,PT,TDB,0.0540446862578392,0.05553176999092102
2028-10-01,PT_Cognitive Behavioral Therapy,Cognitive Behavioral Therapy,PT,TDB,0.9354720711708069,151.23841857910156
2028-10-01,PT_Cognitive Enhancement Programs,Cognitive Enhancement Programs,PT,TDB,0.08521433919668198,0.18936702609062195
2028-10-01,PT_Cultural Psychiatry Interventions,Cultural Psychiatry Interventions,PT,TDB,0.16622863709926605,0.1808430552482605
2028-10-01,PT_Deep Brain Stimulation,Deep Brain Stimulation,PT,TDB,0.8587138056755066,11.533818244934082
2028-10-01,PT_Dialectical Behavior Therapy,Dialectical Behavior Therapy,PT,TDB,0.9846320152282715,28.274625778198242
2028-10-01,PT_Dietary Interventions And Supplements,Dietary Interventions And Supplements,PT,TDB,0.17596492171287537,0.19239622354507446
2028-10-01,PT_Digital Health Tools,Digital Health Tools,PT,TDB,0.7808786630630493,50.46500015258789
2028-10-01,PT_Digital Imaging Technologies For Brain Scanning,Digital Imaging Technologies For Brain Scanning,PT,TDB,0.11219389736652374,0.20189408957958221
2028-10-01,PT_Digital Phenotyping,Digital Phenotyping,PT,TDB,1.3074007034301758,15.867121696472168
2028-10-01,PT_Digital Therapeutics,Digital Therapeutics,PT,TDB,0.004964888095855713,0.004977233707904816
2028-10-01,PT_Electroconvulsive Therapy,Electroconvulsive Therapy,PT,TDB,0.00516156479716301,0.0051749087870121
2028-10-01,PT_Electroencephalography,Electroencephalography,PT,TDB,0.8624284863471985,205.4965362548828
2028-10-01,PT_Emdr Therapy,Emdr Therapy,PT,TDB,1.0026592016220093,28.37721061706543
2028-10-01,PT_Emotion Regulation Training,Emotion Regulation Training,PT,TDB,0.6487302780151367,2.042591094970703
2028-10-01,PT_Expressive Writing And Journaling,Expressive Writing And Journaling,PT,TDB,0.19676929712295532,0.21746313571929932
2028-10-01,PT_Fecal Microbiota Transplant,Fecal Microbiota Transplant,PT,TDB,0.005116458982229233,0.005129570607095957
2028-10-01,PT_Focused Ultrasound Therapy,Focused Ultrasound Therapy,PT,TDB,0.3959210515022278,0.9110792279243469
2028-10-01,PT_Hypnotherapy,Hypnotherapy,PT,TDB,1.0553979873657227,21.457565307617188
2028-10-01,PT_Immunotherapy For Neuropsychiatric Disorders,Immunotherapy For Neuropsychiatric Disorders,PT,TDB,0.9924683570861816,16.612388610839844
2028-10-01,PT_Interpersonal Psychotherapy,Interpersonal Psychotherapy,PT,TDB,0.6329604983329773,4.3306145668029785
2028-10-01,PT_Ketamine Therapy,Ketamine Therapy,PT,TDB,1.1007256507873535,18.290943145751953
2028-10-01,PT_Light Therapy,Light Therapy,PT,TDB,0.9929894208908081,13.578627586364746
2028-10-01,PT_Lithium Therapy,Lithium Therapy,PT,TDB,0.08332972228527069,0.09586834162473679
2028-10-01,PT_Machine Learning Neuroimaging,Machine Learning Neuroimaging,PT,TDB,1.9230023622512817,7.997155666351318
2028-10-01,PT_Meditation And Relaxation Techniques,Meditation And Relaxation Techniques,PT,TDB,0.39021459221839905,1.1368281841278076
2028-10-01,PT_Memory Retrieval Techniques,Memory Retrieval Techniques,PT,TDB,0.008307324722409248,0.01695036143064499
2028-10-01,PT_Mentalization Based Treatment,Mentalization Based Treatment,PT,TDB,0.8913015723228455,6.379997730255127
2028-10-01,PT_Metabolic And Enzyme Targeted Therapy,Metabolic And Enzyme Targeted Therapy,PT,TDB,0.4039255380630493,0.7506019473075867
2028-10-01,PT_Metaverse,Metaverse,PT,TDB,0.0055839866399765015,0.005599606782197952
2028-10-01,PT_Mindfulness Based Stress Reduction,Mindfulness Based Stress Reduction,PT,TDB,0.914762556552887,28.358074188232422
2028-10-01,PT_Mood Stabilizers,Mood Stabilizers,PT,TDB,0.9842972159385681,43.324581146240234
2028-10-01,PT_Motivational Interviewing,Motivational Interviewing,PT,TDB,1.0985363721847534,56.02318572998047
2028-10-01,PT_Music Therapy,Music Therapy,PT,TDB,0.8151542544364929,10.495824813842773
2028-10-01,PT_Naltrexone,Naltrexone,PT,TDB,1.1470317840576172,17.9552001953125
2028-10-01,PT_Narrative Exposure Therapy,Narrative Exposure Therapy,PT,TDB,0.8138619065284729,23.139427185058594
2028-10-01,PT_Neurobiological Assessments For Mental Disorders,Neurobiological Assessments For Mental Disorders,PT,TDB,0.18373166024684906,0.2016933262348175
2028-10-01,PT_Neurocognitive Training,Neurocognitive Training,PT,TDB,0.7496517300605774,1.3426789045333862
2028-10-01,PT_Neurofeedback Systems,Neurofeedback Systems,PT,TDB,0.3291022479534149,0.3897199332714081
2028-10-01,PT_Neuromodulation Techniques,Neuromodulation Techniques,PT,TDB,0.7635257244110107,13.479513168334961
2028-10-01,PT_Neuroplasticity Techniques,Neuroplasticity Techniques,PT,TDB,0.10113799571990967,0.23406124114990234
2028-10-01,PT_Neuroprotective Agents,Neuroprotective Agents,PT,TDB,0.9984235167503357,25.69672393798828
2028-10-01,PT_Occupational Therapy,Occupational Therapy,PT,TDB,1.0509412288665771,58.89466857910156
2028-10-01,PT_Oxytocin Therapy,Oxytocin Therapy,PT,TDB,0.9275137186050415,1.5282155275344849
2028-10-01,PT_Personalized Medicine,Personalized Medicine,PT,TDB,0.9239208698272705,328.778076171875
2028-10-01,PT_Pharmacogenomic Testing,Pharmacogenomic Testing,PT,TDB,1.4162731170654297,12.838387489318848
2028-10-01,PT_Privacy Preserving Ai In Digital Mental Health,Privacy Preserving AI In Digital Mental Health,PT,TDB,0.0037459470331668854,0.00375297199934721
2028-10-01,PT_Prolonged Exposure Therapy,Prolonged Exposure Therapy,PT,TDB,0.035870447754859924,0.07568978518247604
2028-10-01,PT_Psilocybin Assisted Therapy,Psilocybin Assisted Therapy,PT,TDB,0.004844818264245987,0.004856573883444071
2028-10-01,PT_Psychoeducation Programs,Psychoeducation Programs,PT,TDB,0.42309725284576416,0.9757513999938965
2028-10-01,PT_Psychophysiological Metrics For Treatment Response,Psychophysiological Metrics For Treatment Response,PT,TDB,0.33484917879104614,0.6069656610488892
2028-10-01,PT_Reality Testing Techniques,Reality Testing Techniques,PT,TDB,0.003278821473941207,0.003284202888607979
2028-10-01,PT_Regenerative Medicine Approaches,Regenerative Medicine Approaches,PT,TDB,0.6832086443901062,21.81566047668457
2028-10-01,PT_Resting State Fmri,Resting State FMRI,PT,TDB,0.7940683960914612,31.671140670776367
2028-10-01,PT_Schema Therapy,Schema Therapy,PT,TDB,1.2867363691329956,2.6209497451782227
2028-10-01,PT_Secure Data Storage For Patient Records,Secure Data Storage For Patient Records,PT,TDB,0.052427325397729874,0.053825974464416504
2028-10-01,PT_Selective Serotonin Reuptake Inhibitors,Selective Serotonin Reuptake Inhibitors,PT,TDB,0.9551985859870911,61.51079559326172
2028-10-01,PT_Sleep Pattern Monitoring And Manipulation,Sleep Pattern Monitoring And Manipulation,PT,TDB,0.002875056117773056,0.0028791932854801416
2028-10-01,PT_Smart Wearable Mental Health Trackers,Smart Wearable Mental Health Trackers,PT,TDB,0.0025178715586662292,0.002521044109016657
2028-10-01,PT_Social Skills Training,Social Skills Training,PT,TDB,1.0424293279647827,22.89572525024414
2028-10-01,PT_Speech Language Therapy,Speech Language Therapy,PT,TDB,0.5468254685401917,1.0216044187545776
2028-10-01,PT_Stem Cell Therapy For Neurological Disorders,Stem Cell Therapy For Neurological Disorders,PT,TDB,0.44884824752807617,2.6031746864318848
2028-10-01,PT_Stimulant And Wake Promoting Agents,Stimulant And Wake Promoting Agents,PT,TDB,1.1537553071975708,35.45526123046875
2028-10-01,PT_Traditional And Alternative Medicine Approaches,Traditional And Alternative Medicine Approaches,PT,TDB,0.6236326098442078,9.256011009216309
2028-10-01,PT_Transcranial Direct Current Stimulation,Transcranial Direct Current Stimulation,PT,TDB,0.8328357934951782,33.81723403930664
2028-10-01,PT_Transcranial Magnetic Stimulation,Transcranial Magnetic Stimulation,PT,TDB,0.9478316903114319,186.13104248046875
2028-10-01,PT_Transference Focused Psychotherapy,Transference Focused Psychotherapy,PT,TDB,1.0769773721694946,9.172440528869629
2028-10-01,PT_Trauma Focused Cbt,Trauma Focused Cbt,PT,TDB,0.6099714636802673,3.00141978263855
2028-10-01,PT_Vagus Nerve Stimulation,Vagus Nerve Stimulation,PT,TDB,1.0700867176055908,14.0094633102417
2028-10-01,PT_Virtual Reality Exposure Therapy,Virtual Reality Exposure Therapy,PT,TDB,0.8643292784690857,6.77085542678833
2028-10-01,PT_Vocal And Speech Biomarkers,Vocal And Speech Biomarkers,PT,TDB,0.0055871643126010895,0.005602802149951458
2028-10-01,PT_Voxel Based Lesion Symptom Mapping,Voxel Based Lesion Symptom Mapping,PT,TDB,0.5111922025680542,1.0053575038909912
2028-11-01,RMD_Anorexia Nervosa,Anorexia Nervosa,RMD,TDB,1.9058321714401245,359.38458251953125
2028-11-01,RMD_Antisocial Personality Disorder,Antisocial Personality Disorder,RMD,TDB,1.2759531736373901,56.0688591003418
2028-11-01,RMD_Autosarcophagy,Autosarcophagy,RMD,TDB,0.6651178002357483,0.9447196125984192
2028-11-01,RMD_Avoidant Personality Disorder,Avoidant Personality Disorder,RMD,TDB,1.5688142776489258,16.553024291992188
2028-11-01,RMD_Boanthropy,Boanthropy,RMD,TDB,0.8470449447631836,2.50421142578125
2028-11-01,RMD_Body Integrity Dysphoria,Body Integrity Dysphoria,RMD,TDB,1.7363722324371338,33.64011001586914
2028-11-01,RMD_Brief Psychotic Disorder,Brief Psychotic Disorder,RMD,TDB,1.2732672691345215,2.7029471397399902
2028-11-01,RMD_Capgras Syndrome,Capgras Syndrome,RMD,TDB,1.6168439388275146,26.827985763549805
2028-11-01,RMD_Childhood Disintegrative Disorder,Childhood Disintegrative Disorder,RMD,TDB,1.7056366205215454,33.755096435546875
2028-11-01,RMD_Chronic Traumatic Encephalopathy,Chronic Traumatic Encephalopathy,RMD,TDB,2.047363758087158,419.4750671386719
2028-11-01,RMD_Circadian Rhythm Sleep Wake Disorder,Circadian Rhythm Sleep Wake Disorder,RMD,TDB,1.3007301092147827,3.0661213397979736
2028-11-01,RMD_Cotard Syndrome,Cotard Syndrome,RMD,TDB,1.5586988925933838,5.489896774291992
2028-11-01,RMD_Cyclothymic Disorder,Cyclothymic Disorder,RMD,TDB,1.9847160577774048,241.59759521484375
2028-11-01,RMD_Delusional Disorder,Delusional Disorder,RMD,TDB,0.7355703115463257,2.6903913021087646
2028-11-01,RMD_Diogenes Syndrome,Diogenes Syndrome,RMD,TDB,1.7183676958084106,4.6358323097229
2028-11-01,RMD_Disinhibited Social Engagement Disorder,Disinhibited Social Engagement Disorder,RMD,TDB,1.147759199142456,5.206706523895264
2028-11-01,RMD_Dissociative Amnesia,Dissociative Amnesia,RMD,TDB,1.6388335227966309,6.336256504058838
2028-11-01,RMD_Dissociative Fugue,Dissociative Fugue,RMD,TDB,1.910390853881836,39.05183029174805
2028-11-01,RMD_Ekbom Syndrome,Ekbom Syndrome,RMD,TDB,1.568672776222229,53.823265075683594
2028-11-01,RMD_Erotomania,Erotomania,RMD,TDB,1.9253425598144531,78.63785552978516
2028-11-01,RMD_Factitious Disorder,Factitious Disorder,RMD,TDB,2.060694694519043,265.03875732421875
2028-11-01,RMD_Fregoli Delusion,Fregoli Delusion,RMD,TDB,1.0327661037445068,1.8088246583938599
2028-11-01,RMD_Ganser Syndrome,Ganser Syndrome,RMD,TDB,2.247037887573242,12.565018653869629
2028-11-01,RMD_Hallucinogen Persisting Perception Disorder,Hallucinogen Persisting Perception Disorder,RMD,TDB,2.054483413696289,146.8946990966797
2028-11-01,RMD_Histrionic Personality Disorder,Histrionic Personality Disorder,RMD,TDB,1.3020919561386108,17.27146339416504
2028-11-01,RMD_Hypergraphia,Hypergraphia,RMD,TDB,1.0655176639556885,5.282711982727051
2028-11-01,RMD_Hyperthymesia,Hyperthymesia,RMD,TDB,1.953094720840454,74.9436264038086
2028-11-01,RMD_Impulse Control Disorders,Impulse Control Disorders,RMD,TDB,1.4108632802963257,87.69709014892578
2028-11-01,RMD_Intermetamorphosis Syndrome,Intermetamorphosis Syndrome,RMD,TDB,0.1274547427892685,0.4014512002468109
2028-11-01,RMD_Kleine Levin Syndrome,Kleine Levin Syndrome,RMD,TDB,1.440915822982788,17.930343627929688
2028-11-01,RMD_Kleptomania,Kleptomania,RMD,TDB,2.2956302165985107,37.58161163330078
2028-11-01,RMD_Koro,Koro,RMD,TDB,1.1389100551605225,4.0013556480407715
2028-11-01,RMD_Landau Kleffner Syndrome,Landau Kleffner Syndrome,RMD,TDB,1.676910638809204,10.840718269348145
2028-11-01,RMD_Narcissistic Personality Disorder,Narcissistic Personality Disorder,RMD,TDB,2.0011472702026367,348.1829833984375
2028-11-01,RMD_Olfactory Reference Syndrome,Olfactory Reference Syndrome,RMD,TDB,1.608119249343872,101.26741790771484
2028-11-01,RMD_Othello Syndrome,Othello Syndrome,RMD,TDB,1.4543225765228271,18.7984619140625
2028-11-01,RMD_Palilalia,Palilalia,RMD,TDB,0.7763324975967407,2.315574884414673
2028-11-01,RMD_Postpartum Psychosis,Postpartum Psychosis,RMD,TDB,2.251307725906372,30.55963706970215
2028-11-01,RMD_Pyromania,Pyromania,RMD,TDB,1.772881031036377,44.99030685424805
2028-11-01,RMD_Reactive Attachment Disorder,Reactive Attachment Disorder,RMD,TDB,2.1883106231689453,146.26065063476562
2028-11-01,RMD_Reduplicative Paramnesia,Reduplicative Paramnesia,RMD,TDB,1.3080263137817383,2.698866128921509
2028-11-01,RMD_Rumination Disorder,Rumination Disorder,RMD,TDB,1.8428401947021484,81.36643981933594
2028-11-01,RMD_Savant Syndrome,Savant Syndrome,RMD,TDB,1.1268579959869385,14.306804656982422
2028-11-01,RMD_Schizoaffective Disorder,Schizoaffective Disorder,RMD,TDB,1.5596965551376343,93.88609313964844
2028-11-01,RMD_Schizotypal Personality Disorder,Schizotypal Personality Disorder,RMD,TDB,1.9773895740509033,210.214111328125
2028-11-01,RMD_Selective Mutism,Selective Mutism,RMD,TDB,2.597848892211914,47.4263801574707
2028-11-01,RMD_Stendhal Syndrome,Stendhal Syndrome,RMD,TDB,0.9079222679138184,3.3981730937957764
2028-11-01,RMD_Wendigo Psychosis,Wendigo Psychosis,RMD,TDB,0.6509303450584412,1.2746729850769043
2028-11-01,PT_Acceptance And Commitment Therapy,Acceptance And Commitment Therapy,PT,TDB,1.0199031829833984,38.757022857666016
2028-11-01,PT_Animal Assisted Therapy,Animal Assisted Therapy,PT,TDB,1.2415497303009033,7.116929531097412
2028-11-01,PT_Anticonvulsant Therapy,Anticonvulsant Therapy,PT,TDB,0.4170824885368347,2.891890287399292
2028-11-01,PT_Antidepressants,Antidepressants,PT,TDB,0.9262245297431946,134.01011657714844
2028-11-01,PT_Antipsychotic Medications,Antipsychotic Medications,PT,TDB,0.00811847299337387,0.008151518180966377
2028-11-01,PT_Anxiolytic Medications,Anxiolytic Medications,PT,TDB,0.8905613422393799,78.5027084350586
2028-11-01,PT_Art Therapy,Art Therapy,PT,TDB,0.415723979473114,3.224029779434204
2028-11-01,PT_Augmentative Communication Devices,Augmentative Communication Devices,PT,TDB,0.3247508406639099,0.5686262845993042
2028-11-01,PT_Behavioral Activation Therapy,Behavioral Activation Therapy,PT,TDB,0.5486315488815308,2.1445071697235107
2028-11-01,PT_Biofeedback Devices,Biofeedback Devices,PT,TDB,0.5608724355697632,0.8445058465003967
2028-11-01,PT_Blockchain For Data Protection,Blockchain For Data Protection,PT,TDB,0.013540033251047134,0.013632114976644516
2028-11-01,PT_Brain Computer Interface,Brain Computer Interface,PT,TDB,0.9284704327583313,76.38581848144531
2028-11-01,PT_Cbt For Insomnia,Cbt For Insomnia,PT,TDB,1.41712486743927,3.1252427101135254
2028-11-01,PT_Chronotherapy,Chronotherapy,PT,TDB,1.003592610359192,2.467717409133911
2028-11-01,PT_Closed Loop Neurostimulation,Closed Loop Neurostimulation,PT,TDB,1.166764497756958,26.75396156311035
2028-11-01,PT_Clozapine Protocol,Clozapine Protocol,PT,TDB,0.006248839199542999,0.006268404424190521
2028-11-01,PT_Cognitive Assistive Technologies,Cognitive Assistive Technologies,PT,TDB,0.05439522862434387,0.055901844054460526
2028-11-01,PT_Cognitive Behavioral Therapy,Cognitive Behavioral Therapy,PT,TDB,0.9356883764266968,151.41543579101562
2028-11-01,PT_Cognitive Enhancement Programs,Cognitive Enhancement Programs,PT,TDB,0.08562599122524261,0.1903638392686844
2028-11-01,PT_Cultural Psychiatry Interventions,Cultural Psychiatry Interventions,PT,TDB,0.16664433479309082,0.18133403360843658
2028-11-01,PT_Deep Brain Stimulation,Deep Brain Stimulation,PT,TDB,0.8592413067817688,11.553298950195312
2028-11-01,PT_Dialectical Behavior Therapy,Dialectical Behavior Therapy,PT,TDB,0.9849242568016052,28.303983688354492
2028-11-01,PT_Dietary Interventions And Supplements,Dietary Interventions And Supplements,PT,TDB,0.1762455701828003,0.19273091852664948
2028-11-01,PT_Digital Health Tools,Digital Health Tools,PT,TDB,0.7810761332511902,50.51631546020508
2028-11-01,PT_Digital Imaging Technologies For Brain Scanning,Digital Imaging Technologies For Brain Scanning,PT,TDB,0.11243239790201187,0.20236404240131378
2028-11-01,PT_Digital Phenotyping,Digital Phenotyping,PT,TDB,1.3078744411468506,15.884398460388184
2028-11-01,PT_Digital Therapeutics,Digital Therapeutics,PT,TDB,0.005407955497503281,0.005422605201601982
2028-11-01,PT_Electroconvulsive Therapy,Electroconvulsive Therapy,PT,TDB,0.005595296621322632,0.0056109800934791565
2028-11-01,PT_Electroencephalography,Electroencephalography,PT,TDB,0.862610936164856,205.7295379638672
2028-11-01,PT_Emdr Therapy,Emdr Therapy,PT,TDB,1.0029393434524536,28.40497398376465
2028-11-01,PT_Emotion Regulation Training,Emotion Regulation Training,PT,TDB,0.6490549445152283,2.0442862510681152
2028-11-01,PT_Expressive Writing And Journaling,Expressive Writing And Journaling,PT,TDB,0.19701746106147766,0.21776530146598816
2028-11-01,PT_Fecal Microbiota Transplant,Fecal Microbiota Transplant,PT,TDB,0.005510423332452774,0.005525634158402681
2028-11-01,PT_Focused Ultrasound Therapy,Focused Ultrasound Therapy,PT,TDB,0.39633461833000183,0.9123726487159729
2028-11-01,PT_Hypnotherapy,Hypnotherapy,PT,TDB,1.055889368057251,21.490121841430664
2028-11-01,PT_Immunotherapy For Neuropsychiatric Disorders,Immunotherapy For Neuropsychiatric Disorders,PT,TDB,0.9930665493011475,16.642866134643555
2028-11-01,PT_Interpersonal Psychotherapy,Interpersonal Psychotherapy,PT,TDB,0.6331969499588013,4.333948135375977
2028-11-01,PT_Ketamine Therapy,Ketamine Therapy,PT,TDB,1.1013332605361938,18.32248306274414
2028-11-01,PT_Light Therapy,Light Therapy,PT,TDB,0.9935940504074097,13.602432250976562
2028-11-01,PT_Lithium Therapy,Lithium Therapy,PT,TDB,0.08374704420566559,0.0963708907365799
2028-11-01,PT_Machine Learning Neuroimaging,Machine Learning Neuroimaging,PT,TDB,1.9240564107894897,8.007996559143066
2028-11-01,PT_Meditation And Relaxation Techniques,Meditation And Relaxation Techniques,PT,TDB,0.390430212020874,1.1377248764038086
2028-11-01,PT_Memory Retrieval Techniques,Memory Retrieval Techniques,PT,TDB,0.008734172210097313,0.01782902516424656
2028-11-01,PT_Mentalization Based Treatment,Mentalization Based Treatment,PT,TDB,0.8919286131858826,6.390382766723633
2028-11-01,PT_Metabolic And Enzyme Targeted Therapy,Metabolic And Enzyme Targeted Therapy,PT,TDB,0.40432947874069214,0.7515825629234314
2028-11-01,PT_Metaverse,Metaverse,PT,TDB,0.005963757634162903,0.005981576628983021
2028-11-01,PT_Mindfulness Based Stress Reduction,Mindfulness Based Stress Reduction,PT,TDB,0.914983332157135,28.382030487060547
2028-11-01,PT_Mood Stabilizers,Mood Stabilizers,PT,TDB,0.9845653772354126,43.370384216308594
2028-11-01,PT_Motivational Interviewing,Motivational Interviewing,PT,TDB,1.0989110469818115,56.10187911987305
2028-11-01,PT_Music Therapy,Music Therapy,PT,TDB,0.8155874013900757,10.510750770568848
2028-11-01,PT_Naltrexone,Naltrexone,PT,TDB,1.147693395614624,17.987396240234375
2028-11-01,PT_Narrative Exposure Therapy,Narrative Exposure Therapy,PT,TDB,0.8142192363739014,23.173192977905273
2028-11-01,PT_Neurobiological Assessments For Mental Disorders,Neurobiological Assessments For Mental Disorders,PT,TDB,0.1840706169605255,0.2021007090806961
2028-11-01,PT_Neurocognitive Training,Neurocognitive Training,PT,TDB,0.7499913573265076,1.3435825109481812
2028-11-01,PT_Neurofeedback Systems,Neurofeedback Systems,PT,TDB,0.3294687271118164,0.39022934436798096
2028-11-01,PT_Neuromodulation Techniques,Neuromodulation Techniques,PT,TDB,0.7637166380882263,13.489192962646484
2028-11-01,PT_Neuroplasticity Techniques,Neuroplasticity Techniques,PT,TDB,0.10141413658857346,0.2347700595855713
2028-11-01,PT_Neuroprotective Agents,Neuroprotective Agents,PT,TDB,0.9987133145332336,25.722185134887695
2028-11-01,PT_Occupational Therapy,Occupational Therapy,PT,TDB,1.0513181686401367,58.982669830322266
2028-11-01,PT_Oxytocin Therapy,Oxytocin Therapy,PT,TDB,0.928085446357727,1.5296614170074463
2028-11-01,PT_Personalized Medicine,Personalized Medicine,PT,TDB,0.924105167388916,329.1597900390625
2028-11-01,PT_Pharmacogenomic Testing,Pharmacogenomic Testing,PT,TDB,1.4169294834136963,12.855250358581543
2028-11-01,PT_Privacy Preserving Ai In Digital Mental Health,Privacy Preserving AI In Digital Mental Health,PT,TDB,0.004176761955022812,0.0041854968294501305
2028-11-01,PT_Prolonged Exposure Therapy,Prolonged Exposure Therapy,PT,TDB,0.036327630281448364,0.07669056206941605
2028-11-01,PT_Psilocybin Assisted Therapy,Psilocybin Assisted Therapy,PT,TDB,0.005240719765424728,0.005254476796835661
2028-11-01,PT_Psychoeducation Programs,Psychoeducation Programs,PT,TDB,0.42340895533561707,0.9767428040504456
2028-11-01,PT_Psychophysiological Metrics For Treatment Response,Psychophysiological Metrics For Treatment Response,PT,TDB,0.33502838015556335,0.6073736548423767
2028-11-01,PT_Reality Testing Techniques,Reality Testing Techniques,PT,TDB,0.00367384753189981,0.003680604510009289
2028-11-01,PT_Regenerative Medicine Approaches,Regenerative Medicine Approaches,PT,TDB,0.6833664178848267,21.832141876220703
2028-11-01,PT_Resting State Fmri,Resting State FMRI,PT,TDB,0.7943205833435059,31.707334518432617
2028-11-01,PT_Schema Therapy,Schema Therapy,PT,TDB,1.2873361110687256,2.623122215270996
2028-11-01,PT_Secure Data Storage For Patient Records,Secure Data Storage For Patient Records,PT,TDB,0.052832599729299545,0.05425314977765083
2028-11-01,PT_Selective Serotonin Reuptake Inhibitors,Selective Serotonin Reuptake Inhibitors,PT,TDB,0.9554796814918518,61.586910247802734
2028-11-01,PT_Sleep Pattern Monitoring And Manipulation,Sleep Pattern Monitoring And Manipulation,PT,TDB,0.003260623663663864,0.0032659454736858606
2028-11-01,PT_Smart Wearable Mental Health Trackers,Smart Wearable Mental Health Trackers,PT,TDB,0.002904944121837616,0.002909167669713497
2028-11-01,PT_Social Skills Training,Social Skills Training,PT,TDB,1.0427979230880737,22.922557830810547
2028-11-01,PT_Speech Language Therapy,Speech Language Therapy,PT,TDB,0.5471663475036621,1.022491693496704
2028-11-01,PT_Stem Cell Therapy For Neurological Disorders,Stem Cell Therapy For Neurological Disorders,PT,TDB,0.44906505942344666,2.6054062843322754
2028-11-01,PT_Stimulant And Wake Promoting Agents,Stimulant And Wake Promoting Agents,PT,TDB,1.1541770696640015,35.50320816040039
2028-11-01,PT_Traditional And Alternative Medicine Approaches,Traditional And Alternative Medicine Approaches,PT,TDB,0.6238200664520264,9.263190269470215
2028-11-01,PT_Transcranial Direct Current Stimulation,Transcranial Direct Current Stimulation,PT,TDB,0.8332710266113281,33.881893157958984
2028-11-01,PT_Transcranial Magnetic Stimulation,Transcranial Magnetic Stimulation,PT,TDB,0.9480600953102112,186.36712646484375
2028-11-01,PT_Transference Focused Psychotherapy,Transference Focused Psychotherapy,PT,TDB,1.077434778213501,9.18246841430664
2028-11-01,PT_Trauma Focused Cbt,Trauma Focused Cbt,PT,TDB,0.6102263331413269,3.0037386417388916
2028-11-01,PT_Vagus Nerve Stimulation,Vagus Nerve Stimulation,PT,TDB,1.0705513954162598,14.027130126953125
2028-11-01,PT_Virtual Reality Exposure Therapy,Virtual Reality Exposure Therapy,PT,TDB,0.8646371364593506,6.776532173156738
2028-11-01,PT_Vocal And Speech Biomarkers,Vocal And Speech Biomarkers,PT,TDB,0.006024952977895737,0.006043139845132828
2028-11-01,PT_Voxel Based Lesion Symptom Mapping,Voxel Based Lesion Symptom Mapping,PT,TDB,0.511414110660553,1.0059633255004883
2028-12-01,RMD_Anorexia Nervosa,Anorexia Nervosa,RMD,TDB,1.9058302640914917,359.38250732421875
2028-12-01,RMD_Antisocial Personality Disorder,Antisocial Personality Disorder,RMD,TDB,1.2761261463165283,56.100162506103516
2028-12-01,RMD_Autosarcophagy,Autosarcophagy,RMD,TDB,0.6652428507804871,0.9449627995491028
2028-12-01,RMD_Avoidant Personality Disorder,Avoidant Personality Disorder,RMD,TDB,1.5688869953155518,16.555355072021484
2028-12-01,RMD_Boanthropy,Boanthropy,RMD,TDB,0.8471466302871704,2.5047390460968018
2028-12-01,RMD_Body Integrity Dysphoria,Body Integrity Dysphoria,RMD,TDB,1.7364553213119507,33.64598846435547
2028-12-01,RMD_Brief Psychotic Disorder,Brief Psychotic Disorder,RMD,TDB,1.2733561992645264,2.7032856941223145
2028-12-01,RMD_Capgras Syndrome,Capgras Syndrome,RMD,TDB,1.616898536682129,26.83111000061035
2028-12-01,RMD_Childhood Disintegrative Disorder,Childhood Disintegrative Disorder,RMD,TDB,1.7056725025177002,33.7576904296875
2028-12-01,RMD_Chronic Traumatic Encephalopathy,Chronic Traumatic Encephalopathy,RMD,TDB,2.0473926067352295,419.5109558105469
2028-12-01,RMD_Circadian Rhythm Sleep Wake Disorder,Circadian Rhythm Sleep Wake Disorder,RMD,TDB,1.3008882999420166,3.066815137863159
2028-12-01,RMD_Cotard Syndrome,Cotard Syndrome,RMD,TDB,1.5586692094802856,5.489665508270264
2028-12-01,RMD_Cyclothymic Disorder,Cyclothymic Disorder,RMD,TDB,1.9847502708435059,241.62049865722656
2028-12-01,RMD_Delusional Disorder,Delusional Disorder,RMD,TDB,0.7357772588729858,2.6917474269866943
2028-12-01,RMD_Diogenes Syndrome,Diogenes Syndrome,RMD,TDB,1.7183802127838135,4.635903358459473
2028-12-01,RMD_Disinhibited Social Engagement Disorder,Disinhibited Social Engagement Disorder,RMD,TDB,1.147877812385559,5.207878112792969
2028-12-01,RMD_Dissociative Amnesia,Dissociative Amnesia,RMD,TDB,1.6389222145080566,6.337048053741455
2028-12-01,RMD_Dissociative Fugue,Dissociative Fugue,RMD,TDB,1.9103686809539795,39.05010986328125
2028-12-01,RMD_Ekbom Syndrome,Ekbom Syndrome,RMD,TDB,1.5687724351882935,53.83722686767578
2028-12-01,RMD_Erotomania,Erotomania,RMD,TDB,1.925309658050537,78.6319351196289
2028-12-01,RMD_Factitious Disorder,Factitious Disorder,RMD,TDB,2.060701847076416,265.0439453125
2028-12-01,RMD_Fregoli Delusion,Fregoli Delusion,RMD,TDB,1.032881736755371,1.8091493844985962
2028-12-01,RMD_Ganser Syndrome,Ganser Syndrome,RMD,TDB,2.2472879886627197,12.56895923614502
2028-12-01,RMD_Hallucinogen Persisting Perception Disorder,Hallucinogen Persisting Perception Disorder,RMD,TDB,2.054476737976074,146.89230346679688
2028-12-01,RMD_Histrionic Personality Disorder,Histrionic Personality Disorder,RMD,TDB,1.3021408319473267,17.27345848083496
2028-12-01,RMD_Hypergraphia,Hypergraphia,RMD,TDB,1.0655748844146729,5.283331871032715
2028-12-01,RMD_Hyperthymesia,Hyperthymesia,RMD,TDB,1.9531023502349854,74.94493103027344
2028-12-01,RMD_Impulse Control Disorders,Impulse Control Disorders,RMD,TDB,1.4109140634536743,87.71138763427734
2028-12-01,RMD_Intermetamorphosis Syndrome,Intermetamorphosis Syndrome,RMD,TDB,0.12762007117271423,0.4020649194717407
2028-12-01,RMD_Kleine Levin Syndrome,Kleine Levin Syndrome,RMD,TDB,1.4409700632095337,17.932437896728516
2028-12-01,RMD_Kleptomania,Kleptomania,RMD,TDB,2.2956783771514893,37.584571838378906
2028-12-01,RMD_Koro,Koro,RMD,TDB,1.1389727592468262,4.0017991065979
2028-12-01,RMD_Landau Kleffner Syndrome,Landau Kleffner Syndrome,RMD,TDB,1.6769005060195923,10.840542793273926
2028-12-01,RMD_Narcissistic Personality Disorder,Narcissistic Personality Disorder,RMD,TDB,2.0011913776397705,348.22808837890625
2028-12-01,RMD_Olfactory Reference Syndrome,Olfactory Reference Syndrome,RMD,TDB,1.6080975532531738,101.26103210449219
2028-12-01,RMD_Othello Syndrome,Othello Syndrome,RMD,TDB,1.4543366432189941,18.799034118652344
2028-12-01,RMD_Palilalia,Palilalia,RMD,TDB,0.7763280868530273,2.3155524730682373
2028-12-01,RMD_Postpartum Psychosis,Postpartum Psychosis,RMD,TDB,2.251375675201416,30.56292724609375
2028-12-01,RMD_Pyromania,Pyromania,RMD,TDB,1.7729110717773438,44.993289947509766
2028-12-01,RMD_Reactive Attachment Disorder,Reactive Attachment Disorder,RMD,TDB,2.1884536743164062,146.30870056152344
2028-12-01,RMD_Reduplicative Paramnesia,Reduplicative Paramnesia,RMD,TDB,1.308048963546753,2.6989498138427734
2028-12-01,RMD_Rumination Disorder,Rumination Disorder,RMD,TDB,1.8428902626037598,81.3763427734375
2028-12-01,RMD_Savant Syndrome,Savant Syndrome,RMD,TDB,1.1268293857574463,14.305746078491211
2028-12-01,RMD_Schizoaffective Disorder,Schizoaffective Disorder,RMD,TDB,1.5597009658813477,93.88731384277344
2028-12-01,RMD_Schizotypal Personality Disorder,Schizotypal Personality Disorder,RMD,TDB,1.9773980379104614,210.2189483642578
2028-12-01,RMD_Selective Mutism,Selective Mutism,RMD,TDB,2.5979299545288086,47.43224334716797
2028-12-01,RMD_Stendhal Syndrome,Stendhal Syndrome,RMD,TDB,0.9078839421272278,3.397897958755493
2028-12-01,RMD_Wendigo Psychosis,Wendigo Psychosis,RMD,TDB,0.6509811878204346,1.274819016456604
2028-12-01,PT_Acceptance And Commitment Therapy,Acceptance And Commitment Therapy,PT,TDB,1.0199220180511475,38.75973129272461
2028-12-01,PT_Animal Assisted Therapy,Animal Assisted Therapy,PT,TDB,1.2415434122085571,7.116842269897461
2028-12-01,PT_Anticonvulsant Therapy,Anticonvulsant Therapy,PT,TDB,0.41712984442710876,2.892491102218628
2028-12-01,PT_Antidepressants,Antidepressants,PT,TDB,0.9262235164642334,134.0093536376953
2028-12-01,PT_Antipsychotic Medications,Antipsychotic Medications,PT,TDB,0.008151406422257423,0.008184720762073994
2028-12-01,PT_Anxiolytic Medications,Anxiolytic Medications,PT,TDB,0.8905439376831055,78.49591827392578
2028-12-01,PT_Art Therapy,Art Therapy,PT,TDB,0.4157426655292511,3.2243032455444336
2028-12-01,PT_Augmentative Communication Devices,Augmentative Communication Devices,PT,TDB,0.3247644901275635,0.5686559677124023
2028-12-01,PT_Behavioral Activation Therapy,Behavioral Activation Therapy,PT,TDB,0.5486310720443726,2.1445038318634033
2028-12-01,PT_Biofeedback Devices,Biofeedback Devices,PT,TDB,0.5608407855033875,0.8444420695304871
2028-12-01,PT_Blockchain For Data Protection,Blockchain For Data Protection,PT,TDB,0.01358424685895443,0.013676932081580162
2028-12-01,PT_Brain Computer Interface,Brain Computer Interface,PT,TDB,0.9284889698028564,76.39253234863281
2028-12-01,PT_Cbt For Insomnia,Cbt For Insomnia,PT,TDB,1.4171502590179443,3.12534761428833
2028-12-01,PT_Chronotherapy,Chronotherapy,PT,TDB,1.003570556640625,2.4676225185394287
2028-12-01,PT_Closed Loop Neurostimulation,Closed Loop Neurostimulation,PT,TDB,1.1667425632476807,26.752227783203125
2028-12-01,PT_Clozapine Protocol,Clozapine Protocol,PT,TDB,0.0062812697142362595,0.006301038898527622
2028-12-01,PT_Cognitive Assistive Technologies,Cognitive Assistive Technologies,PT,TDB,0.05442867800593376,0.05593716353178024
2028-12-01,PT_Cognitive Behavioral Therapy,Cognitive Behavioral Therapy,PT,TDB,0.9356679320335388,151.39871215820312
2028-12-01,PT_Cognitive Enhancement Programs,Cognitive Enhancement Programs,PT,TDB,0.0856403186917305,0.19039855897426605
2028-12-01,PT_Cultural Psychiatry Interventions,Cultural Psychiatry Interventions,PT,TDB,0.16663600504398346,0.18132419884204865
2028-12-01,PT_Deep Brain Stimulation,Deep Brain Stimulation,PT,TDB,0.8592631220817566,11.554107666015625
2028-12-01,PT_Dialectical Behavior Therapy,Dialectical Behavior Therapy,PT,TDB,0.9849051237106323,28.30206298828125
2028-12-01,PT_Dietary Interventions And Supplements,Dietary Interventions And Supplements,PT,TDB,0.1762591451406479,0.1927471160888672
2028-12-01,PT_Digital Health Tools,Digital Health Tools,PT,TDB,0.7810657024383545,50.51360321044922
2028-12-01,PT_Digital Imaging Technologies For Brain Scanning,Digital Imaging Technologies For Brain Scanning,PT,TDB,0.11245837062597275,0.20241522789001465
2028-12-01,PT_Digital Phenotyping,Digital Phenotyping,PT,TDB,1.3078826665878296,15.884696006774902
2028-12-01,PT_Digital Therapeutics,Digital Therapeutics,PT,TDB,0.00543554313480854,0.005450342781841755
2028-12-01,PT_Electroconvulsive Therapy,Electroconvulsive Therapy,PT,TDB,0.0056223440915346146,0.0056381793692708015
2028-12-01,PT_Electroencephalography,Electroencephalography,PT,TDB,0.862608015537262,205.72579956054688
2028-12-01,PT_Emdr Therapy,Emdr Therapy,PT,TDB,1.0029277801513672,28.403823852539062
2028-12-01,PT_Emotion Regulation Training,Emotion Regulation Training,PT,TDB,0.6490306854248047,2.0441596508026123
2028-12-01,PT_Expressive Writing And Journaling,Expressive Writing And Journaling,PT,TDB,0.19705429673194885,0.21781016886234283
2028-12-01,PT_Fecal Microbiota Transplant,Fecal Microbiota Transplant,PT,TDB,0.005537530407309532,0.0055528911761939526
2028-12-01,PT_Focused Ultrasound Therapy,Focused Ultrasound Therapy,PT,TDB,0.39633384346961975,0.9123701453208923
2028-12-01,PT_Hypnotherapy,Hypnotherapy,PT,TDB,1.0558542013168335,21.487789154052734
2028-12-01,PT_Immunotherapy For Neuropsychiatric Disorders,Immunotherapy For Neuropsychiatric Disorders,PT,TDB,0.9930959939956665,16.644367218017578
2028-12-01,PT_Interpersonal Psychotherapy,Interpersonal Psychotherapy,PT,TDB,0.6331899762153625,4.3338494300842285
2028-12-01,PT_Ketamine Therapy,Ketamine Therapy,PT,TDB,1.101318359375,18.32171058654785
2028-12-01,PT_Light Therapy,Light Therapy,PT,TDB,0.9935574531555176,13.600991249084473
2028-12-01,PT_Lithium Therapy,Lithium Therapy,PT,TDB,0.08377040177583694,0.09639902412891388
2028-12-01,PT_Machine Learning Neuroimaging,Machine Learning Neuroimaging,PT,TDB,1.9241483211517334,8.008941650390625
2028-12-01,PT_Meditation And Relaxation Techniques,Meditation And Relaxation Techniques,PT,TDB,0.39046040177345276,1.1378505229949951
2028-12-01,PT_Memory Retrieval Techniques,Memory Retrieval Techniques,PT,TDB,0.008757434785366058,0.01787693239748478
2028-12-01,PT_Mentalization Based Treatment,Mentalization Based Treatment,PT,TDB,0.8918442726135254,6.388984680175781
2028-12-01,PT_Metabolic And Enzyme Targeted Therapy,Metabolic And Enzyme Targeted Therapy,PT,TDB,0.4043118357658386,0.7515396475791931
2028-12-01,PT_Metaverse,Metaverse,PT,TDB,0.005993960425257683,0.0060119605623185635
2028-12-01,PT_Mindfulness Based Stress Reduction,Mindfulness Based Stress Reduction,PT,TDB,0.9149648547172546,28.380020141601562
2028-12-01,PT_Mood Stabilizers,Mood Stabilizers,PT,TDB,0.9845535755157471,43.368377685546875
2028-12-01,PT_Motivational Interviewing,Motivational Interviewing,PT,TDB,1.0988973379135132,56.09899139404297
2028-12-01,PT_Music Therapy,Music Therapy,PT,TDB,0.8155269026756287,10.508665084838867
2028-12-01,PT_Naltrexone,Naltrexone,PT,TDB,1.1476616859436035,17.98585319519043
2028-12-01,PT_Narrative Exposure Therapy,Narrative Exposure Therapy,PT,TDB,0.8141739368438721,23.168912887573242
2028-12-01,PT_Neurobiological Assessments For Mental Disorders,Neurobiological Assessments For Mental Disorders,PT,TDB,0.18409322202205658,0.20212788879871368
2028-12-01,PT_Neurocognitive Training,Neurocognitive Training,PT,TDB,0.7499380707740784,1.3434407711029053
2028-12-01,PT_Neurofeedback Systems,Neurofeedback Systems,PT,TDB,0.32946211099624634,0.39022013545036316
2028-12-01,PT_Neuromodulation Techniques,Neuromodulation Techniques,PT,TDB,0.7637124061584473,13.488978385925293
2028-12-01,PT_Neuroplasticity Techniques,Neuroplasticity Techniques,PT,TDB,0.10145740211009979,0.23488116264343262
2028-12-01,PT_Neuroprotective Agents,Neuroprotective Agents,PT,TDB,0.9986862540245056,25.71980857849121
2028-12-01,PT_Occupational Therapy,Occupational Therapy,PT,TDB,1.0512919425964355,58.97654724121094
2028-12-01,PT_Oxytocin Therapy,Oxytocin Therapy,PT,TDB,0.9280542135238647,1.5295823812484741
2028-12-01,PT_Personalized Medicine,Personalized Medicine,PT,TDB,0.9240851998329163,329.1183776855469
2028-12-01,PT_Pharmacogenomic Testing,Pharmacogenomic Testing,PT,TDB,1.4169597625732422,12.856026649475098
2028-12-01,PT_Privacy Preserving Ai In Digital Mental Health,Privacy Preserving AI In Digital Mental Health,PT,TDB,0.0042039696127176285,0.004212819039821625
2028-12-01,PT_Prolonged Exposure Therapy,Prolonged Exposure Therapy,PT,TDB,0.03634843975305557,0.07673613727092743
2028-12-01,PT_Psilocybin Assisted Therapy,Psilocybin Assisted Therapy,PT,TDB,0.005268460139632225,0.005282363388687372
2028-12-01,PT_Psychoeducation Programs,Psychoeducation Programs,PT,TDB,0.42338964343070984,0.9766814112663269
2028-12-01,PT_Psychophysiological Metrics For Treatment Response,Psychophysiological Metrics For Treatment Response,PT,TDB,0.33504781126976013,0.6074178814888
2028-12-01,PT_Reality Testing Techniques,Reality Testing Techniques,PT,TDB,0.0037077830638736486,0.003714665537700057
2028-12-01,PT_Regenerative Medicine Approaches,Regenerative Medicine Approaches,PT,TDB,0.6833814382553101,21.833709716796875
2028-12-01,PT_Resting State Fmri,Resting State FMRI,PT,TDB,0.794325053691864,31.707983016967773
2028-12-01,PT_Schema Therapy,Schema Therapy,PT,TDB,1.287413477897644,2.6234023571014404
2028-12-01,PT_Secure Data Storage For Patient Records,Secure Data Storage For Patient Records,PT,TDB,0.05286702513694763,0.05428944155573845
2028-12-01,PT_Selective Serotonin Reuptake Inhibitors,Selective Serotonin Reuptake Inhibitors,PT,TDB,0.9554498791694641,61.578853607177734
2028-12-01,PT_Sleep Pattern Monitoring And Manipulation,Sleep Pattern Monitoring And Manipulation,PT,TDB,0.003290722146630287,0.003296142676845193
2028-12-01,PT_Smart Wearable Mental Health Trackers,Smart Wearable Mental Health Trackers,PT,TDB,0.002937978133559227,0.0029422983061522245
2028-12-01,PT_Social Skills Training,Social Skills Training,PT,TDB,1.0427862405776978,22.921701431274414
2028-12-01,PT_Speech Language Therapy,Speech Language Therapy,PT,TDB,0.5471819639205933,1.022532343864441
2028-12-01,PT_Stem Cell Therapy For Neurological Disorders,Stem Cell Therapy For Neurological Disorders,PT,TDB,0.44908401370048523,2.6056013107299805
2028-12-01,PT_Stimulant And Wake Promoting Agents,Stimulant And Wake Promoting Agents,PT,TDB,1.1541688442230225,35.50227737426758
2028-12-01,PT_Traditional And Alternative Medicine Approaches,Traditional And Alternative Medicine Approaches,PT,TDB,0.6238223910331726,9.263278007507324
2028-12-01,PT_Transcranial Direct Current Stimulation,Transcranial Direct Current Stimulation,PT,TDB,0.8332577347755432,33.879913330078125
2028-12-01,PT_Transcranial Magnetic Stimulation,Transcranial Magnetic Stimulation,PT,TDB,0.948034942150116,186.34112548828125
2028-12-01,PT_Transference Focused Psychotherapy,Transference Focused Psychotherapy,PT,TDB,1.077386736869812,9.181415557861328
2028-12-01,PT_Trauma Focused Cbt,Trauma Focused Cbt,PT,TDB,0.6102246642112732,3.003723382949829
2028-12-01,PT_Vagus Nerve Stimulation,Vagus Nerve Stimulation,PT,TDB,1.070501685142517,14.025238037109375
2028-12-01,PT_Virtual Reality Exposure Therapy,Virtual Reality Exposure Therapy,PT,TDB,0.8645852208137512,6.775575637817383
2028-12-01,PT_Vocal And Speech Biomarkers,Vocal And Speech Biomarkers,PT,TDB,0.006047217175364494,0.006065539084374905
2028-12-01,PT_Voxel Based Lesion Symptom Mapping,Voxel Based Lesion Symptom Mapping,PT,TDB,0.5114225745201111,1.0059864521026611
