Date,RMD_Anorexia Nervosa,RMD_Antisocial Personality Disorder,RMD_Autosarcophagy,RMD_Avoidant Personality Disorder,RMD_Boanthropy,RMD_Body Integrity Dysphoria,RMD_Brief Psychotic Disorder,RMD_Capgras Syndrome,RMD_Childhood Disintegrative Disorder,RMD_Chronic Traumatic Encephalopathy,RMD_Circadian Rhythm Sleep Wake Disorder,RMD_Cotard Syndrome,RMD_Cyclothymic Disorder,RMD_Delusional Disorder,RMD_Diogenes Syndrome,RMD_Disinhibited Social Engagement Disorder,RMD_Dissociative Amnesia,RMD_Dissociative Fugue,RMD_Ekbom Syndrome,RMD_Erotomania,RMD_Factitious Disorder,RMD_Fregoli Delusion,RMD_Ganser Syndrome,RMD_Hallucinogen Persisting Perception Disorder,RMD_Histrionic Personality Disorder,RMD_Hypergraphia,RMD_Hyperthymesia,RMD_Impulse Control Disorders,RMD_Intermetamorphosis Syndrome,RMD_Kleine Levin Syndrome,RMD_Kleptomania,RMD_Koro,RMD_Landau Kleffner Syndrome,RMD_Narcissistic Personality Disorder,RMD_Olfactory Reference Syndrome,RMD_Othello Syndrome,RMD_Palilalia,RMD_Postpartum Psychosis,RMD_Pyromania,RMD_Reactive Attachment Disorder,RMD_Reduplicative Paramnesia,RMD_Rumination Disorder,RMD_Savant Syndrome,RMD_Schizoaffective Disorder,RMD_Schizotypal Personality Disorder,RMD_Selective Mutism,RMD_Stendhal Syndrome,RMD_Wendigo Psychosis,PT_Acceptance And Commitment Therapy,PT_Animal Assisted Therapy,PT_Anticonvulsant Therapy,PT_Antidepressants,PT_Antipsychotic Medications,PT_Anxiolytic Medications,PT_Art Therapy,PT_Augmentative Communication Devices,PT_Behavioral Activation Therapy,PT_Biofeedback Devices,PT_Blockchain For Data Protection,PT_Brain Computer Interface,PT_Cbt For Insomnia,PT_Chronotherapy,PT_Closed Loop Neurostimulation,PT_Clozapine Protocol,PT_Cognitive Assistive Technologies,PT_Cognitive Behavioral Therapy,PT_Cognitive Enhancement Programs,PT_Cultural Psychiatry Interventions,PT_Deep Brain Stimulation,PT_Dialectical Behavior Therapy,PT_Dietary Interventions And Supplements,PT_Digital Health Tools,PT_Digital Imaging Technologies For Brain Scanning,PT_Digital Phenotyping,PT_Digital Therapeutics,PT_Electroconvulsive Therapy,PT_Electroencephalography,PT_Emdr Therapy,PT_Emotion Regulation Training,PT_Expressive Writing And Journaling,PT_Fecal Microbiota Transplant,PT_Focused Ultrasound Therapy,PT_Hypnotherapy,PT_Immunotherapy For Neuropsychiatric Disorders,PT_Interpersonal Psychotherapy,PT_Ketamine Therapy,PT_Light Therapy,PT_Lithium Therapy,PT_Machine Learning Neuroimaging,PT_Meditation And Relaxation Techniques,PT_Memory Retrieval Techniques,PT_Mentalization Based Treatment,PT_Metabolic And Enzyme Targeted Therapy,PT_Metaverse,PT_Mindfulness Based Stress Reduction,PT_Mood Stabilizers,PT_Motivational Interviewing,PT_Music Therapy,PT_Naltrexone,PT_Narrative Exposure Therapy,PT_Neurobiological Assessments For Mental Disorders,PT_Neurocognitive Training,PT_Neurofeedback Systems,PT_Neuromodulation Techniques,PT_Neuroplasticity Techniques,PT_Neuroprotective Agents,PT_Occupational Therapy,PT_Oxytocin Therapy,PT_Personalized Medicine,PT_Pharmacogenomic Testing,PT_Privacy Preserving Ai In Digital Mental Health,PT_Prolonged Exposure Therapy,PT_Psilocybin Assisted Therapy,PT_Psychoeducation Programs,PT_Psychophysiological Metrics For Treatment Response,PT_Reality Testing Techniques,PT_Regenerative Medicine Approaches,PT_Resting State Fmri,PT_Schema Therapy,PT_Secure Data Storage For Patient Records,PT_Selective Serotonin Reuptake Inhibitors,PT_Sleep Pattern Monitoring And Manipulation,PT_Smart Wearable Mental Health Trackers,PT_Social Skills Training,PT_Speech Language Therapy,PT_Stem Cell Therapy For Neurological Disorders,PT_Stimulant And Wake Promoting Agents,PT_Traditional And Alternative Medicine Approaches,PT_Transcranial Direct Current Stimulation,PT_Transcranial Magnetic Stimulation,PT_Transference Focused Psychotherapy,PT_Trauma Focused Cbt,PT_Vagus Nerve Stimulation,PT_Virtual Reality Exposure Therapy,PT_Vocal And Speech Biomarkers,PT_Voxel Based Lesion Symptom Mapping,PT_Chronic Traumatic Encephalopathy
2026-01-01,-162.05648040771484,-719.2067260742188,0.0,0.0,-14.919258117675781,-102.76292037963867,0.0,0.0,-131.4642448425293,-487.3462677001953,0.0,0.0,-309.5182342529297,-9.307927131652832,-7.250675678253174,0.0,-8.259306907653809,-2.018993377685547,0.0,-21.662261962890625,-165.06446075439453,0.0,0.0,-108.99681854248047,0.0,0.0,-117.10839462280273,-109.8224868774414,0.0,-10.88227367401123,-1.318868637084961,0.0,-5.19687557220459,-454.5453338623047,-51.24953079223633,-33.22653007507324,0.0,-47.67222213745117,-83.73502349853516,-510.05796813964844,0.0,-108.43473815917969,0.0,-33.0293083190918,-234.66988372802734,-43.14266395568848,0.0,0.0,0.0,0.0,0.0,0.0,0.0,0.0,0.0,0.0,0.0,0.0,0.0,0.0,0.0,0.0,0.0,0.0,0.0,0.0,0.0,0.0,0.0,0.0,0.0,0.0,0.0,0.0,0.0,0.0,0.0,0.0,0.0,0.0,0.0,0.0,0.0,0.0,0.0,0.0,0.0,0.0,0.0,0.0,0.0,0.0,0.0,0.0,0.0,0.0,0.0,0.0,0.0,0.0,0.0,0.0,0.0,0.0,0.0,0.0,0.0,0.0,0.0,0.0,0.0,0.0,0.0,0.0,0.0,0.0,0.0,0.0,0.0,0.0,0.0,0.0,0.0,0.0,0.0,0.0,0.0,0.0,0.0,0.0,0.0,0.0,0.0,0.0,0.0,0.0,0.0
2026-02-01,-163.6168801774183,-726.9195219900165,-0.2318085444816016,-0.0804915844746148,-17.215775603851576,-103.73448741446599,0.037991905694892136,-0.6138607054912306,-121.37989545382266,-507.75977162732033,-0.3715060661516958,0.16805966408764772,-293.04112033842307,-11.866849825625701,-8.479752034565372,0.26041484057348674,-10.559252705688566,-1.538713184889513,-1.4211113794393135,-20.498188316371454,-149.62164690810823,-0.0020067586711634,-0.35292769650663125,-103.32740484868928,-0.9773954976659844,0.18496681712599417,-99.20731911957404,-110.50120556289097,-0.005264142467136218,-13.940636169275622,-2.780776351927585,0.11805609274409201,-7.43066638515446,-446.9062269707241,-48.76855981606101,-31.55836171140804,-0.13489422811689966,-45.68460252676836,-72.49228708886488,-509.8313478107041,-0.27962029252997933,-107.41809456296748,-1.5943029341284003,-32.00530842099717,-222.5918468313714,-44.71887692735288,-0.4632907484184212,-0.008254628130816455,-1.1917100227039157,-1.5872319548873257,-0.053689438115480215,-0.9138975404567447,-0.15685206270439522,-0.9316611368470546,0.10630282494784815,-0.003034621461035829,0.04391574909282514,-0.005478635657103631,-0.0001314930747875467,-0.5886188560576429,-0.7414859336523456,-0.6198091494779217,-0.553478778981642,-0.09279975781190597,-0.0004888255413620819,0.3118251099057119,-0.0010838021374431402,-0.0005857593083165007,0.18098977992293186,0.11768658403451226,-0.0012404668437621946,0.03574283616055651,-0.005100695616369444,-0.9317134877273219,-0.23543925854813352,-3.441871002690732,0.5865299355882874,-0.3334018962756531,-0.004153325752337414,-0.006005946433012971,-0.570789670633431,0.15774102477844532,-0.4414233244028729,-0.3066923167028861,0.0333101953687317,-0.5995371235528459,-0.9224767164657024,-0.11600822183350745,-0.21163655687657013,-0.01299686681175688,-0.0010765004291563053,-0.06325861740895977,-0.002153655479368341,0.30751876187848015,0.944897886430244,-0.7442108872301887,-1.3609570087674996,-0.010098705438672084,0.11868245422802559,-1.804982532960004,-0.0008962282306531691,-0.002239319363093503,-0.0019141672042908182,-0.01562969471831671,-0.005811103627339775,-0.47273647190039725,-1.1979423849703466,0.053373126474962174,0.8104352020638661,-0.34441829659909473,-0.003796665009332359,-0.11216087089872151,-0.052543008996688734,-0.007533700347727906,-0.010388755453161369,-0.00030176840716346354,0.022855390178887602,-0.01419786022132305,-0.7397237047394238,-0.000880040560608893,-0.42400241567128916,-0.0005365540173812265,-0.5760279679091198,0.1274977607879073,0.15494286274587277,-0.01674026266927925,-0.29098594944444756,-0.017683949653272413,-2.7927974102785313,-1.2540932170595909,-0.11000634885934346,0.0829757565971827,0.036998232458220315,0.11063450927798169,-0.001514910453313558,-0.00934698735247294,-0.3668611289968453
2026-03-01,-170.72269252621686,-742.7685345920434,-0.43923994405725164,-0.15251861893518637,-18.878611099517244,-106.89200811273241,0.07198855663138537,-1.1631673998121883,-119.62714212524743,-523.5334021091521,-0.7039443005792729,0.3184460590838911,-288.01037505239225,-14.37985592653343,-9.686281364628005,0.4934442786005886,-12.495163761311014,-2.0636217844594302,-4.795217595705008,-21.650635872583067,-146.37547256223144,-0.0038024852294782363,-0.6687412753334954,-103.0766880563213,-1.8520074170548568,0.35048239739634734,-95.00485080921797,-114.63761694470892,-0.009974704116041906,-16.228715289428038,-4.164522165001426,0.22369732612098914,-9.512006312755252,-449.8372347679773,-50.02905421028252,-31.777365604413333,-0.2556028870472282,-45.70160330290055,-67.69741388845354,-517.5610198871506,-0.5298355240649406,-110.28986912284827,-3.0209478824989944,-33.79680624035877,-221.41073367406318,-46.11620893940865,-0.8778615252195783,-0.015641193927953045,-2.2580990052611227,-3.0075495130246352,-0.10173285823888367,-1.7316889911973874,-0.2972094553357252,-1.7653481520457746,0.20142677219961858,-0.005750120056019353,0.08321328800844008,-0.010381134245581097,-0.00024915824799625567,-1.1153381510763154,-1.404996699949276,-1.17443874535204,-1.0487533514368224,-0.17584062969285075,-0.0009262458548359408,0.5908584782192889,-0.0020536309016747113,-0.0011099197675880955,0.3429465509395513,0.22299716649017398,-0.002350485346765234,0.06772693125147683,-0.009664998596999541,-1.7654473485519695,-0.44611956381862683,-6.5217924993016965,1.1113799824412869,-0.631743021363576,-0.007869884931066558,-0.011380303435954003,-1.0815547095477527,0.2988938956247879,-0.8364262704374674,-0.5811326598535125,0.06311746783544081,-1.1360265135977308,-1.7479451512050375,-0.21981693980385308,-0.4010172688449458,-0.024626974230316734,-0.002039795337732908,-0.11986491539381561,-0.004080831077179839,0.5826986406654202,1.790429665582824,-1.4101600491250608,-2.578794848706721,-0.019135424114121946,0.22488418048728676,-3.4201518696158004,-0.0016982084882806031,-0.004243150372093288,-0.0036270392776468867,-0.029615760062072338,-0.011011107627166006,-0.8957596534489838,-2.2699083303201917,0.10113349850606479,1.5356444846010113,-0.6526173298261959,-0.007194070132456348,-0.21252682798703815,-0.09956055927065699,-0.014275151619972948,-0.01968502228541985,-0.0005718026424657782,0.043307291912089374,-0.02690266376199768,-1.401657559319844,-0.001667535454633091,-0.8034164476382344,-0.0010166836477286476,-1.0914804411788879,0.24158776994672237,0.2935918281906522,-0.03172010787955015,-0.5513716176478951,-0.03350824307958633,-5.291902336893116,-2.3763051346347197,-0.20844435491788182,0.15722572594276119,0.0701057055144716,0.20963461797638328,-0.002870511888391606,-0.01771103912923233,-0.6951428910341306
2026-04-01,-179.0640556609756,-759.4148797444482,-0.6248577159393749,-0.21697124124404787,-20.70365749811076,-110.33550934492877,0.1024100965293736,-1.6547086268799163,-118.22454759685536,-539.5125777669838,-1.1086060827411623,0.4530177180405053,-281.2208779257437,-17.815914985353913,-11.216809486158834,0.701968181722397,-14.758060234447147,-2.93568472595922,-8.877494383130031,-22.415643289347983,-142.39694519034921,-0.005409371956106135,-0.9513436824516273,-103.36198635912336,-2.6346445494785,0.498592246167604,-90.92314779288598,-118.60334755523,-0.01418989988376064,-18.96760559244849,-5.644628278684742,0.3182292552233992,-12.141897185820712,-452.6957009920927,-50.978312085400034,-31.928672650630077,-0.3636177409380217,-45.833084953720274,-62.53506417857426,-524.9800437911778,-0.7537379509082345,-113.54932290143321,-4.297565873435616,-35.637251378646795,-220.08244834968446,-47.58619367639842,-1.2488357559035288,-0.022250983419467074,-3.2123457938709876,-4.278505506407683,-0.14472399947953551,-2.46348093427477,-0.4228067686677903,-2.5113640711632144,0.28654742017107804,-0.008180054963564803,0.11837827088417507,-0.014768082733177673,-0.0003544496712031813,-1.586667285183772,-1.998732220761399,-1.670743114009067,-1.4919445114881427,-0.2501488667544649,-0.0013176667493056161,0.8405485068894336,-0.002921471810486617,-0.0015789591548637958,0.4878718372695241,0.3172332161481215,-0.0033437735456437884,0.09634755705156184,-0.013749316357920344,-2.511505186977306,-0.6346445842531203,-9.277827347170941,1.5810364397972148,-0.8987103899148821,-0.011195608207460718,-0.016189489384782263,-1.5386073480225093,0.4252030341393161,-1.189890436806726,-0.8267126690247188,0.08979018716565046,-1.6160983128636488,-2.4866067613990097,-0.3127090620718128,-0.570482575760547,-0.03503405160721862,-0.002901789495614357,-0.1705184564099742,-0.0058053435725067964,0.8289404154001867,2.5470447451845573,-2.006077542188166,-3.6685640293886337,-0.027221835279904738,0.31991766065763017,-4.865468895368394,-0.0024158519541145618,-0.006036257143198082,-0.005159784553559248,-0.042131041219199805,-0.01566427565380249,-1.2742974282225674,-3.2291456045053124,0.1438713571851764,2.1845902635339893,-0.9284059421619837,-0.010234201811774257,-0.30233823245936775,-0.14163371183609996,-0.02030766727076605,-0.028003687346522144,-0.0008134398931001902,0.061608457686582074,-0.03827142148259571,-1.9939819975288895,-0.0023722168475965068,-1.1429310407933144,-0.0014463225181310692,-1.5527275802098846,0.3436799957977392,0.41766037370627784,-0.04512466233349399,-0.7843749510913227,-0.04766844299825934,-7.528199682072341,-3.380504480278603,-0.2965305530078748,0.22366751778544658,0.09973157408557753,0.29822380760860945,-0.00408355735042943,-0.02519552150694776,-0.9889023186981944
2026-05-01,-188.94077052849138,-781.4173977292584,-0.7909557961189795,-0.2746459817578053,-22.807434861593894,-114.46009666313867,0.12963248650813053,-2.0945590426952982,-116.95047363997868,-559.0885899484728,-1.871103462207926,0.5734377294038184,-273.3671808456483,-22.533917909040643,-13.148578614257982,0.8885635687313815,-17.482117872729617,-3.7160409327500226,-13.963720199400854,-22.754589283868974,-137.74734983904534,-0.006847277376760275,-1.2042274273673126,-104.05198997775912,-3.886820762209874,0.6311267620555552,-86.30972959948454,-122.58685728828956,-0.017961822784784892,-22.408127007764513,-7.222235502352781,0.4028201420785442,-15.56706842535928,-456.83444549704075,-51.563831877578664,-32.01639728086029,-0.4602736789994637,-46.154100683711235,-57.23913885118951,-534.1195970876844,-0.954094645577767,-117.5109525048114,-5.439933844278276,-37.43002320660583,-218.66732729699334,-49.28344732565174,-1.5807980830444919,-0.02816568293234023,-4.066243338262943,-5.415806899227697,-0.1831941629363909,-3.1183171366684093,-0.535196182723574,-3.178928446558899,0.3627167226486563,-0.010354456256136152,0.14984528013648668,-0.01869369672071841,-0.00044866857641208055,-2.008431125543204,-2.530030108573344,-2.114855776190108,-1.8885293863666348,-0.31664279884035995,-0.0016679255550997307,1.0639809615599916,-0.0036980499764314237,-0.0019986740397326137,0.6175566814781632,0.4015593384433238,-0.004232606878928041,0.12195841828930953,-0.017404124472755522,-3.179107073417839,-0.8033441847411353,-11.744035687554849,2.00130350323505,-1.1376032876010669,-0.014171596152022917,-0.020492938053665033,-1.9475960187834644,0.5382294173550681,-1.5061840699589553,-1.0464673166547502,0.11365798510867675,-2.045685433740612,-3.147590212021985,-0.3958325852995108,-0.7221267952246428,-0.04434671361719977,-0.0036731357589509725,-0.21584523644710174,-0.007348505155663015,1.049287236875003,3.2240936661068247,-2.5393279445584938,-4.643732338515392,-0.03445787392297461,0.40495735512775255,-6.1587953952730246,-0.0030580275427976866,-0.0076407995812287355,-0.006531345289107114,-0.05333020685958356,-0.019828113351780363,-1.6130279119893913,-4.087508831600012,0.1821148734477016,2.765292461003945,-1.175192435609727,-0.012954631166720826,-0.38270500827952625,-0.17928242293398755,-0.02570579945439372,-0.03544755590660642,-0.0010296664053747913,0.07798506036513597,-0.04844463287432382,-2.5240171931483273,-0.0030027934638476896,-1.4467420473807167,-0.0018307802713988727,-1.9654696549829627,0.435036133430323,0.5286817862136328,-0.05711958468326217,-0.9928754948053111,-0.06033954661943941,-9.529326470626302,-4.2791015366800025,-0.3753535463274975,0.2831222454058775,0.1262419660777816,0.3774968975362496,-0.005169038122944128,-0.0318929306045318,-1.2517698042568846
2026-06-01,-199.1470016971537,-806.3721320267318,-0.9395868887110754,-0.32625560715658075,-24.918934233135495,-118.99572674922902,0.15399215135877564,-2.488154488284051,-116.6264348581283,-580.5266792323278,-2.6776509358924088,0.6811942901029444,-267.3187521001653,-27.992164473510456,-15.138014463531174,1.0555364573632149,-20.3121603026177,-4.414334347706559,-19.202106974236436,-23.153394230527255,-134.19317074317885,-0.008133971681021812,-1.430517744901124,-105.24678418381947,-5.3860070529954225,0.7497238577070524,-82.41089882979992,-126.58504763668739,-0.021337087696613924,-26.023616594349342,-8.78083391358688,0.4785153934807238,-19.274437933538188,-462.9672348130671,-52.302320781180015,-32.208701891315215,-0.5467652125804165,-46.87567845576065,-53.32368517173837,-545.0510883870265,-1.1333816933550371,-121.58681363771528,-6.4621696188577396,-39.116371139294316,-217.8492512313889,-51.07607869063937,-1.8778510250714193,-0.03345838860360195,-4.83034443351611,-6.4335089005907875,-0.21761877772186056,-3.704290316643636,-0.6357666492144176,-3.776291296167585,0.43087600923991953,-0.01230019602326099,0.17800319719801683,-0.022206490459406314,-0.0005329793571802084,-2.3858419923074337,-3.005456347527904,-2.5122652474048017,-2.24340912486182,-0.37614418360040336,-0.001981350905584753,1.2639171066515473,-0.004392962651898431,-0.0023742514205654496,0.7336037788710001,0.4770176681075675,-0.0050279698916459725,0.14487602386232346,-0.020674590469322296,-3.7765034893842717,-0.9543032199886881,-13.950895873985885,2.377374995161345,-1.3513740449583729,-0.016834627171182753,-0.024343833120473835,-2.313575161512013,0.639369868893851,-1.7892160485616309,-1.243112415406788,0.13501582911387788,-2.4300968794984037,-3.739064191403056,-0.4702147820357876,-0.8578240049687409,-0.052680049727934386,-0.004363366722262424,-0.2564054213289211,-0.008729386812468709,1.246462236065746,3.829943659954811,-3.016501370306557,-5.516351282033405,-0.04093296579878114,0.4810542172294987,-7.316114796865605,-0.003632671507849794,-0.009076607240275758,-0.007758671760674185,-0.06335166059011543,-0.023554079032764796,-1.9161372666674907,-4.855605995312004,0.21633667541263923,3.2849276186605643,-1.396026692805517,-0.015388978312142976,-0.45462035904901055,-0.21297196985176314,-0.030536260369664836,-0.04210862216336819,-0.0012231543898957517,0.09263948831775304,-0.05754802240590595,-2.9983135254839963,-0.003567058212333017,-1.7186040809560765,-0.002174808184677017,-2.3348074911934518,0.5167851972162616,0.6280281111334807,-0.0678531128039701,-1.179449978897761,-0.07167814832710051,-11.320013398954863,-5.083201512721644,-0.4458874598188931,0.3363246732511289,0.14996450713656273,0.4484335751688633,-0.0061403689958363095,-0.03788603558584036,-1.4869939654469313
2026-07-01,-208.35977573437376,-829.0355811953337,-1.0725878340635597,-0.37243792908946816,-27.06731712208955,-124.1975441710278,0.175790137211554,-2.8403591679159383,-116.8212475910299,-600.8796378801628,-3.545850275184346,0.777619097261216,-260.6145027418153,-34.347350100272976,-17.173090542718924,1.204950362953046,-23.327310813907737,-5.0391947500822365,-24.51150067352066,-23.436820585130068,-130.5181731895467,-0.009285356333196049,-1.6330112180447873,-106.12627789044325,-6.8574184283069535,0.8558492017560067,-78.59423442700223,-130.29570949221204,-0.024357407444382514,-29.98097458628302,-10.321022009022998,0.5462504805315422,-23.202798709336612,-468.35696745307996,-52.903732385201316,-32.40654493518291,-0.624161237400223,-48.03946299244212,-50.2037292609871,-554.9235575163659,-1.2938147927017143,-125.36069458429071,-7.376906381005632,-40.526038290748,-216.52970026804542,-52.80553223800295,-2.1436656767724935,-0.03819450973057337,-5.5140921355695625,-7.344188664211153,-0.24842327649808782,-4.228642156684231,-0.7257610567407866,-4.310835060401715,0.4918676186877997,-0.014041320467173518,0.203200008464272,-0.025349876408643612,-0.000608423958642846,-2.723564074481061,-3.430886438389626,-2.867882867122118,-2.560969467608114,-0.42938836208858966,-0.002261816232085073,1.4428278301317619,-0.005014797835658974,-0.002710332827440834,0.837447284220298,0.5445407482722757,-0.0057396919865659035,0.16538359837630034,-0.023601132027354643,-4.311077290115026,-1.089387299956563,-15.925681135516669,2.713898552070031,-1.5426645234268754,-0.019217612029023223,-0.027789765431180724,-2.641067687559538,0.729874321451112,-2.04248419093107,-1.419078181228958,0.15412766765211972,-2.7740833549959305,-4.268338363025887,-0.5367748961464294,-0.9792512034297651,-0.06013704652004881,-0.004981012525916172,-0.2927002694584324,-0.009965054010846214,1.422902177634464,4.372082054541732,-3.443494912604905,-6.297205021290338,-0.04672713258923977,0.5491486813243434,-8.351729699522721,-0.004146885520948496,-0.010361424384974227,-0.008856931741999446,-0.07231925139983142,-0.026888219617210662,-2.187371434527691,-5.542929536535098,0.2469596893031003,3.7499175881307387,-1.5936378686438069,-0.017567327848641512,-0.5189730424000416,-0.24311870099945088,-0.03485874671498446,-0.048069206141824194,-0.001396295045776274,0.1057528466151787,-0.06569409327504194,-3.422732531478807,-0.0040719844943700595,-1.9618769173484125,-0.0024826578875599067,-2.6653055082217403,0.5899374736046887,0.7169271086527758,-0.07745789577451223,-1.3464041627780432,-0.08182437493281403,-12.92239046652881,-5.802741785933193,-0.5090039787797771,0.38393229743703916,0.17119236957070427,0.5119105033187124,-0.0070095540505358545,-0.04324890155291117,-1.697481793144469
2026-08-01,-216.6808443281962,-848.546677835819,-1.1916023091384422,-0.41376368649679307,-29.213971950098603,-129.7348919849132,0.19529583197998346,-3.155525762816559,-117.48144342343278,-619.0366978884194,-4.451431122533924,0.8639038058226811,-253.54451054608816,-41.57668454767502,-19.20682464120155,1.3386518001536176,-26.46064122295196,-5.598344405648442,-29.69724121378171,-23.631370792410994,-126.94756149853657,-0.010315660588738673,-1.814210339212032,-106.71707908124472,-8.309349027428738,0.950814332121463,-75.03774584211912,-133.76646971035322,-0.027060108304036712,-34.18200286244277,-11.850779949554571,0.6068624995524585,-27.22801409650123,-472.7139810569197,-53.43293203411318,-32.61969400644445,-0.6934182433741274,-49.52891092418808,-47.848687623369266,-563.3796021319879,-1.437376637715507,-128.66683419543907,-8.195448800311041,-41.72363342072509,-214.81697441691423,-54.38155289947439,-2.381527078099933,-0.04243257712418269,-6.1259364621484735,-8.159100721725874,-0.2759883531378162,-4.697852798996507,-0.8062915908887973,-4.789165837196364,0.5464453088175496,-0.015599347075053005,0.22574710584366842,-0.028162701743942975,-0.0006759347542730047,-3.0257710717664423,-3.8115780102486045,-3.6916615089131284,-2.8451349477585453,-0.47703334639130013,-0.00251278763324074,1.6029241797015743,-0.0055712404066664,-0.0030110716839632165,0.9303705356026732,0.6049630551960625,-0.0063765688997457215,0.18373458234390716,-0.026219916475773264,-4.789434944747796,-1.210265845787518,-17.692796629799965,3.0150330618261414,-1.7138387644927278,-0.021350000571192185,-0.03087332114588237,-2.9341208758297164,0.8108612639461101,-2.269118482419781,-1.5765392668999834,0.17122969219274697,-3.081895977723523,-4.741953701168356,-0.5963355031842826,-1.087909034743312,-0.06680986043499115,-0.005533706274890943,-0.32517832656252565,-0.011070777602452286,1.5807875744065831,4.857208805172732,-3.825585522279326,-6.995943647858965,-0.05191198084152049,0.6100822850538137,-9.2784386314992,-0.004607024437126128,-0.011511129280967591,-0.009839697953373111,-0.08034380423346854,-0.029871739699959265,-2.4300824319924246,-6.157973664593612,0.2743623661316379,4.166008894736967,-1.7704681182258248,-0.01951660065966479,-0.5765583536050497,-0.27009518130383436,-0.03872667744316982,-0.05340297103692038,-0.0015512281119971945,0.11748719519518858,-0.07298351776630108,-3.8025193448462375,-0.0045238123836296995,-2.179567016065228,-0.0027581339053691437,-2.9610481279878407,0.6553970066315209,0.796477426858424,-0.0860526332060223,-1.4958013306207718,-0.09090361741691444,-14.356260466955703,-6.44661471243424,-0.5654831214864355,0.42653347133871433,0.19018789548870174,0.5687121543377982,-0.007787335011068458,-0.04804780487105198,-1.8858345770790734
2026-09-01,-224.3948391320132,-865.7774545623868,-1.2981011407054708,-0.450743599022001,-31.27931651171402,-134.8338189378089,0.2127502945605544,-3.4375492232801435,-118.12861657992234,-633.4946787971529,-5.443658588186915,0.9411147554833499,-246.3789791378983,-49.92008893404604,-21.306348474084974,1.4582931028752757,-29.73532218945419,-6.098693501432294,-34.86192389487823,-23.664799930513922,-123.41143131027124,-0.011237617344879158,-1.9763544370046908,-106.84961392186024,-9.802850055983797,1.035792864498875,-71.5420278932919,-136.91878091661303,-0.029478591294843287,-38.77663482502009,-13.358452663894614,0.6611005172438746,-31.387816624791036,-475.39667489033747,-53.7492516362595,-32.80383010556234,-0.7553921352844242,-50.92805327002322,-45.79221923166159,-570.2450492809164,-1.5658414210282596,-131.35928606390726,-8.927912739585878,-42.68168682334914,-212.4703636861045,-55.55585843144934,-2.5943748119602867,-0.04622496645529317,-6.673438821341094,-8.888316070536137,-0.30065466748604663,-5.117720929605241,-0.8783534790484993,-5.217195022714563,0.5952835717665614,-0.016993530540426516,0.2459231350587947,-0.030679728445300425,-0.0007363460685122919,-3.296197774753807,-4.152235796327882,-4.681854544699998,-3.099417391878582,-0.5196679515943696,-0.0027373667103908206,1.7461846877750986,-0.006069167096753113,-0.00328018463687324,1.013521914385846,0.6590313110440924,-0.006946471401630433,0.20015576430035198,-0.028563307762480172,-5.217488181612307,-1.3184327211563982,-19.27408105143651,3.2845000608055273,-1.8670122054243095,-0.023258145677449438,-0.03363260803498491,-3.196356390611676,0.8833315642392188,-2.471919756982249,-1.7174416372266936,0.1865332561488242,-3.357338814751916,-5.1657633267845675,-0.6496326760950843,-1.1851403342824547,-0.07278095667986784,-0.006028278371631113,-0.35424096899301016,-0.012060222545750565,1.7220696349891116,5.2913192952757555,-4.167495222401556,-7.621202443089437,-0.05655158690937867,0.66460806938613,-10.107694219074801,-0.005018774830518213,-0.012539930424636414,-0.010719115798546966,-0.08752448960886117,-0.032541510772508,-2.6472697751471017,-6.708339331956175,0.29888335874377114,4.53834375527288,-1.9287027779539123,-0.021260886610165675,-0.6280879541422819,-0.29423479650946516,-0.04218785393346447,-0.2618978336937672,-0.0016898683111262781,0.12798755166178744,-0.07950638139802924,-4.142367517455056,-0.00492812574337248,-2.3743646752782297,-0.003004640676944295,-3.225690251812228,0.71397277044424,0.8676621792539323,-0.09374354217743397,-1.629487790227163,-0.09902808055857903,-15.63934371853832,-7.0227775220996875,-0.6160228789603224,0.46465467668837945,0.20718583892369224,0.6195405049296454,-0.008483323994422684,-0.05234205223771515,-2.0543800535752013
2026-10-01,-231.1712563534886,-878.5754173156772,-1.3934004823864392,-0.4838346786819123,-33.33329980236473,-139.1279336663525,0.22836923393151465,-3.6899149039670007,-118.33949286043853,-644.6903057730051,-6.486447815435909,1.0102061489282912,-238.6096751591326,-59.494342386033836,-23.54648240024072,1.5653528444655063,-33.217551237371694,-6.546425544472204,-40.43935101452621,-23.50432778763272,-119.39886538075763,-0.012062620498676235,-2.1214473506989577,-106.69466808215043,-11.238150955661062,1.111834996355367,-68.06825437060861,-139.35678862319568,-0.03164274496206382,-43.71919978552921,-14.806743035344367,0.7096348279402274,-35.83370766523983,-475.8854390584765,-53.78328315614672,-32.85083807386404,-0.8108488103817617,-51.97349217780197,-43.520484194601124,-574.6654360411198,-1.6807967599625493,-133.22620702346455,-9.583350270597734,-43.45036815212664,-209.15983244619247,-56.4161697558561,-2.784839332713373,-0.04961854553343814,-7.163365458395269,-9.540846635076067,-0.3227270553657453,-5.493435440751284,-0.9428372898176818,-5.600212366660287,0.6389859696182558,-0.018241100720095216,0.263977439257685,-0.03293206289914663,-0.0007904044876740346,-3.538186220903384,-4.457069776890558,-5.665484597251796,-3.3269593204528434,-0.5578190725869341,-0.0029383288983586,1.8743798229460822,-0.006514731475933941,-0.003520997487801141,1.0879290373683546,0.7074137121684849,-0.007456442567067734,0.2148500835435414,-0.03066026642050579,-5.6005270476483275,-1.4152246940134354,-20.689076522982973,3.525629726076261,-2.0040778226616354,-0.024965628940715356,-0.03610172642972431,-3.431015039503631,0.9481808382428365,-2.6533943109608114,-1.843526618027374,0.2002274868641054,-3.603815894859821,-5.54500484263033,-0.6973250818907235,-1.2721467239350375,-0.07812412836426619,-0.006470840928793534,-0.38024736409032567,-0.01294561678283701,1.8484943775589078,5.679778429661489,-4.473449464871138,-8.180708596245651,-0.06070328883342846,0.7133998849868313,-10.849744722525458,-0.005387225271239249,-0.013460542137174847,-0.011506053462316701,-0.09395004920443628,-0.03493052689511833,-2.8416175489163606,-7.20082816973698,0.3208257070204228,4.871523627501013,-2.0702973727613525,-0.022821742258440803,-0.6741986666827363,-0.3158358732882336,-0.04528505073941369,-0.71280688604344,-0.0018139290121979568,0.13738368346866459,-0.08534329623391823,-4.4464770240529425,-0.005289921233983627,-2.548677279565439,-0.0032252246280107255,-3.4625024290955473,0.7663886669162956,0.9313610944551287,-0.10062566990709332,-1.7491156904086793,-0.10629816960574967,-16.78749705880047,-7.538350657074574,-0.6612478410102209,0.49876703003961387,0.22239626701430737,0.6650237114480557,-0.009106122300797714,-0.05618471361753197,-2.2052011726151477
2026-11-01,-236.9362520195169,-886.8231351100327,-1.4786780801890962,-0.5134458777974373,-35.26569753825261,-141.905198077999,0.24234567496758963,-3.9157416372602203,-117.9926537088505,-652.8108542066547,-7.479509643019035,1.0720318442363155,-231.5089963454383,-69.80947989238351,-25.845365946202726,1.6611541104884306,-36.65693104651548,-6.947073779981939,-46.560682305007816,-23.264353275711205,-115.40956035758109,-0.012800865757189417,-2.2512821944637427,-106.52230502002236,-12.510104420394931,1.1798804856749383,-65.0998697054826,-141.1321014279991,-0.03357931475112075,-48.631511842401586,-16.120372357564694,0.7530652373658082,-40.42056694692483,-474.9756270700288,-53.53030889314532,-32.74980597255253,-0.8604736236386596,-52.4009416874937,-41.11241161493308,-577.0888175645309,-1.7836633169186733,-134.18613262608656,-10.16986154306288,-44.10248646856514,-205.56853000862108,-57.04568620279387,-2.95527447434144,-0.052655253517281064,-7.601771075585994,-10.12475663964947,-0.34247829585647693,-15.045704010347492,-1.0005399389919631,-5.942951345044733,0.6780925934550162,-0.01935747556734796,0.28013314049257865,-0.03494754032306391,-0.0008387780865447905,-3.754726996732842,-4.729847207799068,-6.559306411119387,-3.5305727843648604,-0.5919581956316238,-0.003118157765345214,1.9890938701214225,-0.006913440000596939,-0.003736486294805587,1.154511456464144,0.7507081869364782,-0.007912784816342666,0.22799913813616945,-0.032536707473441395,-5.943285284845349,-1.5018379568779423,-21.955270104037027,3.7414020310108,-2.1267295259490204,-0.026493552097488188,-0.038311190647206894,-3.6409968245626914,1.0062105182881416,-2.81578487686218,-1.956352416107606,0.21248162292166572,-3.824373276833974,-5.884365061577402,-0.7400021217101269,-1.3500034622102373,-0.08290540846395489,-0.006866863305092369,-0.40351890891201236,-0.013737902357062903,1.961624207828497,6.027386936085527,-4.747229350179083,-8.681376700089395,-0.06441839494676138,0.7570607199250929,-11.513760688074996,-0.00571692921189404,-0.014284341693074132,-0.012210236223739901,-0.09969989256309075,-0.03706831245013342,-3.015527578020439,-7.641526544875454,0.34046058296160453,5.169666076741933,-2.5107816141760644,-0.02421845726038918,-0.7154603451902601,-0.3351653660754015,-0.048056544213288865,-1.2188729296790988,-0.0019249434051884437,0.1457917116354288,-0.09056639711796888,-4.71860616717375,-0.005613670063628631,-2.704659051297938,-0.0034226118200832295,-3.674411276029076,0.8132924719055623,0.988361388215584,-0.10678406838293064,-1.8561634388790438,-0.11280373112189945,-17.814909809398785,-7.9997057689433575,-0.7017169151539076,0.5292921050073631,0.2360071560953685,0.7057238728955149,-0.009663426711787465,-0.05962327810139634,-2.3401618397380304
2026-12-01,-241.5203704410137,-890.5799241673957,-1.5549878275463969,-0.5399431429840291,-36.998374091447864,-142.99048628085947,0.25485234391580747,-4.2390036723844915,-116.64993128458447,-657.8632366748087,-8.4194585835815,1.1273559071873214,-224.39947669447605,-81.09182085989681,-28.295072973900837,1.7468808499263364,-40.062238895175184,-7.305589573328355,-53.62338326375252,-22.82918705385917,-111.15099231006012,-0.013461476639959002,-2.3674635173569225,-106.09760768929182,-13.649910363760345,1.2407702648499628,-62.33099271068013,-141.96026521005518,-0.035312233538123794,-53.550445486721145,-17.329104377084157,0.7919284752651627,-45.42914320487873,-471.83847025762884,-52.90506702430134,-32.4199195444392,-0.9048798576305037,-52.12936667541236,-38.509082771253915,-577.128300125855,-1.8757123564683382,-134.23944146775025,-10.694694889419516,-44.629239317492186,-201.39754319575562,-57.505281149421684,-3.107786540037062,-0.05537261921490755,-7.994073658560524,-10.647262269223015,-0.36015248240343967,-28.67637139782667,-1.052174538157459,-11.357420485456373,0.7130867380120192,-0.020356451672972287,0.29458989714826833,-0.03675106876413681,-0.0008820646847101515,-3.94849619663853,-4.97393917771562,-7.369690320952113,-3.7127741173061004,-0.6225072251735746,-0.0032790757058230174,1.3009577665607424,-0.00727022006441444,-0.003929314151646587,1.2140920228796706,0.7894497851597038,-0.008321137802917378,0.23976542916459165,-0.034215820703292765,-6.249998831651229,-1.5793429098466802,-23.088309903062186,3.9344835729458936,-2.236483092324825,-0.02786079781123968,-0.04028830609810452,-3.8288967816483996,1.0581377575348392,-2.9610983399104605,-2.0573133761807583,0.22344710565956394,-4.021736693838093,-6.188037928053973,-0.7781912148657817,-1.4196727326978138,-0.08718388588185855,-0.007221239697742826,-0.4243432021814648,-0.014446870639025,2.062857227858262,6.338440694492874,-4.99221835570556,-9.129394204083681,-0.06774281796310966,0.7961301516327914,-12.107948281041182,-0.0060119612609005335,-0.01502150992486695,-0.012840366644884305,-0.10484507846593916,-0.03898128701567871,-3.171149109651104,-8.035880777805573,0.3580306419345467,5.4364556623340405,-3.233258229388838,-0.02546829275851703,-0.7523829173965473,-0.3524621561954393,-0.05053658554000695,-1.7888204401830934,-0.002024283448768621,0.1533155458159321,-0.09524023314470531,-4.962118023689255,-0.005903373245167626,-2.844237673350534,-0.003599241640185283,-3.8640356438459964,0.8552638407181519,1.039367492142408,-0.11229484546772017,-1.9519539729867823,-0.11862516334450479,-18.734279133230558,-8.412544462056843,-0.7379302338127527,0.5566071422372114,0.24818671478190169,0.7421439775593957,-0.010162124610175183,-0.0627002407949595,-2.4609299509030826
2027-01-01,-246.45180898671853,-891.2092051115975,-1.6232727897378805,-0.5636539376610479,-38.656548554829236,-142.1827129769378,0.2660438030130541,-5.363274882650735,-113.5398246618773,-661.4528353924235,-9.36819698222258,1.1768620538817949,-215.81158363074252,-95.09730372593415,-31.300763267381786,1.8235925068776755,-43.97035470835019,-7.626403600913622,-63.62691825079594,-22.140493515774295,-106.2800987061407,-0.01405261723097695,-2.471427132961246,-105.64183095463581,-14.772571881780866,1.2952568332479197,-59.322725733430374,-142.3630971479171,-0.0368629174015804,-59.103362153585564,-18.619812947383483,0.826704828516216,-51.946697980102925,-465.613769771306,-52.156459854650166,-31.70595683965538,-0.9446163017180638,-50.96010125733954,-35.44051387220401,-574.3886751984546,-1.9580814561323787,-133.40434003828994,-11.164336402514689,-45.34033597299984,-196.33774584090133,-57.80495931796975,-3.2442603327100787,-0.0578042248793067,-8.345121433893965,-11.114820849822264,-0.3759680394183733,-46.83326266261068,-1.0983792075986898,-20.535718775003474,0.7444008744199113,-0.02125037476884306,0.307526371397397,-0.038364936922201665,-0.0009207992346396549,-4.1218884951018,-5.192362269315618,-8.144385896966284,-3.8758150335979025,-0.6498436978982367,-0.0034230714057433415,-22.405312625929128,-0.007589480892973885,-0.004101864099324969,1.267407056226352,0.8241172904460754,-0.008686548110443004,0.25029436898990376,-0.035718357238746945,-6.524458172332714,-1.6486973890109553,-24.102198462745342,4.1072605280205465,-2.3346948986784923,-0.029084263031650404,-0.042057506737449124,-3.9970370508764255,1.10460429282641,-3.091130539908514,-2.1476572127175384,0.23325945074128462,-4.198345239074211,-6.459776348426928,-0.8123643168949479,-1.4820155351038728,-0.09101243569150119,-0.007538349626837304,-0.4429775985438438,-0.015081283332099016,2.153444514340752,6.616783827158649,-5.211444150037906,-9.530297881278798,-0.07071764238386002,0.8310910152104327,-12.639650700790618,-0.006275967538071914,-0.015681157041781746,-0.013404232120445114,-0.1094491931041266,-0.040693091868994724,-3.3104053746970905,-8.388764450183615,0.3737530215022824,5.675189472838468,-3.868480982823055,-0.02658669470179209,-0.7854226866846502,-0.3679400040495353,-0.052755824026478715,-2.464797595227738,-0.002113176825498213,0.16004816845384084,-0.09942256538177241,-5.180022007009787,-0.006162611042214924,-2.9691381121499774,-0.0037572969477344537,-4.033718983594646,0.8928214717121712,1.08500975933365,-0.11722610546938927,-2.037671109085032,-0.12383440977746218,-19.556966950868272,-8.781968756157028,-0.7703353351410165,0.5810497114907278,0.2590854627560617,0.7747341191351307,-0.010608379096865211,-0.06545362798953125,-2.5689980049909806
2027-02-01,-251.91667724753157,-891.5195458261445,-1.6843768586540029,-0.5848712889709553,-40.33012235282357,-141.2340375567411,0.2760583606257905,-6.598090576740823,-110.44132629632446,-665.405740103512,-10.326854135582096,1.2211621003679891,-207.6224563536016,-111.15719921791006,-34.536507123441076,1.8922371135757095,-48.09940270984629,-7.913480606182488,-75.18970960356492,-22.78824970824336,-101.82221716620546,-0.014581593073584642,-2.5644578637221684,-105.39231860782155,-15.866405529838246,1.3440135568887062,-56.654517978433134,-143.00249307410544,-0.03825053029055098,-64.94491967714396,-19.943801774532,0.8578240767006831,-59.33856239825441,-459.59805740619265,-51.49561919919579,-30.97753310418736,-0.9801740341980079,-49.74800800496759,-32.447166442871094,-571.6123424967061,-2.0317885650023637,-132.72398013180774,-11.584590093240442,-46.152728162378665,-191.80963782987746,-58.10789910484266,-3.366382448108668,-0.059980121230799543,-8.659252785342545,-11.533210650656393,-0.39012042165265504,-66.84992027474357,-1.1397249624351176,-30.44724131542469,0.7724219948497808,-0.022050292301236674,0.31910243717647413,-0.03980908960219298,-0.0009554604328356892,-4.277046740999538,-5.387815839379444,-8.899570319341137,-4.02171045574525,-0.6743054484752875,-0.0035519244194842647,-49.647411463310675,-0.007875168034687602,-0.004256268576621841,1.315115444242231,0.8551391371921895,-0.00901353162038615,0.2597160783099657,-0.037062886005621465,-6.77005518124146,-1.7107585037643318,-25.009465808818124,4.26186814046082,-2.4225786843791113,-0.03017906781362889,-0.20742587622137254,-4.147495574521418,1.14618437552145,-3.20748846491864,-2.2285004296825015,0.24203992291055698,-4.356381509036876,-6.702938570865683,-0.8429437521681549,-1.5378023258172018,-0.09443837258755128,-0.007822112059143266,-0.4596523890540034,-0.01564898075294785,2.234505579888811,6.8658562058332535,-7.131996503230411,-9.889042253888455,-0.07337963223616839,0.8623753704894934,-13.11543893082775,-0.006512210734770596,-0.01627143521722041,-0.013908801117371167,-0.1135691359014972,-0.0422248821544553,-3.435017355772956,-8.704538634489325,0.3878220248933708,5.888817872730748,-4.443750471644705,-0.027587484732636225,-0.8149879712621206,-0.3817901908490513,-0.05474168587756112,-3.2080569955658556,-0.002192722114000241,0.16607278389551539,-0.10316508070348007,-5.375011058575462,-0.006394587215417191,-3.0809039354750922,-0.0038987310511606477,-4.185558307410108,0.9264295165720284,1.1258522545249199,-0.1216387908003167,-2.1143741725904768,-0.12849584829664806,-20.293140355554705,-9.112544139104273,-0.7993326938748986,0.6029218834627326,0.2688380909473871,0.8038970591576433,-0.011007705156860281,-0.06791746710564661,-2.6657015486804525
2027-03-01,-257.7605372081863,-894.5276014357344,-1.7390551819374838,-0.6038574091217246,-41.83943663780706,-140.37329823567433,0.28501978051816934,-7.838284198530387,-107.95974668598737,-670.382836261608,-11.211169121588485,1.26080352370054,-201.22597476584747,-127.68951434695582,-37.701093448422505,1.9536630065363694,-52.02736454960771,-8.170368397450396,-87.1358409774347,-23.528002975577923,-98.33833723549232,-0.015054941455194815,-2.647705419279017,-105.5416356848792,-16.903917510367265,1.3876429901615355,-54.64966087695173,-143.88399523226346,-0.03949222086012019,-70.41883957632679,-21.218826546162624,0.8856708034858487,-66.79221198776114,-455.3903164891614,-51.02163218125863,-30.40921695840457,-1.1893339524194708,-48.727620749497525,-29.224857330322266,-570.4889210027256,-2.0977445839479434,-132.3966105924781,-11.96064961873819,-47.07409072470275,-188.4968125213539,-58.421799615753734,-3.4756621184198666,-0.06192719883542841,-8.94034986926276,-11.907602294196906,-0.4027845297024757,-88.18674935741402,-3.6340630099246383,-40.781691514703596,0.7974963951116187,-0.022766089959431635,0.32946115596962144,-0.04110137419973192,-0.0009864766357493976,-5.786959301573205,-5.562715378484287,-9.612560627951666,-4.152263415625924,-0.6961947846497392,-0.003667227162269665,-79.42102703473441,-0.008130812121401362,-0.004394435773599256,1.3578067855806761,0.8828987053408,-0.009306129321033252,0.2681469942411532,-0.038266023208808564,-6.989825040905014,-1.7662932292909836,-25.82132430094588,4.400217110751171,-2.5012205511345122,-0.031158742176779608,-0.4171350256300075,-4.2821317770288,1.1833918683133646,-3.3116101110406397,-2.300842118720505,0.24989703462781776,-4.497798576882158,-6.9205296878678375,-0.8703074331366005,-1.5877225395063856,-0.09750403561906218,-0.008076033840205499,-0.47457364720213757,-0.016156978725177407,2.3070422084040807,7.088735963003778,-10.304807473194288,-10.210060823185472,-0.07576168541697292,0.8903698415943833,-13.541192945542491,-0.006723610435506511,-0.016799639336460226,-0.01436030929386617,-0.11725582269961077,-0.043595588326999835,-3.5465250557857786,-8.987105789841067,0.40041152227611176,6.0799809641425,-4.982266245398407,-0.028483031000111403,-0.8414441503148468,-0.3941838825424815,-0.056518713139671606,-3.9579141860131113,-0.0022639023656191998,0.17146384666141046,-0.1065140305571246,-5.549494928264772,-0.00660216861576271,-3.1809163884625207,-0.004025291847644788,-4.32143010419869,0.9565033164738885,1.16239972501887,-0.12558743512716042,-2.183011089535256,-0.13266708675652694,-20.951897262061223,-9.40835598893645,-0.8252806705537488,0.6224939628874075,0.27756512609525785,0.8299932044836886,-0.01136503781557241,-0.07012220721705198,-2.752235681649072
2027-04-01,-263.8997123057229,-898.734746268997,-1.7879834953890295,-0.6208469359063944,-43.329345894593374,-140.07870350278162,0.29303881137235255,-9.078748216111684,-106.03018381360762,-675.7960985886543,-12.074430942119664,1.2962762278729891,-195.49070173700747,-145.4925099866044,-40.90231091499909,2.008629310627999,-55.92682982767657,-8.094062805175781,-99.51716160125514,-24.18996328393078,-95.31427840177645,-0.015478512197609984,-2.7221986050199707,-105.74337572081419,-17.96727599006837,1.426684322424392,-52.9119558600269,-144.98592484892507,-0.040603334401088376,-75.8439751713017,-22.521287738880424,0.6696948318308493,-74.60210528659667,-452.2117309764876,-50.65075530188638,-29.919321215909235,-2.1610779957419624,-48.005933698392354,-26.526123046875,-570.235519380618,-2.156764622881002,-132.55659413444226,-12.297162467616133,-48.040713936689095,-185.800482336824,-58.79222742112132,-3.57344986394284,-0.06366952042893859,-9.191886591796447,-12.242622656723707,-0.41411687149784093,-110.42548502164911,-6.465910489236883,-51.296080570014695,0.8199339543114519,-0.02340661384686815,0.3387305448175537,-0.04225776126612368,-0.0010142311535748794,-11.900671747981377,-5.719222362568014,-10.336992941690847,-4.269087337053644,-0.7157822232776061,-0.0037704045898505623,-111.17466746557344,-0.008359572501303925,-0.004518073213748697,1.3960086762978605,0.9077390583379668,-0.009567957247581804,0.275691309293137,-0.03934263768174251,-7.186483751982738,-1.815987885140725,-26.54780719939143,4.524017208807777,-2.571592385454924,-0.032035393314602034,-0.6154890475113004,-4.402609544498986,1.2166865957436572,-3.40478225372204,-2.36557630631647,0.02608720412562704,-4.6243441292587235,-7.1152387743509244,-0.894793530719931,-1.6323931094192403,-0.10024731143176258,-0.008303253033295516,-0.4879257756494244,-0.016611555283590373,2.371950835508703,7.2881775326419955,-13.52391659645788,-10.497320860419947,-0.07789324025790023,0.9154203949924646,-13.922174377200811,-0.0069127791992877885,-0.017272297149659277,-0.014764336562057057,-0.12055481499534348,-0.06912820898565974,-3.6463065298847894,-9.23995799009019,0.41167709951312004,6.251041214261512,-5.534661515487372,-0.029284401010274574,-0.8651181795039069,-0.4052742451502387,-0.05810886700085893,-4.705107324712401,-0.002327597253348586,0.17628798158374792,-0.10951080255620527,-5.705629955012682,-0.00678792061423128,-8.830592127629231,-0.00413854342430614,-4.443013530011328,0.9834145350320824,1.19510383854697,-0.1291208373189363,-2.2444301014023686,-0.1363996749302352,-21.541378842226266,-9.673060062545858,-0.8484999402777653,0.6400078290684199,0.28537442026479454,0.8533450613387341,-0.011684793127769849,-0.07209509535209602,-2.8296698260758326
2027-05-01,-271.3610649956987,-907.5701931753317,-1.7748359441757202,-0.6360498324473891,-44.94570995792432,-140.63606475055212,0.3002145554634228,-10.373539793521193,-104.42341613769531,-684.1755639161707,-12.998154576806007,1.3280185982402215,-190.40470468084715,-165.65368828767248,-44.242658488051475,2.057815320629164,-60.000731399648465,-7.677886009216309,-112.72342200719723,-24.78231139401548,-92.80304731337723,-0.01585753995137562,-2.788858036455732,-106.18737188059595,-19.1381549657904,1.461620041514009,-51.3685032403533,-146.5785628134005,-0.04159760248299155,-81.51965832390644,-23.912315211389632,-0.2470512512017251,-83.20646845714631,-450.85529480563616,-50.40098628966139,-29.52857306938079,-3.1944669528514407,-47.62216371107175,-24.295909881591797,-571.9629310923215,-2.2095780741982165,-133.497257526639,-12.598287395405325,-49.08202631239671,-183.98273545821527,-59.342997393553574,-3.6609541833394337,-0.06522861829334659,-9.41697154074221,-12.542412049046092,-0.424257496487912,-134.24226300959714,-9.379904913620862,-62.260836470673894,0.8400119644568127,-0.023979779804705115,0.34702515840152426,-0.04329254187858633,-0.0010390669873443364,-18.30478572168269,-5.859270965282173,-11.110819984202003,-4.373625975091599,-0.7333098334775094,-0.0038627318086577322,-146.32509137831948,-0.008564276283370142,-0.004628708856224684,1.430193230088241,0.9299671828433844,-0.009802251170497378,0.2824422590200868,-0.040306034641175215,-7.3624616986491205,-1.860456617030632,-27.19789265991376,4.634798403974287,-2.6345638696011733,-0.03281985521985553,-0.8149590718474538,-4.51041778763333,1.2464800268909009,-3.488156350225191,-2.423503002519375,-2.8365425925506926,-4.737582064893264,-7.289472120276997,-0.9167046535528481,-1.6723660916817682,-0.102702102485833,-0.008506577700807316,-0.49987378514721215,-0.01701832826056049,2.4300336270423615,7.4666456905614496,-16.952024126910032,-10.754372435886907,-0.07980063933550952,0.9378366150810233,-14.263091541224902,-0.00708205484663238,-0.017695249944309488,-0.015125876046699405,-0.1235068830074324,-0.22545320740065855,-3.735594915998277,-9.466220080216132,0.42175798095140404,6.40411265161211,-6.175757811527411,-0.030001498402684512,-0.8863026316096887,-0.41519833764938774,-0.05953179919563367,-5.489609113255709,-0.0023845939431689153,-8.41293156977126,-0.11219243196451156,-5.673513889312744,-0.006954138805637777,-14.814759091446845,-0.004239885387793935,-4.551811159701458,1.0074957514613345,1.224368765153474,-0.5812267563191309,-2.2993902480209485,-0.1397397415815469,-22.0688701366958,-9.909927674932476,-0.8692774557345331,0.6556799251166154,0.2923624837242649,0.87424122097325,-0.011970922752884361,-0.0738605132230088,-2.898960942972778
2027-06-01,-278.96802202380286,-919.4824351372006,-1.7374565601348877,-0.6496539820017304,-46.5777090066906,-141.95428614850601,0.30663569340351104,-11.600987707437561,-102.36143493652344,-694.6822400408143,-13.914546458102564,1.3564229192537045,-186.13083171811377,-186.55987455369433,-47.42850795805751,2.101828896215432,-64.03827822431742,-7.308021545410156,-125.55230046442334,-25.312367772159956,-90.76321741796696,-0.01619670888760849,-2.848507516540945,-106.78343296667299,-20.28309749887932,1.4928818965165807,-50.084594131130366,-148.3702064457716,-0.04248731265413211,-87.05698315475921,-25.26719272139789,-1.179343435006274,-91.88973589693094,-451.1500527076772,-50.262097910702536,-29.218574781500692,-4.197008877419835,-47.564484173898066,-22.446399688720703,-575.6593030226401,-2.256837626893523,-134.98065009915751,-12.867745820063986,-50.07652712961416,-182.8615636599294,-60.03516839220442,-3.739256488726589,-0.06662376036118012,-9.618386402682042,-12.810675384060051,-0.43333172642609785,-158.07633506890588,-12.219426170200407,-73.03218358041536,0.8579785573382797,-0.024492671238837138,0.35444750475424325,-0.044218504254895485,-0.0010612910678671206,-24.62073895709068,-5.984591961255719,-11.875193407485511,-4.4671712585341865,-0.7489942282141797,-0.003945349834058504,-182.1385386850112,-0.00874745327586357,-0.004727709978953221,1.4607829128476304,0.9498577825898664,-0.010011906584412922,0.2884832742615977,-0.041168120118175056,-7.519933684218465,-1.9002489866945975,-27.77961468927852,4.733929772972971,-2.6909132294533897,-0.03352182257521941,-1.0041712926915416,-4.606888842266624,1.2731403604642564,-3.5627627697800897,-2.4753380877748974,-5.8240710664487025,-4.838911821853948,-7.445382968511769,-0.9363115877392917,-1.708135487820602,-0.10489874603557858,-0.008688520607375072,-0.5105653338035046,-0.017382324713370978,2.482008392537012,7.626346015067213,-20.363358654837725,-10.98439229206383,-0.08150745502300794,0.9578955301506316,-14.56815762337051,-0.007233529351255541,-0.018073724734118946,-0.015449395792138165,-0.12614850953055967,-0.37688225307555134,-3.815493674427529,-9.668688294365424,0.4307787500105249,6.541086992034707,-6.8253215524906885,-0.03064318534339794,-0.8890621066093445,-0.42407880580132873,-0.06080509486867891,-6.261493439798441,-0.002435596822148417,-24.456340433017843,-0.11459205939218897,-5.50994348526001,-0.00710287737847809,-20.740981997510417,-0.004330570161165975,-4.649167556324398,1.0290445707189484,1.2505561720846607,-2.2067357940018173,-2.3485707480731364,-0.14272856454191896,-22.54089008626445,-15.578123920344751,-0.887869993470968,0.6697039328374323,0.2986156776561941,0.8929399261846456,-0.012226962791142215,-0.25444208671101265,-2.9609653586781484
2027-07-01,-286.3542463108407,-930.6945804438376,-1.7088220119476318,-0.6618275098947795,-48.166764863173896,-144.00159701761956,0.3123815800909906,-12.71974490624215,-101.08769226074219,-704.1194485938289,-14.824229974621737,1.3818402224639863,-180.47586059570312,-207.8373924208761,-50.40735065744181,2.1412139741236036,-67.94437477930455,-6.983874320983887,-137.54029266761114,-25.786683059451857,-89.15509333714006,-0.016500210586792186,-2.901884216548728,-107.33914927146454,-21.458002909654834,1.5208562334894324,-49.04732827721398,-150.503023218309,-0.04328346029583832,-92.44154369332736,-26.645928308266047,-2.0912481623205483,-100.12301158159158,-451.88459569997724,-50.3487746723875,-29.031354325846586,-5.116464775346584,-47.8344028710613,-20.928943634033203,-579.6511308607425,-2.2991273327403428,-136.70068729285643,-13.108867812695417,-51.15046406235906,-182.08307739911305,-60.62969693950744,-3.8093244701842206,-0.06787218833601916,-9.798620340136537,-13.050727963490285,-0.4414517041446011,-182.16813547697816,-15.053969971673908,-83.70348329467758,0.8740557710378125,-0.024951626659355797,0.3610893120936707,-0.045047091795107574,-0.0010811780488989564,-30.868643672543413,-6.096734115675182,-12.651542752411991,-4.550879256061158,-0.763029241284988,-0.004019279691464678,-218.24625503930798,-0.008911367250682534,-0.004816300075979482,1.48815576366961,0.967656673278043,-0.010199514491767536,0.2938890122131781,-0.04193954809744893,-7.660845808202739,-1.9358567635791264,-28.300162432611152,4.82263641948262,-2.7413368521264765,-0.03414997056391933,-1.1733413970205002,-4.693214934887042,1.296997075145081,-3.629523527284558,-2.5217221600519615,-8.723698233792025,-4.92958567234561,-7.584898125430119,-0.9538566433315131,-1.74014334982434,-0.10686438904891826,-0.008851330273587393,-0.5201325518987892,-0.017708043050526756,2.528517456183832,7.769252144342971,-23.847517850015066,-11.190223103018923,-0.08303478080673798,0.9758450360075557,-14.841142747900925,-0.007369074693487354,-0.018412398856463508,-0.015738893980122515,-0.1285123408037947,-0.511724707891589,-3.886990224834676,-9.849864812791395,0.43885088883252843,6.663657017239558,-7.518122123589823,-0.031217392047034664,-0.8749841451644897,-0.4320253978554036,-0.061944489898849486,-6.97268320109707,-0.002481236203529996,-40.85911090111597,-0.11673934036018085,-5.364306449890137,-0.0072359745013824694,-26.548813770476457,-0.004411718461815692,-4.736285887765979,1.0483273014215868,1.273989693412104,-3.7667417236576135,-2.3925793931404264,-0.14540308083785902,-22.963272095459217,-28.03668305798169,-0.9045073272368835,0.6822531663253271,0.3042112814421465,0.9096722627813243,-0.012456077484053973,-0.7865616516345213,-3.0164493476674146
2027-08-01,-293.9438431178598,-942.6352761921185,-1.6894550323486328,-0.6727208612778153,-49.78918504796802,-146.6762948209396,0.317523225408908,-13.76273326512318,-100.38591003417969,-713.4007207661065,-15.736667105475245,1.4045846247039377,-174.79483032226562,-230.0143800922117,-53.30565526135223,2.1764572903316344,-71.87606848766504,-6.690604209899902,-148.87940110004504,-26.211119027086756,-87.77023277284809,-0.016771795839941372,-2.949647786317499,-107.8509862185509,-22.70085945050159,1.5458887700745532,-48.139971095497906,-152.93024328386224,-0.04399588450762609,-97.87619639082448,-28.089562941938148,-3.0068439216947542,-108.16841163243473,-452.9892694638347,-50.56398462448606,-28.912064695376895,-6.003046911049559,-48.369608059061406,-19.636249542236328,-584.2873287113571,-2.3369698242285923,-138.67725731593046,-13.324633251850646,-52.288012916341245,-181.55879349585,-61.18586648415395,-3.8720240548423304,-0.06898933077211611,-9.959900753595079,-13.265536449667165,-0.4487177794587742,-206.8396696219651,-17.921003711832427,-94.39435110747817,0.8884422939609813,-0.025362318014301,0.36703266243569566,-0.045788544503511774,-0.0010989737014189815,-37.16350690368935,-6.197083324521986,-13.500578684096926,-4.625784463380093,-0.7755883227927516,-0.004085435034558188,-255.73196242493393,-0.009058043919925846,-0.0048955739778789725,1.5126500667984129,0.9835838204615044,-0.010367393423413751,0.2987262790686458,-0.0426298521833941,-7.786939516959688,-1.967720002319755,-28.765969019624187,4.9020146144422085,-2.7864578921905654,-0.03471206208098576,-1.3315243039667348,-4.770462916630748,1.3183450014115055,-3.689263677919868,-2.56322845159944,-11.61537511033178,-5.0107241987725,-7.709741773132187,-0.9667404890060425,-1.7687852431924505,-0.10862332370007621,-0.008997018764071607,-0.5286936748029873,-0.017999508624821248,2.5701355949232285,7.30434147114363,-27.459710450601136,-11.374408605273317,-0.08440149196760416,0.9919069595657231,-15.085420570236202,-0.007490365994927473,-0.01871545777672501,-0.01599794834087742,-0.1306275899653997,-0.6388555976144663,-3.9509681491555995,-10.0119886847625,0.4460741560212411,6.773337494855795,-8.299557298240643,-0.031731214781427264,-0.8652531504631042,-0.43913632086007426,-0.06296406536922916,-7.654267808531749,-0.00252207611638533,-57.879935912268095,-0.11866081179458732,-5.240522384643555,-0.007355075039912201,-32.269427153490426,-0.004484333151729719,-4.81424279595517,1.0655822469898553,1.2949589296273087,-5.321512765011478,-2.431960059026366,-0.1477963431729279,-23.34123612400174,-40.45582628473318,-0.9193950676175877,0.693482713846179,0.30921844771113527,0.9246450154302046,-0.012661098319331265,-1.3067584945074158,-3.0660986024687062
2027-09-01,-300.98017182904886,-954.7747944423136,-1.6784194707870483,-0.6824686603872294,-51.170433551452376,-149.55485225448234,0.32212417179249453,-14.583228627339125,-100.29657745361328,-720.1421421190817,-16.599448713197603,1.4249372100656874,-169.9931640625,-249.9437057190836,-55.82793652498793,2.207994395329501,-75.36994994022844,-6.4438042640686035,-158.11793919137392,-26.590921018396614,-86.76737318954855,-0.017014821002326652,-2.992388506458001,-108.19418917051063,-23.948150625820524,1.568288868010514,-47.426420980118664,-155.4423545924702,-0.044633389702584236,-102.8873015122555,-29.42284518761537,-3.8336476282032503,-114.92509063397436,-454.2901412933952,-50.86038650560809,-28.925594594774328,-6.715929606160435,-49.06247177049421,-18.640609741210938,-588.9923884719121,-2.3708327734584906,-140.76125832741246,-13.517708650016464,-53.38808294744584,-181.28993658060796,-61.50667511309072,-3.9281301083423372,-0.06998899374641754,-10.104220808589865,-13.243339538574219,-0.4552197493288306,-231.80318989786082,-20.895763789826347,-105.2005911565725,0.901315920304885,-0.025729820785781676,0.372351005995343,-0.046452025538550545,-0.001114897950962257,-43.62833766677235,-6.286879742009323,-14.345374973849667,-4.692812587923207,-0.7868266827089743,-0.004144633436575618,-292.6992958005476,-0.009189295970424144,-0.004966511382095931,1.5345685322760332,0.9978360579659551,-0.010517618091915537,0.30305485563684265,-0.043247563420055535,-7.899773125158347,-1.9962324811059133,-29.182791067714565,4.9730453441898135,-2.826833972855468,-0.03521504367010475,-1.4714730739187716,-4.839587447839579,1.337447965167156,-3.742721513500758,-2.600369913171283,-14.162677423122133,-5.083330142327661,-7.821456777550516,-0.967621922492981,-1.7944151354862434,-0.11019728758163971,-0.009127386553364203,-0.5363545041737439,-0.018260323480197682,2.607377141759876,3.1355152231990786,-31.38327192764112,-11.539225034277763,-0.0856244788490752,1.0062798002692368,-15.304009969887609,-0.00759890222024362,-0.0189866468138864,-0.016229760368073165,-0.13252039808006266,-0.7507942449641853,-4.00821811124613,-10.157063499596426,0.45253781949755645,6.871483898513787,-9.138794814928104,-0.03219100356603477,-0.8598740696907043,-0.44549945434349336,-0.06387642158658435,-8.260848997684704,-0.0025586212761035537,-73.67292152735821,-0.12038021998023041,-5.132606506347656,-0.007461650884442339,-38.07007335467374,-0.004549311631243086,-4.8840017024201465,1.081022650693832,1.3137230266362412,-6.737053250199601,-2.4671994271834343,-0.149937928405798,-23.679453197083138,-53.64105686534032,-0.9327172030487674,0.7035313544778727,0.31369905695445155,0.9380432231813565,-0.01284455902350351,-1.7549619981002405,-3.1105267077154366
2027-10-01,-306.8607876719976,-963.7810048881279,-1.673567771911621,-0.6911913742827416,-52.40378992588089,-152.36005637428602,0.3262412795110823,-15.276752307242628,-100.47464752197266,-723.6169275686892,-17.372914840163805,1.4431495036462016,-165.44004821777344,-267.63996456689097,-58.07331388691301,2.236215036820095,-78.51612256135772,-6.217885494232178,-166.0986710431427,-26.930782772825065,-85.81011256275934,-0.017232289472604023,-3.0306345832686823,-108.34374433408924,-25.114078046494114,1.588333356344103,-46.53832244873047,-157.6783159408125,-0.045203854415706235,-107.40447896947356,-30.630323095673813,-4.578496868774952,-120.649699574275,-454.78675556178297,-51.11396777549862,-28.985474933269415,-7.3338622267247455,-49.74631369885083,-17.75411605834961,-592.191776029915,-2.373694658279419,-142.66299343739485,-13.690480107404825,-54.43000662675718,-180.82752784701015,-61.59527094486917,-3.9783360109254344,-0.07088353147938609,-10.233364068004008,-12.885539054870605,-0.46103796760529914,-256.54082274880216,-23.836898653278418,-115.817231838047,0.912835747307386,-0.026058676714740825,0.3771100689128408,-0.04704573445466376,-0.0011291475955443608,-50.01115589035321,-6.3672331068860695,-15.158564690579704,-4.752791989096716,-0.7968832090185209,-0.004197606494193401,-327.9748453604602,-0.009306745465622518,-0.005029988960422005,1.5541820369496477,1.010589520437513,-0.010652045031646296,0.3069282361359065,-0.043800315721058025,-8.000741074032534,-2.0217465681436035,-29.55577982446092,5.036606433869963,-2.862964077293295,-0.035665131371682035,-1.5970435794001365,-4.9014427961216,1.3545420482033923,-3.7905576865703345,-2.633605553269719,-16.476782354259,-5.148300795255224,-7.921423755782129,-0.9702526330947876,-1.8173497707964454,-0.51808079948478,-0.009244044776869381,-0.5432097154941022,-0.018493710867197866,2.6407023420882916,-0.8241074088464586,-35.30168151564342,-11.686709255007877,-0.0867188555945635,1.0191411832250523,-15.499612358934534,-0.007696024701955295,-0.019229317426627368,-0.016437194884118322,-0.13421415720024754,-0.8521424810069984,-4.059447628210869,-10.286882147789385,0.4583217597068203,6.959309159310891,-9.95524586586368,-0.03260244064793183,-0.8569622039794922,-0.4511934363625949,-0.0646928338008137,-8.808952564984493,-0.002591323321858671,-88.69491220216628,-0.1219188140263956,-5.036896228790283,-0.007557019140350618,-43.7750182403326,-0.004607456929458437,-4.946424714622983,1.094839330995633,1.3305138783843526,-8.048693256590084,-2.498732999310075,-0.15185430307247927,-23.982103131694252,-67.11881837836535,-0.9446383736165131,0.7125232731956501,0.3177084822686531,0.9500324662519368,-0.013008726874687293,-2.1544248104088215,-3.1502827230617783
2027-11-01,-311.7791481690216,-968.829314650097,-1.6708660125732422,-0.6989968016257677,-53.51666837621492,-154.64368776769896,0.32992542936923464,-15.923504548175892,-100.65215301513672,-724.1027624014152,-18.0531055535346,1.459446579991412,-161.40863037109375,-283.8440862040552,-60.19364185568356,2.261467976371601,-81.31576588453134,-6.015606880187988,-174.00370236831571,-27.234904432969152,-84.89495349928387,-0.017426888809975782,-3.064858676512781,-108.3591082889762,-26.152270792046316,1.6062699525904272,-45.431495666503906,-159.7642911731608,-0.045714328669863025,-111.5724695062541,-31.697954851341187,-5.272819229696886,-125.72162854313032,-454.5477971177941,-51.29311531073915,-29.05463246878135,-7.9370606400076,-50.214089147364604,-16.913320541381836,-593.9294528845307,-2.368595600128174,-144.26428540048119,-13.845082800299252,-55.41354646854514,-180.24512435607568,-61.523093225862034,-4.023262226492942,-0.07168399901322031,-10.348926534029339,-12.551309585571289,-0.46624433807289156,-281.33209716926575,-26.756844471648,-126.44859247686983,0.9231441414321244,-0.02635294992954118,0.2510457323255899,-0.04757700853554536,-0.0011418987377670442,-56.22665216719409,-6.439136457016113,-15.890015467933651,-4.806463915465754,-0.8058821841508816,-0.004245008868881683,-362.0582850444388,-0.009411843891666022,-0.005086791193244358,1.5717329720721196,1.0220018200825791,-0.010772335542556521,0.3103942892954503,-0.044294940212454614,-8.091091164423261,-2.044577576357552,-29.889544828727274,-1.6224284692989954,-2.8952947152648676,-0.03606788754306822,-1.7098653486539606,-4.9567933937196,1.3698385057891063,-3.833363374998928,-2.6633461107492913,-18.762315245328793,-5.399233889738596,-8.010878138286905,-0.9725757837295532,-1.8378725841888137,-0.9329401455178132,-0.009348435141891542,-0.5493440281086315,-0.01870255507713403,2.6705230415828733,-4.66740769541137,-39.082032398458466,-11.81868393432692,-0.08769814693383537,1.0306500543625212,-15.674645067116543,-0.007782933717137341,-0.019446468631943326,-0.016622815444739925,-0.13572979945420371,-0.9438078800031247,-4.105289814172323,-10.403048978248137,0.46349745681217325,7.037898655681602,-10.652322001429575,-0.03297061072520868,-0.8547377586364746,-0.45628863534252107,-0.06542339154883337,-9.311552380734266,-0.0026205863981406258,-103.96457697351994,-0.12329560847152088,-4.947312355041504,-0.007642358405313354,-49.41398157382278,-0.0046594876283894415,-5.002283280216066,1.1072030397575432,1.345538992691365,-9.30742337380955,-2.526950479448594,-0.17252056648559488,-24.252926192415575,-80.9163030682434,-0.955305905742982,0.720569595597917,0.3212962736776319,0.9607609123303362,-0.013155630722483436,-2.534714770161356,-3.1858579686735595
2027-12-01,-314.94543220667754,-968.8897300161414,-1.6642818450927734,-0.7059814048968462,-54.35348820101283,-155.917413913487,0.3332221515113458,-16.510053225579234,-100.5124740600586,-720.9265842679602,-18.57424769632334,1.4740298446542313,-157.59500122070312,-297.6228829592803,-62.14316364526865,2.284065299547425,-83.5661628160317,-5.8227386474609375,-181.660015486722,-27.50704445156094,-83.78458330255856,-0.017601023948081718,-3.0954837407299216,-108.14751926673975,-26.999384122320127,1.6223203241214623,-44.46373748779297,-161.1583664688725,-0.046171121102703994,-115.01670291198153,-32.55881872713084,-5.905612787429213,-130.15182587027394,-452.8565471926575,-51.224934639195396,-29.084184434686918,-8.558490994676468,-50.37380680111909,-16.09515380859375,-593.2626244567224,-2.3514575958251953,-145.29436727616746,-13.983427368386563,-56.18349857725552,-179.27550128333388,-61.27684859351892,-4.063463970538425,-0.07240028883432847,-10.45233637217683,-12.200054168701172,-0.47090320306519473,-306.32915514249987,-29.645237766471638,-137.14361826587134,0.9323684977881586,-0.026616277172029745,0.05419817062584986,-0.048052413471122435,-0.0011533089611621972,-62.26294340714264,-6.503478401723147,-16.48855492695035,-4.854491665389935,-0.8139348209103536,-0.004287426377463099,-394.75849103391045,-0.009505890095425074,-0.005137620064456644,1.5874382388665662,1.0322139945002533,-0.01087997622115866,0.31349584993677837,-0.04473754965441579,-8.171939977582616,-2.065007660149906,-30.188210877121524,-29.872619153203175,-2.924225441259523,-0.03642828960031408,-1.8061161000908217,-5.006323284659462,1.3835263774447863,-3.8716675879881404,-2.68995913088599,-21.086626618722747,-5.833517690526108,-8.090925436813528,-0.9719826579093933,-1.8562372045039481,-1.321853851480725,-0.009441847744809995,-0.5548332522177413,-0.018889437087274086,2.6972077759455315,-8.549991536086466,-42.59953743492726,-11.936780066205564,-0.08857445532682995,1.0409486447484788,-15.831271216126304,-0.007860703320907936,-0.019640784068153838,-0.01678891602039323,-0.13708605573326693,-1.0273101719621471,-4.1463112045393515,-10.506999625452337,0.4681288740739653,7.108223626922751,-11.156098972740942,-0.03330006378563066,-0.8509107828140259,-0.46084801971675127,-0.0660771233449653,-9.75426708853731,-0.0026467721493286522,-120.1428152699795,-0.12452761827219128,-4.853273868560791,-0.007718723334870059,-55.0847615258958,-0.004706046743474246,-5.05226772088961,1.1182665724593406,1.3589840557129094,-10.479444465064418,-2.5522005900979714,-1.8873786724988584,-24.495269315049025,-95.30100507250154,-0.9648516329031267,0.7277697612392302,0.32450677049091325,0.9703611476896086,-0.013287086061282816,-2.9063745044221516,-3.217692097152309
2028-01-01,-319.00072315088835,-966.9627083065084,-1.6457164287567139,-0.7122315025161612,-55.197000332971484,-155.8875106148959,0.33617218810071936,-17.484146786841,-99.25640106201172,-716.8583893849793,-19.054616674681412,1.4870795232420315,-153.0173797607422,-314.6163976085545,-64.84767200751897,2.3042862727799136,-86.31636582306805,-5.60704231262207,-194.75636354136896,-27.725717544555664,-82.19708699876611,-0.017756846916098024,-3.1228882522713857,-108.07510844977324,-27.82201451166426,1.6366828276169105,-43.40420150756836,-162.47969421034588,-0.04657987693123339,-119.0173101439105,-33.491158619538034,-6.78189429604868,-136.79784034753914,-449.49222752079845,-51.04584697042573,-28.938206978298005,-9.518996688134422,-49.904925038326695,-15.024271011352539,-591.2757587860867,-2.312376022338867,-146.02753948595085,-14.107223527178789,-57.13003569900802,-177.89953986272317,-60.897833695873246,-4.0994380717148315,-0.07304125312849008,-10.54487156109662,-11.771037101745605,-0.47507213863203734,-337.70169315431866,-33.13069141606096,-150.4852327481923,0.9406228145278446,-0.02685191274179677,-0.21424668925669543,-0.04847782449888438,-0.0011635192776698333,-69.4578800778201,-6.561054103567296,-17.041854314056593,-4.897468784320221,-0.8211406368867529,-0.0043253832318630725,-437.86757888172417,-0.009590046336145797,-0.0051831037368466615,1.601491929075296,1.041352249679349,-0.010976297332460416,0.31627124834212417,-0.04513361398507598,-8.244286674315385,-2.0832893023731156,-30.45546899982228,-73.21721236106316,-2.9501137923435294,-0.03675079153099858,-1.9136540944234053,-5.050644578429978,1.3957748231657976,-3.905943703770518,-2.713773507643481,-24.445543713715217,-6.239854370224549,-8.162554906739928,-0.964622974395752,-1.8726705888003004,-1.836258355701922,-0.009525437014587385,-0.5597452257693787,-0.019056666457552884,2.7210863254119855,-13.859692982315664,-46.48470967564488,-12.042457128174263,-0.08935861053053706,1.0501642283335997,-15.971426452301458,-0.007930294620014822,-0.019814665160338585,-0.01693754934603331,-0.13829968717545071,-1.1249000420872646,-4.183018757470158,-10.600018751578958,0.47227324833238926,7.171153176143179,-11.524229532237683,-0.03359487133714101,-0.8411181569099426,-0.4649279361152816,-0.06666210825879526,-10.278881291493056,-0.0026702041890320077,-144.28585410751776,-0.12563006908053076,-4.7230024337768555,-0.007787057676263143,-62.14499815653461,-0.004747709670208211,-5.096995763633272,1.1281666565037725,1.3710152267216333,-11.96770760318289,-2.574795381860948,-4.299333403695442,-24.712127469341,-113.24500291152049,-0.9733935248736074,0.7342127525426516,0.3273796492659464,0.9789518157397588,-0.013404717466845573,-3.4139777117395287,-3.2461785269316152
2028-02-01,-323.50405846391084,-964.4537293648841,-1.6248464584350586,-0.7178243355998468,-56.02283409181691,-155.10472978939495,0.33881199682693186,-18.634389668908277,-97.5614242553711,-713.1688081523356,-19.484605002995337,1.498756888714186,-148.68380737304688,-332.89347675031433,-67.88858578369148,2.322380794652595,-89.18504427197102,-5.3964128494262695,-210.89150329119573,-27.071420669555664,-80.59558446209046,-0.017896283434341687,-3.147410886656779,-108.22865300291467,-28.582273896927695,1.6495349604325211,-42.43890380859375,-163.7584352753094,-0.04694564771757853,-123.06968887019481,-34.42120370123964,-7.777203733794266,-144.53289131945485,-445.8725920248945,-50.82726746146902,-28.533981323242188,-10.662443815774626,-49.10910943782805,-13.898539543151855,-589.1989854366841,-2.2597529888153076,-146.58199702102104,-14.218001197336669,-58.132424055836196,-176.6060188208988,-60.48821037254728,-4.131629111834537,-0.07361481317957974,-10.627675686330889,-11.358068466186523,-0.4788026660865139,-371.24016949543113,-36.71591178553525,-164.57590772075682,0.9480091016799541,-0.027062768714064322,-0.5143511704945434,-0.04885849901233219,-0.0011726558703179513,-76.8140335588196,-6.4818315505981445,-17.545702843948217,-4.935926400062446,-0.8275886843321638,-0.00435934851752276,-484.97625277308185,-0.009665352649097986,-0.005223804315174385,1.614067723620396,1.049529519700691,-0.011062489249892393,0.3187547839550504,-0.04548802792013795,-8.309025342993511,-2.099648434610378,-30.694622075752914,-126.63922679158048,-2.973279706740989,-0.03703937893832343,-2.0186351213831606,-5.090305014667912,1.4067352139668254,-3.936615319800273,-2.735083548271513,-28.36270285445138,-6.60308362880285,-8.22665177267264,-0.9553406834602356,-1.8873758271769958,-2.4026769410515616,-0.009600235979647986,-0.564140652826536,-0.0192063098730042,2.7424537903030646,-19.739610115527427,-50.238881259203,-12.137021118109288,-0.09006030343729865,1.0584106948529541,-16.096842868088395,-0.007992567650563887,-0.01997026079807629,-0.017070552289604968,-0.13938569230603726,-1.224140239589258,-4.215866119056692,-10.683255922852773,0.47598179736242097,7.227465010975038,-11.794243210057871,-0.033858676725126324,-0.8297083973884583,-0.46857880571800226,-0.06718557575943374,-10.813808813200973,-0.0026911720994317323,-173.56506590185177,-0.12661658540868714,-4.592590808868408,-0.007848205931630325,-69.5529611997921,-0.004784991295103319,-5.137020174844455,1.1370256409464972,1.3817811915675575,-13.591717377801082,-2.595014089885691,-7.070362331705827,-24.90618067197325,-131.94111990788127,-0.9810371456487736,0.7399781944788479,0.32995041414628545,0.7153244622970547,-0.013509978673435286,-3.983994104594598,-3.271669304293809
2028-03-01,-328.2712545953932,-963.4113211225632,-1.6054710149765015,-0.8766376162855103,-56.77669148329281,-154.19050821431347,0.3411742014640158,-19.801665822764566,-95.94788360595703,-710.9275853022938,-19.830066381784896,1.5092062544554805,-145.039306640625,-350.2321860415318,-70.85054282704833,2.338572484243228,-91.90141967169343,-5.20806884765625,-227.58089531409763,-26.526920318603516,-79.2316739595552,-0.018021056713065864,-3.169354704056694,-108.58550152095071,-29.294761183867237,1.6610355541808497,-41.63483428955078,-165.11903573836332,-0.04727295379814228,-126.75458666617276,-35.31841493485003,-8.782959272020696,-152.1200043676852,-442.9684202791881,-50.68268169733712,-28.157947540283203,-11.84418712620296,-48.31157780266608,-12.892066955566406,-588.0453665059388,-2.2078089714050293,-147.12220715164824,-14.317129412019035,-59.1566482781202,-175.70221607588996,-60.12674652669879,-4.160434920182801,-0.07412805726384919,-10.70177207318494,-10.966531753540039,-0.482140888725235,-405.96702115433254,-40.340711756413896,-178.9835513583359,0.9546186418289428,-0.027251450928234444,-0.8235646497396587,-0.04919914153387461,-0.00118083165264124,-84.2998429538686,-6.31727409362793,-18.02618168371136,-4.97033978665953,-0.8333586507030031,-0.0043897419905378765,-534.0678570032858,-0.009732739698731951,-0.0052602247928791035,1.625321039019532,1.0568468624199951,-0.011139617166402216,0.3209771492662057,-0.04580517144365892,-8.366956049044921,-2.114287229325246,-30.908625650832743,-186.6777095708257,-2.9940094777537922,-0.03729761829673528,-2.1099492641382747,-5.125794732335629,1.4165430025832357,-3.9640614877339306,-2.754152610468389,-32.43391970615605,-6.9647511745445385,-8.284008168393814,-0.9464218020439148,-1.900534652639589,-2.960602503211298,-0.009667169034441231,-0.56807385377147,-0.019340216684652578,2.761574237988254,-25.883450591776153,-53.956059772204924,-12.221640694257992,-0.09068820583859871,1.065789957319268,-16.209070407908484,-0.00804829200667645,-0.02010949389224903,-0.017189568552764878,-0.14035749239515027,-1.3162500298419806,-4.24525922965794,-10.757739816328993,0.4793003528428268,7.277855054784538,-12.051680891768768,-0.034094740158282955,-0.8185597658157349,-0.47184574737907914,-0.06765399506007963,-11.299994424662877,-0.0027099350100488473,-205.3108677335259,-0.12749935900580134,-4.469232559204102,-0.007902923794687433,-77.13498825867552,-0.004818352358854194,-5.1728355916285675,1.140592809558278,1.3914150001951322,-15.178513577350639,-2.6131065847614217,-9.926018895579766,-25.07982710724234,-151.2250276821053,-0.9878769580412126,0.7451373386021665,0.3322508356355023,-0.574711722800437,-0.013604170539627092,-4.559416767106867,-3.2944794540936613
2028-04-01,-332.79342094194396,-963.7337970485618,-1.5888869762420654,-1.2710524540674442,-57.540919867303174,-153.82142555470006,0.34328799504764085,-20.865109049244992,-94.68560791015625,-710.0286993468334,-20.188793753659024,1.518556757756564,-141.7147674560547,-367.41576563929186,-73.64004739502013,2.35306144469458,-94.50361513255112,-5.032932758331299,-243.21295306629628,-26.032428741455078,-77.97883868661557,-0.018132708748556325,-3.1889908946271337,-108.88168848761987,-30.029300127995455,1.6713267376335637,-40.89970016479492,-166.34393655623745,-0.04756584014766313,-130.341379430441,-36.20496339933291,-9.753619985683079,-159.44124093238887,-440.8399817271192,-50.54793534893777,-27.844009399414062,-12.962465457582471,-47.78621950803809,-12.066632270812988,-587.5417914145787,-2.1686277389526367,-147.94088581896617,-14.40583323592243,-60.03257193870411,-175.10887726352644,-59.88914466401984,-4.186211490045444,-0.07458732824957615,-10.768076433375825,-10.625208854675293,-0.48512806159064237,-439.478424614388,-43.79804327494875,-192.74977310539145,0.9605331182203205,-0.027420291191857515,-1.1158962745225356,-0.0495039618551294,-0.0011881476641098232,-91.49091772408075,-6.167137145996094,-18.515396657977117,-5.001134238011332,-0.8385218434683255,-0.004416939265166342,-581.3484813111703,-0.009793040280188514,-0.005292815268266443,1.6353909480831916,-0.38489325548735565,-0.011208634258519146,0.3229658091229517,-0.04608896393757833,-8.418794722470535,-2.1273865983868827,-31.100124463753005,-247.68645805521703,-3.0125592918845996,-0.037528701027791156,-2.189410019426377,-5.157552327047343,1.4253193974482041,-3.988621397896857,-2.7712163570569315,-36.28903050489161,-7.326950383078213,-8.335332926355882,-0.9402303695678711,-1.9123096870266156,-3.4792365802010146,-0.009727063363464739,-0.5715934366179285,-0.019460041764504776,2.778683966332053,-31.775908577200553,-57.55566319775136,-12.297361617968015,-0.0912500775944034,1.0723932115032166,-16.30949602296885,-0.008098156351429964,-0.02023408513911651,-0.01729606898438074,-0.14122709732297167,-1.4019436502159084,-4.271561340667404,-10.824390932680927,0.48226992676172387,7.322946047161253,-12.343447625009269,-0.03430597899953369,-0.8095763921737671,-0.47476913522314956,-0.06807315506705258,-11.730799475465396,-0.0027267248001669186,-236.49342636659696,-0.128289299528344,-4.360157012939453,-0.007951887489883014,-84.42250254936798,-0.004848205150349227,-5.204884634715084,0.2886624819018664,1.400035710925751,-16.64950913526421,-2.629296460515487,-12.608561404148908,-25.23521276474578,-169.5736725472625,-0.9939974910895994,0.7497539436048228,0.3343093432292932,-1.794237545095399,-0.013688457124819642,-5.096025281417374,-3.3148908729569975
2028-05-01,-337.4825315319274,-966.8023342319213,-1.574439525604248,-1.7352058444041027,-58.395236444959195,-154.04294193829006,0.3451795006538978,-21.915133959606848,-93.62722778320312,-710.8848566393331,-20.618473308812362,1.526923955742376,-138.56692504882812,-386.091763878925,-76.46458895533202,2.3660267361662193,-97.19479872612173,-4.861658096313477,-258.8205941582614,-25.560283660888672,-76.80883678680567,-0.01823261937971532,-3.2065621299820215,-109.13544484918349,-30.892157417394763,1.680535693203602,-40.188018798828125,-167.51312863131454,-0.04782792636857258,-134.217354807077,-37.154360447072904,-10.775227212721214,-167.11659838880846,-439.35340991951944,-50.402616977831336,-27.607666015625,-14.101341632507735,-47.48367570462291,-11.39941120147705,-587.6556059622337,-2.1433634757995605,-149.11494738853818,-14.435104370117188,-60.85445497070715,-174.7503460184155,-59.78525610861988,-4.209277378211151,-0.07499830198467627,-10.827408181750855,-10.325660705566406,-0.4878011013167294,-474.41427523551283,-47.34357602057802,-206.8845519471464,0.9658256242336964,-0.02757137609800875,-1.4016708442845758,-0.04977672706315239,-0.0011946943188141657,-98.99999017701303,-6.025798797607422,-19.072796848377102,-5.028690323820653,-0.8431420713550279,-0.004441276455814103,-631.5976659257609,-0.009846999611302643,-0.0053219785069967,1.6444018986300986,-2.0664882091148655,-0.01127039346607761,0.3247453401505389,-0.046342912618953847,-8.465182005583276,-2.1391084288486972,-30.971782684326172,-312.6755669960891,-3.029158394888455,-0.03773548294097684,-2.263947815052696,-5.185970271402841,1.4331728606332654,-4.010598571128073,-2.7864856683965167,-40.12373683401119,-7.768989062480188,-8.381260337706323,-0.9368363618850708,-1.922846450752969,-3.997154697967657,-0.009780659163929173,-0.5747428977277251,-0.019567265957096902,2.7939944239540977,-37.86121961785632,-61.40448285419899,-12.365119677609243,-0.09175286253250547,1.078302062965932,-16.39936081174013,-0.008142776927622775,-0.020345574285344004,-0.017391369757848274,-0.14200525400248054,-1.486012303051468,-4.29509750371389,-10.884032972102212,0.48492721825853957,7.36329523997415,-12.754281496844854,-0.03449500381992321,-0.8025532960891724,-0.477385097604321,-0.06844823592132787,-12.14053072091879,-0.0027417489644856324,-268.10894953550087,-0.12899616936586078,-4.2568864822387695,-0.007995702129440563,-91.92044191543373,-0.0048749186018956225,-5.233563378535177,-0.5999902361287113,1.4077498618263924,-18.106689095707043,-2.6437837978745655,-15.190282900612434,-25.37425796034891,-187.99972711535935,-0.9994743847011591,0.7538850632714009,0.3361513767581812,-3.0268027262171557,-0.013763880075129964,-5.626938123578468,-3.333155813067876
2028-06-01,-340.97752225146576,-970.7396282557182,-1.5647982358932495,-2.1729120375157827,-59.08348592717507,-154.9854518099417,0.34687209423835075,-22.71452937239861,-93.13931274414062,-712.6757761119163,-20.99347389299383,1.5344112534716503,-136.2650146484375,-400.5950679596402,-78.53506910594163,2.3776285887289994,-99.31308208426697,-4.724814414978027,-270.26704726103253,-25.205013275146484,-75.9825820527156,-0.018322023340644034,-3.2222855622225737,-109.3507403548553,-31.704687529111744,1.6887762287144685,-39.64122772216797,-168.65498632500157,-0.048062451423437735,-137.2060900824865,-38.00749221582352,-11.58464202285402,-173.03670481613557,-438.9899215942449,-50.35627099257973,-27.49208641052246,-14.974155485687298,-47.524559813782,-10.979268074035645,-588.7994967190458,-2.1368768215179443,-150.55576368624435,-14.053584098815918,-61.52480201799142,-174.75816427360814,-59.8290700417784,-4.229917641819069,-0.07536605744102154,-10.88050056293217,-10.070413589477539,-0.4901930423590395,-506.0057414068034,-50.594765663837144,-219.6623411282023,0.9705615666989411,-0.027706572812209895,-1.6416758142149073,-0.050020808095549985,-0.0012005525228372116,-105.87464080541245,-5.90369987487793,-19.589913136785047,-5.053348592820344,-0.8472764329206921,-0.004463054330866523,-674.8889494536257,-0.009895284542292548,-0.005348074919618195,1.6524652514613418,-3.5260812245517528,-0.011325658033176311,0.326337734479516,-0.04657015588350255,-8.506691170312756,-2.149597583610962,-30.4902286529541,-368.9822914755329,-3.0440119248801523,-0.03792051952690145,-2.319878497357918,-5.211399765315182,1.4402004482644126,-4.030264609807805,-2.800149248523857,-43.07505547538008,-8.188269792026453,-8.422357991102203,-0.9367530941963196,-1.9322751612072935,-4.394186630668388,-0.009828618793400912,-0.5775611593555485,-0.01966321438034191,2.8076948233927235,-43.07614974172374,-65.09205745596428,-12.425752253407275,-0.09220277426302204,1.0835895355719884,-16.47977535792989,-0.008182705173539029,-0.0204453391567867,-0.01747664863686993,-0.14270157919394677,-1.5588872963173999,-4.316158587774844,-10.937403013911364,0.48730506716612654,7.39940128410484,-13.191374938173276,-0.034664150661061544,-0.7981550097465515,-0.47972596359430053,-0.06878387301671784,-12.443543870648067,-0.00275519317742029,-293.11740700327886,-0.12962870428833995,-4.168382167816162,-0.008034909191568684,-98.82127457680643,-0.004898822848627166,-5.259226246062244,-1.4390251474508347,1.4146527873481247,-19.22721257772803,-2.656747636939425,-17.215091894472767,-25.498681068188734,-205.2502398701041,-1.0043753244387918,0.7575817515715215,0.33779970078272115,-4.075838415905125,-0.0138313714964578,-6.04015151937824,-3.349499999598347
2028-07-01,-343.3740963183708,-974.5985396291275,-1.560633897781372,-2.5653306919436147,-59.69073998997662,-156.7816695925897,0.3483866935251081,-23.262853163729574,-93.29655456542969,-714.6821415412387,-21.361667554745797,1.5411111818565004,-134.4017333984375,-412.32662858601384,-80.00161890092338,2.3880103825500587,-101.03013023830118,-4.611749649047852,-277.665201138617,-24.935077667236328,-75.37926013369054,-0.018402025519962173,-3.236355507586687,-109.54088024379509,-32.45789376536298,1.6961501838811976,-39.2384033203125,-169.75715776240708,-0.048272313663309085,-139.581841834898,-38.795985888812055,-12.186761383789097,-177.27811194632434,-439.421854997293,-50.3907466856919,-27.49969482421875,-15.556476626124676,-47.962468656583596,-10.741876602172852,-590.3653279313197,-2.148498773574829,-152.15921527576992,-13.71556568145752,-62.07069237206545,-174.96292811818057,-59.94958260201659,-4.248387361204847,-0.07569513948233286,-10.928009713036502,-9.854875564575195,-0.49233344524720035,-533.0036314811325,-53.43426310959329,-230.45528141361467,0.9747994742190134,-0.02782755214758148,-1.8230724832282403,-0.050239221399828615,-0.001205794674122962,-111.69660696227118,-5.797379970550537,-20.078157985156533,-5.075413781405853,-0.8509760221995739,-0.0044825420297001095,-710.2943953163632,-0.009938491796951998,-0.005371427015659708,1.6596806566000843,-4.6650929485980726,-0.011375110940642807,0.32776267153295535,-0.04677350209110154,-8.54383520292082,-2.158983691692388,-30.082027435302734,-411.7817541163655,-3.0573034475102077,-0.0380860975390358,-2.3568303406933424,-5.234155076274636,1.4464890099791212,-4.047862554424421,-2.8123759572302447,-45.037199885212246,-8.531232438814868,-8.45913378718965,-0.939545750617981,-1.9407123420286823,-4.66200728166382,-0.00987153495547205,-0.5800830506651944,-0.0197490728018479,2.8199544794664675,-47.203969291804796,-68.41155950978067,-12.480008666111075,-0.09260537296858296,1.0883209739464643,-16.551733455504277,-0.008218434537836217,-0.020534612686190723,-0.01755295953071223,-0.1433246783525597,-1.613866545394003,-4.335004873847318,-10.985160625662218,0.4894328598580797,7.431710391967613,-13.63174329420685,-0.03481550990482707,-0.7963651418685913,-0.48182066251752786,-0.0690842142858541,-12.636909234986772,-0.0027672235877378437,-309.6854274214771,-0.13019472140623378,-4.09391450881958,-0.008069993212257709,-104.62550864050914,-0.00492021330844139,-5.282190388907662,-2.173798994793266,1.4208297965060126,-20.002732703882614,-2.6683481898315122,-18.582168044099376,-25.610019757004046,-220.270542408065,-1.0087608780053632,0.7608896936044776,0.3392746859267284,-4.881242272989251,-0.013891765473809603,-6.332177306094595,-3.364125420307161
2028-08-01,-345.250339405752,-978.2404228307611,-1.5619370937347412,-2.947411666625289,-60.228630600125136,-159.13010314012342,0.34974201651611736,-23.623861447229775,-93.85462188720703,-716.0899728207011,-21.724889569895442,1.5471065411951046,-132.6267852783203,-422.11551763854925,-81.08045394819875,2.397300419840203,-102.47905766170447,-4.51483154296875,-282.0447552783878,-24.702877044677734,-74.89318901761848,-0.01847361461544672,-3.2489458478839275,-109.61305773287671,-33.20875524706994,1.702748688884812,-38.91299819946289,-170.9406053953386,-0.04846010664666067,-141.6071797756146,-39.57318893693582,-12.648419755086396,-180.31947173602407,-440.0411212748693,-50.49181129147304,-27.583782196044922,-15.94391060705782,-48.66164640312044,-10.615240097045898,-592.0610685261684,-2.1721034049987793,-153.91307553458688,-13.417913436889648,-62.583936793160404,-175.2514796014657,-60.044435601315755,-4.264914792281769,-0.07598961503135548,-10.970522768458295,-9.672597885131836,-0.49424876190535016,-556.9601230160672,-56.01054498936675,-239.87920352196872,0.9785917204889971,-0.027935809213393892,-1.9640706066468336,-0.05043466621181203,-0.0012104855571981599,-116.83017706373484,-5.705782413482666,-20.588684770710188,-5.095158579685089,-0.8542865601423824,-0.004499980388810609,-740.1428293749357,-0.009977155347192901,-0.005392323389327686,1.666137284804977,-5.598623480018105,-0.011419363346574674,0.3290377612323603,-0.046955464272586234,-8.577073143683549,-2.1673827502355145,-29.728641510009766,-443.3726771751735,-3.0691972245399057,-0.0382342632542938,-2.3819307280730584,-5.254517423187495,1.4521162622476567,-4.063609887162492,-2.8233168968959568,-46.272936702646334,-8.852421194974653,-8.492042215435841,-0.9453908205032349,-1.9482622631507311,-4.843159789836225,-0.00990993802462009,-0.5823397381617981,-0.019825902293091335,2.8309249017318763,-50.55170021987482,-71.55632595228239,-12.528559437387742,-0.09296563411921799,1.0925548510290302,-16.616124390376996,-0.008250406577774205,-0.02061449815025229,-0.017621245518823603,-0.1438822519779599,-1.6576255340920483,-4.35186927160089,-11.027896014334047,0.49133689241686973,7.460621851974395,-14.116962885780154,-0.034950952107111743,-0.7972897291183472,-0.4836950814709202,-0.06935297146193875,-12.761366700221735,-0.0027779888718874046,-319.7824895808813,-0.13070121577731442,-4.032351493835449,-0.008101387773362168,-109.62771793492361,-0.004939354332887891,-5.302739606802682,-2.839752349507499,1.4263572271608131,-20.554916047024754,-2.6787288206561364,-19.46118635237353,-25.709649993238546,-233.59640885083473,-1.0126852437627267,0.7638497701933087,0.340594560625302,-5.517693523753987,-0.013945808379242752,-6.539920609162837,-3.3772128217823614
2028-09-01,-346.945626311132,-982.1181663598127,-1.568786859512329,-3.331313556034395,-60.70755250315583,-161.93123966614675,0.3509548128154547,-23.800251004948933,-94.75113677978516,-716.4297696509398,-22.11767843932104,1.5524714244497178,-130.9202423095703,-429.7615960011367,-81.91522816290393,2.4056135104620964,-103.7994779509387,-4.429898738861084,-284.24995651022414,-24.485383987426758,-74.47338308752148,-0.018537675352741534,-3.2602121793939673,-109.54851678279165,-33.97142053284997,1.7086532905942438,-38.579566955566406,-172.43728495130787,-0.048628151191585534,-143.6090034781625,-40.30518146819827,-12.9911963298511,-182.3311224145739,-440.7562549881739,-50.65724432413545,-27.7464542388916,-16.11275896513461,-49.533522256716,-10.54371166229248,-594.0303635406244,-2.2049999237060547,-155.8693473861943,-13.152864456176758,-63.09603936198718,-175.52101767656433,-60.03050436085351,-4.279704187415339,-0.07625312333046175,-11.008565121927624,-9.511616706848145,-0.49596266255521115,-580.3339929477622,-58.654246861241305,-249.23520789473696,0.9819851715504209,-0.028032681892205646,-2.0722535148546033,-0.05060955791384236,-0.001214683143804407,-121.90440242502527,-5.6267547607421875,-21.10479516240816,-5.1128270014879185,-0.857248959653413,-0.004515584918163451,-766.4097306091608,-0.010011753012076074,-0.005411022286064632,1.671914929576765,-6.417734978168156,-0.011458962139266116,0.33017876162784887,-0.047118291186751815,-8.606815759887986,-2.1748985580441325,-29.442224502563477,-465.5647691077813,-3.0798402438515,-0.03836684776171029,-2.398612435454008,-5.272738451787733,1.4571517488231747,-4.077701219631475,-2.8331072798717294,-46.83404529424181,-9.15165024593724,-8.5214899708851,-0.9535859227180481,-1.955018229409589,-4.946189084981899,-0.009944302600780053,-0.5843591108595225,-0.019894652342546504,2.840741666897019,-53.40103043818935,-74.92109406561673,-12.57200457638777,-0.0932880099611273,1.0963434907050704,-16.673743930547545,-0.008279016416149254,-0.020685982804336422,-0.01768235050577327,-0.14438119077998834,-1.6908188991838595,-4.366960197765195,-11.066137320336935,0.4930406956109694,7.486492963094975,-14.647237056021599,-0.03507215111487194,-0.801192581653595,-0.4853723852465981,-0.06959346594977589,-12.832546800148684,-0.0027876220714011246,-324.19185519471864,-0.13115444685430333,-3.9821598529815674,-0.008129480860972593,-114.53348795082195,-0.004956482474126722,-5.321127854904933,-3.505756766170407,1.4313033894316938,-20.937253950496373,-2.688017817251346,-19.93712699726234,-25.798803045764682,-247.23132178170715,-1.016196920535977,0.7664985631057757,0.34177563639885733,-6.056699483743888,-0.013994168095819326,-6.667112508645501,-3.3889239431773035
2028-10-01,-347.8669361449382,-985.9356096027194,-1.5807448625564575,-3.6422828823991686,-61.14902969617123,-165.1236303154372,0.35204007062738807,-23.77553656384782,-96.04644012451172,-716.4426343493811,-22.46946434497939,1.557272132916065,-129.5894317626953,-433.99069467414955,-82.42369301873056,2.4130523907948067,-104.92414340299183,-4.3593878746032715,-283.9513865345617,-24.329627990722656,-74.15072705314435,-0.018594999419137004,-3.270293735785419,-109.44233979360459,-34.60413387328935,1.7139369603539718,-38.34199905395508,-174.00551926860663,-0.048778524057360495,-145.3225753893096,-40.90145356246842,-13.152506386746861,-182.99236873472034,-441.6685485839844,-50.82482854305711,-28.007755279541016,-16.064545483335195,-50.572608942901255,-10.557373046875,-596.2838189552218,-2.244807243347168,-157.8646554469451,-12.931498527526855,-63.54822761225646,-175.85412932553473,-60.00971327799314,-4.29293831965276,-0.07648892091680892,-11.042606915516131,-9.37463092803955,-0.4974963282418212,-599.8845739863273,-61.00028015333655,-257.2087054169459,0.9850217649798685,-0.028119367373931725,-2.1467527283016947,-0.050766057885003324,-0.0012184393093354062,-126.12981952269323,-5.564408302307129,-21.57610692668363,-5.12863739998315,-0.8598998312079953,-0.004529548464548727,-784.776769213661,-0.01004271236288351,-0.005427754794045919,1.67708499327715,-7.0356080957584055,-0.011494396695864828,0.3311997736422363,-0.04726399511138313,-8.633430622252638,-2.1816239983689023,-29.230937957763672,-476.0585736684773,-3.0893640359811343,-0.038485489591747246,-2.403826789688129,-5.2890433445720255,1.4616577001902389,-4.090310697951022,-2.841868099485122,-46.73273862351444,-9.403620531874125,-8.547840980253028,-0.9630604982376099,-1.9610637336410868,-4.9626268981995025,-0.009975053374633724,-0.5861661249447478,-0.019956172589832066,2.849526094330722,-55.30043055843571,-77.97985129642086,-12.610880994889456,-0.09357648453925815,1.099733714444433,-16.725304160508905,-0.008304617624375288,-0.020749950083359447,-0.01773702965054913,-0.14482766083672516,-1.7114593301680112,-4.38046415182415,-11.100357144474657,0.4945653256971636,7.509643450495389,-15.149989736972415,-0.03518060475217477,-0.8073703646659851,-0.48687330261131545,-0.06980866987296963,-12.840625542572607,-0.002796242237072699,-322.8817311886815,-0.13156001584159327,-3.945845127105713,-0.008154619660297124,-118.58787426725712,-0.004971809408331168,-5.337582382274164,-4.079503492212325,1.4357294098990216,-21.112590237744502,-2.6963299766184967,-20.019690101020892,-25.878580702379082,-259.41021198873295,-1.0193393069806227,0.7688688071459513,0.34283250943716936,-6.447612639910435,-0.014037442271561895,-6.713470112894807,-3.399403515045485
2028-11-01,-347.8670863356871,-986.7559085501107,-1.5914976596832275,-3.7696188436089493,-61.36479356919862,-167.0704024041187,0.35301120198638714,-23.64904066612513,-96.94007873535156,-715.4673076809478,-22.63381061572926,1.5615679956003161,-128.9319305419922,-434.8420006874984,-82.46963196255257,2.4197089933895928,-105.46505609909894,-4.324787139892578,-282.6445955600235,-24.27955436706543,-74.03823379027746,-0.018646295247547684,-3.279315108819169,-109.37920548557183,-34.92761384709672,1.7186649957920404,-38.25716781616211,-175.20764318888487,-0.04891308360983798,-145.9571128873889,-41.231402823212115,-13.161377196040274,-182.62627047393886,-442.19873046875,-50.97312551916243,-28.175973892211914,-15.929905360308215,-51.207640825425784,-10.571844100952148,-597.6858515231211,-2.2665951251983643,-158.97374409431467,-12.826988220214844,-63.82106679872603,-175.996909886592,-59.95747553798121,-4.304780741502726,-0.0766999218678821,-11.073068850834005,-9.305002212524414,-0.4988687125970488,-610.2534241106082,-62.358262921217744,-261.573416710478,0.9877390281697185,-0.0281969369511772,-2.171058469558467,-0.050906100212278815,-0.001221800473932999,-128.28805399969082,-5.533309459686279,-21.855526706408064,-5.142785166171187,-0.8622719352988604,-0.0045420435948564375,-793.2995296869315,-0.010070416007209038,-0.0054427277000564656,1.6817113695466883,-7.3532900012619535,-0.011526104930283276,0.3321134153356482,-0.04739437671175706,-8.657246647508131,-2.187642186794397,-29.17722511291504,-475.67981153280215,-3.0978862996238945,-0.038591654965883126,-2.4040918907823325,-5.303633603691853,1.4656898026331415,-4.101594154915874,-2.8497076253227034,-46.36343509170585,-9.511513063814014,-8.571420899473196,-0.96955806016922,-1.9664734885173978,-4.928062267456154,-0.010002570376100417,-0.5877831121942445,-0.020011223325883343,2.8573867453741038,-55.95120427754746,-79.84862880122353,-12.645669142661696,-0.09383462293367195,1.1027674199392123,-16.771442281462328,-0.008327526592053713,-0.020807190519619212,-0.017785958699104487,-0.14522717979727773,-1.7219652507996779,-4.392548020848558,-11.130978388527552,0.4959296246418887,7.530359416824638,-15.420399813128526,-0.03527765333088473,-0.8120495676994324,-0.4882163824805543,-0.07000124280457598,-12.814198704648202,-0.0028039559002330794,-318.87444073207354,-0.13192293491710316,-3.9297397136688232,-0.008177114846310174,-120.71532008510056,-0.004985524551663567,-5.352306540303751,-4.413379768907596,1.4396899870302118,-21.119314302361524,-2.7037680236278447,-19.860848001469208,-25.949968886120967,-266.86518113180114,-1.0221512379199176,0.7709897947035458,0.3437782409847294,-6.602041732305864,-0.014076165705419141,-6.706254164091051,-3.4087810479765146
2028-12-01,-347.8835073393983,-987.0775587436494,-1.592256784439087,-3.7685264628448145,-61.417270416906106,-167.33901881889759,0.35388020850821,-23.641477249468704,-97.02457427978516,-715.5581556542119,-22.659392845238955,1.565412102429819,-128.8931121826172,-435.11862167164895,-82.48059919426002,2.4256655831078167,-105.52756846521567,-4.321084976196289,-282.4856416455344,-24.269412994384766,-74.13291580359167,-0.018692196771597835,-3.2873877881014177,-109.43362650732038,-34.9528312916662,1.722895827793315,-38.24789810180664,-175.33764719049293,-0.0490334927878478,-146.05928869653462,-41.262829267367884,-13.155984621550118,-182.59942992549526,-442.2278747558594,-51.043603224181496,-28.192724227905273,-15.919995138792107,-51.30415630776942,-10.568193435668945,-598.0852849269704,-2.267252206802368,-159.11096438984308,-12.820490837097168,-63.876858219827454,-176.08181573937594,-59.987210502521656,-4.315377806180376,-0.07688873381478789,-11.100327388222695,-9.299127578735352,-0.5000967760758872,-610.7208918346355,-62.42039864500309,-261.78575180907427,0.9901705421061289,-0.028266349258684986,-2.1707458549290948,-0.051031415592742935,-0.0012248081761652152,-128.34869792822218,-5.531121253967285,-21.882258057941485,-5.155445143601337,-0.8643945873029422,-0.004553224728724492,-793.3238302716902,-0.010095206317370542,-0.00545612604504167,1.6858512329270479,-7.349968676262691,-0.011554478705107618,0.33293097784439496,-0.04751104729396127,-8.678558163276989,-2.1930274984135254,-29.175189971923828,-475.53159941832297,-3.1055123561996965,-0.03868665591674403,-2.4040869316956033,-5.316689541194785,1.4692978864284743,-4.111691035837605,-2.856722741267353,-46.34906233227716,-9.517040214840549,-8.592521138278713,-0.969892144203186,-1.9713143498750494,-4.925725502371215,-0.010027193670893664,-0.5892300559598818,-0.020060484888921648,2.8644207649834783,-55.932612429131865,-79.91193901946025,-12.676798945047445,-0.09406561531817204,1.105482098891578,-16.812728486095395,-0.008348026437039913,-0.020858411512496122,-0.017829742335486065,-0.14558468507098965,-1.722298919318197,-4.403361141950832,-11.158379481635862,0.4971504529775168,7.548896877981917,-15.431085470138072,-0.03536449621475546,-0.8123046159744263,-0.48941822315317074,-0.07017356463513114,-12.813760176391199,-0.0028108583893056427,-318.79575480313554,-0.1322476891746902,-3.929065704345703,-0.00819724442319375,-120.79292773020035,-0.004997797401153109,-5.36548229581561,-4.417150617656596,1.443234067164476,-21.1234585016762,-2.710423880532126,-19.86273259721016,-26.013849839689172,-267.2069159054032,-1.0246674642805669,0.7728877377605539,0.3446245187566426,-6.605710020796565,-0.014110816956516725,-6.705111837200354,-3.417172433137921
