Month-Year,RMD_Anorexia Nervosa_NoM,RMD_Antisocial Personality Disorder_NoM,RMD_Autosarcophagy_NoM,RMD_Avoidant Personality Disorder_NoM,RMD_Boanthropy_NoM,RMD_Body Integrity Dysphoria_NoM,RMD_Brief Psychotic Disorder_NoM,RMD_Capgras Syndrome_NoM,RMD_Childhood Disintegrative Disorder_NoM,RMD_Chronic Traumatic Encephalopathy_NoM,RMD_Circadian Rhythm Sleep Wake Disorder_NoM,RMD_Cotard Syndrome_NoM,RMD_Cyclothymic Disorder_NoM,RMD_Delusional Disorder_NoM,RMD_Diogenes Syndrome_NoM,RMD_Disinhibited Social Engagement Disorder_NoM,RMD_Dissociative Amnesia_NoM,RMD_Dissociative Fugue_NoM,RMD_Ekbom Syndrome_NoM,RMD_Erotomania_NoM,RMD_Factitious Disorder_NoM,RMD_Fregoli Delusion_NoM,RMD_Ganser Syndrome_NoM,RMD_Hallucinogen Persisting Perception Disorder_NoM,RMD_Histrionic Personality Disorder_NoM,RMD_Hypergraphia_NoM,RMD_Hyperthymesia_NoM,RMD_Impulse Control Disorders_NoM,RMD_Intermetamorphosis Syndrome_NoM,RMD_Kleine Levin Syndrome_NoM,RMD_Kleptomania_NoM,RMD_Koro_NoM,RMD_Landau Kleffner Syndrome_NoM,RMD_Narcissistic Personality Disorder_NoM,RMD_Olfactory Reference Syndrome_NoM,RMD_Othello Syndrome_NoM,RMD_Palilalia_NoM,RMD_Postpartum Psychosis_NoM,RMD_Pyromania_NoM,RMD_Reactive Attachment Disorder_NoM,RMD_Reduplicative Paramnesia_NoM,RMD_Rumination Disorder_NoM,RMD_Savant Syndrome_NoM,RMD_Schizoaffective Disorder_NoM,RMD_Schizotypal Personality Disorder_NoM,RMD_Selective Mutism_NoM,RMD_Stendhal Syndrome_NoM,RMD_Wendigo Psychosis_NoM,PT_Acceptance And Commitment Therapy_NoM,PT_Animal Assisted Therapy_NoM,PT_Anticonvulsant Therapy_NoM,PT_Antidepressants_NoM,PT_Antipsychotic Medications_NoM,PT_Anxiolytic Medications_NoM,PT_Art Therapy_NoM,PT_Augmentative Communication Devices_NoM,PT_Behavioral Activation Therapy_NoM,PT_Biofeedback Devices_NoM,PT_Blockchain For Data Protection_NoM,PT_Brain Computer Interface_NoM,PT_Cbt For Insomnia_NoM,PT_Chronotherapy_NoM,PT_Closed Loop Neurostimulation_NoM,PT_Clozapine Protocol_NoM,PT_Cognitive Assistive Technologies_NoM,PT_Cognitive Behavioral Therapy_NoM,PT_Cognitive Enhancement Programs_NoM,PT_Cultural Psychiatry Interventions_NoM,PT_Deep Brain Stimulation_NoM,PT_Dialectical Behavior Therapy_NoM,PT_Dietary Interventions And Supplements_NoM,PT_Digital Health Tools_NoM,PT_Digital Imaging Technologies For Brain Scanning_NoM,PT_Digital Phenotyping_NoM,PT_Digital Therapeutics_NoM,PT_Electroconvulsive Therapy_NoM,PT_Electroencephalography_NoM,PT_Emdr Therapy_NoM,PT_Emotion Regulation Training_NoM,PT_Expressive Writing And Journaling_NoM,PT_Fecal Microbiota Transplant_NoM,PT_Focused Ultrasound Therapy_NoM,PT_Hypnotherapy_NoM,PT_Immunotherapy For Neuropsychiatric Disorders_NoM,PT_Interpersonal Psychotherapy_NoM,PT_Ketamine Therapy_NoM,PT_Light Therapy_NoM,PT_Lithium Therapy_NoM,PT_Machine Learning Neuroimaging_NoM,PT_Meditation And Relaxation Techniques_NoM,PT_Memory Retrieval Techniques_NoM,PT_Mentalization Based Treatment_NoM,PT_Metabolic And Enzyme Targeted Therapy_NoM,PT_Metaverse_NoM,PT_Mindfulness Based Stress Reduction_NoM,PT_Mood Stabilizers_NoM,PT_Motivational Interviewing_NoM,PT_Music Therapy_NoM,PT_Naltrexone_NoM,PT_Narrative Exposure Therapy_NoM,PT_Neurobiological Assessments For Mental Disorders_NoM,PT_Neurocognitive Training_NoM,PT_Neurofeedback Systems_NoM,PT_Neuromodulation Techniques_NoM,PT_Neuroplasticity Techniques_NoM,PT_Neuroprotective Agents_NoM,PT_Occupational Therapy_NoM,PT_Oxytocin Therapy_NoM,PT_Personalized Medicine_NoM,PT_Pharmacogenomic Testing_NoM,PT_Privacy Preserving Ai In Digital Mental Health_NoM,PT_Prolonged Exposure Therapy_NoM,PT_Psilocybin Assisted Therapy_NoM,PT_Psychoeducation Programs_NoM,PT_Psychophysiological Metrics For Treatment Response_NoM,PT_Reality Testing Techniques_NoM,PT_Regenerative Medicine Approaches_NoM,PT_Resting State Fmri_NoM,PT_Schema Therapy_NoM,PT_Secure Data Storage For Patient Records_NoM,PT_Selective Serotonin Reuptake Inhibitors_NoM,PT_Sleep Pattern Monitoring And Manipulation_NoM,PT_Smart Wearable Mental Health Trackers_NoM,PT_Social Skills Training_NoM,PT_Speech Language Therapy_NoM,PT_Stem Cell Therapy For Neurological Disorders_NoM,PT_Stimulant And Wake Promoting Agents_NoM,PT_Traditional And Alternative Medicine Approaches_NoM,PT_Transcranial Direct Current Stimulation_NoM,PT_Transcranial Magnetic Stimulation_NoM,PT_Transference Focused Psychotherapy_NoM,PT_Trauma Focused Cbt_NoM,PT_Vagus Nerve Stimulation_NoM,PT_Virtual Reality Exposure Therapy_NoM,PT_Vocal And Speech Biomarkers_NoM,PT_Voxel Based Lesion Symptom Mapping_NoM,PT_Chronic Traumatic Encephalopathy_NoM,RMD_Anorexia Nervosa_NoP,RMD_Antisocial Personality Disorder_NoP,RMD_Autosarcophagy_NoP,RMD_Avoidant Personality Disorder_NoP,RMD_Boanthropy_NoP,RMD_Body Integrity Dysphoria_NoP,RMD_Brief Psychotic Disorder_NoP,RMD_Capgras Syndrome_NoP,RMD_Childhood Disintegrative Disorder_NoP,RMD_Chronic Traumatic Encephalopathy_NoP,RMD_Circadian Rhythm Sleep Wake Disorder_NoP,RMD_Cotard Syndrome_NoP,RMD_Cyclothymic Disorder_NoP,RMD_Delusional Disorder_NoP,RMD_Diogenes Syndrome_NoP,RMD_Disinhibited Social Engagement Disorder_NoP,RMD_Dissociative Amnesia_NoP,RMD_Dissociative Fugue_NoP,RMD_Ekbom Syndrome_NoP,RMD_Erotomania_NoP,RMD_Factitious Disorder_NoP,RMD_Fregoli Delusion_NoP,RMD_Ganser Syndrome_NoP,RMD_Hallucinogen Persisting Perception Disorder_NoP,RMD_Histrionic Personality Disorder_NoP,RMD_Hypergraphia_NoP,RMD_Hyperthymesia_NoP,RMD_Impulse Control Disorders_NoP,RMD_Intermetamorphosis Syndrome_NoP,RMD_Kleine Levin Syndrome_NoP,RMD_Kleptomania_NoP,RMD_Koro_NoP,RMD_Landau Kleffner Syndrome_NoP,RMD_Narcissistic Personality Disorder_NoP,RMD_Olfactory Reference Syndrome_NoP,RMD_Othello Syndrome_NoP,RMD_Palilalia_NoP,RMD_Postpartum Psychosis_NoP,RMD_Pyromania_NoP,RMD_Reactive Attachment Disorder_NoP,RMD_Reduplicative Paramnesia_NoP,RMD_Rumination Disorder_NoP,RMD_Savant Syndrome_NoP,RMD_Schizoaffective Disorder_NoP,RMD_Schizotypal Personality Disorder_NoP,RMD_Selective Mutism_NoP,RMD_Stendhal Syndrome_NoP,WAR_GLOBAL_UCDP_GED_MONTHLY,GLOBAL_PUBLIC_HOLIDAYS_MONTHLY,GLOBAL_DISASTER_EVENTS_MONTHLY,GLOBAL_DISASTER_TOTAL_AFFECTED_RAW,GLOBAL_DISASTER_TOTAL_AFFECTED_MONTHLY,RMD_Wendigo Psychosis_NoP
Jan-04,0.0,4.0,0.0,0.0,0.0,0.0,0.0,0.0,0.0,1.0,0.0,0.0,0.0,0.0,0.0,0.0,0.0,0.0,0.0,0.0,0.0,0.0,0.0,0.0,0.0,0.0,0.0,0.0,0.0,2.0,0.0,0.0,0.0,1.0,0.0,0.0,0.0,0.0,0.0,0.0,0.0,1.0,0.0,6.0,0.0,0.0,0.0,0.0,36.0,4.0,25.0,135.0,47.0,82.0,31.0,3.0,0.0,1.0,0.0,9.0,0.0,2.0,6.0,0.0,0.0,35.0,0.0,0.0,18.0,13.0,0.0,9.0,0.0,6.0,3.0,4.0,84.0,12.0,0.0,1.0,2.0,0.0,3.0,17.0,9.0,0.0,11.0,2.0,0.0,6.0,0.0,7.0,3.0,3.0,7.0,42.0,36.0,19.0,12.0,49.0,0.0,0.0,0.0,5.0,7.0,13.0,31.0,0.0,12.0,0.0,0.0,0.0,0.0,4.0,1.0,0.0,14.0,0.0,1.0,0.0,67.0,0.0,8.0,20.0,2.0,4.0,8.0,11.0,70.0,69.0,7.0,0.0,5.0,9.0,1.0,1.0,2.0,231.0,1803.0,0.0,0.0,0.0,52.0,628.0,10.0,2.0,75.0,40.0,0.0,84.0,5793.0,0.0,272.0,0.0,2.0,46.0,0.0,22.0,20.0,0.0,0.0,1.0,1.0,0.0,1402616.0,0.0,609.0,2400000.0,0.0,41.0,173.0,279.0,1.0,0.0,0.0,0.0,41.0,0.0,10771.0,35.0,34.0,35310.0,1.0,0.0,7.876638460975463,69.0,60.0,15940951.0,16.584401953507808,0.0
Feb-04,2.0,1.0,0.0,0.0,0.0,0.0,0.0,0.0,0.0,0.0,0.0,0.0,0.0,0.0,0.0,0.0,0.0,0.0,0.0,0.0,0.0,0.0,0.0,0.0,0.0,0.0,0.0,0.0,2.0,0.0,0.0,0.0,0.0,1.0,0.0,1.0,0.0,0.0,0.0,0.0,0.0,0.0,1.0,1.0,0.0,0.0,0.0,0.0,0.0,0.0,12.0,49.0,12.0,25.0,0.0,0.0,0.0,0.0,0.0,3.0,0.0,0.0,3.0,0.0,0.0,10.0,1.0,0.0,3.0,2.0,0.0,1.0,0.0,2.0,0.0,1.0,40.0,2.0,0.0,0.0,0.0,0.0,0.0,0.0,2.0,0.0,12.0,2.0,0.0,0.0,1.0,0.0,2.0,0.0,0.0,18.0,2.0,0.0,3.0,3.0,0.0,0.0,0.0,0.0,0.0,1.0,0.0,0.0,0.0,0.0,0.0,1.0,0.0,1.0,0.0,0.0,13.0,0.0,0.0,0.0,20.0,0.0,0.0,3.0,2.0,1.0,5.0,6.0,2.0,24.0,2.0,0.0,1.0,1.0,0.0,0.0,0.0,250.6952380952381,450.75,0.0,0.0,0.0,0.0,0.0,0.0,0.0,0.0,0.0,0.0,0.0,0.0,0.0,0.0,0.0,0.0,0.0,0.0,2.0,0.0,0.0,0.0,0.0,0.0,0.0,0.0,0.02,0.0,0.0,0.0,0.0,97.25,0.0,66.4,0.0,0.0,0.0,0.0,0.0,0.0,0.01,8.533333333333333,0.0,0.0,0.0,7.706612913964197,49.0,70.0,1085820.0,13.897846940844836,0.0
Mar-04,4.0,3.0,0.0,1.0,0.0,0.0,1.0,0.0,0.0,0.0,0.0,0.0,0.0,1.0,0.0,0.0,0.0,0.0,0.0,0.0,1.0,0.0,0.0,0.0,0.0,0.0,0.0,0.0,0.0,0.0,0.0,0.0,0.0,3.0,0.0,2.0,0.0,0.0,0.0,0.0,0.0,0.0,0.0,2.0,2.0,0.0,0.0,0.0,2.0,9.0,5.0,67.0,29.0,43.0,2.0,0.0,0.0,0.0,0.0,1.0,0.0,0.0,1.0,0.0,0.0,9.0,1.0,1.0,13.0,6.0,0.0,4.0,0.0,0.0,0.0,7.0,53.0,10.0,0.0,2.0,0.0,0.0,9.0,3.0,3.0,0.0,11.0,1.0,0.0,0.0,0.0,0.0,1.0,0.0,1.0,28.0,12.0,7.0,10.8,6.0,0.0,0.0,0.0,3.0,3.0,3.0,10.0,0.0,2.0,0.0,0.0,0.0,0.0,0.0,0.0,0.0,3.0,0.0,1.0,0.0,19.0,0.0,2.0,16.0,2.0,0.0,3.0,8.0,11.0,33.900000000000006,2.0,0.0,0.0,0.0,0.0,8.0,0.0,339.6904761904762,721.2,0.0,0.01,0.0,0.0,9.150000000000002,0.0,0.0,0.0,0.0,0.0,0.0,13.250000000000004,0.0,0.0,0.0,0.0,0.0,0.0,23.925000000000008,0.0,0.0,0.0,0.0,0.0,0.0,0.0,0.0,0.0,0.0,0.0,0.0,155.60000000000002,0.0,132.10000000000002,0.0,0.0,0.0,0.0,0.0,0.0,0.0,17.066666666666666,430.6500000000001,0.0,0.0,7.554858521040676,25.0,60.0,1448756.7000000002,14.646509161366469,0.0
Apr-04,0.0,2.0,0.0,0.0,0.0,0.0,0.0,0.0,0.0,0.0,0.0,0.0,0.0,0.0,0.0,0.0,0.0,0.0,1.0,0.0,0.0,0.0,0.0,0.0,0.0,0.0,0.0,4.0,0.0,1.0,0.0,0.0,0.0,1.0,0.0,0.0,0.0,1.0,0.0,0.0,0.0,0.0,5.0,1.0,7.0,0.0,0.0,0.0,1.0,0.0,2.0,58.0,13.0,29.0,0.0,0.0,1.0,1.0,0.0,1.0,0.0,2.0,0.0,0.0,0.0,12.0,1.0,0.0,3.0,7.0,0.0,5.0,0.0,1.0,0.0,0.0,61.0,2.0,0.0,0.0,0.0,0.0,2.0,2.0,10.0,0.0,5.0,1.0,0.0,0.0,0.0,1.0,15.0,1.0,0.0,21.0,13.0,1.0,5.0,6.0,0.0,0.0,0.0,0.0,2.0,4.0,2.0,0.0,4.0,0.0,0.0,0.0,0.0,3.0,1.0,0.0,12.0,0.0,0.0,0.0,25.0,0.0,1.0,6.0,0.0,1.0,5.0,5.0,1.0,27.0,0.0,4.0,4.0,0.0,0.0,0.0,1.0,0.0,585.975,0.0,0.0,0.0,0.0,0.0,0.0,0.0,0.0,0.0,0.0,0.0,0.0,0.0,0.0,0.0,0.0,6.25,0.0,0.0,0.0,0.0,0.0,0.0,0.0,0.0,141.42857142857144,0.0,17.700000000000003,0.0,0.0,0.0,97.25,0.0,0.0,0.0,139.87500000000003,0.0,0.0,0.0,0.0,0.05,8.533333333333333,1507.2750000000003,0.0,0.0,7.123672785204607,35.5,61.0,1106296.2,13.958809715272825,0.0
May-04,2.0,0.0,0.0,0.0,0.0,0.0,2.0,4.0,0.0,0.0,0.0,0.0,0.0,0.0,0.0,0.0,0.0,0.0,6.0,0.0,0.0,0.0,0.0,0.0,0.0,0.0,0.0,0.0,0.0,2.0,1.0,0.0,0.0,1.0,0.0,0.0,0.0,0.0,0.0,0.0,0.0,0.0,0.0,2.0,0.0,0.0,0.0,0.0,1.0,2.0,10.0,55.0,18.0,37.0,1.0,0.0,0.0,0.0,0.0,7.0,0.0,1.0,4.0,0.0,0.0,9.0,0.0,0.0,5.0,1.0,0.0,6.0,0.0,1.0,2.0,0.0,38.0,0.0,0.0,0.0,0.0,0.0,1.0,0.0,2.0,0.0,0.0,2.0,0.0,0.0,0.0,0.0,1.0,1.0,5.0,18.0,17.0,1.0,5.0,5.0,0.0,0.0,0.0,2.0,0.0,3.0,9.0,0.0,4.0,0.0,0.0,0.0,0.0,0.0,0.0,0.0,5.0,0.0,0.0,0.0,28.0,0.0,1.0,5.0,3.0,1.0,5.0,1.0,2.0,28.5,0.0,0.0,3.0,2.0,3.0,0.0,1.0,88.99523809523812,0.0,0.0,0.0,0.0,0.0,18.300000000000004,10.666666666666668,0.0,0.0,0.0,0.0,0.0,0.0,0.0,0.0,0.0,0.0,13.437500000000002,0.0,0.0,0.0,0.0,0.0,0.0,0.0,0.0,0.0,0.0,35.400000000000006,1.5,0.0,0.0,97.25,0.0,0.0,0.0,0.0,0.0,0.0,0.0,0.0,0.0,17.066666666666666,0.0,0.0,0.0,7.327780538421631,41.5,68.0,910488.0,13.721737096802796,0.0
Jun-04,0.0,0.0,0.0,3.0,0.0,0.0,0.0,0.0,0.0,0.0,0.0,0.0,0.0,0.0,0.0,0.0,0.0,0.0,0.0,1.0,1.0,0.0,0.0,1.0,0.0,1.0,0.0,1.0,0.0,0.0,0.0,0.0,0.0,0.0,0.0,0.0,0.0,0.0,0.0,0.0,0.0,0.0,1.0,0.0,0.0,0.0,0.0,0.0,12.0,4.0,6.0,74.0,32.0,42.0,2.0,1.0,0.0,0.0,0.0,19.0,0.0,0.0,2.0,0.0,0.0,7.0,0.0,0.0,3.0,2.0,0.0,6.0,0.0,0.0,3.0,10.0,49.0,7.0,0.0,1.0,0.0,0.0,3.0,5.0,2.0,0.0,7.0,0.0,0.0,0.0,0.0,0.0,11.0,1.0,1.0,21.0,31.0,2.0,1.0,6.0,1.0,0.0,0.0,1.0,4.0,1.0,7.0,0.0,6.0,0.0,0.0,0.0,0.0,0.0,0.0,0.0,10.0,0.0,0.0,1.0,26.0,0.0,13.0,10.0,3.0,1.0,1.0,7.0,5.0,30.3,2.0,1.0,3.0,0.0,0.0,2.0,3.0,0.0,0.0,0.0,0.03,0.0,0.0,0.0,0.0,0.0,0.0,0.0,0.0,0.0,0.0,0.0,0.0,0.0,0.0,0.0,2.0,22.525000000000006,0.0,0.0,2.6666666666666665,0.0,0.01,0.0,35.35714285714286,0.0,0.0,0.0,0.0,0.0,0.0,0.0,0.0,0.0,0.0,0.0,0.0,0.0,0.0,0.01,0.0,0.0,0.0,0.0,7.251344983372214,20.0,70.3,22728424.200000003,18.114657400702672,0.0
Jul-04,1.0,0.0,0.0,0.0,0.0,0.0,0.0,1.0,0.0,0.0,0.0,0.0,0.0,0.0,0.0,0.0,0.0,0.0,0.0,0.0,1.0,0.0,0.0,0.0,1.0,0.0,0.0,1.0,0.0,2.0,0.0,1.0,0.0,1.0,0.0,0.0,0.0,0.0,0.0,10.0,0.0,0.0,1.0,2.0,0.0,0.0,0.0,0.0,12.0,1.0,2.0,73.0,20.0,47.0,0.0,0.0,0.0,0.0,0.0,3.0,0.0,4.0,1.0,0.0,0.0,20.0,0.0,0.0,9.900000000000002,1.0,0.0,3.0,0.0,2.0,5.0,20.0,35.0,16.0,0.0,0.0,0.0,0.0,1.0,13.0,5.0,0.0,7.0,0.0,0.0,3.0,0.0,2.0,8.0,0.0,1.0,27.0,11.0,2.0,13.0,1.0,0.0,0.0,0.0,4.0,0.0,8.0,0.0,0.0,3.0,0.0,0.0,0.0,0.0,3.0,0.0,0.0,8.0,0.0,1.0,0.0,23.0,0.0,3.0,5.0,4.0,0.0,3.0,6.0,1.0,27.6,0.0,0.0,6.0,2.0,0.0,1.0,0.0,44.49761904761906,0.0,0.0,0.0,0.0,0.0,0.0,2.666666666666667,0.0,0.0,0.0,0.0,0.0,0.0,0.0,0.0,0.0,0.0,0.0,0.0,22.525000000000006,0.0,0.0,0.0,0.01,0.0,0.0,35.35714285714286,0.0,35.400000000000006,0.0,1.0,0.0,29.175000000000004,0.0,0.0,0.0,0.0,0.0,4416.000000000001,0.0,0.0,0.01,17.066666666666666,0.0,0.0,0.0,6.941190055068375,13.0,72.7,33493351.200000003,18.51161804025925,0.0
Aug-04,4.0,2.0,0.0,0.0,0.0,4.0,0.0,0.0,0.0,0.0,0.0,0.0,0.0,0.0,0.0,0.0,0.0,0.0,0.0,0.0,2.0,0.0,1.0,0.0,0.0,0.0,0.0,0.0,0.0,1.0,0.0,0.0,0.0,2.0,0.0,0.0,0.0,0.0,0.0,0.0,0.0,0.0,0.0,1.0,0.0,0.0,0.0,0.0,3.0,0.0,8.600000000000001,37.0,10.0,32.0,4.0,0.0,0.0,0.0,0.0,2.0,0.0,1.0,0.0,0.0,0.0,9.0,0.0,0.0,6.300000000000001,3.0,0.0,5.0,0.0,0.0,4.0,14.0,35.0,3.0,0.0,2.0,0.0,0.0,0.0,1.0,8.0,0.0,5.0,0.0,0.0,1.0,0.0,0.0,0.0,2.0,3.0,9.0,3.0,0.0,11.600000000000001,2.0,0.0,0.0,0.0,2.0,3.0,3.0,12.0,0.0,3.0,0.0,0.0,0.0,0.0,1.0,0.0,0.0,6.0,0.0,0.0,0.0,28.0,0.0,5.0,5.0,2.0,1.0,3.0,4.0,6.0,37.2,0.0,0.0,2.0,1.0,0.0,0.0,0.0,177.99047619047624,270.45000000000005,0.0,0.0,0.0,19.200000000000003,0.0,0.0,0.0,0.0,0.0,0.0,0.0,0.0,0.0,0.0,0.0,0.0,0.0,0.0,45.05000000000001,0.0,0.01,0.0,0.0,0.0,0.0,0.0,0.0,17.700000000000003,0.0,0.0,0.0,58.35000000000001,0.0,0.0,0.0,0.0,0.0,0.0,0.0,0.0,0.0,8.533333333333333,0.0,0.0,0.0,7.427738840532894,21.0,70.0,24778301.700000003,18.203393361758103,0.0
Sep-04,2.0,0.0,0.0,0.0,0.0,0.0,0.0,0.0,3.0,0.0,0.0,0.0,0.0,8.0,12.0,0.0,3.0,0.0,0.0,0.0,0.0,0.0,0.0,0.0,0.0,0.0,0.0,0.0,0.0,0.0,0.0,0.0,2.0,0.0,0.0,2.0,0.0,0.0,0.0,0.0,0.0,0.0,0.0,0.0,0.0,0.0,0.0,0.0,18.0,2.0,5.0,49.0,23.0,32.0,1.0,2.0,0.0,0.0,0.0,6.0,0.0,1.0,0.0,0.0,0.0,18.0,0.0,1.0,3.0,1.0,0.0,7.0,0.0,2.0,2.0,3.0,52.0,5.0,0.0,5.0,0.0,2.0,4.0,1.0,3.0,1.0,1.0,0.0,0.0,3.0,0.0,0.0,0.0,0.0,1.0,24.0,21.0,3.0,9.0,2.0,0.0,0.0,0.0,1.0,1.0,6.0,13.0,0.0,4.0,0.0,0.0,0.0,0.0,0.0,0.0,0.0,4.0,0.0,2.0,1.0,40.0,0.0,2.0,5.0,6.0,4.0,2.0,10.0,2.0,31.0,0.0,0.0,1.0,1.0,0.0,0.0,0.0,88.99523809523812,0.0,0.0,0.0,0.0,0.0,0.0,0.0,31.590000000000003,0.0,0.0,0.0,0.0,106.00000000000003,38.7,0.0,47.70000000000001,0.0,0.0,0.0,0.0,0.0,0.0,0.0,0.0,0.0,0.0,0.0,0.0,0.0,0.0,0.0,60.60000000000001,0.0,0.0,131.4,0.0,0.0,0.0,0.0,0.0,0.0,0.0,0.0,0.0,0.0,0.0,7.752764808851328,24.0,67.0,5144763.300000001,16.52520873374331,0.0
Oct-04,0.0,0.0,0.0,4.0,0.0,0.0,0.0,0.0,0.0,1.0,0.0,0.0,1.0,2.0,0.0,0.0,0.0,0.0,1.0,0.0,1.0,0.0,3.0,0.0,0.0,0.0,0.0,3.0,0.0,0.0,1.0,0.0,0.0,2.0,0.0,0.0,0.0,0.0,0.0,0.0,0.0,2.0,0.0,0.0,0.0,0.0,0.0,0.0,2.0,11.0,4.0,47.5,27.0,39.0,0.0,0.0,0.0,0.0,0.0,2.0,0.0,0.0,2.0,0.0,0.0,19.0,0.0,0.0,8.0,2.0,0.0,12.0,0.0,3.0,4.0,4.0,22.0,1.0,0.0,0.0,0.0,3.0,9.0,1.0,5.0,0.0,3.0,1.0,0.0,3.0,0.0,7.0,2.0,0.0,4.0,15.0,23.0,0.0,3.0,4.0,0.0,0.0,0.0,3.0,2.0,4.0,4.0,0.0,4.0,0.0,0.0,0.0,0.0,2.0,0.0,0.0,6.0,0.0,0.0,0.0,29.0,0.0,2.0,5.0,0.0,1.0,10.0,3.0,3.0,25.0,3.0,0.0,1.0,1.0,1.0,0.0,2.0,0.0,0.0,0.0,0.04,0.0,0.0,0.0,0.0,0.0,14.220000000000002,0.0,0.0,20.250000000000004,26.500000000000007,0.0,0.0,0.0,0.0,6.25,0.0,2.0,0.0,0.03,0.0,0.0,0.0,0.0,106.07142857142858,0.0,0.0,1.5,0.0,0.0,58.35000000000001,0.0,0.0,0.0,0.0,0.0,0.0,0.0,28.200000000000003,0.0,0.0,0.0,0.0,0.0,6.834108738813838,29.0,62.0,1066080.6,14.172577125208589,0.0
Nov-04,1.0,0.0,0.0,1.0,0.0,0.0,1.0,0.0,0.0,0.0,0.0,0.0,0.0,0.0,0.0,0.0,0.0,0.0,1.0,0.0,0.0,1.0,0.0,1.0,0.0,0.0,0.0,1.0,0.0,0.0,0.0,0.0,0.0,0.0,0.0,0.0,0.0,0.0,0.0,0.0,0.0,1.0,1.0,9.0,0.0,0.0,0.0,0.0,3.0,1.0,5.0,50.2,25.0,26.0,2.0,0.0,6.0,0.0,0.0,1.0,0.0,0.0,0.0,0.0,0.0,14.0,0.0,0.0,2.0,1.0,0.0,8.0,0.0,0.0,5.0,2.0,25.0,4.0,0.0,1.0,0.0,1.0,0.0,11.0,1.0,0.0,1.0,0.0,0.0,2.0,0.0,5.0,3.0,1.0,2.0,31.0,15.0,0.0,8.0,9.0,0.0,0.0,0.0,0.0,0.0,4.0,13.0,0.0,4.0,0.0,0.0,1.0,0.0,0.0,0.0,0.0,7.0,0.0,0.0,0.0,39.0,0.0,3.0,12.0,1.0,1.0,8.0,5.0,7.0,34.3,3.0,1.0,12.0,0.0,0.0,0.0,0.0,44.49761904761906,0.0,0.0,0.01,0.0,0.0,9.150000000000002,0.0,0.0,0.0,0.0,0.0,0.0,0.0,0.0,0.0,0.0,0.0,6.25,0.0,0.0,0.01,0.0,2.6666666666666665,0.0,0.0,0.0,35.35714285714286,0.0,0.0,0.0,0.0,0.0,0.0,0.0,0.0,0.0,0.0,0.0,0.0,0.0,14.100000000000001,0.01,23.040000000000003,0.0,0.0,0.0,7.633369649679584,31.35,68.0,1425061.8,14.780871414815175,0.0
Dec-04,6.0,0.0,0.0,0.0,0.0,1.0,0.0,0.0,1.0,0.0,0.0,0.0,2.0,2.0,0.0,0.0,0.0,0.0,2.0,0.0,2.0,0.0,0.0,0.0,0.0,0.0,0.0,18.0,0.0,3.0,1.0,0.0,0.0,1.0,0.0,0.0,0.0,0.0,0.0,0.0,0.0,6.0,0.0,7.550000000000001,6.0,1.0,3.0,0.0,12.0,2.0,8.0,44.5,21.0,36.0,1.0,0.0,2.0,1.0,0.0,10.0,0.0,0.0,9.0,0.0,0.0,30.0,0.0,1.0,3.0,2.0,0.0,15.0,1.0,1.0,2.0,12.0,27.0,2.0,0.0,2.0,1.0,0.0,2.0,1.0,4.0,0.0,3.0,0.0,0.0,7.0,0.0,0.0,2.0,0.0,0.0,29.55,6.0,6.0,8.0,0.0,1.0,0.0,0.0,6.0,0.0,7.0,10.0,0.0,10.0,0.0,0.0,0.0,0.0,8.0,9.0,0.0,14.0,1.0,0.0,0.0,22.0,0.0,2.0,8.0,0.0,5.0,2.0,19.0,1.0,33.1,4.0,0.0,1.0,0.0,1.0,1.0,0.0,266.98571430000004,0.0,0.0,0.0,0.0,16.0,0.0,0.0,10.530000000000001,0.0,0.0,0.0,40.50000000000001,26.500000000000007,0.0,0.0,0.0,0.0,12.5,0.0,45.05000000000001,0.0,0.0,0.0,0.0,0.0,0.0,636.4285714285717,0.0,53.10000000000001,1.5,0.0,0.0,29.175000000000004,0.0,0.0,0.0,0.0,0.0,0.0,0.0,84.60000000000001,0.0,61.44000000000001,1291.9500000000003,67.20000000000002,0.03,6.829793737512425,31.650000000000002,73.0,1495872.9000000001,14.866951571354912,0.0
Jan-05,4.0,0.0,0.0,0.0,0.0,0.0,0.0,0.0,0.0,3.0,0.0,0.0,0.0,2.0,0.0,0.0,0.0,0.0,2.0,0.0,0.0,0.0,0.0,0.0,0.0,0.0,0.0,0.0,0.0,0.0,0.0,0.0,0.0,12.0,0.0,0.0,1.0,0.0,0.0,0.0,0.0,0.0,0.0,0.0,0.0,0.0,0.0,0.0,16.950000000000003,10.0,19.0,85.30000000000001,33.6,52.0,7.600000000000001,0.0,0.0,3.0,0.0,15.850000000000001,0.0,9.0,0.0,0.0,1.0,30.650000000000002,0.0,0.0,10.5,18.0,0.0,21.0,1.0,1.0,0.0,9.0,55.800000000000004,10.0,0.0,1.0,1.0,4.0,2.0,0.0,16.0,0.0,5.0,1.0,0.0,4.0,0.0,0.0,7.0,5.0,8.0,25.65,10.0,20.0,0.0,3.0,0.0,1.0,0.0,3.0,1.0,12.0,0.0,0.0,14.0,0.0,0.0,0.0,0.0,0.0,0.0,0.0,15.350000000000001,0.0,2.0,0.0,38.2,0.0,8.0,12.0,0.0,2.0,1.0,11.650000000000002,0.0,46.900000000000006,0.0,0.0,0.0,7.0,0.0,0.0,5.0,177.99047619047624,0.0,0.0,14.700000000000003,0.0,0.0,0.0,0.0,0.0,2.0,0.0,0.0,11.100000000000001,1788.9000000000003,0.0,0.0,5.0,0.0,8.0,27.900000000000006,0.0,0.0,0.0,0.0,0.0,0.0,0.0,8.0,0.0,3.6000000000000005,0.0,0.0,0.0,350.1000000000001,0.0,0.0,0.1428571428571428,0.0,0.0,0.0,0.0,0.0,0.0,0.0,0.0,0.0,1.0,7.113956109566034,42.150000000000006,78.0,1580819.4000000001,14.961301236400548,0.0
Feb-05,1.0,0.0,0.0,0.0,0.0,0.0,0.0,0.0,0.0,0.0,0.0,0.0,0.0,0.0,0.0,0.0,0.0,0.0,0.0,0.0,0.0,0.0,1.0,0.0,1.0,0.0,0.0,1.0,0.0,0.0,0.0,0.0,0.0,2.0,0.0,0.0,0.0,0.0,0.0,0.0,0.0,0.0,0.0,0.0,0.0,0.0,0.0,0.0,0.0,1.0,1.0,43.3,16.0,30.0,0.0,0.0,0.0,0.0,0.0,1.0,0.0,0.0,0.0,0.0,0.0,11.0,0.0,0.0,1.0,3.0,0.0,8.0,0.0,1.0,0.0,0.0,24.0,4.0,0.0,0.0,0.0,0.0,3.0,1.0,7.0,0.0,0.0,1.0,0.0,1.0,0.0,0.0,0.0,0.0,2.0,12.0,0.0,0.0,0.0,0.0,0.0,1.0,0.0,0.0,0.0,3.0,0.0,0.0,4.0,0.0,0.0,0.0,0.0,0.0,0.0,0.0,3.0,0.0,0.0,0.0,28.0,0.0,2.0,3.0,0.0,0.0,1.0,7.0,1.0,26.0,0.0,4.0,0.0,1.0,0.0,0.0,0.0,44.49761904761906,0.0,0.0,0.0,0.0,0.0,0.0,0.0,0.0,0.0,0.0,0.0,0.0,0.0,0.0,0.0,0.0,0.0,0.0,0.0,0.0,0.0,0.01,0.0,0.01,0.0,0.0,40.95714285714286,0.0,0.0,0.0,0.0,0.0,58.35000000000001,0.0,0.0,0.0,0.0,0.0,0.0,0.0,0.0,0.0,0.0,0.0,0.0,0.0,6.809039306,27.450000000000003,75.0,3731061.3000000003,16.14885761260836,0.0
Mar-05,9.0,0.0,0.0,1.0,0.0,0.0,0.0,0.0,0.0,0.0,0.0,0.0,3.0,0.0,0.0,0.0,0.0,0.0,0.0,0.0,1.0,0.0,0.0,0.0,0.0,0.0,0.0,0.0,0.0,0.0,0.0,0.0,0.0,8.0,0.0,0.0,0.0,0.0,0.0,0.0,0.0,7.0,0.0,2.0,3.0,0.0,0.0,0.0,4.0,0.0,3.0,50.5,13.0,21.0,7.0,0.0,15.0,0.0,0.0,7.0,0.0,2.0,0.0,0.0,0.0,15.0,0.0,0.0,3.0,3.0,0.0,9.0,0.0,0.0,0.0,13.0,41.0,2.0,0.0,0.0,2.0,0.0,1.0,0.0,6.0,0.0,0.0,1.0,0.0,0.0,0.0,0.0,0.0,1.0,1.0,23.0,0.0,3.0,0.0,0.0,0.0,0.0,0.0,2.0,1.0,4.0,6.0,0.0,9.0,0.0,0.0,0.0,0.0,0.0,0.0,0.0,9.0,0.0,0.0,0.0,32.0,0.0,4.0,3.0,0.0,1.0,0.0,12.0,0.0,39.0,0.0,0.0,0.0,0.0,0.0,0.0,0.0,400.4785714285715,0.0,0.0,0.01,0.0,0.0,20.400000000000002,0.0,0.0,0.0,0.0,0.0,60.75000000000001,0.0,0.0,0.0,0.0,0.0,0.0,0.0,22.525000000000006,0.0,0.0,0.0,0.0,0.0,0.0,30.200000000000003,0.0,0.0,0.0,0.0,0.0,233.40000000000003,0.0,0.0,0.0,0.0,0.0,0.0,0.0,98.70000000000002,0.0,17.066666666666666,645.9750000000001,0.0,0.0,6.584791392385716,32.25,88.0,4040660.7000000007,16.244234611764828,0.0
Apr-05,1.0,14.0,0.0,0.0,0.0,0.0,0.0,0.0,1.0,0.0,0.0,0.0,2.0,2.0,0.0,0.0,0.0,0.0,0.0,0.0,0.0,0.0,0.0,0.0,0.0,0.0,0.0,0.0,0.0,0.0,0.0,0.0,1.0,16.0,0.0,0.0,0.0,0.0,0.0,0.0,0.0,1.0,0.0,0.0,9.0,0.0,0.0,0.0,15.0,0.0,5.0,42.7,18.0,29.1,2.0,2.0,1.0,0.0,0.0,14.0,0.0,0.0,0.0,0.0,0.0,15.0,0.0,1.0,7.0,6.0,0.0,10.0,0.0,0.0,1.0,4.0,34.1,1.0,0.0,1.0,0.0,1.0,0.0,0.0,1.0,0.0,0.0,2.0,0.0,0.0,0.0,0.0,6.0,0.0,0.0,18.0,0.0,0.0,0.0,0.0,0.0,0.0,0.0,0.0,0.0,2.0,0.0,0.0,3.0,0.0,0.0,0.0,0.0,0.0,0.0,0.0,9.0,0.0,0.0,0.0,36.0,0.0,5.0,2.0,0.0,2.0,0.0,13.0,0.0,40.0,0.0,0.0,1.0,0.0,0.0,0.0,0.0,44.49761904761906,1893.1500000000003,0.0,0.0,0.0,0.0,0.0,0.0,10.530000000000001,0.0,0.0,0.0,40.50000000000001,26.500000000000007,0.0,0.0,0.0,0.0,0.0,0.0,0.0,0.0,0.0,0.0,0.0,0.0,0.0,0.0,0.0,0.0,0.0,0.0,30.300000000000004,466.80000000000007,0.0,0.0,0.0,0.0,0.0,0.0,0.0,14.100000000000001,0.0,0.0,1937.9250000000002,0.0,0.0,6.937314081223682,25.65,78.0,2031911.7000000002,15.35206977,0.0
May-05,2.0,4.0,0.0,5.0,0.0,0.0,0.0,0.0,0.0,1.0,0.0,0.0,0.0,0.0,0.0,0.0,0.0,0.0,0.0,0.0,0.0,0.0,0.0,0.0,3.0,0.0,0.0,0.0,0.0,0.0,0.0,0.0,0.0,1.0,0.0,0.0,0.0,0.0,0.0,0.0,0.0,0.0,0.0,2.0,0.0,0.0,0.0,0.0,4.0,1.0,13.0,43.6,26.0,28.0,0.0,0.0,0.0,0.0,0.0,4.0,0.0,1.0,0.0,0.0,0.0,24.0,0.0,0.0,2.0,5.0,0.0,6.0,0.0,0.0,0.0,2.0,22.0,0.0,0.0,0.0,1.0,0.0,0.0,0.0,9.0,0.0,1.0,0.0,0.0,0.0,0.0,0.0,1.0,0.0,2.0,16.0,0.0,0.0,0.0,1.0,0.0,0.0,0.0,2.0,0.0,3.0,3.0,0.0,10.0,0.0,0.0,0.0,0.0,0.0,0.0,0.0,8.0,0.0,0.0,0.0,39.0,0.0,2.0,4.0,0.0,1.0,0.0,8.0,0.0,47.0,0.0,0.0,0.0,0.0,1.0,0.0,1.0,88.99523809523812,540.9000000000001,0.0,0.05,0.0,0.0,0.0,0.0,0.0,14.220000000000002,0.0,0.0,0.0,0.0,0.0,0.0,0.0,0.0,0.0,0.0,0.0,0.0,0.0,0.0,0.03,0.0,0.0,0.0,0.0,0.0,0.0,0.0,0.0,29.175000000000004,0.0,0.0,0.0,0.0,0.0,0.0,0.0,0.0,0.0,17.066666666666666,0.0,0.0,0.0,7.242797922793756,37.050000000000004,84.0,2199076.8000000003,15.465281065182111,0.0
Jun-05,0.0,0.0,0.0,0.0,0.0,0.0,4.0,0.0,0.0,4.0,0.0,0.0,0.0,0.0,0.0,0.0,0.0,0.0,0.0,1.0,2.0,0.0,0.0,0.0,1.0,0.0,0.0,0.0,0.0,1.0,0.0,0.0,0.0,2.0,0.0,0.0,0.0,2.0,0.0,0.0,0.0,0.0,0.0,0.0,0.0,1.0,0.0,0.0,7.0,1.0,11.0,47.5,21.0,34.3,1.0,0.0,0.0,0.0,0.0,12.0,0.0,3.0,0.0,0.0,0.0,17.0,0.0,0.0,1.0,11.0,0.0,8.0,0.0,1.0,6.0,5.0,34.0,4.0,0.0,0.0,0.0,0.0,5.0,1.0,1.0,0.0,1.0,0.0,0.0,0.0,1.0,0.0,0.0,0.0,3.0,18.0,0.0,4.0,0.0,1.0,0.0,0.0,1.0,2.0,7.0,2.0,1.0,0.0,7.0,0.0,0.0,1.0,0.0,2.0,0.0,0.0,10.0,0.0,1.0,0.0,20.0,0.0,1.0,1.0,0.0,0.0,0.0,7.0,0.0,35.0,0.0,0.0,1.0,0.0,0.0,0.0,4.0,0.0,0.0,0.0,0.0,0.0,0.0,36.60000000000001,0.0,0.0,56.88000000000001,0.0,0.0,0.0,0.0,0.0,0.0,0.0,0.0,0.0,2.0,45.05000000000001,0.0,0.0,0.0,0.01,0.0,0.0,0.0,0.0,17.700000000000003,0.0,0.0,0.0,58.35000000000001,0.0,0.0,0.0,279.75000000000006,0.0,0.0,0.0,0.0,0.0,0.0,0.0,67.20000000000002,0.0,7.199678345691172,24.0,95.0,11511637.200000001,17.405885192341334,0.0
Jul-05,0.0,0.0,0.0,0.0,0.0,0.0,0.0,0.0,0.0,0.0,0.0,0.0,2.0,1.0,0.0,0.0,0.0,0.0,0.0,0.0,2.0,0.0,0.0,0.0,4.0,0.0,0.0,0.0,0.0,4.0,0.0,0.0,0.0,1.0,0.0,0.0,0.0,0.0,0.0,0.0,0.0,0.0,0.0,0.0,0.0,0.0,0.0,0.0,7.0,1.0,4.0,46.900000000000006,15.0,33.4,0.0,0.0,0.0,0.0,0.0,10.0,0.0,0.0,0.0,1.0,1.0,14.0,0.0,0.0,1.0,17.0,0.0,7.0,0.0,0.0,0.0,1.0,40.0,1.0,0.0,2.0,0.0,0.0,6.0,0.0,3.0,0.0,0.0,0.0,0.0,0.0,0.0,0.0,0.0,0.0,2.0,18.0,0.0,5.0,0.0,0.0,0.0,0.0,0.0,1.0,0.0,3.0,5.0,0.0,4.0,0.0,0.0,0.0,0.0,0.0,6.0,0.0,13.0,0.0,0.0,0.0,20.0,0.0,1.0,7.0,0.0,5.0,0.0,7.0,0.0,27.0,0.0,0.0,0.0,0.0,0.0,0.0,1.0,0.0,0.0,0.0,0.0,0.0,0.0,0.0,0.0,0.0,0.0,0.0,0.0,40.50000000000001,13.250000000000004,0.0,0.0,0.0,0.0,0.0,0.0,45.05000000000001,0.0,0.0,0.0,0.04,0.0,0.0,0.0,0.0,70.80000000000001,0.0,0.0,0.0,29.175000000000004,0.0,0.0,0.0,0.0,0.0,0.0,0.0,0.0,0.0,0.0,0.0,0.0,0.0,6.994849985833071,13.0,90.6,17976783.000000004,17.87246713589243,0.0
Aug-05,5.0,0.0,0.0,0.0,0.0,0.0,0.0,0.0,0.0,1.0,0.0,0.0,4.0,0.0,0.0,0.0,0.0,0.0,0.0,0.0,9.0,0.0,0.0,0.0,0.0,0.0,0.0,1.0,0.0,2.0,0.0,0.0,0.0,1.0,0.0,0.0,0.0,1.0,0.0,0.0,0.0,0.0,0.0,5.0,0.0,1.0,0.0,0.0,7.0,0.0,3.0,49.6,33.0,33.0,0.0,1.0,0.0,1.0,0.0,11.0,0.0,1.0,0.0,0.0,0.0,10.0,0.0,0.0,2.0,2.0,0.0,14.0,0.0,0.0,0.0,0.0,41.0,0.0,0.0,1.0,0.0,0.0,0.0,0.0,1.0,0.0,0.0,0.0,0.0,0.0,1.0,0.0,13.0,1.0,5.0,18.0,0.0,0.0,0.0,1.0,0.0,0.0,0.0,1.0,8.0,11.0,7.0,0.0,7.0,0.0,0.0,0.0,0.0,0.0,0.0,0.0,8.0,0.0,0.0,0.0,21.0,0.0,4.0,4.0,0.0,2.0,0.0,11.0,0.0,37.0,0.0,1.0,1.0,2.0,1.0,1.0,1.0,222.4880952380953,0.0,0.0,0.0,0.0,0.0,0.0,0.0,0.0,14.220000000000002,0.0,0.0,81.00000000000001,0.0,0.0,0.0,0.0,0.0,0.0,0.0,202.72500000000005,0.0,0.0,0.0,0.0,0.0,0.0,35.35714285714286,0.0,35.400000000000006,0.0,0.0,0.0,29.175000000000004,0.0,0.0,0.0,139.87500000000003,0.0,0.0,0.0,0.0,0.0,12.799999999999999,0.0,67.20000000000002,0.0,6.866933284461882,20.0,93.9,10806569.400000002,17.338849669765136,0.0
Sep-05,0.0,0.0,0.0,0.0,0.0,0.0,0.0,0.0,0.0,1.0,0.0,0.0,2.0,1.0,0.0,0.0,0.0,0.0,0.0,0.0,6.0,0.0,0.0,0.0,0.0,0.0,0.0,1.0,0.0,0.0,1.0,0.0,0.0,0.0,0.0,0.0,0.0,0.0,1.0,0.0,0.0,2.0,4.0,0.0,4.0,0.0,0.0,0.0,12.0,0.0,9.0,56.800000000000004,22.0,43.0,1.0,0.0,0.0,0.0,0.0,6.0,0.0,0.0,0.0,0.0,0.0,26.0,0.0,0.0,7.0,3.0,0.0,4.0,0.0,1.0,0.0,10.0,25.0,3.0,0.0,0.0,0.0,1.0,2.0,0.0,4.0,0.0,3.0,0.0,0.0,0.0,0.0,0.0,0.0,0.0,2.0,18.0,1.0,0.0,0.0,0.0,1.0,0.0,0.0,1.0,12.050000000000002,3.0,5.0,0.0,11.0,0.0,0.0,0.0,0.0,0.0,0.0,0.0,9.0,0.0,1.0,0.0,28.8,0.0,0.0,5.0,0.0,2.0,0.0,5.0,0.0,38.0,0.0,0.0,0.0,2.0,2.0,0.0,5.0,0.0,0.0,0.0,0.0,0.0,0.0,0.0,0.0,0.0,14.220000000000002,0.0,0.0,40.50000000000001,13.250000000000004,0.0,0.0,0.0,0.0,0.0,0.0,135.15000000000003,0.0,0.0,0.0,0.0,0.0,0.0,35.35714285714286,0.0,0.0,1.5,0.0,0.0,0.0,0.0,0.0,0.0,0.0,10.625,0.0,0.0,28.200000000000003,0.04,0.0,861.3000000000002,0.0,0.0,7.020190708311925,22.0,89.4,13531824.300000003,17.576282907760444,0.0
Oct-05,1.0,2.0,0.0,0.0,0.0,0.0,0.0,0.0,5.0,0.0,0.0,0.0,0.0,5.0,0.0,0.0,0.0,0.0,0.0,0.0,0.0,0.0,0.0,0.0,0.0,0.0,0.0,0.0,0.0,0.0,0.0,0.0,0.0,7.0,0.0,0.0,0.0,0.0,0.0,0.0,0.0,1.0,0.0,0.0,2.0,0.0,0.0,0.0,10.0,1.0,6.0,43.6,18.0,29.0,0.0,0.0,0.0,0.0,0.0,1.0,0.0,2.0,0.0,0.0,0.0,8.0,0.0,0.0,13.0,2.0,0.0,14.0,1.0,2.0,1.0,0.0,35.5,9.0,0.0,0.0,0.0,0.0,1.0,0.0,5.0,0.0,2.0,1.0,0.0,2.0,0.0,0.0,0.0,8.0,1.0,15.0,1.0,0.0,0.0,1.0,1.0,0.0,0.0,2.0,0.0,7.0,1.0,1.0,17.0,0.0,0.0,0.0,0.0,0.0,0.0,0.0,12.0,0.0,0.0,0.0,24.9,0.0,3.0,2.0,0.0,0.0,2.0,1.0,0.0,23.0,0.0,0.0,2.0,0.0,1.0,0.0,0.0,44.49761904761906,270.45000000000005,0.0,0.0,0.0,0.0,0.0,0.0,52.650000000000006,0.0,0.0,0.0,0.0,4.200000000000001,0.0,0.0,0.0,0.0,0.0,0.0,0.0,0.0,0.0,0.0,0.0,0.0,0.0,0.0,0.0,0.0,0.0,2.0,0.0,204.22500000000002,0.0,0.0,0.0,0.0,0.0,0.0,0.0,14.100000000000001,0.0,0.0,430.6500000000001,0.0,0.0,7.122059881629142,33.0,88.2,11267485.8,17.383177148154683,0.0
Nov-05,4.0,0.0,0.0,0.0,0.0,0.0,0.0,0.0,4.0,0.0,0.0,0.0,0.0,0.0,0.0,0.0,0.0,0.0,0.0,0.0,3.0,0.0,0.0,0.0,0.0,0.0,0.0,1.0,0.0,4.0,0.0,0.0,0.0,2.0,0.0,0.0,0.0,0.0,0.0,0.0,0.0,3.0,0.0,16.0,0.0,1.0,0.0,0.0,0.0,0.0,1.0,50.2,11.0,38.0,0.0,0.0,1.0,0.0,0.0,7.0,0.0,0.0,0.0,0.0,0.0,6.0,0.0,0.0,2.0,1.0,0.0,4.0,0.0,0.0,0.0,2.0,32.0,7.0,0.0,0.0,1.0,0.0,1.0,0.0,4.0,0.0,2.0,0.0,0.0,1.0,0.0,0.0,6.0,0.0,3.0,16.0,0.0,1.0,0.0,0.0,0.0,0.0,0.0,1.0,1.0,9.0,0.0,0.0,7.0,0.0,0.0,0.0,0.0,1.0,0.0,0.0,12.0,0.0,0.0,0.0,25.5,1.0,4.0,5.0,0.0,0.0,0.0,5.0,0.0,39.0,0.0,0.0,4.0,0.0,0.0,0.0,0.0,177.99047619047624,0.0,0.0,0.0,0.0,0.0,0.0,0.0,42.120000000000005,0.0,0.0,0.0,0.0,0.0,0.0,0.0,0.0,0.0,0.0,0.0,67.57500000000002,0.0,0.0,0.0,0.0,0.0,0.0,18.900000000000002,0.0,70.80000000000001,0.0,0.0,0.0,58.35000000000001,0.0,0.0,0.0,0.0,0.0,0.0,0.0,42.300000000000004,0.0,40.96000000000001,0.0,67.20000000000002,0.0,6.583409222158765,32.0,79.0,6868385.400000001,16.849027273342898,0.0
Dec-05,7.0,1.0,0.0,2.0,0.0,0.0,1.0,2.0,6.0,0.0,6.0,0.0,0.0,1.0,0.0,0.0,1.0,0.0,8.0,0.0,2.0,0.0,0.0,0.0,0.0,0.0,0.0,8.0,0.0,7.0,0.0,0.0,0.0,2.0,0.0,1.0,0.0,0.0,0.0,0.0,0.0,14.0,1.0,16.0,13.0,0.0,1.0,0.0,4.0,0.0,3.0,42.1,23.0,47.0,1.0,1.0,5.0,0.0,0.0,5.0,0.0,0.0,0.0,0.0,0.0,9.0,0.0,0.0,2.0,3.0,0.0,10.0,0.0,2.0,0.0,10.0,29.0,4.0,0.0,0.0,0.0,1.0,5.0,0.0,6.0,0.0,0.0,0.0,0.0,2.0,0.0,0.0,0.0,0.0,0.0,22.0,0.0,3.0,0.0,1.0,1.0,1.0,0.0,10.0,1.0,6.0,4.0,0.0,15.0,0.0,0.0,0.0,0.0,0.0,6.0,0.0,16.0,0.0,0.0,0.0,25.0,0.0,5.0,7.0,0.0,3.0,0.0,17.0,0.0,38.0,0.0,0.0,0.0,1.0,0.0,0.0,0.0,311.4833333333334,135.22500000000002,0.0,0.02,0.0,0.0,9.150000000000002,5.333333333333334,63.18000000000001,0.0,95.80000000000001,0.0,0.0,13.250000000000004,0.0,0.0,15.900000000000002,0.0,15.000000000000002,0.0,45.05000000000001,0.0,0.0,0.0,0.0,0.0,0.0,282.8571428571429,0.0,123.90000000000002,0.0,0.0,0.0,58.35000000000001,0.0,65.7,0.0,0.0,0.0,0.0,0.0,197.40000000000003,0.01,40.96000000000001,2799.2250000000004,0.0,0.01,6.668228248417403,30.8,85.3,6737871.000000001,16.827858965765017,0.0
Jan-06,2.0,0.0,0.0,0.0,0.0,0.0,0.0,0.0,0.0,1.0,0.0,0.0,0.0,1.0,3.0,0.0,0.0,0.0,5.0,0.0,0.0,0.0,0.0,0.0,0.0,0.0,0.0,1.0,0.0,1.0,0.0,0.0,3.0,0.0,0.0,0.0,0.0,1.0,0.0,0.0,0.0,0.0,0.0,0.0,0.0,0.0,0.0,0.0,0.0,0.0,0.0,89.5,26.900000000000002,54.09,0.0,0.0,1.0,0.0,0.0,20.0,0.0,0.0,0.0,0.0,0.0,21.6,0.0,0.0,0.0,16.0,0.0,18.0,0.0,0.0,0.0,0.0,44.300000000000004,8.0,0.0,0.0,0.0,0.0,0.0,0.0,18.0,0.0,0.0,0.0,0.0,0.0,0.0,0.0,0.0,2.0,6.0,25.5,0.0,0.0,0.0,0.0,0.0,0.0,0.0,4.0,0.0,12.0,0.0,0.0,27.0,0.0,0.0,0.0,0.0,0.0,0.0,0.0,18.3,1.0,0.0,0.0,46.265,0.0,0.0,12.0,0.0,0.0,1.0,21.0,0.0,54.150000000000006,0.0,2.0,0.0,8.0,0.0,0.0,3.0,88.99523809523812,0.0,0.0,0.0,0.0,0.0,0.0,0.0,0.0,14.220000000000002,0.0,1.0,0.0,13.250000000000004,9.675,0.0,0.0,0.0,9.375000000000002,0.0,6.600000000000001,0.0,0.0,0.0,0.0,0.0,10.8,34.2,0.0,18.000000000000004,0.0,0.0,6.0,0.0,0.0,0.0,0.0,139.87500000000003,0.0,0.0,0.0,0.0,0.0,10260.300000000001,499.50000000000006,0.0,0.0,7.942362237674335,49.7,94.9,6928900.500000001,16.85869228781661,0.0
Feb-06,4.0,0.0,0.0,0.0,0.0,0.0,0.0,0.0,6.0,0.0,0.0,0.0,0.0,0.0,0.0,0.0,0.0,0.0,2.0,0.0,0.0,0.0,0.0,0.0,0.0,0.0,0.0,0.0,0.0,0.0,0.0,1.0,1.0,1.0,0.0,0.0,0.0,1.0,0.0,0.0,0.0,0.0,0.0,0.0,1.0,1.0,0.0,0.0,0.0,0.0,0.0,46.6,16.0,27.0,0.0,0.0,0.0,0.0,0.0,2.0,0.0,0.0,0.0,0.0,0.0,6.0,0.0,0.0,0.0,3.0,0.0,9.0,0.0,0.0,0.0,0.0,36.0,1.0,0.0,0.0,0.0,0.0,0.0,0.0,3.0,0.0,0.0,0.0,0.0,1.0,0.0,0.0,0.0,0.0,0.0,14.0,0.0,0.0,0.0,0.0,0.0,0.0,0.0,0.0,0.0,1.0,0.0,0.0,7.0,0.0,0.0,0.0,0.0,0.0,0.0,0.0,11.0,0.0,0.0,0.0,28.265,0.0,0.0,4.0,0.0,2.0,0.0,5.0,0.0,35.0,0.0,0.0,0.0,0.0,0.0,0.0,0.0,177.99047619047624,0.0,0.0,0.0,0.0,0.0,0.0,0.0,63.18000000000001,0.0,0.0,0.0,0.0,0.0,0.0,0.0,0.0,0.0,3.7500000000000004,0.0,0.0,0.0,0.0,0.0,0.0,0.0,0.0,0.0,0.0,0.0,0.0,1.0,30.300000000000004,29.175000000000004,0.0,0.0,0.0,139.87500000000003,0.0,0.0,0.0,0.0,0.0,0.0,215.32500000000005,67.20000000000002,0.0,6.577861357721047,27.0,85.9,6001353.600000001,16.69919562077189,0.0
Mar-06,0.0,3.0,0.0,0.0,0.0,0.0,0.0,0.0,0.0,1.0,0.0,0.0,0.0,0.0,0.0,0.0,1.0,0.0,1.0,0.0,0.0,0.0,0.0,0.0,0.0,0.0,0.0,0.0,0.0,2.0,0.0,0.0,0.0,0.0,0.0,2.0,0.0,1.0,0.0,1.0,0.0,0.0,0.0,2.0,0.0,0.0,0.0,0.0,0.0,1.0,0.0,48.7,17.0,40.0,0.0,0.0,0.0,0.0,0.0,7.0,0.0,0.0,0.0,0.0,0.0,19.0,0.0,0.0,0.0,2.0,0.0,6.0,0.0,0.0,0.0,0.0,38.0,1.0,0.0,1.0,0.0,0.0,0.0,0.0,5.0,0.0,0.0,0.0,0.0,0.0,0.0,0.0,0.0,1.0,1.0,25.0,0.0,0.0,0.0,1.0,0.0,0.0,0.0,2.0,0.0,6.0,0.0,0.0,16.0,0.0,0.0,0.0,0.0,1.0,0.0,0.0,10.0,0.0,0.0,0.0,33.965,0.0,0.0,6.0,0.0,0.0,0.0,7.0,0.0,44.3,0.0,0.0,0.0,2.0,0.0,0.0,1.0,0.0,405.67500000000007,0.0,0.0,0.0,0.0,0.0,0.0,0.0,14.220000000000002,0.0,0.0,0.0,0.0,0.0,0.0,15.900000000000002,0.0,6.25,0.0,0.0,0.0,0.0,0.0,0.0,0.0,0.0,0.0,0.0,35.400000000000006,0.0,0.0,0.0,0.0,0.0,131.4,0.0,139.87500000000003,0.0,441.6000000000001,0.0,0.0,0.0,17.066666666666666,0.0,0.0,0.0,7.095064377287131,22.0,87.0,5904357.9,16.680947454485754,0.0
Apr-06,2.0,0.0,0.0,0.0,0.0,0.0,0.0,0.0,0.0,2.0,0.0,0.0,2.0,0.0,0.0,0.0,0.0,0.0,0.0,0.0,0.0,0.0,0.0,0.0,1.0,0.0,0.0,12.0,0.0,0.0,0.0,0.0,4.0,2.0,0.0,0.0,0.0,1.0,0.0,0.0,0.0,6.0,0.0,2.0,17.0,0.0,0.0,0.0,0.0,0.0,0.0,48.7,14.0,25.0,0.0,0.0,0.0,0.0,0.0,1.0,0.0,0.0,0.0,0.0,0.0,10.0,0.0,0.0,0.0,1.0,0.0,21.0,1.0,0.0,0.0,0.0,36.0,3.0,0.0,0.0,0.0,0.0,0.0,0.0,4.0,0.0,0.0,0.0,0.0,1.0,0.0,0.0,0.0,0.0,2.0,6.0,0.0,0.0,0.0,0.0,0.0,0.0,0.0,7.0,1.0,6.0,0.0,0.0,7.0,0.0,0.0,0.0,0.0,0.0,0.0,0.0,22.0,0.0,0.0,0.0,20.0,0.0,0.0,3.0,0.0,3.0,0.0,9.0,0.0,31.0,0.0,0.0,0.0,4.0,0.0,0.0,11.0,88.99523809523812,0.0,0.0,0.0,0.0,0.0,0.0,0.0,0.0,28.440000000000005,0.0,0.0,40.50000000000001,0.0,0.0,0.0,0.0,0.0,0.0,0.0,0.0,0.0,0.0,0.0,0.01,0.0,0.0,424.28571428571433,0.0,0.0,0.0,0.0,121.20000000000002,58.35000000000001,0.0,0.0,0.0,139.87500000000003,0.0,0.0,0.0,84.60000000000001,0.0,17.066666666666666,3660.5250000000005,0.0,0.0,7.393263094763838,34.900000000000006,93.815,4191950.4000000004,16.287728461693703,0.0
May-06,2.0,0.0,0.0,0.0,0.0,0.0,0.0,1.0,0.0,3.0,0.0,0.0,6.0,1.0,1.0,0.0,0.0,0.0,0.0,0.0,14.0,0.0,0.0,0.0,0.0,0.0,0.0,3.0,0.0,0.0,0.0,0.0,0.0,0.0,0.0,0.0,0.0,0.0,0.0,0.0,0.0,0.0,0.0,1.0,1.0,0.0,0.0,0.0,0.0,0.0,0.0,43.3,15.0,31.0,0.0,0.0,1.0,0.0,0.0,1.0,0.0,0.0,0.0,0.0,0.0,9.0,0.0,0.0,0.0,0.0,0.0,8.0,0.0,0.0,0.0,0.0,34.0,2.0,0.0,0.0,0.0,0.0,0.0,0.0,2.0,0.0,0.0,0.0,0.0,2.0,0.0,0.0,9.0,0.0,5.0,25.0,0.0,0.0,0.0,0.0,0.0,0.0,1.0,1.0,0.0,5.0,0.0,0.0,16.0,0.0,0.0,0.0,0.0,0.0,0.0,0.0,15.0,0.0,0.0,0.0,27.0,0.0,0.0,2.0,0.0,3.0,0.0,11.0,0.0,38.5,0.0,0.0,0.0,0.0,0.0,0.0,8.0,88.99523809523812,0.0,0.0,0.0,0.0,0.0,0.0,2.666666666666667,0.0,42.660000000000004,0.0,0.0,121.50000000000001,13.250000000000004,10.75,0.0,0.0,0.0,0.0,0.0,315.3500000000001,0.0,0.0,0.0,0.0,0.0,0.0,106.07142857142858,0.0,0.0,0.0,0.0,0.0,0.0,0.0,0.0,0.0,0.0,0.0,0.0,0.0,0.0,0.0,8.533333333333333,215.32500000000005,0.0,0.0,7.052721049232323,32.5,89.61500000000001,11941693.8,17.44467119083804,0.0
Jun-06,2.0,4.0,0.0,0.0,0.0,0.0,1.0,0.0,0.0,8.0,0.0,0.0,1.0,0.0,0.0,0.0,0.0,0.0,0.0,0.0,0.0,0.0,0.0,3.0,0.0,0.0,0.0,2.0,0.0,1.0,0.0,0.0,0.0,1.0,0.0,0.0,0.0,0.0,1.0,0.0,0.0,0.0,1.0,2.0,1.0,0.0,0.0,0.0,0.0,0.0,0.0,50.2,13.0,42.0,0.0,0.0,0.0,0.0,0.0,19.0,0.0,0.0,0.0,0.0,0.0,15.0,0.0,0.0,0.0,2.0,0.0,14.0,0.0,0.0,0.0,0.0,30.0,3.0,0.0,1.0,0.0,0.0,0.0,0.0,8.0,0.0,0.0,0.0,0.0,1.0,0.0,0.0,0.0,0.0,1.0,19.0,0.0,0.0,0.0,0.0,1.0,0.0,0.0,1.0,0.0,8.0,0.0,0.0,8.0,0.0,0.0,0.0,0.0,0.0,0.0,0.0,14.0,1.0,0.0,0.0,31.0,0.0,0.0,3.0,0.0,4.0,0.0,8.0,0.0,35.8,0.0,1.0,0.0,0.0,0.0,0.0,8.0,88.99523809523812,540.9000000000001,0.0,0.0,0.0,0.0,9.150000000000002,0.0,0.0,113.76000000000002,0.0,0.0,20.250000000000004,0.0,0.0,0.0,0.0,0.0,0.0,0.0,0.0,0.0,0.0,8.0,0.0,0.0,0.0,70.71428571428572,0.0,17.700000000000003,0.0,0.0,0.0,29.175000000000004,0.0,0.0,0.0,0.0,10.625,0.0,0.0,0.0,0.01,17.066666666666666,215.32500000000005,0.0,0.0,7.199678345691172,31.0,86.0,13311447.000000002,17.559044353065232,0.0
Jul-06,4.0,0.0,0.0,1.0,0.0,0.0,0.0,0.0,0.0,0.0,0.0,0.0,1.0,0.0,3.0,0.0,0.0,0.0,1.0,0.0,5.0,0.0,0.0,0.0,0.0,0.0,0.0,1.0,0.0,1.0,0.0,3.0,0.0,7.0,0.0,0.0,0.0,0.0,0.0,0.0,0.0,0.0,0.0,0.0,0.0,0.0,0.0,0.0,0.0,0.0,0.0,44.2,21.0,29.0,0.0,0.0,10.0,0.0,0.0,4.0,0.0,0.0,0.0,0.0,0.0,13.0,0.0,0.0,0.0,6.0,0.0,4.0,0.0,0.0,0.0,0.0,49.0,2.0,0.0,0.0,0.0,0.0,0.0,0.0,7.0,0.0,0.0,0.0,0.0,0.0,1.0,0.0,0.0,0.0,1.0,16.0,0.0,0.0,0.0,0.0,1.0,0.0,0.0,4.0,0.0,4.0,0.0,0.0,6.0,0.0,0.0,0.0,0.0,0.0,0.0,0.0,23.0,0.0,0.0,0.0,34.0,0.0,0.0,2.0,0.0,4.0,0.0,5.0,0.0,38.2,0.0,0.0,0.0,0.0,0.0,0.0,0.0,177.99047619047624,0.0,0.0,0.01,0.0,0.0,0.0,0.0,0.0,0.0,0.0,0.0,20.250000000000004,9.0,9.675,0.0,0.0,0.0,6.25,0.0,112.62500000000004,0.0,0.0,0.0,0.0,0.0,0.0,35.35714285714286,0.0,17.700000000000003,0.0,3.0,0.0,204.22500000000002,0.0,0.0,0.0,0.0,0.0,0.0,0.0,0.0,0.0,0.0,0.0,0.0,0.0,7.645397699428633,12.0,93.5,23822864.400000002,18.16301144188041,0.0
Aug-06,2.0,7.0,0.0,1.0,0.0,0.0,0.0,3.0,0.0,0.0,0.0,0.0,0.0,1.0,0.0,0.0,0.0,0.0,0.0,0.0,1.0,0.0,0.0,3.0,2.0,0.0,0.0,1.0,0.0,3.0,1.0,0.0,12.0,2.0,0.0,0.0,0.0,0.0,0.0,0.0,0.0,0.0,0.0,0.0,0.0,0.0,0.0,0.0,0.0,0.0,0.0,44.2,9.0,36.0,0.0,0.0,0.0,0.0,0.0,18.0,0.0,0.0,0.0,0.0,0.0,21.0,0.0,0.0,0.0,3.0,0.0,15.0,0.0,0.0,0.0,0.0,43.5,1.0,0.0,0.0,0.0,0.0,0.0,0.0,12.0,0.0,0.0,0.0,0.0,1.0,0.0,0.0,0.0,0.0,4.0,12.0,0.0,0.0,0.0,0.0,1.0,0.0,0.0,1.0,0.0,5.0,0.0,0.0,12.0,0.0,0.0,0.0,0.0,0.0,0.0,0.0,11.0,0.0,0.0,0.0,25.0,0.0,0.0,6.0,0.0,1.0,0.0,5.0,0.0,40.0,0.0,0.0,0.0,1.0,0.0,0.0,0.0,88.99523809523812,946.5750000000002,0.0,0.01,0.0,0.0,0.0,8.0,0.0,0.0,0.0,0.0,0.0,13.250000000000004,0.0,0.0,0.0,0.0,0.0,0.0,22.525000000000006,0.0,0.0,8.0,0.02,0.0,0.0,35.35714285714286,0.0,53.10000000000001,1.5,0.0,363.6000000000001,58.35000000000001,0.0,0.0,0.0,0.0,0.0,0.0,0.0,0.0,0.0,0.0,0.0,0.0,0.0,7.846589975291186,24.0,93.2,15716129.700000003,17.732772376814616,0.0
Sep-06,0.0,2.0,0.0,6.0,0.0,0.0,0.0,0.0,1.0,0.0,0.0,0.0,0.0,0.0,0.0,0.0,0.0,0.0,0.0,0.0,4.0,0.0,0.0,0.0,0.0,1.0,0.0,0.0,0.0,0.0,0.0,0.0,3.0,8.0,0.0,3.0,0.0,0.0,2.0,0.0,0.0,5.0,0.0,0.0,0.0,0.0,0.0,0.0,0.0,0.0,0.0,47.5,11.0,43.0,0.0,0.0,1.0,0.0,0.0,9.0,0.0,0.0,0.0,0.0,0.0,18.0,0.0,0.0,0.0,1.0,0.0,9.0,1.0,0.0,0.0,0.0,33.0,2.0,0.0,0.0,0.0,0.0,0.0,0.0,3.0,0.0,0.0,0.0,0.0,1.0,0.0,0.0,0.0,0.0,8.0,17.0,0.0,0.0,0.0,0.0,0.0,0.0,0.0,7.0,0.0,3.0,0.0,0.0,15.0,0.0,0.0,0.0,0.0,0.0,0.0,0.0,16.0,0.0,0.0,0.0,30.0,0.0,0.0,3.0,0.0,0.0,0.0,8.0,0.0,43.0,0.0,0.0,0.0,2.0,0.0,1.0,0.0,0.0,270.45000000000005,0.0,0.06,0.0,0.0,0.0,0.0,10.530000000000001,0.0,0.0,0.0,0.0,0.0,0.0,0.0,0.0,0.0,0.0,0.0,90.10000000000002,0.0,0.0,0.0,0.0,0.01,0.0,0.0,0.0,0.0,0.0,0.0,90.90000000000002,233.40000000000003,0.0,197.10000000000002,0.0,0.0,12.600000000000001,0.0,0.0,70.50000000000001,0.0,0.0,0.0,0.0,0.0,7.522400231387125,15.0,84.0,12340216.500000002,17.479317917493653,0.0
Oct-06,4.0,0.0,0.0,0.0,0.0,0.0,0.0,0.0,0.0,0.0,0.0,0.0,0.0,0.0,0.0,0.0,0.0,0.0,0.0,0.0,2.0,0.0,0.0,0.0,0.0,0.0,0.0,0.0,0.0,2.0,5.0,0.0,9.0,3.0,0.0,0.0,0.0,0.0,0.0,0.0,0.0,2.0,0.0,2.0,6.0,0.0,0.0,0.0,0.0,0.0,0.0,44.2,18.0,32.0,0.0,0.0,2.0,0.0,0.0,14.0,0.0,0.0,0.0,0.0,0.0,25.0,0.0,0.0,0.0,0.0,0.0,8.0,0.0,0.0,0.0,0.0,40.0,0.0,0.0,0.0,0.0,0.0,0.0,0.0,11.0,0.0,0.0,0.0,0.0,1.0,0.0,0.0,0.0,0.0,1.0,22.0,0.0,0.0,0.0,0.0,0.0,0.0,0.0,5.0,0.0,1.0,0.0,0.0,8.0,0.0,0.0,0.0,0.0,0.0,0.0,0.0,17.0,0.0,0.0,0.0,27.0,0.0,0.0,3.0,0.0,0.0,0.0,4.0,0.0,28.0,0.0,0.0,0.0,1.0,0.0,0.0,0.0,177.99047619047624,0.0,0.0,0.0,0.0,0.0,0.0,0.0,0.0,0.0,0.0,0.0,0.0,0.0,0.0,0.0,0.0,0.0,0.0,0.0,45.05000000000001,0.0,0.0,0.0,0.0,0.0,0.0,0.0,0.0,35.400000000000006,7.5,0.0,272.70000000000005,87.52500000000002,0.0,0.0,0.0,0.0,0.0,0.0,0.0,28.200000000000003,0.0,17.066666666666666,1291.9500000000003,0.0,0.0,7.615298339825815,29.400000000000002,96.0,5632301.4,16.627912786370835,0.0
Nov-06,2.0,0.0,0.0,2.0,0.0,0.0,0.0,0.0,7.0,0.0,0.0,0.0,1.0,0.0,0.0,0.0,0.0,0.0,0.0,0.0,5.0,0.0,0.0,1.0,10.0,0.0,0.0,0.0,0.0,0.0,0.0,0.0,0.0,1.0,0.0,0.0,0.0,0.0,0.0,0.0,0.0,1.0,0.0,5.0,5.0,0.0,0.0,0.0,0.0,0.0,0.0,47.8,17.0,40.0,0.0,0.0,1.0,0.0,0.0,6.0,0.0,0.0,0.0,0.0,0.0,18.0,0.0,0.0,0.0,3.0,0.0,12.0,0.0,0.0,0.0,0.0,41.0,1.0,0.0,0.0,0.0,0.0,0.0,0.0,5.0,0.0,0.0,0.0,0.0,1.0,0.0,0.0,0.0,2.0,3.0,26.0,0.0,0.0,0.0,0.0,0.0,0.0,0.0,4.0,0.0,2.0,0.0,0.0,14.0,0.0,0.0,0.0,0.0,0.0,0.0,0.0,12.0,0.0,0.0,0.0,30.0,0.0,0.0,3.0,0.0,3.0,0.0,18.0,0.0,43.0,0.0,0.0,0.0,0.0,0.0,0.0,2.0,88.99523809523812,0.0,0.0,0.02,0.0,0.0,0.0,0.0,73.71000000000001,0.0,0.0,0.0,20.250000000000004,0.0,0.0,0.0,0.0,0.0,0.0,0.0,112.62500000000004,0.0,0.0,2.6666666666666665,0.1,0.0,0.0,0.0,0.0,0.0,0.0,0.0,6.300000000000001,29.175000000000004,0.0,0.0,0.0,0.0,0.0,0.0,0.0,14.100000000000001,0.0,15.786666666666665,1076.6250000000002,0.0,0.0,7.277938572945661,18.3,70.0,5079762.0,16.51068279286805,0.0
Dec-06,8.600000000000001,6.0,0.0,0.0,0.0,2.0,0.0,0.0,6.0,2.0,1.0,0.0,18.0,17.0,0.0,0.0,0.0,0.0,7.0,0.0,3.0,0.0,0.0,4.0,6.0,0.0,0.0,7.800000000000001,0.0,0.0,0.0,0.0,7.0,4.0,6.0,0.0,0.0,0.0,0.0,10.0,0.0,1.0,0.0,11.0,11.0,0.0,0.0,0.0,0.0,0.0,0.0,45.7,19.0,45.0,0.0,0.0,3.0,0.0,0.0,2.0,0.0,0.0,0.0,0.0,0.0,9.0,0.0,0.0,0.0,2.0,0.0,13.0,1.0,0.0,0.0,0.0,43.0,1.0,0.0,3.0,0.0,0.0,0.0,0.0,4.0,0.0,0.0,0.0,0.0,0.0,0.0,0.0,0.0,0.0,11.0,28.200000000000003,0.0,0.0,0.0,0.0,1.0,0.0,1.0,14.0,2.0,3.0,0.0,0.0,14.0,0.0,0.0,0.0,0.0,0.0,9.0,1.0,16.0,0.0,0.0,0.0,44.0,0.0,0.0,5.0,0.0,3.0,0.0,18.0,0.0,46.0,0.0,4.0,0.0,0.0,0.0,0.0,0.0,1067.9428571428573,811.3500000000001,0.0,0.0,0.0,9.600000000000001,0.0,0.0,63.18000000000001,28.440000000000005,15.966666666666669,0.0,364.50000000000006,225.25000000000006,0.0,0.0,0.0,0.0,13.125000000000002,0.0,67.57500000000002,0.0,0.0,10.666666666666666,0.06,0.0,0.0,919.2857142857144,0.0,0.0,0.0,0.0,212.10000000000002,116.70000000000002,86.22,0.0,0.0,0.0,0.0,4416.000000000001,0.0,14.100000000000001,0.0,31.14666666666667,2368.5750000000003,0.0,0.0,7.347299700743164,29.1,71.0,4443319.5,16.35605640334955,0.0
Jan-07,2.0,4.0,0.0,0.0,0.0,0.0,1.0,0.0,0.0,0.0,0.0,0.0,0.0,0.0,0.0,0.0,0.0,0.0,0.0,0.0,2.0,0.0,0.0,0.0,0.0,0.0,0.0,0.0,0.0,0.0,0.0,0.0,0.0,0.0,0.0,0.0,0.0,0.0,0.0,1.0,0.0,0.0,0.0,1.0,5.0,0.0,0.0,0.0,0.0,0.0,0.0,84.4,36.0,53.300000000000004,0.0,3.0,0.0,1.0,0.0,14.600000000000001,0.0,0.0,0.0,0.0,0.0,16.200000000000003,0.0,0.0,0.0,9.0,0.0,21.0,2.0,0.0,0.0,0.0,59.1,8.0,0.0,1.0,0.0,0.0,0.0,0.0,18.0,0.0,0.0,0.0,0.0,1.0,1.0,0.0,0.0,3.0,6.0,26.700000000000003,0.0,0.0,0.0,0.0,0.0,1.0,0.0,6.0,0.0,7.0,0.0,0.0,28.0,0.0,0.0,0.0,0.0,0.0,0.0,0.0,28.0,1.0,0.0,0.0,44.400000000000006,0.0,0.0,14.0,0.0,4.0,0.0,18.0,0.0,61.150000000000006,0.0,2.0,0.0,1.0,0.0,1.0,0.0,4.200000000000001,540.9000000000001,0.0,0.0,0.0,0.0,9.150000000000002,0.0,0.0,0.0,0.0,0.0,233.10000000000002,2274.0000000000005,0.0,0.0,0.0,13.0,0.0,0.0,45.05000000000001,0.0,0.0,0.0,8.0,0.0,0.0,7.0,0.0,0.0,89.10000000000001,0.0,0.0,0.0,0.0,0.0,0.0,0.0,0.0,441.6000000000001,0.0,0.0,0.0,68.68666666666667,1076.6250000000002,0.0,0.0,7.291656209174461,34.2,90.0,2439788.4000000004,15.608628603908912,0.0
Feb-07,2.0,0.0,0.0,0.0,0.0,0.0,0.0,0.0,0.0,0.0,1.0,0.0,1.0,3.0,0.0,0.0,2.0,0.0,0.0,0.0,0.0,0.0,0.0,0.0,1.0,0.0,0.0,0.0,0.0,1.0,0.0,6.0,0.0,0.0,0.0,0.0,0.0,0.0,0.0,0.0,0.0,0.0,0.0,3.0,0.0,0.0,0.0,0.0,0.0,0.0,0.0,54.1,18.0,41.9,0.0,0.0,0.0,0.0,0.0,3.0,0.0,0.0,0.0,0.0,0.0,15.0,0.0,0.0,0.0,5.0,0.0,3.0,0.0,0.0,0.0,0.0,32.0,1.0,0.0,0.0,0.0,0.0,0.0,0.0,8.0,0.0,0.0,0.0,0.0,1.0,0.0,0.0,0.0,0.0,1.0,16.0,0.0,0.0,0.0,0.0,0.0,0.0,0.0,1.0,0.0,6.0,0.0,0.0,27.800000000000004,0.0,0.0,0.0,0.0,0.0,0.0,0.0,17.0,0.0,0.0,0.0,35.1,0.0,0.0,10.0,0.0,1.0,0.0,5.0,0.0,47.95,0.0,1.0,0.0,1.0,0.0,0.0,0.0,88.99523809523812,0.0,0.0,0.0,0.0,0.0,0.0,0.0,0.0,0.0,15.966666666666669,0.0,20.250000000000004,39.75000000000001,0.0,0.0,31.800000000000004,0.0,0.0,0.0,1.0,0.0,0.0,0.0,0.01,0.0,0.0,0.0,0.0,17.700000000000003,0.0,6.0,0.0,0.0,0.0,0.0,0.0,0.0,0.0,0.0,0.0,0.0,0.0,10.666666666666668,0.0,0.0,0.0,6.745236349484363,21.0,70.0,2163044.1,15.441938518648724,0.0
Mar-07,0.0,2.0,0.0,0.0,0.0,0.0,0.0,0.0,0.0,0.0,0.0,0.0,0.0,1.0,0.0,0.0,0.0,0.0,0.0,0.0,0.0,0.0,0.0,0.0,0.0,0.0,0.0,1.0,0.0,0.0,1.0,0.0,1.0,0.0,0.0,0.0,0.0,0.0,0.0,0.0,0.0,0.0,0.0,2.0,0.0,0.0,0.0,0.0,0.0,0.0,0.0,46.900000000000006,22.0,41.3,0.0,0.0,0.0,0.0,0.0,3.0,0.0,0.0,0.0,0.0,0.0,13.0,0.0,0.0,0.0,3.0,0.0,2.0,0.0,0.0,0.0,0.0,47.0,3.0,0.0,0.0,0.0,0.0,0.0,0.0,23.0,0.0,0.0,0.0,0.0,0.0,0.0,0.0,0.0,1.0,4.0,14.0,0.0,0.0,0.0,0.0,0.0,0.0,0.0,5.0,0.0,6.0,0.0,0.0,14.0,0.0,0.0,0.0,0.0,1.0,0.0,0.0,13.0,0.0,0.0,0.0,31.0,1.0,0.0,3.0,0.0,4.0,0.0,4.0,0.0,44.0,0.0,0.0,0.0,3.0,0.0,0.0,0.0,0.0,270.45000000000005,0.0,0.0,0.0,0.0,0.0,0.0,0.0,0.0,0.0,3.0,0.0,13.250000000000004,0.0,0.0,0.0,0.0,0.0,0.0,0.0,0.0,0.0,0.0,0.0,0.0,0.0,35.35714285714286,0.0,0.0,1.5,0.0,30.300000000000004,0.0,0.0,0.0,0.0,0.0,0.0,0.0,0.0,0.0,0.0,8.106666666666667,0.0,0.0,0.0,7.430114138561801,20.1,63.0,2479454.7,15.630396861746284,0.0
Apr-07,2.0,2.0,0.0,0.0,0.0,0.0,0.0,0.0,0.0,0.0,0.0,0.0,0.0,0.0,0.0,0.0,1.0,0.0,2.0,0.0,2.0,0.0,0.0,0.0,0.0,0.0,0.0,1.0,0.0,0.0,0.0,10.0,0.0,1.0,0.0,0.0,1.0,0.0,0.0,2.0,0.0,0.0,2.0,0.0,0.0,0.0,0.0,0.0,0.0,0.0,0.0,46.3,21.0,36.0,0.0,1.0,1.0,1.0,0.0,3.0,0.0,0.0,0.0,0.0,0.0,15.0,0.0,0.0,0.0,2.0,0.0,8.0,0.0,0.0,0.0,0.0,41.0,0.0,0.0,0.0,0.0,0.0,0.0,0.0,7.0,0.0,0.0,0.0,0.0,2.0,0.0,0.0,0.0,0.0,8.0,21.0,0.0,0.0,0.0,0.0,0.0,0.0,0.0,6.0,0.0,7.0,0.0,0.0,12.0,0.0,0.0,0.0,0.0,0.0,0.0,0.0,18.0,0.0,0.0,0.0,39.0,0.0,0.0,4.0,0.0,0.0,0.0,9.0,0.0,39.0,0.0,0.0,0.0,1.0,0.0,0.0,0.0,88.99523809523812,270.45000000000005,0.0,0.0,0.0,0.0,0.0,0.0,0.0,0.0,0.0,0.0,0.0,0.0,0.0,0.0,15.900000000000002,0.0,12.5,0.0,45.05000000000001,0.0,0.0,0.0,0.0,0.0,0.0,35.35714285714286,0.0,0.0,0.0,10.0,0.0,29.175000000000004,0.0,0.0,0.1428571428571428,0.0,0.0,883.2000000000002,0.0,0.0,0.02,0.0,0.0,0.0,0.0,7.495541943884256,28.800000000000004,56.0,2863944.6000000006,15.819960602681885,0.0
May-07,1.0,0.0,0.0,5.0,0.0,0.0,0.0,0.0,0.0,0.0,0.0,0.0,0.0,0.0,0.0,0.0,0.0,0.0,0.0,0.0,0.0,0.0,0.0,0.0,0.0,0.0,0.0,0.0,0.0,2.0,0.0,4.0,0.0,0.0,0.0,0.0,0.0,0.0,0.0,0.0,0.0,2.0,0.0,0.0,0.0,0.0,0.0,0.0,0.0,0.0,0.0,46.0,16.0,34.0,0.0,0.0,0.0,0.0,0.0,20.0,0.0,0.0,0.0,0.0,0.0,15.0,0.0,0.0,0.0,3.0,0.0,4.0,0.0,0.0,0.0,0.0,36.0,1.0,0.0,0.0,0.0,0.0,0.0,0.0,14.0,0.0,0.0,0.0,0.0,1.0,0.0,0.0,0.0,0.0,7.0,11.0,0.0,0.0,0.0,0.0,0.0,0.0,0.0,6.0,0.0,4.0,0.0,0.0,19.0,0.0,0.0,0.0,0.0,0.0,0.0,0.0,14.0,1.0,0.0,0.0,22.0,0.0,0.0,5.0,0.0,0.0,0.0,4.0,0.0,51.0,0.0,0.0,0.0,0.0,0.0,0.0,0.0,44.49761904761906,0.0,0.0,0.05,0.0,0.0,0.0,0.0,0.0,0.0,0.0,0.0,0.0,0.0,0.0,0.0,0.0,0.0,0.0,0.0,0.0,0.0,0.0,0.0,0.0,0.0,0.0,0.0,0.0,35.400000000000006,0.0,4.0,0.0,0.0,0.0,0.0,0.0,0.0,0.0,0.0,0.0,28.200000000000003,0.0,0.0,0.0,0.0,0.0,7.134890851565884,28.800000000000004,63.0,3328124.4000000004,16.009315628779774,0.0
Jun-07,0.0,8.0,0.0,0.0,0.0,0.0,2.0,0.0,0.0,0.0,0.0,0.0,7.0,0.0,0.0,0.0,0.0,0.0,0.0,0.0,0.0,0.0,0.0,0.0,1.0,0.0,0.0,15.0,0.0,0.0,0.0,0.0,7.0,5.0,0.0,1.0,0.0,0.0,0.0,0.0,0.0,0.0,0.0,0.0,0.0,0.0,0.0,0.0,0.0,0.0,0.0,47.5,16.0,31.0,0.0,0.0,0.0,0.0,0.0,8.0,0.0,0.0,0.0,0.0,0.0,17.0,1.0,0.0,0.0,8.0,0.0,15.0,0.0,0.0,0.0,0.0,35.0,0.0,0.0,0.0,0.0,0.0,0.0,0.0,7.0,0.0,0.0,0.0,0.0,0.0,1.0,0.0,0.0,1.0,3.0,13.0,0.0,0.0,0.0,0.0,0.0,0.0,0.0,1.0,0.0,11.0,0.0,0.0,12.0,0.0,0.0,0.0,0.0,0.0,0.0,0.0,29.0,1.0,0.0,0.0,38.0,0.0,0.0,1.0,0.0,4.0,0.0,13.0,0.0,50.0,0.0,0.0,0.0,1.0,0.0,1.0,0.0,0.0,1081.8000000000002,0.0,0.0,0.0,0.0,18.300000000000004,0.0,0.0,0.0,0.0,0.0,141.75000000000003,0.0,0.0,0.0,0.0,0.0,0.0,0.0,0.0,0.0,0.0,0.0,0.01,0.0,0.0,530.3571428571429,0.0,0.0,0.0,0.0,212.10000000000002,145.87500000000003,0.0,65.7,0.0,0.0,0.0,0.0,0.0,0.0,0.0,0.0,0.0,0.0,0.0,7.534228326274089,18.0,73.0,34340181.60000001,18.53706547799612,0.0
Jul-07,0.0,1.0,0.0,0.0,0.0,1.0,0.0,0.0,0.0,0.0,0.0,0.0,0.0,0.0,0.0,0.0,0.0,0.0,0.0,0.0,1.0,0.0,1.0,8.0,1.0,0.0,0.0,5.0,0.0,2.0,10.0,0.0,0.0,0.0,0.0,0.0,0.0,1.0,0.0,0.0,0.0,0.0,2.0,0.0,0.0,0.0,0.0,0.0,0.0,0.0,0.0,50.800000000000004,15.0,37.0,0.0,1.0,8.0,0.0,0.0,10.0,0.0,0.0,0.0,0.0,0.0,12.0,0.0,0.0,0.0,1.0,0.0,5.0,0.0,0.0,0.0,0.0,36.0,5.0,0.0,1.0,0.0,0.0,0.0,0.0,5.0,0.0,0.0,0.0,0.0,0.0,0.0,0.0,0.0,1.0,2.0,15.0,0.0,0.0,0.0,0.0,1.0,0.0,0.0,11.0,0.0,5.0,0.0,0.0,15.0,0.0,0.0,0.0,0.0,0.0,0.0,0.0,18.0,1.0,0.0,0.0,25.0,0.0,0.0,3.0,0.0,3.0,0.0,10.0,0.0,44.0,0.0,8.0,0.0,0.0,0.0,0.0,0.0,0.0,135.22500000000002,0.0,0.0,0.0,16.0,0.0,0.0,0.0,0.0,0.0,0.0,0.0,0.0,0.0,0.0,0.0,0.0,0.0,0.0,22.525000000000006,0.0,0.01,6.3999999999999995,0.01,0.0,0.0,176.78571428571433,0.0,35.400000000000006,15.0,0.0,3.6000000000000005,0.0,0.0,0.0,0.0,139.87500000000003,0.0,0.0,0.0,0.0,0.02,0.0,0.0,0.0,0.0,7.349873704738337,13.0,81.95,48831400.20000001,18.894719116413608,0.0
Aug-07,2.0,7.0,0.0,0.0,0.0,0.0,0.0,0.0,0.0,0.0,0.0,0.0,0.0,0.0,1.0,0.0,0.0,0.0,0.0,0.0,2.0,0.0,0.0,0.0,0.0,0.0,0.0,0.0,0.0,0.0,0.0,0.0,0.0,1.0,0.0,0.0,0.0,1.0,0.0,2.0,0.0,0.0,0.0,2.0,5.0,0.0,0.0,0.0,0.0,0.0,0.0,47.5,15.0,31.0,0.0,1.0,0.0,0.0,0.0,17.0,0.0,0.0,0.0,0.0,0.0,13.0,0.0,0.0,0.0,2.0,0.0,9.0,0.0,0.0,0.0,0.0,44.1,4.0,0.0,0.0,0.0,0.0,0.0,0.0,6.0,0.0,0.0,0.0,0.0,0.0,0.0,0.0,0.0,0.0,1.0,22.0,0.0,0.0,0.0,0.0,1.0,0.0,0.0,3.0,0.0,2.0,0.0,0.0,20.0,0.0,0.0,0.0,0.0,0.0,0.0,0.0,17.0,0.0,0.0,0.0,33.0,0.0,0.0,5.0,0.0,5.0,0.0,7.0,0.0,30.0,0.0,1.0,0.0,0.0,0.0,1.0,1.0,88.99523809523812,946.5750000000002,0.0,0.0,0.0,0.0,0.0,0.0,0.0,0.0,0.0,0.0,0.0,0.0,10.75,0.0,0.0,0.0,0.0,0.0,45.05000000000001,0.0,0.0,0.0,0.0,0.0,0.0,0.0,0.0,0.0,0.0,0.0,0.0,29.175000000000004,0.0,0.0,0.0,139.87500000000003,0.0,883.2000000000002,0.0,0.0,0.0,17.066666666666666,1076.6250000000002,0.0,0.0,7.492760300922379,22.0,83.15,20924131.200000003,18.02945329266992,0.0
Sep-07,0.0,0.0,0.0,0.0,0.0,12.0,0.0,0.0,0.0,0.0,1.0,0.0,0.0,0.0,2.0,2.0,4.0,0.0,0.0,0.0,0.0,0.0,0.0,0.0,0.0,1.0,0.0,2.0,0.0,1.0,0.0,6.0,3.0,2.0,0.0,1.0,0.0,0.0,0.0,0.0,0.0,0.0,0.0,0.0,1.0,0.0,0.0,0.0,0.0,0.0,0.0,50.2,17.0,48.0,0.0,0.0,0.0,0.0,0.0,4.0,0.0,0.0,0.0,0.0,0.0,20.0,0.0,0.0,0.0,2.0,0.0,3.0,1.0,0.0,0.0,0.0,40.0,3.0,0.0,0.0,0.0,0.0,0.0,0.0,6.0,0.0,0.0,0.0,0.0,1.0,0.0,0.0,0.0,2.0,5.0,17.0,0.0,0.0,0.0,0.0,0.0,0.0,0.0,9.0,1.0,5.0,0.0,0.0,9.0,0.0,0.0,0.0,0.0,0.0,0.0,0.0,26.0,0.0,0.0,0.0,34.0,0.0,0.0,6.0,0.0,0.0,0.0,12.0,0.0,35.0,0.0,0.0,0.0,2.0,0.0,0.0,0.0,0.0,0.0,0.0,0.0,0.0,57.60000000000001,0.0,0.0,0.0,0.0,15.966666666666669,0.0,0.0,0.0,6.450000000000001,0.02,63.60000000000001,0.0,0.0,0.0,0.0,0.0,0.0,0.0,0.0,0.01,0.0,70.71428571428572,0.0,17.700000000000003,0.0,6.0,90.90000000000002,58.35000000000001,0.0,65.7,0.0,0.0,0.0,0.0,0.0,0.0,0.0,0.0,215.32500000000005,0.0,0.0,7.504942068396171,25.0,73.25,14561934.300000003,17.65313991966923,0.0
Oct-07,0.0,9.0,0.0,1.0,0.0,0.0,1.0,0.0,0.0,0.0,0.0,0.0,1.0,0.0,0.0,0.0,1.0,0.0,0.0,0.0,4.0,0.0,1.0,0.0,0.0,0.0,0.0,0.0,0.0,0.0,0.0,0.0,0.0,3.0,0.0,0.0,1.0,2.0,0.0,2.0,0.0,0.0,0.0,0.0,0.0,0.0,0.0,0.0,0.0,0.0,0.0,51.400000000000006,17.0,41.9,0.0,0.0,0.0,0.0,0.0,5.0,0.0,0.0,0.0,0.0,0.0,21.0,0.0,0.0,0.0,4.0,0.0,12.0,0.0,0.0,0.0,0.0,45.0,3.0,0.0,0.0,0.0,0.0,0.0,0.0,4.0,0.0,0.0,0.0,0.0,3.0,0.0,0.0,0.0,1.0,3.0,20.0,0.0,0.0,0.0,0.0,1.0,0.0,0.0,2.0,1.0,5.0,0.0,0.0,16.0,0.0,0.0,0.0,0.0,0.0,1.0,0.0,14.0,0.0,0.0,0.0,30.0,0.0,0.0,1.0,0.0,2.0,0.0,10.0,0.0,37.0,0.0,0.0,0.0,0.0,0.0,0.0,0.0,0.0,1217.025,0.0,0.01,0.0,0.0,9.150000000000002,0.0,0.0,0.0,0.0,0.0,20.250000000000004,0.0,0.0,0.0,15.900000000000002,0.0,0.0,0.0,90.10000000000002,0.0,0.01,0.0,0.0,0.0,0.0,0.0,0.0,0.0,0.0,0.0,0.0,87.52500000000002,0.0,0.0,0.1428571428571428,279.75000000000006,0.0,883.2000000000002,0.0,0.0,0.0,0.0,0.0,0.0,0.0,7.606884531,32.650000000000006,75.35,9892041.3,17.244614892879436,0.0
Nov-07,9.0,0.0,0.0,0.0,0.0,0.0,1.0,1.0,7.0,0.0,0.0,0.0,0.0,1.0,0.0,0.0,1.0,0.0,0.0,0.0,0.0,0.0,0.0,0.0,0.0,0.0,0.0,0.0,0.0,2.0,0.0,0.0,0.0,1.0,0.0,0.0,0.0,0.0,0.0,0.0,0.0,0.0,0.0,0.0,0.0,0.0,0.0,0.0,0.0,0.0,0.0,46.900000000000006,11.0,39.0,0.0,0.0,0.0,0.0,0.0,8.0,0.0,0.0,0.0,0.0,0.0,15.0,0.0,0.0,0.0,2.0,0.0,5.0,0.0,0.0,0.0,0.0,31.0,1.0,0.0,0.0,0.0,0.0,0.0,0.0,6.0,0.0,0.0,0.0,0.0,2.0,0.0,0.0,0.0,0.0,14.0,18.0,0.0,0.0,0.0,0.0,0.0,0.0,0.0,8.0,1.0,2.0,0.0,0.0,14.0,0.0,0.0,0.0,0.0,0.0,0.0,0.0,18.0,0.0,0.0,0.0,24.0,0.0,0.0,7.0,0.0,2.0,0.0,10.0,0.0,41.0,0.0,0.0,0.0,3.0,0.0,0.0,0.0,400.4785714285715,0.0,0.0,0.0,0.0,0.0,9.150000000000002,17.700000000000003,73.71000000000001,0.0,0.0,0.0,0.0,13.250000000000004,0.0,0.0,15.900000000000002,0.0,0.0,0.0,8.400000000000002,0.0,0.0,0.0,0.0,0.0,0.0,0.0,0.0,35.400000000000006,0.0,0.0,0.0,29.175000000000004,0.0,0.0,0.0,0.0,0.0,0.0,0.0,0.0,0.0,0.0,0.0,0.0,0.0,7.549082710812286,27.0,74.0,5186260.2,16.534372962625067,0.0
Dec-07,11.400000000000002,17.0,0.0,0.0,0.0,0.0,1.0,1.0,9.0,0.0,0.0,0.0,1.0,2.0,0.0,0.0,2.0,0.0,12.0,0.0,9.0,0.0,0.0,4.0,3.0,0.0,0.0,11.400000000000002,0.0,4.0,0.0,0.0,2.0,10.0,5.0,0.0,1.0,0.0,0.0,1.0,0.0,6.600000000000001,0.0,7.0,5.0,3.0,1.0,0.0,0.0,0.0,0.0,51.400000000000006,19.0,38.0,0.0,1.0,7.0,0.0,0.0,6.0,0.0,0.0,0.0,0.0,0.0,18.0,0.0,0.0,0.0,3.0,0.0,17.0,1.0,0.0,0.0,0.0,31.0,0.0,0.0,1.0,0.0,0.0,0.0,0.0,5.0,0.0,0.0,0.0,0.0,3.0,0.0,0.0,0.0,3.0,11.0,35.0,0.0,0.0,0.0,0.0,3.0,0.0,0.0,14.0,0.0,9.0,0.0,0.0,21.0,0.0,0.0,0.0,0.0,0.0,12.0,0.0,23.0,0.0,0.0,0.0,39.0,0.0,0.0,11.0,0.0,7.0,0.0,16.6,0.0,46.5,0.0,2.0,0.0,2.0,0.0,1.0,0.0,1690.9095238095244,2298.8250000000003,0.0,0.0,0.0,0.0,9.150000000000002,2.666666666666667,94.77000000000002,0.0,0.0,0.0,20.250000000000004,26.500000000000007,0.0,0.0,31.800000000000004,0.0,22.500000000000004,0.0,202.72500000000005,0.0,0.0,10.666666666666666,0.03,0.0,0.0,1343.5714285714287,0.0,70.80000000000001,0.0,0.0,60.60000000000001,291.75000000000006,71.85000000000001,0.0,0.1428571428571428,0.0,0.0,441.6000000000001,0.0,310.20000000000005,0.0,17.92,1076.6250000000002,201.60000000000002,0.01,7.294377299288821,41.95,78.0,2014100.4000000001,15.339215621198203,0.0
Jan-08,2.0,1.0,0.0,1.0,0.0,0.0,0.0,2.0,0.0,0.0,1.0,0.0,0.0,0.0,0.0,0.0,1.0,0.0,0.0,0.0,1.0,0.0,0.0,0.0,0.0,0.0,0.0,3.0,0.0,0.0,0.0,0.0,0.0,2.0,0.0,0.0,0.0,0.0,0.0,1.0,0.0,0.0,0.0,0.0,0.0,0.0,0.0,0.0,0.0,0.0,0.0,86.20000000000002,35.0,57.5,0.0,1.0,2.0,1.0,0.0,15.3,0.0,0.0,0.0,0.0,0.0,31.950000000000003,1.0,0.0,0.0,14.0,0.0,14.5,0.0,0.0,0.0,0.0,53.2,7.0,1.0,0.0,0.0,0.0,0.0,0.0,14.0,0.0,0.0,0.0,0.0,2.0,1.0,0.0,0.0,8.0,9.0,30.0,0.0,0.0,0.0,0.0,0.0,0.0,0.0,9.0,0.0,16.0,0.0,0.0,24.650000000000002,0.0,0.0,0.0,0.0,1.0,0.0,0.0,31.5,1.0,0.0,0.0,46.050000000000004,0.0,0.0,18.0,0.0,11.0,0.0,13.9,0.0,58.5,0.0,3.0,0.0,5.0,0.0,0.0,4.0,6.000000000000001,135.22500000000002,0.0,0.01,0.0,0.0,0.0,2.0,0.0,308.40000000000003,976.8000000000002,0.0,9.000000000000002,13.800000000000002,0.0,0.0,15.900000000000002,0.0,3.9000000000000004,0.0,142.20000000000002,0.0,0.0,0.0,0.0,0.0,0.0,214.80000000000004,1.0,129.60000000000002,429.00000000000006,13.0,28.800000000000004,68.4,0.0,79.80000000000001,0.0,0.0,0.0,441.6000000000001,0.0,0.0,0.0,330.6,319.80000000000007,30.600000000000005,0.0,7.965545573129992,35.050000000000004,79.0,26686249.200000003,18.27945920638621,0.0
Feb-08,0.0,0.0,0.0,0.0,0.0,2.0,0.0,1.0,0.0,0.0,0.0,0.0,4.0,0.0,0.0,0.0,0.0,0.0,0.0,0.0,0.0,0.0,0.0,0.0,0.0,0.0,0.0,0.0,0.0,0.0,0.0,0.0,0.0,0.0,0.0,1.0,0.0,0.0,0.0,0.0,0.0,0.0,0.0,0.0,0.0,0.0,0.0,0.0,0.0,0.0,0.0,46.0,16.0,38.0,0.0,0.0,0.0,0.0,0.0,5.0,0.0,0.0,0.0,0.0,0.0,21.0,0.0,0.0,0.0,2.0,0.0,3.0,0.0,0.0,0.0,0.0,30.0,4.0,0.0,0.0,0.0,0.0,0.0,0.0,4.0,0.0,0.0,0.0,0.0,2.0,0.0,0.0,0.0,0.0,4.0,10.0,0.0,0.0,0.0,0.0,0.0,0.0,0.0,1.0,0.0,2.0,0.0,0.0,23.0,0.0,0.0,0.0,0.0,0.0,1.0,0.0,13.0,2.0,0.0,0.0,33.0,0.0,0.0,0.0,0.0,4.0,0.0,6.0,0.0,44.1,0.0,2.0,0.0,0.0,0.0,0.0,1.0,0.0,0.0,0.0,0.0,0.0,9.600000000000001,0.0,2.666666666666667,0.0,0.0,0.0,0.0,81.00000000000001,0.0,0.0,0.0,0.0,0.0,0.0,0.0,0.0,0.0,0.0,0.0,0.0,0.0,0.0,0.0,0.0,0.0,0.0,0.0,0.0,0.0,0.0,65.7,0.0,0.0,0.0,0.0,0.0,0.0,0.0,0.0,0.0,0.0,0.0,7.608374474380783,32.0,74.0,27137457.900000002,18.296632495272707,0.0
Mar-08,2.0,10.0,0.0,0.0,0.0,0.0,0.0,8.0,0.0,0.0,0.0,0.0,3.0,2.0,0.0,0.0,0.0,0.0,0.0,0.0,0.0,0.0,1.0,6.0,0.0,1.0,0.0,4.0,0.0,0.0,0.0,0.0,0.0,0.0,0.0,0.0,0.0,1.0,0.0,0.0,0.0,0.0,0.0,0.0,0.0,0.0,0.0,0.0,0.0,0.0,0.0,59.2,22.0,47.0,0.0,0.0,0.0,0.0,0.0,4.0,0.0,0.0,0.0,0.0,0.0,34.0,0.0,0.0,0.0,4.0,0.0,13.0,0.0,0.0,0.0,0.0,47.0,3.0,0.0,0.0,0.0,0.0,0.0,0.0,5.0,0.0,0.0,0.0,0.0,1.0,0.0,0.0,0.0,2.0,8.0,29.0,0.0,0.0,0.0,0.0,0.0,0.0,0.0,3.0,0.0,5.0,0.0,0.0,17.0,0.0,0.0,0.0,0.0,1.0,0.0,0.0,23.0,0.0,0.0,0.0,38.0,0.0,0.0,3.0,0.0,2.0,0.0,10.0,0.0,46.8,0.0,0.0,0.0,0.0,0.0,1.0,2.0,88.99523809523812,1352.2500000000002,0.0,0.0,0.0,0.0,0.0,21.333333333333336,0.0,0.0,0.0,0.0,60.75000000000001,26.500000000000007,0.0,0.0,0.0,0.0,0.0,0.0,0.0,0.0,0.01,16.0,0.0,0.01,0.0,141.42857142857144,0.0,0.0,0.0,0.0,0.0,0.0,0.0,0.0,0.0,139.87500000000003,0.0,0.0,0.0,0.0,0.0,0.0,0.0,0.0,0.0,7.607381425639791,41.900000000000006,77.0,3351293.4000000004,16.017889274320904,0.0
Apr-08,6.0,0.0,0.0,0.0,0.0,0.0,0.0,0.0,0.0,1.0,0.0,0.0,6.0,0.0,0.0,0.0,0.0,1.0,1.0,0.0,1.0,0.0,0.0,0.0,1.0,0.0,0.0,1.0,0.0,0.0,0.0,0.0,3.0,7.500000000000001,0.0,0.0,0.0,0.0,0.0,2.0,0.0,0.0,0.0,3.0,0.0,0.0,0.0,0.0,0.0,0.0,0.0,54.1,20.0,43.0,0.0,0.0,1.0,2.0,0.0,9.0,0.0,0.0,0.0,0.0,0.0,23.0,0.0,0.0,0.0,5.0,0.0,6.0,0.0,0.0,0.0,0.0,49.0,6.0,0.0,1.0,0.0,0.0,0.0,0.0,5.0,0.0,0.0,0.0,0.0,1.0,0.0,0.0,0.0,2.0,7.0,33.0,0.0,0.0,0.0,0.0,0.0,0.0,0.0,5.0,0.0,5.0,0.0,0.0,21.0,0.0,0.0,0.0,0.0,0.0,0.0,0.0,25.0,0.0,0.0,0.0,37.0,0.0,0.0,4.0,0.0,0.0,0.0,14.0,0.0,40.0,0.0,0.0,0.0,3.0,0.0,0.0,2.0,266.98571430000004,0.0,0.0,0.0,0.0,0.0,0.0,0.0,0.0,14.220000000000002,0.0,0.0,121.50000000000001,0.0,0.0,0.0,0.0,1.0,6.25,0.0,22.525000000000006,0.0,0.0,0.0,0.01,0.0,0.0,35.35714285714286,0.0,0.0,0.0,0.0,90.90000000000002,729.3750000000001,59.400000000000006,0.0,0.0,0.0,0.0,883.2000000000002,0.0,0.0,0.0,7.6800000000000015,0.0,0.0,0.0,7.6586995582682995,30.0,57.0,5654742.000000001,16.63239537305029,0.0
May-08,4.0,9.0,0.0,1.0,0.0,0.0,0.0,0.0,0.0,0.0,0.0,0.0,2.0,0.0,2.0,0.0,1.0,0.0,0.0,0.0,1.0,0.0,0.0,6.0,0.0,0.0,0.0,2.0,0.0,0.0,0.0,0.0,0.0,2.0,0.0,1.0,0.0,0.0,1.0,0.0,0.0,0.0,0.0,0.0,0.0,0.0,0.0,0.0,0.0,0.0,0.0,43.9,20.0,32.0,0.0,0.0,1.0,0.0,0.0,9.0,0.0,0.0,0.0,0.0,0.0,21.0,0.0,0.0,0.0,2.0,0.0,10.0,0.0,0.0,0.0,0.0,49.2,8.0,0.0,1.0,0.0,0.0,0.0,0.0,5.0,0.0,0.0,0.0,0.0,2.0,0.0,0.0,0.0,0.0,5.0,12.0,0.0,0.0,0.0,1.0,0.0,1.0,0.0,1.0,0.0,2.0,0.0,0.0,31.0,0.0,0.0,0.0,0.0,0.0,0.0,0.0,27.0,1.0,0.0,0.0,31.0,0.0,0.0,2.0,0.0,2.0,0.0,10.0,0.0,49.0,0.0,1.0,0.0,3.0,0.0,0.0,0.0,177.99047619047624,1217.025,0.0,0.01,0.0,0.0,0.0,0.0,0.0,0.0,0.0,0.0,40.50000000000001,0.0,6.450000000000001,0.0,15.900000000000002,0.0,0.0,0.0,22.525000000000006,0.0,0.0,16.0,0.0,0.0,0.0,70.71428571428572,0.0,0.0,0.0,0.0,0.0,58.35000000000001,0.0,65.7,0.0,0.0,10.625,0.0,0.0,0.0,0.0,0.0,0.0,0.0,0.0,7.824046010856292,38.400000000000006,63.0,20027454.900000002,17.984246690217656,0.0
Jun-08,0.0,16.0,0.0,0.0,0.0,0.0,0.0,0.0,0.0,0.0,0.0,0.0,1.0,9.0,0.0,0.0,0.0,0.0,0.0,0.0,2.0,0.0,0.0,0.0,0.0,0.0,0.0,0.0,0.0,0.0,0.0,0.0,4.0,1.0,1.0,4.0,0.0,2.0,0.0,0.0,0.0,0.0,1.0,0.0,0.0,0.0,0.0,0.0,0.0,0.0,0.0,46.0,18.0,32.0,0.0,0.0,0.0,0.0,0.0,13.0,0.0,0.0,0.0,0.0,0.0,19.0,0.0,0.0,0.0,4.0,0.0,7.0,0.0,0.0,0.0,0.0,41.0,2.0,0.0,1.0,0.0,0.0,0.0,0.0,6.0,0.0,0.0,0.0,0.0,1.0,0.0,0.0,0.0,2.0,2.0,13.0,0.0,0.0,0.0,0.0,0.0,0.0,0.0,1.0,0.0,3.0,0.0,0.0,18.0,0.0,0.0,0.0,0.0,0.0,0.0,0.0,21.0,2.0,0.0,0.0,34.0,0.0,0.0,8.0,0.0,1.0,0.0,10.0,0.0,33.0,0.0,0.0,0.0,0.0,0.0,0.0,1.0,0.0,2163.6000000000004,0.0,0.0,0.0,0.0,0.0,0.0,0.0,0.0,0.0,0.0,20.250000000000004,119.25000000000003,0.0,0.0,0.0,0.0,0.0,0.0,45.05000000000001,0.0,0.0,0.0,0.0,0.0,0.0,0.0,0.0,0.0,0.0,0.0,121.20000000000002,29.175000000000004,14.370000000000001,262.8,0.0,279.75000000000006,0.0,0.0,0.0,0.0,0.01,0.0,0.0,0.0,0.0,7.600902459542082,28.0,65.0,12358422.600000001,17.480872403275434,0.0
Jul-08,0.0,11.0,0.0,0.0,0.0,0.0,0.0,0.0,0.0,1.0,0.0,0.0,2.0,0.0,0.0,0.0,0.0,0.0,0.0,0.0,1.0,0.0,0.0,2.0,1.0,0.0,0.0,1.0,0.0,4.0,0.0,0.0,1.0,5.0,0.0,1.0,0.0,0.0,0.0,3.0,0.0,0.0,0.0,0.0,1.0,2.0,0.0,0.0,0.0,0.0,0.0,47.2,22.0,48.0,0.0,0.0,0.0,0.0,0.0,9.0,0.0,0.0,0.0,0.0,0.0,21.0,0.0,0.0,0.0,3.0,0.0,11.0,0.0,0.0,0.0,0.0,49.400000000000006,3.0,0.0,0.0,0.0,0.0,0.0,0.0,8.0,0.0,0.0,0.0,0.0,0.0,0.0,0.0,0.0,3.0,4.0,9.0,0.0,0.0,0.0,0.0,0.0,0.0,0.0,2.0,0.0,7.0,0.0,0.0,25.0,0.0,0.0,0.0,0.0,0.0,0.0,0.0,24.0,2.0,0.0,0.0,33.0,0.0,0.0,5.0,0.0,1.0,0.0,11.0,0.0,48.300000000000004,0.0,0.0,0.0,2.0,0.0,0.0,1.0,0.0,1487.4750000000001,0.0,0.0,0.0,0.0,0.0,0.0,0.0,14.220000000000002,0.0,0.0,40.50000000000001,0.0,0.0,0.0,0.0,0.0,0.0,0.0,22.525000000000006,0.0,0.0,5.333333333333333,0.01,0.0,0.0,35.35714285714286,0.0,70.80000000000001,0.0,0.0,30.300000000000004,145.87500000000003,0.0,65.7,0.0,0.0,0.0,1324.8000000000002,0.0,0.0,0.0,0.0,215.32500000000005,134.40000000000003,0.0,7.721791776817535,14.0,84.0,9725467.8,17.226452143626357,0.0
Aug-08,2.0,0.0,0.0,0.0,0.0,1.0,0.0,0.0,0.0,0.0,0.0,0.0,0.0,0.0,5.0,0.0,0.0,0.0,0.0,0.0,1.0,0.0,0.0,0.0,0.0,0.0,0.0,1.0,0.0,2.0,0.0,0.0,0.0,1.0,0.0,0.0,0.0,0.0,0.0,9.0,0.0,1.0,0.0,0.0,0.0,0.0,0.0,0.0,0.0,0.0,0.0,51.7,17.0,41.0,0.0,0.0,0.0,1.0,0.0,15.3,0.0,0.0,0.0,0.0,0.0,16.0,0.0,0.0,0.0,2.0,0.0,11.0,0.0,0.0,0.0,0.0,48.0,7.0,0.0,0.0,0.0,0.0,0.0,0.0,5.0,0.0,0.0,0.0,0.0,2.0,0.0,0.0,0.0,2.0,8.0,23.0,0.0,0.0,0.0,0.0,0.0,0.0,0.0,3.0,0.0,6.0,0.0,0.0,23.0,0.0,0.0,0.0,0.0,1.0,2.0,0.0,23.0,2.0,0.0,0.0,43.0,0.0,0.0,2.0,0.0,4.0,0.0,8.0,0.0,37.2,0.0,0.0,0.0,0.0,0.0,1.0,1.0,88.99523809523812,0.0,0.0,0.0,0.0,16.0,0.0,0.0,0.0,0.0,0.0,0.0,0.0,0.0,16.125000000000004,0.0,0.0,0.0,0.0,0.0,22.525000000000006,0.0,0.0,0.0,0.0,0.0,0.0,35.35714285714286,0.0,35.400000000000006,0.0,0.0,0.0,29.175000000000004,0.0,0.0,0.0,0.0,0.0,3974.4000000000005,0.0,14.100000000000001,0.0,0.0,0.0,0.0,0.0,8.307212626628308,23.0,80.15,8364519.6000000015,17.06422712590749,0.0
Sep-08,0.0,1.0,0.0,0.0,0.0,0.0,0.0,3.0,0.0,1.0,0.0,0.0,3.0,0.0,0.0,0.0,0.0,0.0,0.0,0.0,1.0,0.0,0.0,0.0,0.0,0.0,0.0,0.0,0.0,4.0,0.0,0.0,0.0,1.0,1.0,0.0,0.0,1.0,0.0,0.0,0.0,0.0,0.0,0.0,0.0,0.0,0.0,0.0,0.0,0.0,0.0,55.900000000000006,20.0,51.0,0.0,1.0,0.0,0.0,0.0,6.0,0.0,0.0,0.0,0.0,0.0,30.0,0.0,0.0,0.0,1.0,0.0,10.0,0.0,0.0,0.0,0.0,49.0,2.0,0.0,2.0,0.0,0.0,0.0,0.0,7.0,0.0,0.0,0.0,0.0,8.0,1.0,0.0,0.0,2.0,12.0,21.0,0.0,0.0,0.0,0.0,0.0,0.0,0.0,6.0,1.0,12.0,0.0,0.0,33.0,0.0,0.0,0.0,0.0,0.0,1.0,0.0,22.0,7.0,0.0,0.0,36.0,0.0,0.0,3.0,0.0,1.0,0.0,10.0,0.0,36.6,0.0,0.0,0.0,3.0,0.0,0.0,1.0,0.0,135.22500000000002,0.0,0.0,0.0,0.0,0.0,8.0,0.0,14.220000000000002,0.0,0.0,60.75000000000001,0.0,0.0,0.0,0.0,0.0,0.0,0.0,22.525000000000006,0.0,0.0,0.0,0.0,0.0,0.0,0.0,0.0,70.80000000000001,0.0,0.0,0.0,29.175000000000004,14.370000000000001,0.0,0.0,139.87500000000003,0.0,0.0,0.0,0.0,0.0,0.0,0.0,0.0,0.0,8.072779333169498,26.0,80.75,9366264.9,17.186125425570705,0.0
Oct-08,0.0,0.0,1.0,0.0,0.0,0.0,0.0,0.0,3.0,0.0,0.0,0.0,6.0,0.0,0.0,0.0,0.0,3.0,0.0,0.0,3.0,0.0,1.0,0.0,2.0,0.0,0.0,2.0,0.0,1.0,0.0,0.0,5.0,4.0,0.0,0.0,0.0,2.0,0.0,0.0,0.0,0.0,1.0,0.0,2.0,1.0,0.0,0.0,0.0,0.0,0.0,50.2,27.0,54.0,0.0,1.0,0.0,0.0,0.0,16.0,0.0,0.0,0.0,0.0,0.0,19.0,0.0,0.0,0.0,3.0,0.0,8.0,0.0,0.0,0.0,0.0,57.0,2.0,0.0,0.0,0.0,0.0,0.0,0.0,8.0,0.0,0.0,0.0,0.0,1.0,1.0,0.0,0.0,4.0,5.0,14.0,0.0,0.0,0.0,0.0,1.0,0.0,0.0,8.0,1.0,2.0,0.0,0.0,28.0,0.0,0.0,0.0,0.0,0.0,0.0,0.0,17.0,2.0,0.0,0.0,22.0,0.0,0.0,6.0,0.0,1.0,0.0,8.0,0.0,37.8,0.0,1.0,0.0,5.0,0.0,0.0,0.0,0.0,0.0,0.01,0.0,0.0,0.0,0.0,0.0,31.590000000000003,0.0,0.0,0.0,121.50000000000001,0.0,0.0,0.0,0.0,3.0,0.0,0.0,67.57500000000002,0.0,0.01,0.0,0.02,0.0,0.0,70.71428571428572,0.0,17.700000000000003,0.0,0.0,151.50000000000003,116.70000000000002,0.0,0.0,0.0,279.75000000000006,0.0,0.0,0.0,0.0,0.01,0.0,430.6500000000001,67.20000000000002,0.0,7.838737559599282,34.1,78.0,7906726.500000001,17.003155083547156,0.0
Nov-08,4.0,5.0,0.0,0.0,0.0,0.0,0.0,1.0,0.0,0.0,2.0,0.0,0.0,2.0,0.0,0.0,0.0,0.0,0.0,0.0,1.0,0.0,0.0,0.0,17.0,0.0,0.0,0.0,0.0,4.0,0.0,0.0,0.0,5.0,0.0,0.0,0.0,0.0,0.0,0.0,0.0,0.0,0.0,1.0,7.0,0.0,0.0,0.0,0.0,0.0,0.0,47.8,12.0,49.0,0.0,0.0,0.0,0.0,0.0,6.0,0.0,0.0,0.0,0.0,0.0,25.0,0.0,0.0,0.0,4.0,0.0,14.0,0.0,0.0,0.0,0.0,54.0,5.0,0.0,0.0,0.0,0.0,0.0,0.0,5.0,0.0,0.0,0.0,0.0,0.0,0.0,0.0,0.0,1.0,6.0,16.0,0.0,0.0,0.0,0.0,0.0,0.0,0.0,3.0,0.0,3.0,0.0,0.0,22.0,0.0,0.0,0.0,0.0,0.0,0.0,0.0,19.0,0.0,0.0,0.0,37.0,0.0,0.0,3.0,0.0,2.0,0.0,7.0,0.0,37.0,0.0,0.0,0.0,2.0,0.0,0.0,0.0,177.99047619047624,676.1250000000001,0.0,0.0,0.0,0.0,0.0,2.666666666666667,0.0,0.0,31.933333333333337,0.0,0.0,26.500000000000007,0.0,0.0,0.0,0.0,0.0,0.0,22.525000000000006,0.0,0.0,0.0,0.17,0.0,0.0,0.0,0.0,70.80000000000001,0.0,0.0,0.0,2054.7000000000003,0.0,0.0,0.0,0.0,0.0,0.0,0.0,0.0,0.0,8.533333333333333,1507.2750000000003,0.0,0.0,7.372746366404328,27.0,80.0,9054781.5,17.149789130070964,0.0
Dec-08,11.100000000000001,11.0,0.0,0.0,0.0,1.0,1.0,0.0,18.0,0.0,0.0,0.0,6.0,3.0,1.0,0.0,1.0,0.0,7.0,0.0,4.0,0.0,0.0,0.0,2.0,0.0,0.0,13.0,0.0,1.0,0.0,0.0,1.0,9.0,2.0,0.0,0.0,0.0,0.0,2.0,1.0,17.0,4.0,14.0,17.0,5.0,7.0,0.0,0.0,0.0,0.0,53.800000000000004,22.0,41.0,0.0,0.0,6.0,0.0,0.0,9.0,0.0,0.0,0.0,0.0,1.0,13.0,0.0,0.0,0.0,2.0,0.0,11.0,0.0,0.0,0.0,0.0,40.0,5.0,0.0,2.0,0.0,0.0,0.0,0.0,2.0,0.0,0.0,0.0,0.0,1.0,0.0,0.0,0.0,2.0,5.0,27.900000000000002,0.0,0.0,0.0,0.0,2.0,0.0,0.0,13.0,4.0,7.0,0.0,0.0,30.0,0.0,0.0,0.0,0.0,0.0,7.200000000000001,0.0,34.0,3.0,0.0,0.0,36.0,0.0,0.0,9.0,0.0,14.0,0.0,17.5,0.0,52.0,0.0,0.0,0.0,2.0,0.0,1.0,1.0,1646.4119047619051,1487.4750000000001,0.0,0.0,0.0,16.0,9.150000000000002,0.0,189.54000000000005,0.0,0.0,0.0,121.50000000000001,36.300000000000004,10.75,0.0,15.900000000000002,0.0,13.125000000000002,0.0,90.10000000000002,0.0,0.0,0.0,0.02,0.0,0.0,459.6428571428572,0.0,17.700000000000003,0.0,0.0,30.300000000000004,262.57500000000005,1413.3000000000002,21.6,0.0,0.0,0.0,883.2000000000002,7.650000000000001,239.70000000000005,0.04,35.84000000000001,3660.5250000000005,336.00000000000006,0.07,7.474204806496124,44.050000000000004,69.0,8144738.400000001,17.03537217677792,0.0
Jan-09,6.0,1.0,0.0,0.0,0.0,1.0,0.0,0.0,0.0,0.0,0.0,0.0,1.0,0.0,0.0,0.0,0.0,0.0,0.0,0.0,0.0,1.0,0.0,0.0,1.0,0.0,0.0,0.0,0.0,0.0,0.0,0.0,6.0,0.0,2.0,0.0,0.0,0.0,0.0,0.0,0.0,1.0,0.0,0.0,0.0,0.0,0.0,0.0,0.0,0.0,0.0,90.4,39.0,66.80000000000001,0.0,2.0,1.0,1.0,0.0,23.1,0.0,0.0,0.0,0.0,1.0,29.800000000000004,0.0,0.0,0.0,16.0,0.0,28.0,0.0,0.0,0.0,1.0,80.5,5.0,2.0,1.0,0.0,0.0,0.0,0.0,18.0,0.0,0.0,0.0,0.0,1.0,0.0,0.0,0.0,8.0,10.0,24.6,0.0,0.0,0.0,0.0,0.0,0.0,0.0,17.0,0.0,18.0,0.0,0.0,43.150000000000006,0.0,0.0,0.0,0.0,4.0,0.0,0.0,39.45,2.0,0.0,0.0,47.400000000000006,0.0,0.0,13.0,0.0,3.0,0.0,11.8,0.0,58.35,0.0,1.0,0.0,8.600000000000001,0.0,0.0,7.000000000000001,266.98571430000004,135.22500000000002,0.0,0.0,0.0,16.0,0.0,0.0,0.0,0.0,0.0,0.0,20.250000000000004,0.0,51.900000000000006,0.0,0.0,0.0,0.0,0.0,3356.4000000000005,0.01,0.0,0.0,0.01,0.0,0.0,3.0,0.0,4.200000000000001,0.0,0.0,181.80000000000004,0.0,28.740000000000002,6.000000000000001,0.0,0.0,0.0,0.0,0.0,14.100000000000001,0.0,0.0,0.0,0.0,0.0,8.537583881063972,43.150000000000006,82.5,9879100.500000002,17.24321561943239,0.0
Feb-09,0.0,0.0,0.0,0.0,0.0,0.0,0.0,0.0,0.0,1.0,1.0,0.0,3.0,0.0,0.0,0.0,2.0,0.0,0.0,0.0,0.0,0.0,0.0,0.0,0.0,0.0,0.0,6.0,0.0,0.0,0.0,7.0,0.0,1.0,0.0,0.0,0.0,0.0,0.0,0.0,0.0,0.0,0.0,2.0,0.0,2.0,0.0,0.0,0.0,0.0,0.0,46.0,9.0,23.0,0.0,1.0,0.0,0.0,0.0,4.0,0.0,0.0,0.0,0.0,0.0,17.0,0.0,0.0,0.0,1.0,0.0,4.0,0.0,0.0,0.0,0.0,49.0,5.0,0.0,0.0,0.0,0.0,0.0,0.0,4.0,0.0,0.0,0.0,0.0,0.0,0.0,0.0,0.0,3.0,3.0,12.0,0.0,0.0,0.0,0.0,0.0,0.0,0.0,2.0,0.0,3.0,0.0,0.0,24.0,0.0,0.0,0.0,0.0,0.0,0.0,0.0,21.0,1.0,0.0,0.0,21.0,0.0,0.0,1.0,0.0,5.0,0.0,12.0,0.0,33.0,0.0,1.0,0.0,0.0,0.0,0.0,1.0,0.0,0.0,0.0,0.0,0.0,0.0,0.0,0.0,0.0,14.220000000000002,15.966666666666669,0.0,60.75000000000001,0.0,0.0,0.0,31.800000000000004,0.0,0.0,0.0,0.0,0.0,0.0,0.0,0.0,0.0,0.0,214.24285714285716,0.0,0.0,0.0,7.0,0.0,29.175000000000004,0.0,0.0,0.0,0.0,0.0,0.0,0.0,0.0,0.0,17.066666666666666,0.0,134.40000000000003,1.0,8.127109185346375,18.0,72.0,9307741.200000001,17.17939827658643,0.0
Mar-09,0.0,0.0,0.0,0.0,0.0,2.0,0.0,0.0,0.0,1.0,0.0,0.0,0.0,2.0,0.0,0.0,0.0,0.0,0.0,0.0,0.0,0.0,0.0,2.0,0.0,0.0,0.0,0.0,0.0,0.0,0.0,0.0,0.0,1.0,0.0,1.0,0.0,0.0,0.0,0.0,0.0,0.0,0.0,1.0,7.0,0.0,0.0,0.0,0.0,0.0,0.0,50.5,18.0,29.6,0.0,0.0,1.0,0.0,0.0,2.0,0.0,0.0,0.0,0.0,0.0,17.0,0.0,0.0,0.0,6.0,0.0,7.0,0.0,0.0,0.0,0.0,54.0,1.0,0.0,1.0,0.0,0.0,0.0,0.0,8.0,0.0,0.0,0.0,0.0,5.0,0.0,0.0,0.0,3.0,3.0,10.0,0.0,0.0,0.0,0.0,0.0,0.0,0.0,5.0,0.0,1.0,0.0,0.0,33.0,0.0,0.0,0.0,0.0,0.0,0.0,0.0,21.0,1.0,0.0,0.0,27.0,0.0,0.0,1.0,0.0,6.0,0.0,11.0,0.0,44.0,0.0,1.0,0.0,2.0,0.0,1.0,1.0,0.0,0.0,0.0,0.0,0.0,9.600000000000001,0.0,0.0,0.0,14.220000000000002,0.0,0.0,0.0,26.500000000000007,0.0,0.0,0.0,0.0,0.0,0.0,0.0,0.0,0.0,5.333333333333333,0.0,0.0,0.0,0.0,0.0,0.0,0.0,0.0,0.0,29.175000000000004,0.0,65.7,0.0,0.0,0.0,0.0,0.0,0.0,0.0,8.533333333333333,1507.2750000000003,0.0,0.0,8.385944904806284,33.0,74.4,9100093.8,17.155157837601937,0.0
Apr-09,6.300000000000001,1.0,0.0,0.0,1.0,0.0,1.0,0.0,0.0,0.0,0.0,0.0,1.0,0.0,0.0,0.0,1.0,0.0,1.0,0.0,0.0,0.0,0.0,0.0,0.0,0.0,0.0,0.0,0.0,0.0,0.0,0.0,0.0,0.0,0.0,0.0,0.0,3.0,0.0,0.0,0.0,1.0,0.0,0.0,0.0,0.0,0.0,0.0,0.0,0.0,0.0,49.0,17.0,30.200000000000003,0.0,1.0,3.0,1.0,0.0,12.500000000000002,0.0,0.0,0.0,0.0,0.0,25.0,0.0,0.0,0.0,4.0,0.0,12.0,0.0,0.0,0.0,0.0,60.3,7.0,1.0,0.0,0.0,0.0,0.0,0.0,6.0,0.0,0.0,0.0,0.0,0.0,0.0,0.0,0.0,1.0,3.0,16.3,1.0,0.0,0.0,1.0,0.0,0.0,0.0,6.0,1.0,7.0,0.0,0.0,35.9,0.0,0.0,0.0,0.0,0.0,0.0,0.0,32.0,1.0,0.0,0.0,35.0,0.0,0.0,4.0,0.0,5.0,0.0,17.0,0.0,46.0,0.0,0.0,0.0,1.0,0.0,2.0,0.0,934.45,135.22500000000002,0.0,0.0,1.0,0.0,9.150000000000002,0.0,0.0,0.0,0.0,0.0,20.250000000000004,0.0,0.0,0.0,15.900000000000002,0.0,6.25,0.0,0.0,0.0,0.0,0.0,0.0,0.0,0.0,0.0,0.0,0.0,0.0,0.0,0.0,0.0,0.0,0.0,0.0,419.62500000000006,0.0,0.0,0.0,14.100000000000001,0.0,0.0,0.0,0.0,0.0,8.145549631783584,41.1,73.8,11011154.700000001,17.358768050781762,0.0
May-09,1.0,0.0,0.0,0.0,0.0,0.0,0.0,0.0,0.0,0.0,0.0,0.0,1.0,0.0,0.0,0.0,0.0,0.0,6.0,0.0,1.0,0.0,0.0,0.0,0.0,0.0,0.0,3.0,0.0,0.0,0.0,0.0,0.0,3.0,0.0,0.0,0.0,0.0,0.0,0.0,0.0,1.0,0.0,0.0,2.0,1.0,0.0,0.0,0.0,0.0,0.0,50.2,14.0,33.2,0.0,0.0,0.0,0.0,0.0,7.0,1.0,0.0,0.0,0.0,0.0,19.0,0.0,0.0,0.0,5.0,0.0,8.0,0.0,0.0,0.0,0.0,58.8,1.0,0.0,2.0,0.0,0.0,0.0,0.0,4.0,0.0,0.0,0.0,0.0,0.0,0.0,0.0,0.0,1.0,5.0,14.0,0.0,0.0,0.0,0.0,0.0,0.0,0.0,5.0,0.0,3.0,0.0,0.0,33.2,0.0,0.0,0.0,0.0,0.0,0.0,0.0,25.0,2.0,0.0,0.0,32.0,0.0,0.0,6.0,0.0,4.0,0.0,11.0,0.0,54.0,0.0,0.0,0.0,2.0,0.0,1.0,0.0,44.49761904761906,0.0,0.0,0.0,0.0,0.0,0.0,0.0,0.0,0.0,0.0,0.0,20.250000000000004,0.0,0.0,0.0,0.0,0.0,11.250000000000002,0.0,22.525000000000006,0.0,0.0,0.0,0.0,0.0,0.0,106.07142857142858,0.0,0.0,0.0,0.0,0.0,87.52500000000002,0.0,0.0,0.0,0.0,0.0,0.0,0.0,14.100000000000001,0.0,0.0,430.6500000000001,67.20000000000002,0.0,8.526945482858915,42.6,73.5,12764797.500000002,17.514955351794455,0.0
Jun-09,0.0,8.0,0.0,0.0,0.0,0.0,0.0,0.0,0.0,0.0,0.0,0.0,0.0,0.0,0.0,0.0,0.0,0.0,1.0,0.0,1.0,0.0,0.0,5.0,4.0,0.0,2.0,1.0,0.0,1.0,0.0,0.0,0.0,3.0,0.0,1.0,0.0,4.0,0.0,0.0,0.0,0.0,1.0,2.0,0.0,0.0,0.0,0.0,1.0,0.0,0.0,44.2,14.0,29.3,0.0,1.0,0.0,0.0,0.0,18.0,0.0,0.0,0.0,0.0,0.0,19.0,0.0,0.0,0.0,6.0,0.0,11.0,0.0,1.0,0.0,0.0,59.4,2.0,0.0,1.0,0.0,0.0,0.0,0.0,6.0,0.0,0.0,0.0,0.0,1.0,1.0,0.0,0.0,1.0,6.0,24.0,0.0,0.0,0.0,0.0,0.0,0.0,0.0,10.0,0.0,1.0,0.0,0.0,28.0,0.0,0.0,0.0,0.0,3.0,0.0,0.0,27.0,0.0,0.0,0.0,36.0,0.0,0.0,1.0,0.0,5.0,0.0,15.0,0.0,35.0,0.0,1.0,0.0,1.0,0.0,0.0,3.0,0.0,1081.8000000000002,0.0,0.0,0.0,0.0,0.0,0.0,0.0,0.0,0.0,0.0,0.0,0.0,0.0,0.0,0.0,0.0,6.25,0.0,22.525000000000006,0.0,0.0,13.333333333333332,0.04,0.0,10.000000000000002,35.35714285714286,0.0,17.700000000000003,0.0,0.0,0.0,87.52500000000002,0.0,65.7,0.0,559.5000000000001,0.0,0.0,0.0,0.0,0.01,17.066666666666666,0.0,0.0,0.0,7.648739788956242,28.0,75.0,9545055.000000002,17.206400971519088,0.0
Jul-09,1.0,1.0,0.0,0.0,0.0,0.0,1.0,0.0,0.0,0.0,0.0,0.0,4.0,0.0,1.0,0.0,1.0,0.0,1.0,2.0,2.0,0.0,0.0,0.0,0.0,0.0,0.0,0.0,0.0,0.0,0.0,0.0,0.0,0.0,0.0,0.0,0.0,0.0,0.0,0.0,0.0,0.0,0.0,1.0,0.0,0.0,0.0,0.0,1.0,0.0,0.0,48.1,8.0,33.2,0.0,0.0,1.0,0.0,0.0,12.0,0.0,0.0,0.0,0.0,0.0,21.0,0.0,0.0,0.0,5.0,0.0,11.0,0.0,0.0,1.0,1.0,65.1,2.0,1.0,1.0,1.0,0.0,0.0,0.0,3.0,0.0,0.0,0.0,0.0,3.0,0.0,0.0,0.0,0.0,4.0,13.0,3.0,0.0,0.0,0.0,0.0,0.0,0.0,3.0,0.0,3.0,1.0,0.0,34.0,0.0,0.0,0.0,0.0,0.0,0.0,0.0,37.0,1.0,0.0,0.0,34.0,0.0,0.0,7.0,0.0,3.0,0.0,5.0,0.0,53.0,0.0,1.0,0.0,1.0,0.0,2.0,1.0,44.49761904761906,135.22500000000002,0.0,0.0,0.0,0.0,9.150000000000002,0.0,0.0,0.0,0.0,0.0,81.00000000000001,0.0,10.75,0.0,15.900000000000002,0.0,6.25,4.0,45.05000000000001,0.0,0.0,0.0,0.0,0.0,0.0,0.0,0.0,0.0,0.0,0.0,0.0,0.0,0.0,0.0,0.0,0.0,0.0,0.0,0.0,0.0,0.0,8.533333333333333,0.0,0.0,0.0,7.962067308753666,15.0,82.47,20180530.500000004,17.992110209507068,0.0
Aug-09,0.0,5.0,0.0,0.0,0.0,0.0,0.0,1.0,0.0,4.0,0.0,0.0,3.0,0.0,0.0,0.0,0.0,0.0,0.0,0.0,4.0,0.0,0.0,0.0,1.0,1.0,0.0,4.0,0.0,0.0,0.0,3.0,0.0,0.0,1.0,0.0,1.0,0.0,0.0,0.0,0.0,0.0,0.0,0.0,0.0,0.0,0.0,0.0,0.0,0.0,0.0,46.3,13.0,30.0,0.0,2.0,1.0,0.0,0.0,7.0,0.0,0.0,0.0,0.0,0.0,22.0,0.0,0.0,0.0,2.0,0.0,15.0,0.0,0.0,0.0,2.0,57.9,11.0,0.0,1.0,0.0,0.0,0.0,0.0,9.0,0.0,0.0,0.0,0.0,3.0,0.0,0.0,0.0,3.0,5.0,20.0,3.0,0.0,0.0,2.0,0.0,0.0,0.0,3.0,0.0,4.0,2.0,0.0,28.0,0.0,0.0,0.0,0.0,0.0,0.0,0.0,26.0,2.0,0.0,0.0,26.0,0.0,0.0,4.0,0.0,6.0,0.0,11.0,0.0,38.0,0.0,1.0,0.0,0.0,0.0,2.0,4.0,0.0,676.1250000000001,0.0,0.0,0.0,0.0,0.0,2.666666666666667,0.0,56.88000000000001,0.0,0.0,60.75000000000001,0.0,0.0,0.0,0.0,0.0,0.0,0.0,90.10000000000002,0.0,0.0,0.0,0.01,0.01,0.0,141.42857142857144,0.0,0.0,0.0,3.0,0.0,0.0,14.370000000000001,0.0,0.1428571428571428,0.0,0.0,0.0,0.0,0.0,0.0,0.0,0.0,0.0,0.0,7.346010209913293,22.0,77.97,10838606.700000001,17.341995133709304,0.0
Sep-09,1.0,2.0,0.0,0.0,0.0,0.0,1.0,2.0,0.0,0.0,0.0,0.0,0.0,0.0,0.0,0.0,0.0,0.0,0.0,0.0,2.0,0.0,1.0,0.0,1.0,0.0,0.0,2.0,0.0,1.0,0.0,0.0,0.0,2.0,1.0,1.0,0.0,0.0,0.0,0.0,0.0,0.0,0.0,3.0,0.0,0.0,0.0,0.0,5.0,0.0,0.0,53.800000000000004,13.0,33.0,0.0,1.0,2.0,0.0,0.0,25.0,0.0,0.0,0.0,0.0,0.0,31.0,0.0,0.0,0.0,2.0,0.0,13.0,0.0,1.0,0.0,3.0,64.2,3.0,0.0,0.0,1.0,0.0,1.0,0.0,3.0,0.0,0.0,0.0,0.0,1.0,0.0,0.0,0.0,5.0,4.0,23.0,2.0,0.0,0.0,1.0,1.0,1.0,0.0,6.0,0.0,5.0,4.0,0.0,35.5,0.0,0.0,0.0,0.0,0.0,0.0,0.0,26.0,0.0,0.0,0.0,34.0,1.0,0.0,8.0,1.0,4.0,1.0,10.0,1.0,46.0,0.0,1.0,0.0,3.0,0.0,1.0,0.0,44.49761904761906,270.45000000000005,0.0,0.0,0.0,0.0,9.150000000000002,5.333333333333334,0.0,0.0,0.0,0.0,0.0,0.0,0.0,0.0,0.0,0.0,0.0,0.0,45.05000000000001,0.0,0.01,0.0,0.01,0.0,0.0,70.71428571428572,0.0,17.700000000000003,0.0,0.0,0.0,58.35000000000001,14.370000000000001,65.7,0.0,0.0,0.0,0.0,0.0,0.0,0.0,7.6800000000000015,0.0,0.0,0.0,7.372746366404328,28.6,82.47,15172939.500000002,17.696084051284924,0.0
Oct-09,8.0,5.0,0.0,10.0,0.0,0.0,0.0,2.0,0.0,1.0,0.0,0.0,5.0,1.0,0.0,0.0,6.0,0.0,3.0,0.0,4.0,0.0,0.0,3.0,5.0,0.0,0.0,6.0,0.0,0.0,0.0,0.0,0.0,4.0,0.0,0.0,0.0,0.0,0.0,0.0,0.0,0.0,1.0,2.0,0.0,1.0,0.0,0.0,3.0,0.0,0.0,52.6,16.0,37.72,0.0,0.0,0.0,0.0,0.0,13.0,0.0,0.0,1.0,0.0,0.0,27.650000000000002,0.0,0.0,0.0,6.0,0.0,7.0,0.0,2.0,1.0,2.0,57.3,4.0,2.0,0.0,0.0,0.0,0.0,0.0,7.0,0.0,0.0,0.0,0.0,3.0,0.0,0.0,0.0,1.0,5.0,12.0,3.0,0.0,0.0,4.0,1.0,1.0,0.0,3.0,1.0,6.0,4.0,0.0,31.0,0.0,0.0,0.0,0.0,0.0,3.0,0.0,30.0,3.0,0.0,0.0,32.0,0.0,0.0,4.0,0.0,9.0,0.0,13.0,2.0,63.0,0.0,0.0,0.0,1.0,0.0,0.0,2.0,355.9809523809525,676.1250000000001,0.0,0.1,0.0,0.0,0.0,5.333333333333334,0.0,14.220000000000002,0.0,0.0,101.25000000000001,13.250000000000004,0.0,0.0,95.40000000000002,0.0,18.75,0.0,90.10000000000002,0.0,0.0,8.0,0.05,0.0,0.0,212.14285714285717,0.0,0.0,0.0,0.0,0.0,116.70000000000002,0.0,31.500000000000004,0.0,0.0,0.0,0.0,0.0,0.0,0.01,5.120000000000001,0.0,67.20000000000002,0.0,7.621684998724611,26.200000000000003,79.0,29113682.400000006,18.36855696796832,0.0
Nov-09,1.0,4.0,0.0,0.0,0.0,2.0,0.0,0.0,0.0,0.0,0.0,0.0,3.0,0.0,0.0,0.0,0.0,0.0,0.0,0.0,1.0,0.0,0.0,1.0,1.0,0.0,0.0,4.0,0.0,5.0,0.0,3.0,0.0,2.0,0.0,0.0,0.0,0.0,0.0,0.0,0.0,0.0,0.0,1.0,0.0,0.0,0.0,0.0,1.0,0.0,0.0,41.2,16.0,35.32,0.0,0.0,5.0,0.0,0.0,8.0,0.0,0.0,0.0,0.0,0.0,16.0,0.0,0.0,0.0,2.0,0.0,15.0,0.0,1.0,0.0,0.0,54.0,4.0,0.0,2.0,0.0,0.0,0.0,0.0,2.0,0.0,0.0,0.0,0.0,2.0,0.0,0.0,0.0,1.0,5.0,16.0,0.0,0.0,0.0,1.0,3.0,0.0,0.0,2.0,0.0,3.0,1.0,0.0,30.0,0.0,0.0,0.0,0.0,0.0,0.0,0.0,21.0,3.0,0.0,0.0,28.0,0.0,0.0,6.0,0.0,1.0,0.0,9.0,1.0,45.0,0.0,0.0,0.0,1.0,0.0,1.0,0.0,44.49761904761906,540.9000000000001,0.0,0.0,0.0,9.600000000000001,0.0,0.0,0.0,0.0,0.0,0.0,60.75000000000001,0.0,0.0,0.0,0.0,0.0,0.0,0.0,22.525000000000006,0.0,0.0,2.6666666666666665,0.01,0.0,0.0,141.42857142857144,0.0,88.50000000000001,0.0,3.0,0.0,58.35000000000001,0.0,0.0,0.0,0.0,0.0,0.0,0.0,0.0,0.0,8.533333333333333,0.0,0.0,0.0,7.544332108053688,31.0,89.0,27874265.100000005,18.324056907679086,0.0
Dec-09,3.0,16.0,0.0,1.0,0.0,0.0,3.0,0.0,11.0,4.0,4.0,0.0,5.0,3.0,6.0,0.0,5.0,0.0,12.0,0.0,0.0,0.0,0.0,0.0,2.0,0.0,0.0,13.0,0.0,4.0,0.0,0.0,3.0,11.0,2.0,0.0,1.0,0.0,0.0,14.0,0.0,6.000000000000001,1.0,13.000000000000002,2.0,3.0,0.0,0.0,0.0,0.0,1.0,47.5,16.0,36.0,0.0,0.0,2.0,1.0,0.0,15.0,0.0,0.0,0.0,0.0,0.0,23.0,0.0,0.0,1.0,3.0,0.0,14.0,0.0,1.0,0.0,3.0,50.0,3.0,0.0,3.0,1.0,0.0,0.0,0.0,1.0,0.0,2.0,0.0,0.0,1.0,0.0,0.0,0.0,3.0,2.0,22.0,5.0,0.0,0.0,2.0,0.0,0.0,0.0,10.0,1.0,7.0,6.0,0.0,43.2,0.0,0.0,0.0,0.0,0.0,6.0,0.0,39.0,3.0,0.0,0.0,36.0,0.0,0.0,2.0,0.0,5.0,0.0,15.900000000000002,1.0,50.0,0.0,1.0,0.0,2.0,0.0,3.0,5.0,133.49285714285716,2163.6000000000004,0.0,0.01,0.0,0.0,27.450000000000003,0.0,115.83000000000003,56.88000000000001,63.866666666666674,0.0,101.25000000000001,10.8,19.35,0.0,79.50000000000001,0.0,22.500000000000004,0.0,0.0,0.0,0.0,0.0,0.02,0.0,0.0,459.6428571428572,0.0,70.80000000000001,0.0,0.0,90.90000000000002,320.92500000000007,28.740000000000002,0.0,0.1428571428571428,0.0,0.0,6182.400000000001,0.0,282.00000000000006,0.01,110.63466666666667,430.6500000000001,201.60000000000002,0.0,7.237778191923443,33.400000000000006,77.0,25102669.800000004,18.216740314286337,0.0
Jan-10,9.0,6.0,0.0,0.0,0.0,0.0,0.0,0.0,0.0,1.0,0.0,0.0,3.0,1.0,0.0,0.0,0.0,0.0,4.0,0.0,0.0,0.0,0.0,2.0,3.0,0.0,0.0,2.0,0.0,0.0,2.0,0.0,0.0,4.0,2.0,0.0,0.0,1.0,1.0,0.0,0.0,1.0,0.0,1.0,5.0,0.0,0.0,0.0,3.0,0.0,0.0,101.2,23.650000000000002,55.482000000000006,0.0,2.0,2.0,3.0,0.0,24.650000000000002,0.0,0.0,0.0,0.0,0.0,37.35,0.0,0.0,2.0,20.0,0.0,25.0,0.0,1.0,0.0,3.0,95.60000000000001,8.0,1.0,0.0,0.0,0.0,1.0,0.0,7.300000000000001,0.0,2.0,0.0,0.0,3.0,0.0,0.0,0.0,9.0,15.0,27.900000000000002,5.0,0.0,1.0,4.0,0.0,1.0,1.0,17.0,1.0,10.950000000000001,2.0,0.0,51.300000000000004,0.0,0.0,0.0,0.0,2.0,0.0,0.0,49.6,8.0,0.0,0.0,47.7,0.0,0.0,17.0,1.0,13.0,0.0,17.400000000000002,1.0,79.5,0.0,3.0,0.0,7.0,0.0,7.0,2.0,735.0000000000001,811.3500000000001,0.0,0.0,0.0,0.0,9.3,0.0,0.0,4.0,0.0,0.0,60.75000000000001,51.00000000000001,20.1,0.0,0.0,0.0,7.500000000000001,0.0,8.0,0.0,0.0,1.0,0.03,0.0,0.0,31426.500000000004,0.0,6.900000000000001,3.0,16.500000000000004,0.0,116.70000000000002,151.8,0.0,0.0,139.87500000000003,10.625,662.4000000000001,0.0,3.6000000000000005,0.0,1.0,1076.6250000000002,0.0,0.0,7.619233416226805,32.8,89.0,25908392.700000003,18.24914288947298,0.0
Feb-10,10.0,12.0,0.0,0.0,0.0,3.0,0.0,1.0,0.0,1.0,0.0,0.0,0.0,0.0,0.0,0.0,0.0,0.0,0.0,0.0,1.0,0.0,0.0,0.0,0.0,0.0,0.0,1.0,0.0,6.0,1.0,1.0,1.0,3.0,1.0,0.0,0.0,1.0,0.0,1.0,0.0,0.0,4.0,0.0,0.0,0.0,0.0,0.0,0.0,0.0,0.0,46.0,21.0,24.0,0.0,0.0,0.0,0.0,0.0,11.0,0.0,0.0,1.0,0.0,0.0,18.0,0.0,0.0,0.0,0.0,0.0,8.0,0.0,1.0,0.0,3.0,53.0,4.0,0.0,0.0,1.0,0.0,1.0,0.0,7.0,0.0,0.0,0.0,0.0,1.0,0.0,0.0,0.0,3.0,5.0,12.0,3.0,0.0,0.0,1.0,0.0,0.0,0.0,2.0,1.0,3.0,1.0,0.0,20.0,0.0,0.0,0.0,0.0,0.0,0.0,0.0,31.0,2.0,1.0,0.0,35.0,0.0,0.0,5.0,2.0,3.0,0.0,8.0,0.0,39.0,0.0,0.0,0.0,3.0,0.0,3.0,2.0,444.9761904761906,1622.7000000000003,0.0,0.0,0.0,14.400000000000002,0.0,2.666666666666667,0.0,17.020000000000003,0.0,0.0,0.0,1.0,0.0,0.0,0.0,0.0,0.0,0.0,28.125000000000007,0.0,0.0,0.0,0.0,0.0,0.0,35.35714285714286,0.0,106.20000000000002,1.5,1.0,30.300000000000004,87.52500000000002,14.370000000000001,0.0,0.0,139.87500000000003,0.0,441.6000000000001,0.0,0.0,0.04,0.0,0.0,0.0,0.0,7.380255788,29.5,94.0,26296632.000000004,18.264389078850908,0.0
Mar-10,6.0,2.0,0.0,0.0,0.0,0.0,0.0,0.0,0.0,1.0,0.0,0.0,7.0,0.0,0.0,0.0,4.0,0.0,0.0,0.0,0.0,0.0,0.0,1.0,0.0,0.0,0.0,2.0,0.0,0.0,0.0,1.0,1.0,10.0,0.0,0.0,0.0,1.0,0.0,0.0,0.0,0.0,0.0,0.0,1.0,0.0,0.0,0.0,3.0,0.0,0.0,54.7,18.0,30.0,0.0,1.0,2.0,1.0,0.0,7.0,0.0,0.0,0.0,0.0,0.0,29.0,0.0,0.0,0.0,3.0,0.0,4.0,2.0,1.0,0.0,1.0,56.3,2.0,0.0,1.0,0.0,0.0,0.0,0.0,5.0,0.0,0.0,0.0,0.0,2.0,0.0,0.0,0.0,5.0,7.0,23.0,4.0,0.0,0.0,2.0,1.0,0.0,0.0,6.0,2.0,8.0,1.0,0.0,31.1,0.0,0.0,0.0,0.0,0.0,0.0,0.0,47.0,5.0,0.0,0.0,46.0,0.0,0.0,5.0,0.0,5.0,0.0,12.0,0.0,60.300000000000004,0.0,0.0,0.0,2.0,0.0,1.0,1.0,266.98571430000004,270.45000000000005,0.0,0.0,0.0,0.0,0.0,0.0,0.0,17.020000000000003,0.0,0.0,141.75000000000003,0.0,0.0,0.0,63.60000000000001,0.0,0.0,0.0,0.0,0.0,0.0,2.6666666666666665,0.0,0.0,0.0,4.500000000000001,0.0,4.200000000000001,0.0,1.0,30.300000000000004,291.75000000000006,0.0,6.000000000000001,0.0,139.87500000000003,0.0,0.0,0.0,0.0,0.0,0.0,215.32500000000005,0.0,0.0,7.250635512,24.0,91.0,27719236.200000003,18.31834878203687,0.0
Apr-10,9.0,3.0,0.0,4.0,0.0,0.0,0.0,0.0,0.0,1.0,0.0,0.0,0.0,0.0,2.0,0.0,0.0,0.0,2.0,0.0,0.0,0.0,0.0,0.0,0.0,0.0,0.0,2.0,0.0,0.0,0.0,0.0,1.0,0.0,2.0,0.0,0.0,1.0,0.0,0.0,0.0,0.0,1.0,1.0,1.0,0.0,0.0,0.0,2.0,1.0,0.0,53.800000000000004,13.0,36.6,0.0,2.0,0.0,0.0,0.0,14.0,0.0,0.0,0.0,0.0,0.0,28.0,0.0,0.0,0.0,9.0,0.0,15.0,1.0,0.0,0.0,7.0,57.2,7.0,0.0,0.0,1.0,0.0,0.0,0.0,5.0,0.0,0.0,0.0,0.0,1.0,0.0,0.0,0.0,1.0,5.0,21.0,5.0,0.0,0.0,8.0,0.0,0.0,1.0,6.0,0.0,13.0,10.0,0.0,32.0,0.0,0.0,0.0,0.0,0.0,0.0,0.0,30.0,1.0,0.0,0.0,32.0,0.0,0.0,4.0,0.0,2.0,1.0,10.0,3.0,43.8,0.0,0.0,0.0,0.0,0.0,1.0,1.0,400.4785714285715,405.67500000000007,0.0,0.04,0.0,0.0,0.0,0.0,0.0,17.020000000000003,0.0,0.0,0.0,0.0,6.450000000000001,0.0,0.0,0.0,12.5,0.0,0.0,0.0,0.0,0.0,0.0,0.0,0.0,70.71428571428572,0.0,0.0,0.0,0.0,30.300000000000004,0.0,28.740000000000002,0.0,0.0,139.87500000000003,0.0,0.0,0.0,0.0,0.01,8.533333333333333,215.32500000000005,0.0,0.0,7.575071699507561,33.6,64.0,25888059.300000004,18.248337953250857,0.0
May-10,0.0,2.0,0.0,0.0,0.0,0.0,0.0,2.0,0.0,4.0,0.0,1.0,3.0,0.0,0.0,0.0,0.0,0.0,0.0,0.0,3.0,0.0,0.0,1.0,1.0,0.0,0.0,1.0,0.0,2.0,0.0,1.0,10.0,6.0,2.0,0.0,0.0,0.0,0.0,2.0,0.0,0.0,0.0,1.0,0.0,0.0,0.0,0.0,2.0,0.0,0.0,50.800000000000004,15.0,29.1,0.0,3.0,0.0,0.0,0.0,12.0,0.0,0.0,0.0,0.0,0.0,20.0,0.0,0.0,1.0,3.0,0.0,11.0,0.0,0.0,0.0,3.0,55.0,4.0,0.0,1.0,1.0,0.0,0.0,0.0,1.0,0.0,0.0,0.0,0.0,0.0,0.0,0.0,0.0,2.0,2.0,15.0,5.0,1.0,0.0,2.0,0.0,1.0,0.0,3.0,1.0,8.0,6.0,0.0,27.200000000000003,0.0,0.0,0.0,0.0,1.0,0.0,0.0,35.0,1.0,0.0,0.0,36.0,0.0,0.0,4.0,0.0,4.0,1.0,14.0,1.0,41.0,0.0,0.0,0.0,1.0,0.0,0.0,4.0,0.0,270.45000000000005,0.0,0.0,0.0,0.0,0.0,5.333333333333334,0.0,59.68000000000001,0.0,1.0,60.75000000000001,0.0,0.0,0.0,0.0,0.0,0.0,0.0,67.57500000000002,0.0,0.0,2.6666666666666665,0.01,0.0,0.0,35.35714285714286,0.0,35.400000000000006,0.0,1.0,303.00000000000006,175.05000000000004,28.740000000000002,0.0,0.0,0.0,0.0,883.2000000000002,0.0,0.0,0.0,8.533333333333333,0.0,0.0,0.0,7.790282380703483,38.1,83.0,67373931.0,19.22023674,0.0
Jun-10,1.0,16.0,0.0,0.0,0.0,0.0,0.0,1.0,0.0,0.0,0.0,0.0,15.0,0.0,1.0,0.0,0.0,0.0,7.0,0.0,0.0,0.0,1.0,0.0,0.0,1.0,0.0,2.0,0.0,2.0,1.0,0.0,0.0,4.0,1.0,1.0,0.0,0.0,0.0,0.0,0.0,0.0,2.0,0.0,7.0,0.0,0.0,0.0,4.0,0.0,0.0,52.0,21.0,34.8,0.0,0.0,1.0,0.0,0.0,12.0,0.0,0.0,1.0,0.0,0.0,26.0,0.0,0.0,1.0,3.0,0.0,11.0,0.0,0.0,1.0,4.0,58.0,3.0,0.0,1.0,0.0,0.0,1.0,0.0,6.0,0.0,0.0,0.0,0.0,1.0,1.0,1.0,0.0,2.0,1.0,17.0,7.0,0.0,0.0,4.0,0.0,0.0,0.0,6.0,0.0,8.0,7.0,0.0,27.5,0.0,0.0,0.0,0.0,0.0,0.0,0.0,23.0,1.0,0.0,0.0,39.0,0.0,0.0,3.0,0.0,1.0,1.0,11.0,2.0,47.0,0.0,0.0,0.0,2.0,0.0,0.0,3.0,44.49761904761906,2163.6000000000004,0.0,0.0,0.0,0.0,0.0,2.666666666666667,0.0,0.0,0.0,0.0,303.75000000000006,0.0,10.75,0.0,0.0,0.0,13.125000000000002,0.0,0.0,0.0,0.01,0.0,0.0,0.01,0.0,70.71428571428572,0.0,35.400000000000006,1.5,0.0,0.0,116.70000000000002,25.200000000000003,65.7,0.0,0.0,0.0,0.0,0.0,0.0,0.02,0.0,1507.2750000000003,0.0,0.0,7.681099001536359,26.0,96.0,51110183.70000001,18.94091877966166,0.0
Jul-10,3.0,1.0,0.0,0.0,0.0,0.0,0.0,1.0,0.0,1.0,0.0,0.0,0.0,0.0,0.0,0.0,0.0,0.0,0.0,0.0,7.0,0.0,0.0,0.0,0.0,0.0,0.0,12.0,0.0,1.0,1.0,0.0,0.0,1.0,2.0,0.0,0.0,0.0,0.0,0.0,0.0,0.0,1.0,1.0,2.0,0.0,0.0,0.0,6.0,0.0,0.0,49.0,15.0,31.8,0.0,1.0,1.0,1.0,0.0,18.0,0.0,0.0,2.0,0.0,0.0,36.0,0.0,0.0,0.0,8.0,0.0,19.0,0.0,1.0,1.0,7.0,75.0,3.0,0.0,0.0,0.0,0.0,1.0,0.0,4.0,0.0,0.0,0.0,0.0,2.0,0.0,0.0,0.0,3.0,3.0,21.0,3.0,0.0,0.0,8.0,0.0,0.0,0.0,13.0,0.0,9.0,4.0,0.0,26.3,0.0,0.0,0.0,0.0,0.0,0.0,0.0,33.0,6.0,0.0,0.0,35.0,0.0,0.0,1.0,1.0,5.0,1.0,8.0,0.0,45.0,0.0,0.0,0.0,0.0,0.0,1.0,2.0,133.49285714285716,135.22500000000002,0.0,0.0,0.0,0.0,0.0,2.666666666666667,0.0,14.220000000000002,0.0,0.0,0.0,0.0,0.0,0.0,0.0,0.0,0.0,0.0,157.67500000000004,0.0,0.0,0.0,0.0,0.0,0.0,424.28571428571433,0.0,17.700000000000003,1.5,0.0,0.0,29.175000000000004,28.740000000000002,0.0,0.0,0.0,0.0,0.0,0.0,0.0,0.01,8.533333333333333,430.6500000000001,0.0,0.0,7.717796211013582,15.0,103.0,56729978.70000001,19.046487925564342,0.0
Aug-10,11.0,7.900000000000001,0.0,0.0,0.0,0.0,0.0,0.0,0.0,0.0,0.0,0.0,2.0,3.0,0.0,0.0,1.0,0.0,0.0,0.0,2.0,0.0,0.0,0.0,0.0,0.0,0.0,5.0,0.0,5.0,1.0,0.0,0.0,12.0,0.0,1.0,0.0,0.0,0.0,1.0,0.0,0.0,1.0,0.0,2.0,0.0,1.0,0.0,4.0,0.0,0.0,48.7,13.0,27.3,0.0,0.0,1.0,0.0,0.0,21.3,0.0,0.0,1.0,0.0,0.0,20.0,0.0,0.0,0.0,3.0,0.0,6.0,0.0,1.0,0.0,6.0,73.625,1.0,1.0,0.0,0.0,0.0,0.0,0.0,4.0,0.0,0.0,0.0,0.0,0.0,0.0,0.0,0.0,0.0,7.0,16.0,9.0,0.0,0.0,4.0,0.0,1.0,0.0,3.0,0.0,8.0,8.0,0.0,24.8,0.0,0.0,0.0,0.0,0.0,1.0,0.0,47.0,2.0,0.0,0.0,46.0,0.0,0.0,5.0,0.0,3.0,1.0,11.0,3.0,57.78,0.0,2.0,0.0,2.0,0.0,0.0,1.0,489.4738095238097,3245.4000000000005,0.0,0.0,0.0,0.0,0.0,0.0,0.0,0.0,0.0,0.0,40.50000000000001,39.75000000000001,0.0,0.0,15.900000000000002,0.0,0.0,0.0,45.05000000000001,0.0,0.0,0.0,0.0,0.0,0.0,176.78571428571433,0.0,88.50000000000001,1.5,0.0,0.0,350.1000000000001,0.0,65.7,0.0,0.0,0.0,441.6000000000001,0.0,0.0,0.01,0.0,430.6500000000001,0.0,0.01,7.515344571180436,20.0,109.0,55970157.60000001,19.03284951795909,0.0
Sep-10,4.0,0.0,0.0,1.0,0.0,0.0,0.0,1.0,0.0,1.0,0.0,0.0,2.0,0.0,1.0,0.0,4.0,0.0,0.0,0.0,0.0,0.0,0.0,0.0,2.0,0.0,0.0,8.0,0.0,0.0,0.0,0.0,0.0,0.0,1.0,0.0,0.0,1.0,0.0,0.0,0.0,2.0,0.0,2.0,0.0,0.0,0.0,0.0,2.0,0.0,0.0,45.400000000000006,17.0,30.3,0.0,1.0,0.0,0.0,0.0,12.0,0.0,0.0,1.0,0.0,0.0,37.0,0.0,0.0,0.0,5.0,0.0,12.0,0.0,3.0,1.0,5.0,63.0,8.0,0.0,0.0,0.0,0.0,1.0,0.0,4.0,0.0,1.0,0.0,0.0,5.0,0.0,0.0,0.0,1.0,5.0,19.0,8.0,1.0,1.0,15.0,1.0,0.0,0.0,0.0,0.0,10.0,10.0,0.0,29.3,0.0,0.0,0.0,0.0,0.0,0.0,0.0,37.0,2.0,0.0,1.0,32.0,0.0,0.0,8.0,2.0,2.0,0.0,18.0,4.0,52.0,0.0,2.0,0.0,2.0,0.0,1.0,3.0,177.99047619047624,0.0,0.0,0.01,0.0,0.0,0.0,2.666666666666667,0.0,14.220000000000002,0.0,0.0,27.000000000000004,0.0,10.75,0.0,63.60000000000001,0.0,0.0,0.0,52.20000000000001,0.0,0.0,0.0,0.02,0.0,0.0,282.8571428571429,0.0,0.0,0.0,0.0,0.0,0.0,14.370000000000001,0.0,0.0,139.87500000000003,0.0,0.0,0.0,28.200000000000003,0.0,17.066666666666666,0.0,0.0,0.0,7.306531398939505,31.1,85.0,8025259.500000001,17.019329352557246,0.0
Oct-10,1.0,1.0,0.0,4.0,0.0,1.0,0.0,2.0,2.0,2.0,0.0,0.0,4.0,1.0,0.0,0.0,4.0,0.0,0.0,0.0,2.0,1.0,0.0,0.0,0.0,0.0,0.0,1.0,0.0,5.0,0.0,0.0,0.0,0.0,2.0,0.0,1.0,7.0,0.0,1.0,0.0,1.0,0.0,3.0,2.0,0.0,0.0,0.0,2.0,0.0,0.0,49.0,7.0,29.700000000000003,0.0,1.0,3.0,0.0,0.0,19.0,0.0,0.0,1.0,0.0,0.0,19.0,0.0,0.0,1.0,3.0,0.0,14.0,0.0,0.0,1.0,8.0,75.35,2.0,0.0,1.0,1.0,0.0,1.0,0.0,8.0,0.0,0.0,0.0,0.0,3.0,2.0,0.0,0.0,3.0,9.0,31.0,7.0,0.0,0.0,7.0,3.0,0.0,0.0,9.0,0.0,7.0,8.0,0.0,28.1,0.0,0.0,0.0,0.0,0.0,0.0,0.0,34.0,1.0,0.0,0.0,34.0,0.0,0.0,3.0,0.0,2.0,1.0,13.0,1.0,56.2,0.0,0.0,0.0,2.0,0.0,1.0,3.0,44.49761904761906,135.22500000000002,0.0,0.04,0.0,16.0,0.0,5.333333333333334,21.060000000000002,28.440000000000005,14.700000000000003,0.0,81.00000000000001,13.250000000000004,0.0,0.0,63.60000000000001,0.0,0.0,0.0,45.05000000000001,0.01,0.0,0.0,0.0,0.0,0.0,35.35714285714286,0.0,88.50000000000001,0.0,0.0,0.0,0.0,28.740000000000002,0.0,0.1428571428571428,979.1250000000001,0.0,441.6000000000001,0.0,14.100000000000001,0.0,25.6,430.6500000000001,0.0,0.0,7.355001921105257,29.0,72.0,10545375.600000001,17.31282933576034,0.0
Nov-10,3.0,1.0,0.0,2.0,0.0,0.0,0.0,0.0,3.0,0.0,0.0,1.0,1.0,0.0,0.0,0.0,1.0,0.0,1.0,0.0,2.0,0.0,0.0,1.0,3.0,0.0,9.0,1.0,0.0,1.0,0.0,0.0,6.0,1.0,1.0,1.0,0.0,1.0,0.0,0.0,0.0,0.0,0.0,0.0,0.0,1.0,0.0,0.0,7.0,0.0,0.0,54.7,10.0,29.1,0.0,0.0,0.0,0.0,0.0,17.0,0.0,0.0,2.0,0.0,0.0,25.0,0.0,0.0,1.0,5.0,0.0,10.0,0.0,4.0,0.0,10.0,68.0,2.0,0.0,0.0,0.0,0.0,0.0,0.0,8.0,0.0,1.0,0.0,0.0,1.0,0.0,0.0,0.0,9.0,7.0,15.0,10.0,1.0,0.0,12.0,1.0,0.0,1.0,10.0,0.0,8.0,12.0,0.0,33.5,0.0,0.0,0.0,0.0,0.0,0.0,0.0,40.0,6.0,0.0,0.0,28.0,0.0,0.0,6.0,0.0,7.0,2.0,7.0,5.0,49.6,0.0,2.0,0.0,0.0,0.0,0.0,6.0,133.49285714285716,135.22500000000002,0.0,0.02,0.0,0.0,0.0,0.0,31.590000000000003,0.0,0.0,1.0,20.250000000000004,0.0,0.0,0.0,15.900000000000002,0.0,6.25,0.0,45.05000000000001,0.0,0.0,2.6666666666666665,0.03,0.0,45.00000000000001,35.35714285714286,0.0,17.700000000000003,0.0,0.0,181.80000000000004,29.175000000000004,14.370000000000001,65.7,0.0,139.87500000000003,0.0,0.0,0.0,0.0,0.0,0.0,0.0,67.20000000000002,0.0,7.237778191923443,36.650000000000006,69.0,9359492.4,17.18534925556898,0.0
Dec-10,18.0,15.0,0.0,2.0,0.0,0.0,2.0,1.0,0.0,19.0,0.0,0.0,9.0,9.0,0.0,0.0,0.0,1.0,2.0,0.0,3.0,0.0,0.0,0.0,3.0,0.0,0.0,3.0,0.0,0.0,7.0,0.0,0.0,8.0,0.0,3.0,0.0,0.0,6.0,2.0,0.0,8.0,2.0,19.0,9.600000000000001,1.0,0.0,0.0,2.0,0.0,0.0,47.8,10.0,30.6,0.0,0.0,7.0,0.0,0.0,12.0,0.0,0.0,0.0,0.0,0.0,33.0,0.0,0.0,0.0,6.0,0.0,17.0,1.0,5.0,0.0,7.0,64.0,4.0,3.0,1.0,0.0,0.0,0.0,0.0,5.0,0.0,1.0,0.0,0.0,2.0,0.0,0.0,0.0,3.0,6.0,21.6,14.0,0.0,0.0,13.0,1.0,0.0,0.0,5.0,4.0,12.0,7.0,0.0,42.800000000000004,0.0,0.0,0.0,0.0,0.0,2.0,0.0,50.0,4.0,0.0,0.0,39.0,0.0,0.0,9.0,1.0,10.0,1.0,13.600000000000001,4.0,50.8,1.0,1.0,0.0,1.0,0.0,1.0,1.0,800.957142857143,2028.3750000000002,0.0,0.02,0.0,0.0,18.300000000000004,2.666666666666667,0.0,270.18000000000006,0.0,0.0,182.25000000000003,119.25000000000003,0.0,0.0,0.0,1.0,12.5,0.0,67.57500000000002,0.0,0.0,0.0,0.03,0.0,0.0,106.07142857142858,0.0,0.0,10.5,0.0,0.0,233.40000000000003,0.0,197.10000000000002,0.0,0.0,19.125000000000004,883.2000000000002,0.0,112.80000000000001,0.02,48.64000000000001,6890.4000000000015,67.20000000000002,0.0,7.109062135687172,38.150000000000006,82.0,20049399.900000002,17.985377812579912,0.0
Jan-11,9.0,3.0,0.0,0.0,0.0,1.0,0.0,0.0,0.0,4.0,0.0,0.0,0.0,0.0,1.0,0.0,0.0,0.0,0.0,1.0,0.0,1.0,0.0,0.0,0.0,0.0,0.0,1.0,0.0,1.0,1.0,0.0,0.0,1.0,1.0,0.0,0.0,0.0,0.0,0.0,0.0,0.0,0.0,0.0,5.0,0.0,0.0,0.0,3.0,0.0,0.0,76.60000000000001,18.400000000000002,52.2,0.0,3.0,4.0,1.0,0.0,29.1,0.0,0.0,2.0,0.0,0.0,41.900000000000006,0.0,0.0,1.0,8.0,0.0,20.8,0.0,1.0,1.0,11.0,116.80000000000001,20.0,1.0,2.0,1.0,0.0,0.0,0.0,12.0,0.0,2.0,0.0,0.0,0.0,0.0,0.0,0.0,10.0,22.0,20.4,9.0,1.0,1.0,13.0,0.0,0.0,0.0,11.600000000000001,1.0,20.0,10.0,0.0,47.300000000000004,0.0,0.0,0.0,0.0,1.0,0.0,0.0,62.95,9.0,0.0,0.0,42.15,0.0,0.0,11.0,1.0,18.0,1.0,10.9,6.0,82.0,0.0,5.0,0.0,6.0,0.0,4.0,3.0,7.500000000000001,405.67500000000007,0.0,0.0,0.0,16.0,0.0,0.0,0.0,56.88000000000001,0.0,0.0,0.0,9.000000000000002,10.75,0.0,0.0,0.0,0.0,2.0,356.1000000000001,0.01,0.0,0.0,0.0,0.0,0.0,35.35714285714286,1.0,17.700000000000003,1.5,0.0,0.0,29.175000000000004,408890.4000000001,0.0,0.0,0.0,0.0,441.6000000000001,0.0,0.0,0.0,0.0,1076.6250000000002,0.0,0.0,7.234177179749849,36.95,81.0,22657799.400000002,18.11145529718306,0.0
Feb-11,0.0,3.0,0.0,0.0,0.0,0.0,0.0,0.0,1.0,0.0,1.0,0.0,0.0,0.0,0.0,0.0,0.0,0.0,0.0,0.0,1.0,0.0,0.0,1.0,0.0,0.0,2.0,0.0,0.0,2.0,0.0,0.0,7.0,0.0,0.0,0.0,0.0,1.0,0.0,0.0,0.0,0.0,0.0,1.0,13.0,1.0,0.0,0.0,7.0,0.0,0.0,45.400000000000006,12.0,28.8,0.0,0.0,2.0,0.0,0.0,10.0,0.0,0.0,2.0,0.0,0.0,32.0,0.0,0.0,0.0,5.0,0.0,9.0,2.0,2.0,0.0,6.0,52.0,3.0,0.0,0.0,0.0,0.0,3.0,0.0,4.0,0.0,0.0,0.0,0.0,0.0,0.0,0.0,0.0,1.0,5.0,11.0,11.0,0.0,0.0,9.0,0.0,0.0,0.0,8.0,0.0,12.0,11.0,0.0,27.8,0.0,0.0,0.0,0.0,2.0,0.0,0.0,25.0,4.0,2.0,0.0,29.0,0.0,0.0,9.0,1.0,9.0,2.0,11.0,4.0,52.0,0.0,1.0,0.0,1.0,0.0,1.0,0.0,0.0,405.67500000000007,0.0,0.0,0.0,0.0,0.0,0.0,10.530000000000001,0.0,15.966666666666669,0.0,0.0,0.0,0.0,0.0,0.0,0.0,0.0,0.0,22.525000000000006,0.0,0.0,2.6666666666666665,0.0,0.0,10.000000000000002,0.0,0.0,35.400000000000006,0.0,0.0,212.10000000000002,0.0,0.0,0.0,0.0,139.87500000000003,0.0,0.0,0.0,0.0,0.0,8.533333333333333,2799.2250000000004,67.20000000000002,0.0,7.559559496,31.25,74.0,19206774.6,17.94100022022633,0.0
Mar-11,14.0,1.0,0.0,0.0,0.0,0.0,1.0,0.0,1.0,1.0,0.0,0.0,1.0,1.0,3.0,0.0,0.0,0.0,1.0,0.0,0.0,0.0,0.0,1.0,0.0,1.0,0.0,2.0,0.0,3.0,0.0,0.0,0.0,0.0,2.0,0.0,0.0,0.0,0.0,6.900000000000001,0.0,0.0,0.0,2.0,0.0,0.0,0.0,0.0,2.0,0.0,0.0,74.5,26.0,35.7,0.0,1.0,0.0,0.0,0.0,15.0,1.0,0.0,0.0,0.0,0.0,34.0,0.0,0.0,0.0,5.0,0.0,27.0,0.0,4.0,1.0,7.0,58.3,6.0,0.0,1.0,0.0,0.0,1.0,0.0,5.0,0.0,0.0,0.0,0.0,0.0,0.0,0.0,0.0,0.0,12.0,19.700000000000003,15.0,0.0,0.0,10.0,0.0,2.0,0.0,8.0,0.0,10.0,11.0,0.0,32.6,0.0,0.0,0.0,0.0,1.0,0.0,0.0,38.0,6.0,0.0,0.0,37.1,0.0,0.0,6.0,0.0,5.0,1.0,16.0,2.0,59.2,0.0,0.0,0.0,0.0,0.0,1.0,1.0,622.9666666666669,135.22500000000002,0.0,0.0,0.0,0.0,9.150000000000002,0.0,10.530000000000001,14.220000000000002,0.0,0.0,20.250000000000004,13.250000000000004,9.675,0.0,0.0,0.0,6.25,0.0,0.0,0.0,0.0,2.6666666666666665,0.0,0.01,0.0,70.71428571428572,0.0,53.10000000000001,0.0,0.0,0.0,0.0,28.740000000000002,0.0,0.0,0.0,0.0,10156.800000000001,0.0,0.0,0.0,17.066666666666666,0.0,0.0,0.0,7.804251383528112,24.0,64.0,19383013.500000004,17.950446272064518,0.0
Apr-11,1.0,7.0,0.0,0.0,0.0,1.0,8.0,0.0,0.0,0.0,0.0,0.0,0.0,0.0,5.0,0.0,0.0,0.0,1.0,0.0,4.0,0.0,0.0,0.0,0.0,0.0,0.0,7.900000000000001,0.0,0.0,1.0,0.0,0.0,4.0,4.0,0.0,0.0,0.0,0.0,4.800000000000001,0.0,0.0,0.0,0.0,0.0,0.0,0.0,0.0,2.0,0.0,0.0,51.7,11.0,33.3,0.0,1.0,0.0,0.0,0.0,20.0,0.0,0.0,0.0,0.0,0.0,31.0,0.0,0.0,0.0,5.0,1.0,12.0,1.0,3.0,0.0,5.0,67.0,3.0,0.0,0.0,0.0,0.0,1.0,0.0,5.0,0.0,0.0,0.0,0.0,0.0,0.0,0.0,0.0,0.0,4.0,18.0,10.0,0.0,0.0,7.0,0.0,0.0,1.0,3.0,0.0,6.0,9.0,0.0,32.0,0.0,0.0,0.0,0.0,0.0,0.0,0.0,42.0,0.0,0.0,1.0,29.0,0.0,0.0,3.0,2.0,3.0,0.0,14.0,2.0,57.0,0.0,1.0,0.0,2.0,0.0,0.0,0.0,44.49761904761906,946.5750000000002,0.0,0.0,0.0,16.0,73.20000000000002,0.0,0.0,0.0,0.0,0.0,0.0,0.0,16.125000000000004,0.0,0.0,0.0,6.25,0.0,90.10000000000002,0.0,0.0,0.0,0.0,0.0,0.0,848.5714285714287,0.0,0.0,1.5,0.0,0.0,116.70000000000002,57.480000000000004,0.0,0.0,0.0,0.0,7065.600000000001,0.0,5.0,0.0,0.0,0.0,0.0,0.0,7.627544390488503,33.6,66.0,23080068.900000002,18.130449986360144,0.0
May-11,1.0,8.0,0.0,0.0,0.0,0.0,0.0,0.0,0.0,3.0,0.0,0.0,0.0,0.0,0.0,0.0,1.0,0.0,0.0,1.0,4.0,0.0,0.0,0.0,0.0,0.0,0.0,1.0,0.0,1.0,0.0,0.0,0.0,9.0,2.0,0.0,0.0,0.0,0.0,1.0,0.0,2.0,1.0,1.0,3.0,2.0,0.0,0.0,1.0,0.0,0.0,56.800000000000004,22.0,31.8,0.0,1.0,1.0,0.0,0.0,26.0,1.0,0.0,0.0,0.0,0.0,37.0,0.0,0.0,0.0,2.0,0.0,17.0,0.0,3.0,0.0,6.0,61.6,1.0,0.0,1.0,0.0,0.0,0.0,0.0,2.0,0.0,0.0,0.0,0.0,2.0,0.0,0.0,0.0,3.0,10.0,16.0,14.0,0.0,0.0,6.0,0.0,1.0,0.0,2.0,1.0,5.0,11.0,0.0,29.6,0.0,0.0,0.0,0.0,0.0,0.0,0.0,30.0,5.0,0.0,0.0,40.0,0.0,2.0,7.0,1.0,8.0,1.0,13.0,0.0,63.0,0.0,0.0,0.0,1.0,0.0,1.0,3.0,44.49761904761906,1081.8000000000002,0.0,0.0,0.0,0.0,0.0,0.0,0.0,42.660000000000004,0.0,0.0,0.0,0.0,0.0,0.0,15.900000000000002,0.0,0.0,2.0,90.10000000000002,0.0,0.0,0.0,0.0,0.0,0.0,35.35714285714286,0.0,17.700000000000003,0.0,0.0,0.0,262.57500000000005,28.740000000000002,0.0,0.0,0.0,0.0,441.6000000000001,0.0,28.200000000000003,0.01,8.533333333333333,645.9750000000001,134.40000000000003,0.0,7.577121930876679,31.200000000000003,71.0,16657806.600000001,17.793350348452446,0.0
Jun-11,1.0,7.0,0.0,1.0,0.0,0.0,0.0,3.0,0.0,2.0,0.0,0.0,2.0,0.0,0.0,0.0,2.0,0.0,0.0,0.0,0.0,0.0,0.0,0.0,0.0,0.0,0.0,2.0,0.0,2.0,0.0,1.0,0.0,4.0,0.0,2.0,0.0,0.0,0.0,2.0,0.0,0.0,4.0,1.0,1.0,0.0,0.0,0.0,4.0,0.0,0.0,56.2,17.0,33.900000000000006,0.0,1.0,1.0,0.0,0.0,12.0,0.0,0.0,0.0,0.0,0.0,27.0,0.0,0.0,0.0,5.0,0.0,20.0,1.0,3.0,0.0,8.0,66.4,2.0,0.0,2.0,1.0,0.0,1.0,0.0,11.0,0.0,0.0,0.0,0.0,2.0,0.0,0.0,2.0,3.0,4.0,19.0,19.0,1.0,0.0,7.0,0.0,0.0,0.0,6.0,0.0,12.0,10.0,0.0,29.0,0.0,0.0,0.0,0.0,0.0,0.0,0.0,32.0,1.0,0.0,0.0,30.0,0.0,0.0,3.0,1.0,3.0,0.0,20.0,1.0,77.27000000000001,0.0,0.0,0.0,1.0,0.0,1.0,2.0,44.49761904761906,946.5750000000002,0.0,0.01,0.0,0.0,0.0,8.0,0.0,28.440000000000005,0.0,0.0,40.50000000000001,0.0,0.0,0.0,31.800000000000004,0.0,0.0,0.0,0.0,0.0,0.0,0.0,0.0,0.0,0.0,70.71428571428572,0.0,35.400000000000006,0.0,1.0,0.0,116.70000000000002,0.0,131.4,0.0,0.0,0.0,883.2000000000002,0.0,0.0,0.04,8.533333333333333,215.32500000000005,0.0,0.0,7.768956044538332,30.900000000000002,63.0,26208507.600000005,18.26094876259848,0.0
Jul-11,7.0,3.0,0.0,0.0,0.0,0.0,0.0,0.0,0.0,0.0,0.0,0.0,12.0,0.0,0.0,0.0,0.0,0.0,0.0,0.0,0.0,0.0,0.0,8.0,0.0,0.0,0.0,0.0,0.0,0.0,0.0,1.0,0.0,2.0,2.0,0.0,0.0,0.0,1.0,3.0,0.0,8.0,1.0,0.0,1.0,0.0,0.0,0.0,4.0,0.0,0.0,49.300000000000004,16.0,32.7,0.0,0.0,0.0,0.0,0.0,10.0,0.0,0.0,0.0,0.0,0.0,24.0,1.0,0.0,2.0,4.0,0.0,12.0,0.0,2.0,0.0,3.0,62.5,1.0,0.0,2.0,1.0,0.0,1.0,0.0,8.0,0.0,0.0,0.0,0.0,0.0,0.0,0.0,0.0,2.0,7.0,19.0,13.0,0.0,0.0,8.0,0.0,0.0,0.0,6.0,0.0,6.0,12.0,0.0,29.0,0.0,0.0,0.0,0.0,0.0,0.0,0.0,38.0,11.0,0.0,0.0,37.0,0.0,0.0,4.0,2.0,4.0,1.0,8.0,0.0,55.0,0.0,0.0,0.0,1.0,0.0,1.0,0.0,311.4833333333334,405.67500000000007,0.0,0.0,0.0,0.0,0.0,0.0,0.0,0.0,0.0,0.0,243.00000000000003,0.0,0.0,0.0,0.0,0.0,0.0,0.0,0.0,0.0,0.0,6.3999999999999995,0.0,0.0,0.0,0.0,0.0,0.0,0.0,1.0,0.0,3.0,28.740000000000002,0.0,0.0,0.0,10.625,1324.8000000000002,0.0,112.80000000000001,0.01,0.0,215.32500000000005,0.0,0.0,7.708410667257367,12.0,71.4,6490248.000000001,16.786421771928932,0.0
Aug-11,3.0,0.0,0.0,0.0,0.0,1.0,0.0,1.0,1.0,0.0,2.0,0.0,3.0,0.0,0.0,0.0,1.0,0.0,0.0,0.0,1.0,0.0,0.0,0.0,0.0,0.0,0.0,10.0,0.0,3.0,1.0,1.0,1.0,1.0,11.0,0.0,0.0,1.0,0.0,2.0,0.0,0.0,1.0,0.0,1.0,1.0,0.0,0.0,6.0,1.0,0.0,51.400000000000006,21.0,29.700000000000003,1.0,0.0,0.0,0.0,0.0,18.700000000000003,0.0,0.0,2.0,0.0,0.0,25.0,0.0,0.0,1.0,3.0,0.0,18.0,0.0,3.0,1.0,12.0,70.6,4.0,0.0,0.0,1.0,0.0,1.0,0.0,2.0,0.0,0.0,0.0,0.0,0.0,0.0,0.0,0.0,1.0,7.0,17.0,14.0,0.0,1.0,6.0,0.0,0.0,0.0,7.0,0.0,9.0,21.0,0.0,28.1,0.0,0.0,0.0,0.0,0.0,1.0,0.0,42.2,5.0,0.0,0.0,40.0,0.0,1.0,5.0,1.0,7.0,0.0,13.0,4.0,65.0,0.0,3.0,0.0,1.0,0.0,0.0,0.0,133.49285714285716,0.0,0.0,0.0,0.0,16.0,0.0,2.666666666666667,10.530000000000001,0.0,31.933333333333337,0.0,60.75000000000001,0.0,0.0,0.0,15.900000000000002,0.0,0.0,0.0,22.525000000000006,0.0,0.0,0.0,0.0,0.0,0.0,353.5714285714287,0.0,53.10000000000001,1.5,1.0,30.300000000000004,31.275000000000006,158.07000000000002,0.0,0.0,139.87500000000003,0.0,883.2000000000002,0.0,0.0,0.01,0.0,215.32500000000005,67.20000000000002,0.0,7.877017895622398,18.900000000000002,69.9,14694676.500000002,17.662627700126322,0.0
Sep-11,0.0,3.0,1.0,1.0,0.0,0.0,0.0,0.0,0.0,4.0,0.0,0.0,2.0,0.0,0.0,0.0,0.0,0.0,0.0,0.0,2.0,1.0,0.0,1.0,0.0,0.0,0.0,15.0,0.0,1.0,0.0,1.0,2.0,2.0,3.0,0.0,0.0,0.0,0.0,1.0,0.0,1.0,0.0,2.0,0.0,0.0,0.0,0.0,4.0,0.0,0.0,60.400000000000006,22.0,31.5,2.0,0.0,1.0,0.0,0.0,13.0,0.0,0.0,0.0,0.0,0.0,34.0,0.0,0.0,0.0,6.0,0.0,11.0,0.0,7.0,3.0,9.0,70.0,3.0,1.0,0.0,1.0,0.0,1.0,0.0,8.0,0.0,0.0,0.0,0.0,1.0,0.0,0.0,0.0,2.0,11.0,19.0,12.0,1.0,0.0,10.0,0.0,0.0,0.0,9.0,1.0,8.0,15.0,0.0,34.1,0.0,0.0,1.0,0.0,0.0,0.0,0.0,40.7,4.0,1.0,0.0,42.0,0.0,1.0,4.0,0.0,1.0,0.0,12.0,0.0,73.0,0.0,0.0,0.0,0.0,0.0,2.0,4.0,0.0,405.67500000000007,0.01,0.01,0.0,0.0,0.0,0.0,325.80000000000007,56.88000000000001,0.0,0.0,40.50000000000001,0.0,0.0,0.0,0.0,0.0,0.0,0.0,45.05000000000001,0.01,0.0,2.6666666666666665,0.0,0.0,0.0,530.3571428571429,0.0,17.700000000000003,0.0,1.0,60.60000000000001,60.45000000000001,43.11,10.8,0.0,0.0,0.0,441.6000000000001,0.0,14.100000000000001,0.0,17.066666666666666,0.0,0.0,0.0,7.661056382,19.200000000000003,69.6,23234640.900000002,18.13731377470368,0.0
Oct-11,16.0,3.0,0.0,1.0,0.0,0.0,0.0,3.0,0.0,10.0,0.0,1.0,7.0,7.0,0.0,0.0,0.0,0.0,4.0,0.0,0.0,0.0,0.0,0.0,0.0,0.0,0.0,1.0,0.0,5.0,1.0,0.0,1.0,21.0,5.0,0.0,0.0,1.0,1.0,1.0,0.0,2.0,0.0,2.0,0.0,0.0,0.0,0.0,4.0,0.0,0.0,52.0,23.0,34.5,1.0,0.0,0.0,0.0,0.0,17.200000000000003,0.0,0.0,1.0,0.0,0.0,35.0,0.0,0.0,0.0,4.0,0.0,25.0,0.0,2.0,0.0,11.0,58.0,1.0,0.0,0.0,0.0,0.0,0.0,0.0,3.0,0.0,1.0,0.0,0.0,0.0,0.0,0.0,0.0,5.0,11.0,28.0,11.0,0.0,0.0,9.0,0.0,0.0,0.0,7.0,0.0,7.0,9.0,0.0,32.0,0.0,0.0,0.0,0.0,0.0,1.0,0.0,38.6,7.0,0.0,0.0,42.0,0.0,0.0,7.0,2.0,12.0,3.0,16.0,3.0,74.0,0.0,0.0,1.0,3.0,0.0,1.0,2.0,711.961904761905,405.67500000000007,0.0,0.01,0.0,0.0,0.0,8.0,0.0,142.20000000000002,0.0,1.0,141.75000000000003,92.75000000000001,0.0,0.0,0.0,0.0,7.500000000000001,0.0,0.0,0.0,0.0,0.0,0.0,0.0,0.0,35.35714285714286,0.0,88.50000000000001,1.5,0.0,30.300000000000004,614.7750000000001,71.85000000000001,0.0,0.0,139.87500000000003,10.625,441.6000000000001,0.0,28.200000000000003,0.0,17.066666666666666,0.0,0.0,0.0,7.728855823852543,18.0,66.6,14411389.500000002,17.64226961875319,0.0
Nov-11,1.0,10.0,0.0,1.0,0.0,0.0,0.0,2.0,7.0,2.0,0.0,0.0,4.0,5.0,0.0,0.0,0.0,0.0,0.0,1.0,2.0,1.0,0.0,1.0,2.0,0.0,0.0,4.0,0.0,0.0,0.0,0.0,0.0,1.0,7.0,0.0,0.0,0.0,0.0,1.0,0.0,0.0,1.0,1.0,12.0,0.0,0.0,0.0,2.0,0.0,0.0,50.5,26.0,29.1,0.0,0.0,1.0,0.0,0.0,11.0,0.0,0.0,0.0,0.0,1.0,29.0,0.0,0.0,0.0,2.0,0.0,11.0,1.0,2.0,0.0,9.0,64.6,0.0,0.0,0.0,0.0,0.0,1.0,0.0,8.0,0.0,0.0,0.0,0.0,1.0,0.0,0.0,0.0,2.0,12.0,15.0,10.0,0.0,0.0,8.0,2.0,0.0,0.0,6.0,0.0,9.0,13.0,0.0,34.1,0.0,0.0,0.0,0.0,2.0,0.0,0.0,40.4,5.0,2.0,0.0,36.0,0.0,1.0,2.0,2.0,3.0,2.0,11.0,2.0,53.0,0.0,1.0,0.0,2.0,0.0,0.0,2.0,44.49761904761906,1352.2500000000002,0.0,0.01,0.0,0.0,0.0,5.333333333333334,73.71000000000001,28.440000000000005,0.0,0.0,81.00000000000001,66.25000000000001,0.0,0.0,0.0,0.0,0.0,2.0,45.05000000000001,0.01,0.0,2.6666666666666665,0.02,0.0,0.0,141.42857142857144,0.0,0.0,0.0,0.0,0.0,31.275000000000006,100.59000000000002,0.0,0.0,0.0,0.0,441.6000000000001,0.0,0.0,0.01,8.533333333333333,2583.9000000000005,0.0,0.0,7.506042178518122,26.1,54.0,10578580.500000002,17.31617504319633,0.0
Dec-11,20.0,16.0,0.0,0.0,0.0,0.0,1.0,0.0,8.0,13.0,1.0,1.0,4.0,9.0,0.0,0.0,0.0,1.0,9.0,0.0,2.0,0.0,2.0,2.0,11.0,0.0,0.0,14.100000000000001,0.0,4.0,0.0,1.0,5.0,5.0,8.0,0.0,0.0,2.0,0.0,9.0,0.0,17.0,0.0,7.000000000000001,7.900000000000001,0.0,0.0,0.0,4.0,0.0,0.0,56.2,15.0,29.700000000000003,0.0,1.0,2.0,0.0,0.0,26.0,0.0,0.0,0.0,0.0,0.0,31.0,0.0,0.0,1.0,4.0,0.0,20.0,2.0,3.0,2.0,4.0,64.0,1.0,2.0,0.0,0.0,0.0,2.0,0.0,6.0,0.0,0.0,0.0,0.0,0.0,0.0,0.0,0.0,3.0,3.0,24.6,17.0,1.0,0.0,5.0,2.0,2.0,0.0,16.0,2.0,13.0,14.0,0.0,35.900000000000006,0.0,0.0,0.0,0.0,0.0,9.0,0.0,39.8,3.0,0.0,0.0,40.0,0.0,1.0,13.0,1.0,6.0,1.0,25.0,5.0,63.0,0.0,1.0,1.0,2.0,0.0,3.0,1.0,889.9523809523812,2163.6000000000004,0.0,0.0,0.0,0.0,9.150000000000002,0.0,84.24000000000001,184.86,15.966666666666669,1.0,81.00000000000001,119.25000000000003,0.0,0.0,0.0,1.0,16.875000000000004,0.0,45.05000000000001,0.0,0.02,5.333333333333333,0.11,0.0,0.0,1414.2857142857147,0.0,70.80000000000001,0.0,1.0,151.50000000000003,147.97500000000002,114.96000000000001,0.0,0.0,279.75000000000006,0.0,3974.4000000000005,0.0,239.70000000000005,0.0,59.733333333333334,5167.800000000001,0.0,0.0,7.646353722445999,25.200000000000003,63.0,9118877.400000002,17.15737493955738,0.0
Jan-12,3.0,2.0,0.0,0.0,0.0,1.0,0.0,0.0,0.0,3.0,0.0,0.0,0.0,1.0,0.0,0.0,0.0,0.0,0.0,0.0,0.0,0.0,0.0,0.0,0.0,0.0,0.0,2.0,0.0,0.0,0.0,0.0,0.0,3.0,7.0,1.0,0.0,0.0,0.0,1.0,0.0,0.0,0.0,0.0,0.0,0.0,0.0,0.0,9.0,0.0,0.0,114.70000000000002,32.1,63.300000000000004,1.0,1.0,2.0,2.0,0.0,35.470000000000006,0.0,0.0,1.0,0.0,0.0,59.10000000000001,0.0,0.0,0.0,10.3,0.0,22.8,0.0,2.0,0.0,10.0,130.3,9.700000000000001,1.0,0.0,0.0,0.0,1.0,0.0,25.0,0.0,2.0,0.0,0.0,4.0,0.0,0.0,0.0,10.0,10.5,29.700000000000003,15.0,0.0,0.0,9.0,0.0,3.0,0.0,14.200000000000001,0.0,23.0,12.0,0.0,80.30000000000001,0.0,0.0,0.0,0.0,0.0,0.0,0.0,68.60000000000001,13.0,0.0,0.0,64.9,0.0,0.0,10.650000000000002,0.0,15.0,1.0,28.25,3.0,103.80000000000001,0.0,8.0,0.0,6.0,0.0,0.0,3.0,133.49285714285716,270.45000000000005,0.0,0.0,0.0,16.0,0.0,0.0,0.0,42.660000000000004,0.0,0.0,0.0,722.7000000000002,0.0,0.0,0.0,0.0,0.0,0.0,1.0,0.0,0.0,0.0,0.0,0.0,0.0,474.00000000000006,0.0,0.0,0.0,0.0,0.0,89.62500000000001,100.59000000000002,65.7,0.0,0.0,7.800000000000001,441.6000000000001,0.0,0.0,0.0,218.67333333333337,0.0,0.0,0.0,9.364948090202622,32.7,73.0,8550015.3,17.087949140040045,0.0
Feb-12,6.0,5.0,0.0,1.0,0.0,2.0,0.0,0.0,0.0,4.0,1.0,0.0,6.0,5.0,0.0,0.0,0.0,0.0,8.0,7.0,0.0,0.0,0.0,2.0,0.0,0.0,0.0,1.0,0.0,1.0,0.0,0.0,0.0,1.0,3.0,0.0,0.0,0.0,0.0,0.0,0.0,1.0,0.0,4.0,1.0,1.0,0.0,0.0,10.0,0.0,0.0,46.6,19.0,34.8,1.0,0.0,2.0,0.0,0.0,4.0,0.0,0.0,1.0,0.0,0.0,32.0,0.0,0.0,2.0,2.0,0.0,12.0,0.0,7.0,0.0,14.0,64.6,0.0,0.0,0.0,0.0,0.0,1.0,0.0,12.0,0.0,1.0,0.0,0.0,1.0,0.0,0.0,0.0,1.0,6.0,19.8,19.0,1.0,0.0,14.0,0.0,0.0,0.0,6.0,0.0,11.0,19.0,0.0,37.7,0.0,0.0,0.0,0.0,0.0,0.0,0.0,27.0,6.0,0.0,0.0,28.0,0.0,1.0,6.0,1.0,3.0,2.0,13.0,7.0,66.0,0.0,1.0,0.0,1.0,0.0,0.0,4.0,266.98571430000004,676.1250000000001,0.0,0.01,0.0,9.600000000000001,0.0,0.0,0.0,56.88000000000001,15.966666666666669,0.0,121.50000000000001,5.1000000000000005,0.0,0.0,0.0,0.0,15.000000000000002,14.0,0.0,0.0,0.0,5.333333333333333,0.0,0.0,0.0,35.35714285714286,0.0,17.700000000000003,0.0,0.0,0.0,31.275000000000006,43.11,0.0,0.0,0.0,0.0,0.0,0.0,14.100000000000001,0.0,16.213333333333335,215.32500000000005,67.20000000000002,0.0,8.026823576217629,15.9,83.0,4037493.9000000004,16.243303675258083,0.0
Mar-12,2.0,5.0,1.0,0.0,0.0,0.0,1.0,0.0,0.0,4.0,0.0,0.0,1.0,0.0,0.0,0.0,0.0,0.0,0.0,0.0,1.0,0.0,0.0,1.0,0.0,0.0,0.0,2.0,0.0,5.0,0.0,0.0,1.0,4.0,5.0,0.0,0.0,0.0,0.0,2.0,0.0,4.0,0.0,1.0,0.0,1.0,0.0,0.0,14.0,0.0,0.0,57.7,17.0,37.2,1.0,0.0,0.0,1.0,0.0,10.3,0.0,0.0,1.0,0.0,0.0,45.0,0.0,0.0,2.0,6.0,1.0,16.0,0.0,6.0,0.0,16.0,72.4,2.0,0.0,1.0,0.0,0.0,3.0,0.0,26.0,0.0,0.0,0.0,0.0,1.0,0.0,0.0,0.0,2.0,6.0,22.0,17.8,1.0,0.0,14.0,0.0,0.0,0.0,15.0,0.0,14.0,20.0,0.0,50.300000000000004,0.0,0.0,0.0,0.0,0.0,1.0,0.0,35.400000000000006,6.0,0.0,0.0,34.0,0.0,1.0,5.0,3.0,8.0,1.0,13.0,13.0,82.0,0.0,1.0,0.0,1.0,0.0,1.0,4.0,88.99523809523812,676.1250000000001,0.01,0.0,0.0,0.0,9.150000000000002,0.0,0.0,56.88000000000001,0.0,0.0,20.250000000000004,0.0,0.0,0.0,0.0,0.0,0.0,0.0,22.525000000000006,0.0,0.0,2.6666666666666665,0.0,0.0,0.0,70.71428571428572,0.0,88.50000000000001,0.0,0.0,30.300000000000004,118.80000000000001,71.85000000000001,0.0,0.0,0.0,0.0,883.2000000000002,0.0,56.400000000000006,0.0,8.533333333333333,0.0,67.20000000000002,0.0,8.317521996,15.3,55.0,4400403.0,16.34471627025925,0.0
Apr-12,9.0,3.0,0.0,0.0,1.0,1.0,1.0,1.0,0.0,11.0,0.0,0.0,2.0,0.0,0.0,0.0,4.0,0.0,0.0,1.0,2.0,0.0,0.0,0.0,0.0,1.0,0.0,8.0,0.0,7.0,1.0,0.0,0.0,2.0,7.0,0.0,0.0,4.0,0.0,2.0,0.0,0.0,0.0,1.0,2.0,0.0,0.0,1.0,12.0,0.0,0.0,51.1,23.0,41.400000000000006,0.0,0.0,0.0,0.0,0.0,10.0,0.0,0.0,1.0,0.0,0.0,32.0,0.0,0.0,1.0,3.0,0.0,10.0,0.0,11.0,0.0,23.0,66.4,4.0,1.0,1.0,0.0,0.0,3.0,0.0,10.0,0.0,0.0,0.0,0.0,2.0,0.0,0.0,0.0,2.0,6.0,23.0,19.0,2.0,0.0,12.0,0.0,0.0,0.0,10.0,0.0,10.0,20.0,0.0,38.300000000000004,0.0,0.0,0.0,0.0,0.0,0.0,0.0,25.0,2.0,0.0,1.0,33.0,0.0,0.0,7.0,7.0,4.0,1.0,9.0,6.0,75.0,0.0,2.0,0.0,2.0,0.0,2.0,8.0,400.4785714285715,405.67500000000007,0.0,0.0,1.0,16.200000000000003,9.150000000000002,2.666666666666667,0.0,156.42000000000002,0.0,0.0,40.50000000000001,0.0,0.0,0.0,63.60000000000001,0.0,0.0,2.0,45.05000000000001,0.0,0.0,0.0,0.0,0.01,0.0,282.8571428571429,0.0,123.90000000000002,1.5,0.0,0.0,60.45000000000001,100.59000000000002,0.0,0.0,559.5000000000001,0.0,883.2000000000002,0.0,0.0,0.0,8.533333333333333,430.6500000000001,0.0,0.0,8.373553741214627,28.800000000000004,67.0,12828134.400000002,17.520164365192823,0.01
May-12,7.0,3.0,0.0,0.0,0.0,1.0,0.0,0.0,0.0,4.0,0.0,0.0,2.0,0.0,0.0,0.0,0.0,0.0,0.0,0.0,0.0,0.0,0.0,2.0,6.0,0.0,2.0,10.0,0.0,0.0,0.0,0.0,5.0,0.0,6.0,0.0,0.0,1.0,0.0,3.0,0.0,0.0,0.0,0.0,0.0,0.0,0.0,0.0,11.0,1.0,0.0,56.800000000000004,21.0,27.9,0.0,0.0,1.0,0.0,0.0,17.0,0.0,0.0,4.0,0.0,0.0,38.0,0.0,0.0,0.0,4.0,0.0,16.0,0.0,12.0,1.0,18.0,67.6,3.0,0.0,0.0,0.0,0.0,2.0,0.0,2.0,0.0,0.0,0.0,0.0,3.0,0.0,0.0,0.0,0.0,7.0,20.0,21.700000000000003,0.0,0.0,15.0,0.0,0.0,1.0,2.0,0.0,5.0,30.0,0.0,47.900000000000006,3.0,0.0,0.0,0.0,0.0,0.0,0.0,32.5,12.0,0.0,0.0,39.0,0.0,2.0,7.0,0.0,8.0,1.0,5.0,9.0,77.0,1.0,0.0,0.0,2.0,0.0,0.0,4.0,311.4833333333334,405.67500000000007,0.0,0.0,0.0,4.800000000000001,0.0,0.0,0.0,1.0,0.0,0.0,40.50000000000001,0.0,0.0,0.0,0.0,0.0,0.0,0.0,0.0,0.0,0.0,5.333333333333333,0.06,0.0,9.0,353.5714285714287,0.0,0.0,0.0,0.0,151.50000000000003,0.0,86.22,0.0,0.0,139.87500000000003,0.0,1324.8000000000002,0.0,0.0,0.0,0.0,0.0,0.0,0.0,8.140607043,26.400000000000002,69.0,13186587.600000001,17.54914397028769,0.0
Jun-12,0.0,2.0,0.0,1.0,0.0,0.0,0.0,0.0,0.0,8.0,0.0,0.0,10.0,3.0,1.0,0.0,0.0,0.0,6.0,0.0,3.0,0.0,0.0,0.0,0.0,0.0,1.0,3.0,0.0,4.0,2.0,1.0,3.0,5.0,4.0,1.0,0.0,0.0,1.0,1.0,0.0,2.0,0.0,0.0,4.0,0.0,0.0,0.0,30.0,0.0,0.0,49.6,16.0,28.8,0.0,0.0,0.0,0.0,0.0,22.0,1.0,0.0,2.0,0.0,0.0,35.0,0.0,0.0,1.0,9.0,0.0,14.0,0.0,5.0,1.0,12.0,66.1,3.0,1.0,0.0,0.0,0.0,2.0,0.0,6.0,0.0,0.0,0.0,0.0,4.0,0.0,0.0,1.0,3.0,9.0,13.0,23.200000000000003,0.0,0.0,12.0,0.0,1.0,0.0,10.0,0.0,9.0,18.0,0.0,40.1,0.0,0.0,0.0,0.0,0.0,0.0,0.0,32.8,2.0,0.0,0.0,28.0,0.0,0.0,8.0,0.0,3.0,2.0,13.0,17.0,74.0,1.0,1.0,0.0,4.0,0.0,0.0,8.0,0.0,270.45000000000005,0.0,0.01,0.0,0.0,0.0,0.0,0.0,114.46000000000001,0.0,0.0,202.50000000000003,39.75000000000001,10.75,0.0,0.0,0.0,11.250000000000002,0.0,67.57500000000002,0.0,0.0,0.0,0.0,0.0,16.666666666666668,106.07142857142858,0.0,70.80000000000001,3.0,1.0,90.90000000000002,145.87500000000003,57.480000000000004,65.7,0.0,0.0,10.625,441.6000000000001,0.0,28.200000000000003,0.0,0.0,861.3000000000002,0.0,0.0,8.581856705,18.0,68.0,16842333.900000002,17.804802742234433,0.0
Jul-12,15.0,3.0,1.0,0.0,0.0,0.0,0.0,1.0,0.0,5.0,0.0,0.0,2.0,1.0,0.0,0.0,1.0,1.0,0.0,0.0,0.0,0.0,0.0,0.0,1.0,1.0,6.0,3.0,0.0,1.0,0.0,0.0,0.0,10.0,6.0,2.0,1.0,0.0,1.0,0.0,0.0,0.0,2.0,0.0,1.0,1.0,0.0,0.0,21.0,0.0,0.0,53.800000000000004,20.0,32.7,0.0,1.0,0.0,2.0,0.0,19.0,0.0,0.0,6.0,0.0,0.0,44.0,0.0,0.0,1.0,2.0,0.0,12.0,0.0,8.0,1.0,21.0,69.7,3.0,0.0,0.0,0.0,0.0,2.0,0.0,3.0,0.0,0.0,0.0,0.0,4.0,0.0,1.0,0.0,0.0,6.0,16.0,22.900000000000002,0.0,0.0,16.0,0.0,1.0,0.0,9.0,1.0,13.0,26.700000000000003,0.0,32.300000000000004,0.0,0.0,0.0,0.0,1.0,0.0,0.0,33.7,12.0,0.0,0.0,42.0,0.0,0.0,7.0,1.0,2.0,0.0,12.0,8.0,55.0,0.0,4.0,0.0,2.0,0.0,0.0,5.0,667.4642857142859,405.67500000000007,0.01,0.0,0.0,0.0,0.0,2.666666666666667,0.0,71.80000000000001,0.0,0.0,40.50000000000001,13.250000000000004,0.0,0.0,15.900000000000002,1.0,0.0,0.0,1.0,0.0,0.0,0.0,0.01,0.01,30.000000000000004,106.07142857142858,0.0,17.700000000000003,0.0,0.0,0.0,291.75000000000006,86.22,131.4,0.1428571428571428,0.0,10.625,0.0,0.0,0.0,0.02,0.0,215.32500000000005,67.20000000000002,0.0,8.816111895794005,12.0,72.0,20003690.400000002,17.983020339755164,0.0
Aug-12,5.0,5.0,0.0,16.0,0.0,0.0,0.0,0.0,0.0,4.0,0.0,0.0,6.0,0.0,0.0,0.0,1.0,0.0,15.0,0.0,4.0,0.0,0.0,1.0,0.0,0.0,0.0,4.0,0.0,1.0,0.0,0.0,0.0,4.0,7.0,1.0,0.0,2.0,1.0,0.0,0.0,2.0,4.0,2.0,1.0,0.0,0.0,0.0,23.0,0.0,0.0,44.8,13.0,29.700000000000003,1.0,0.0,0.0,0.0,0.0,26.355000000000004,0.0,0.0,3.0,0.0,0.0,31.0,0.0,0.0,0.0,4.0,0.0,11.0,0.0,3.0,1.0,20.0,69.7,0.0,0.0,0.0,0.0,0.0,1.0,1.0,11.0,0.0,0.0,0.0,0.0,0.0,0.0,0.0,0.0,1.0,9.0,14.0,19.3,2.0,0.0,15.0,0.0,0.0,1.0,6.0,0.0,9.0,22.8,0.0,43.10000000000001,0.0,0.0,0.0,0.0,0.0,0.0,0.0,33.1,3.0,0.0,0.0,28.0,0.0,1.0,1.0,0.0,4.0,2.0,22.0,12.0,63.0,0.0,2.0,0.0,2.0,0.0,2.0,4.0,222.4880952380953,676.1250000000001,0.0,0.16,0.0,0.0,0.0,0.0,0.0,57.580000000000005,0.0,0.0,121.50000000000001,0.0,0.0,0.0,15.900000000000002,0.0,28.125000000000004,0.0,90.80000000000003,0.0,0.0,2.6666666666666665,0.0,0.0,0.0,141.42857142857144,0.0,17.700000000000003,0.0,0.0,0.0,116.70000000000002,100.59000000000002,65.7,0.0,279.75000000000006,10.625,0.0,0.0,28.200000000000003,0.04,17.066666666666666,215.32500000000005,0.0,0.0,9.095714846,22.8,87.0,18899507.400000002,17.92431485583233,0.0
Sep-12,2.0,6.0,0.0,0.0,0.0,0.0,1.0,0.0,1.0,7.0,0.0,0.0,1.0,0.0,0.0,0.0,0.0,0.0,0.0,0.0,5.0,0.0,0.0,0.0,0.0,0.0,0.0,4.0,0.0,2.0,2.0,1.0,0.0,4.0,2.0,0.0,0.0,0.0,0.0,0.0,0.0,1.0,0.0,1.0,0.0,0.0,0.0,0.0,25.450000000000003,0.0,0.0,52.0,21.0,33.0,0.0,0.0,1.0,0.0,0.0,12.0,0.0,0.0,3.0,0.0,0.0,38.0,0.0,0.0,1.0,10.0,0.0,26.0,0.0,7.0,0.0,16.0,64.6,7.0,0.0,0.0,0.0,0.0,5.0,0.0,8.0,0.0,0.0,0.0,0.0,2.0,0.0,0.0,0.0,1.0,11.0,22.0,23.8,1.0,0.0,9.0,0.0,0.0,0.0,7.0,1.0,7.0,22.8,0.0,40.7,0.0,0.0,0.0,0.0,0.0,0.0,0.0,28.3,12.0,0.0,0.0,33.0,0.0,3.0,4.0,2.0,6.0,1.0,12.0,10.0,58.0,0.0,0.0,0.0,1.0,0.0,2.0,7.0,88.99523809523812,811.3500000000001,0.0,0.0,0.0,0.0,9.150000000000002,0.0,10.530000000000001,100.24000000000002,0.0,0.0,20.250000000000004,0.0,0.0,0.0,0.0,0.0,0.0,0.0,113.32500000000005,0.0,0.0,0.0,0.0,0.0,0.0,141.42857142857144,0.0,35.400000000000006,3.0,1.0,0.0,116.70000000000002,28.740000000000002,0.0,0.0,0.0,0.0,0.0,0.0,14.100000000000001,0.0,8.533333333333333,0.0,0.0,0.0,8.899321434159964,15.600000000000001,83.0,10939672.200000001,17.35185353289447,0.0
Oct-12,3.0,4.0,0.0,0.0,2.0,0.0,1.0,0.0,0.0,2.0,2.0,0.0,0.0,1.0,1.0,0.0,1.0,0.0,0.0,2.0,5.0,0.0,0.0,0.0,0.0,0.0,0.0,3.0,0.0,3.0,0.0,0.0,0.0,0.0,0.0,0.0,4.0,0.0,0.0,3.0,0.0,3.0,0.0,4.0,1.0,1.0,0.0,0.0,23.05,0.0,0.0,60.400000000000006,19.0,42.540000000000006,1.0,0.0,0.0,0.0,0.0,24.0,0.0,0.0,2.0,0.0,0.0,45.0,0.0,0.0,1.0,5.0,0.0,19.0,0.0,3.0,1.0,14.0,66.4,3.0,0.0,1.0,1.0,0.0,0.0,0.0,2.0,0.0,1.0,0.0,0.0,2.0,0.0,0.0,0.0,3.0,10.0,28.5,19.0,0.0,0.0,13.0,0.0,1.0,0.0,4.0,0.0,12.0,25.0,0.0,39.2,0.0,0.0,0.0,0.0,0.0,0.0,0.0,36.7,5.0,0.0,0.0,39.0,0.0,0.0,6.0,1.0,2.0,2.0,13.0,13.0,67.6,0.0,1.0,1.0,2.0,0.0,1.0,2.0,133.49285714285716,540.9000000000001,0.0,0.0,2.0,0.0,9.150000000000002,0.0,0.0,29.140000000000004,31.933333333333337,0.0,0.0,13.250000000000004,10.75,0.0,15.900000000000002,0.0,0.0,4.0,113.32500000000005,0.0,0.0,0.0,0.0,0.0,0.0,106.07142857142858,0.0,53.10000000000001,0.0,0.0,0.0,0.0,0.0,0.0,0.5714285714285714,0.0,0.0,1324.8000000000002,0.0,42.300000000000004,0.0,13.226666666666667,215.32500000000005,67.20000000000002,0.0,8.839276691,26.400000000000002,64.0,10062828.600000001,17.262900797205507,0.0
Nov-12,1.0,8.0,0.0,1.0,0.0,1.0,0.0,0.0,0.0,2.0,0.0,0.0,3.0,0.0,0.0,0.0,0.0,0.0,1.0,0.0,2.0,1.0,0.0,0.0,1.0,0.0,0.0,6.0,0.0,2.0,2.0,0.0,0.0,1.0,1.0,0.0,0.0,0.0,0.0,5.0,0.0,0.0,1.0,1.0,1.0,0.0,0.0,0.0,23.05,0.0,0.0,51.7,16.0,38.64,0.0,2.0,2.0,0.0,0.0,18.0,0.0,0.0,2.0,0.0,0.0,24.0,0.0,0.0,0.0,4.0,0.0,8.0,0.0,3.0,1.0,16.0,61.6,4.0,0.0,0.0,0.0,0.0,2.0,0.0,11.0,0.0,0.0,0.0,0.0,1.0,0.0,1.0,0.0,0.0,9.0,22.0,19.900000000000002,1.0,1.0,9.0,0.0,0.0,0.0,11.0,1.0,10.0,25.0,0.0,45.800000000000004,0.0,0.0,0.0,0.0,0.0,0.0,0.0,37.900000000000006,14.0,0.0,0.0,43.0,0.0,0.0,2.0,2.0,5.0,0.0,10.0,12.0,70.9,0.0,3.0,0.0,2.0,0.0,2.0,2.0,44.49761904761906,1081.8000000000002,0.0,0.01,0.0,16.0,0.0,0.0,0.0,29.140000000000004,0.0,0.0,60.75000000000001,0.0,0.0,0.0,0.0,0.0,6.25,0.0,45.750000000000014,0.01,0.0,0.0,0.01,0.0,0.0,212.14285714285717,0.0,35.400000000000006,3.0,0.0,0.0,29.175000000000004,14.370000000000001,0.0,0.0,0.0,0.0,2208.0000000000005,0.0,0.0,0.01,8.533333333333333,215.32500000000005,0.0,0.0,8.753529336516431,19.8,47.0,6052579.800000001,16.708700286094572,0.0
Dec-12,19.6,24.0,0.0,1.0,0.0,0.0,0.0,0.0,3.0,17.0,2.0,0.0,16.0,13.0,0.0,0.0,3.0,0.0,4.0,1.0,5.0,0.0,0.0,0.0,0.0,1.0,3.0,15.950000000000001,0.0,2.0,0.0,0.0,2.0,5.0,5.0,0.0,0.0,1.0,0.0,12.0,0.0,8.700000000000001,4.0,8.5,11.200000000000001,2.0,0.0,0.0,17.0,0.0,0.0,47.5,27.0,45.24,1.0,1.0,4.0,0.0,0.0,14.0,0.0,0.0,1.0,0.0,0.0,26.0,0.0,0.0,0.0,6.0,0.0,21.0,1.0,4.0,0.0,7.0,67.0,4.0,5.0,1.0,0.0,0.0,1.0,0.0,7.0,0.0,0.0,0.0,0.0,1.0,0.0,1.0,0.0,1.0,4.0,30.400000000000002,19.0,0.0,0.0,7.0,3.0,0.0,0.0,12.0,0.0,12.0,15.0,0.0,40.400000000000006,0.0,0.0,0.0,0.0,0.0,9.0,0.0,31.6,12.0,0.0,0.0,43.0,0.0,2.0,7.0,0.0,4.0,0.0,27.0,3.0,63.7,1.0,4.0,0.0,3.0,0.0,1.0,1.0,2803.3500000000004,3245.4000000000005,0.0,0.01,0.0,0.0,0.0,0.0,31.590000000000003,242.44000000000003,31.933333333333337,0.0,324.00000000000006,172.25000000000006,0.0,0.0,47.70000000000001,0.0,9.6875,2.0,113.32500000000005,0.0,0.0,0.0,0.0,0.01,15.000000000000002,1591.0714285714287,0.0,35.400000000000006,0.0,0.0,60.60000000000001,145.87500000000003,71.85000000000001,0.0,0.0,139.87500000000003,0.0,5299.200000000001,0.0,408.90000000000003,0.04,72.53333333333335,7536.375000000001,134.40000000000003,0.0,8.725020038618554,25.200000000000003,66.0,7202947.500000001,16.901328203938956,0.0
Jan-13,7.0,2.0,0.0,0.0,0.0,1.0,0.0,0.0,0.0,3.0,0.0,0.0,3.0,0.0,0.0,0.0,1.0,1.0,0.0,0.0,0.0,0.0,0.0,0.0,1.0,0.0,0.0,3.0,1.0,2.0,0.0,0.0,0.0,4.0,0.0,0.0,0.0,0.0,1.0,9.0,0.0,1.0,2.0,1.0,0.0,3.0,0.0,0.0,22.0,0.0,0.0,108.4,28.950000000000003,70.14000000000001,0.0,1.0,4.0,1.0,0.0,42.800000000000004,0.0,0.0,0.0,0.0,0.0,69.5,0.0,0.0,1.0,13.0,0.0,21.950000000000003,0.0,4.0,0.0,11.0,141.10000000000002,12.650000000000002,5.0,1.0,0.0,0.0,0.0,0.0,14.0,0.0,0.0,0.0,0.0,1.0,1.0,0.0,0.0,6.0,12.700000000000001,29.200000000000003,18.0,1.0,0.0,5.0,0.0,0.0,0.0,21.0,2.0,19.700000000000003,16.0,0.0,83.9,0.0,0.0,0.0,0.0,0.0,1.0,0.0,76.9,28.0,0.0,0.0,64.65,0.0,0.0,24.0,1.0,22.0,1.0,41.45,7.0,111.10000000000001,0.0,6.0,0.0,4.0,0.0,3.0,3.0,51.300000000000004,270.45000000000005,0.0,0.0,0.0,16.0,0.0,0.0,0.0,375.1000000000001,0.0,0.0,60.75000000000001,0.0,0.0,18.900000000000002,15.900000000000002,1.0,0.0,0.0,1.0,0.0,0.0,0.0,0.01,0.0,0.0,5.0,0.01,26.400000000000006,0.0,0.0,0.0,116.70000000000002,0.0,0.0,0.0,0.0,10.625,3974.4000000000005,0.0,14.100000000000001,0.02,8.533333333333333,0.0,201.60000000000002,0.0,9.973433303222794,27.900000000000002,78.0,7982865.000000001,17.013574469578533,0.0
Feb-13,0.0,5.0,0.0,1.0,0.0,0.0,0.0,0.0,0.0,5.0,0.0,0.0,5.0,0.0,2.0,0.0,0.0,0.0,7.0,0.0,0.0,0.0,0.0,2.0,0.0,1.0,0.0,1.0,0.0,3.0,1.0,0.0,0.0,1.0,1.0,0.0,0.0,0.0,0.0,3.0,0.0,0.0,4.0,1.0,0.0,1.0,0.0,0.0,14.0,0.0,0.0,50.800000000000004,14.0,35.64,1.0,0.0,0.0,0.0,0.0,20.3,0.0,0.0,1.0,0.0,0.0,33.0,0.0,0.0,0.0,9.0,0.0,13.0,0.0,2.0,0.0,6.0,69.1,6.0,1.0,0.0,0.0,0.0,0.0,0.0,7.0,0.0,0.0,0.0,0.0,3.0,0.0,1.0,0.0,0.0,7.0,23.0,15.0,0.0,0.0,6.0,0.0,0.0,0.0,9.0,2.0,10.0,10.0,0.0,37.400000000000006,0.0,0.0,0.0,0.0,0.0,0.0,0.0,28.0,7.0,0.0,0.0,29.0,0.0,0.0,6.0,0.0,6.0,2.0,13.0,7.0,68.5,0.0,1.0,0.0,0.0,0.0,1.0,5.0,0.0,676.1250000000001,0.0,0.01,0.0,0.0,0.0,0.0,0.0,71.80000000000001,0.0,0.0,101.25000000000001,0.0,6.450000000000001,0.0,0.0,0.0,13.125000000000002,0.0,0.0,0.0,0.0,5.333333333333333,0.0,0.01,0.0,38.85714285714286,0.0,53.10000000000001,1.5,0.0,0.0,29.175000000000004,14.370000000000001,0.0,0.0,0.0,0.0,1324.8000000000002,0.0,0.0,0.04,8.533333333333333,0.0,67.20000000000002,0.0,8.940891067785461,18.900000000000002,61.0,7772505.900000001,16.98451868232923,0.0
Mar-13,6.0,0.0,0.0,3.0,0.0,1.0,0.0,0.0,0.0,0.0,0.0,0.0,2.0,0.0,0.0,0.0,1.0,0.0,0.0,0.0,0.0,0.0,0.0,0.0,2.0,1.0,0.0,0.0,0.0,0.0,2.0,0.0,0.0,17.0,0.0,0.0,0.0,3.0,0.0,3.0,0.0,0.0,0.0,1.0,0.0,0.0,0.0,0.0,18.0,0.0,0.0,53.2,18.0,38.34,1.0,0.0,0.0,1.0,0.0,12.0,0.0,0.0,1.0,0.0,0.0,52.0,0.0,0.0,0.0,6.0,0.0,14.0,0.0,8.0,0.0,6.0,69.1,6.0,0.0,1.0,0.0,0.0,1.0,0.0,2.0,0.0,1.0,0.0,0.0,1.0,1.0,0.0,0.0,3.0,8.0,17.0,18.0,2.0,0.0,7.0,0.0,0.0,0.0,10.0,1.0,10.0,18.0,1.0,32.900000000000006,1.0,0.0,0.0,0.0,1.0,0.0,0.0,31.3,3.0,0.0,0.0,39.0,0.0,0.0,12.0,0.0,8.0,1.0,21.0,3.0,63.7,0.0,0.0,0.0,3.0,0.0,1.0,0.0,266.98571430000004,0.0,0.0,0.03,0.0,16.0,0.0,0.0,0.0,0.0,0.0,0.0,40.50000000000001,0.0,0.0,0.0,15.900000000000002,0.0,0.0,0.0,0.0,0.0,0.0,0.0,0.02,0.01,0.0,9.0,0.0,0.0,3.0,0.0,0.0,495.9750000000001,0.0,0.0,0.0,419.62500000000006,0.0,1324.8000000000002,0.0,0.0,0.0,8.533333333333333,0.0,0.0,0.0,8.870101048785726,21.6,62.0,7545150.600000001,16.95213591651902,0.0
Apr-13,6.0,8.0,1.0,0.0,0.0,0.0,0.0,0.0,0.0,2.0,0.0,0.0,1.0,1.0,0.0,0.0,0.0,0.0,8.700000000000001,0.0,2.0,0.0,0.0,0.0,0.0,0.0,0.0,4.0,0.0,0.0,2.0,0.0,2.0,0.0,5.0,0.0,0.0,0.0,0.0,7.0,0.0,0.0,0.0,2.0,1.0,0.0,0.0,0.0,21.0,0.0,0.0,49.0,18.0,39.540000000000006,0.0,1.0,0.0,0.0,0.0,27.0,0.0,0.0,1.0,0.0,0.0,40.0,0.0,0.0,0.0,14.0,0.0,22.0,0.0,7.0,2.0,15.0,67.6,7.0,0.0,1.0,0.0,0.0,3.0,0.0,3.0,0.0,1.0,0.0,0.0,3.0,1.0,0.0,0.0,0.0,10.0,20.0,23.0,0.0,0.0,5.0,0.0,0.0,0.0,4.0,0.0,8.0,22.0,0.0,44.300000000000004,0.0,0.0,0.0,0.0,1.0,1.0,0.0,33.7,7.0,0.0,0.0,45.0,0.0,0.0,4.0,2.0,5.0,7.0,4.0,10.0,61.0,1.0,3.0,0.0,1.0,0.0,2.0,2.0,266.98571430000004,1081.8000000000002,0.01,0.0,0.0,0.0,0.0,0.0,0.0,28.440000000000005,0.0,0.0,20.250000000000004,13.250000000000004,0.0,0.0,0.0,0.0,54.37500000000001,0.0,45.05000000000001,0.0,0.0,0.0,0.0,0.0,0.0,147.72857142857143,0.0,0.0,3.0,0.0,60.60000000000001,0.0,71.85000000000001,0.0,0.0,0.0,0.0,3091.2000000000003,0.0,0.0,0.0,17.066666666666666,215.32500000000005,0.0,0.0,8.768263145371286,20.1,54.0,7906294.800000001,17.00309569574377,0.0
May-13,3.0,6.0,0.0,0.0,0.0,1.0,0.0,6.0,0.0,1.0,0.0,1.0,3.0,0.0,0.0,0.0,1.0,1.0,0.0,0.0,0.0,0.0,0.0,1.0,0.0,0.0,0.0,2.0,0.0,5.0,2.0,0.0,0.0,2.0,2.0,0.0,0.0,2.0,0.0,5.0,0.0,1.0,0.0,0.0,0.0,0.0,0.0,0.0,23.0,0.0,0.0,50.2,15.0,37.14,0.0,1.0,3.0,0.0,0.0,31.0,0.0,0.0,3.0,0.0,0.0,38.0,0.0,0.0,0.0,26.0,0.0,10.0,0.0,6.0,0.0,8.0,73.9,6.0,1.0,1.0,0.0,0.0,0.0,0.0,5.0,0.0,0.0,0.0,0.0,1.0,0.0,0.0,0.0,3.0,11.0,19.0,19.0,2.0,0.0,6.0,0.0,0.0,0.0,6.0,0.0,9.0,22.0,0.0,44.300000000000004,0.0,0.0,0.0,0.0,1.0,0.0,0.0,35.5,8.0,0.0,0.0,35.0,0.0,0.0,4.0,1.0,10.0,3.0,13.0,9.0,66.1,1.0,2.0,0.0,0.0,0.0,1.0,1.0,133.49285714285716,811.3500000000001,0.0,0.0,0.0,16.0,0.0,16.0,0.0,14.220000000000002,0.0,1.0,60.75000000000001,0.0,0.0,0.0,15.900000000000002,1.0,0.0,0.0,0.0,0.0,0.0,2.6666666666666665,0.0,0.0,0.0,77.01428571428572,0.0,88.50000000000001,3.0,0.0,0.0,58.35000000000001,28.740000000000002,0.0,0.0,279.75000000000006,0.0,2208.0000000000005,0.0,14.100000000000001,0.0,0.0,0.0,0.0,0.0,8.880863609867356,30.300000000000004,63.0,8182628.1000000015,17.040406465716018,0.0
Jun-13,1.0,0.0,0.0,0.0,1.0,0.0,4.0,0.0,2.0,1.0,0.0,0.0,1.0,0.0,0.0,0.0,9.0,1.0,0.0,0.0,0.0,2.0,0.0,0.0,0.0,0.0,0.0,3.0,0.0,0.0,0.0,1.0,0.0,2.0,1.0,0.0,0.0,4.0,0.0,10.0,0.0,0.0,2.0,1.0,0.0,1.0,0.0,0.0,24.0,0.0,0.0,54.1,23.0,37.74,0.0,0.0,2.0,0.0,0.0,23.0,0.0,0.0,0.0,0.0,0.0,41.0,0.0,0.0,1.0,6.0,0.0,18.0,0.0,2.0,1.0,5.0,73.0,4.0,0.0,0.0,0.0,0.0,0.0,0.0,4.0,0.0,2.0,0.0,0.0,1.0,0.0,0.0,0.0,2.0,8.0,14.0,16.0,0.0,0.0,6.0,0.0,0.0,0.0,8.0,2.0,4.0,11.0,0.0,38.300000000000004,0.0,0.0,0.0,0.0,0.0,0.0,0.0,30.700000000000003,14.0,0.0,0.0,42.0,0.0,1.0,3.0,0.0,5.0,0.0,22.0,8.0,60.0,1.0,0.0,0.0,5.0,0.0,2.0,1.0,44.49761904761906,0.0,0.0,0.0,1.0,0.0,36.60000000000001,0.0,21.060000000000002,14.220000000000002,0.0,0.0,20.250000000000004,0.0,0.0,0.0,143.10000000000002,1.0,0.0,0.0,0.0,0.02,0.0,0.0,0.0,0.0,0.0,112.37142857142858,0.0,0.0,0.0,1.0,0.0,58.35000000000001,14.370000000000001,0.0,0.0,559.5000000000001,0.0,4416.000000000001,0.0,0.0,0.02,8.533333333333333,0.0,67.20000000000002,0.0,8.581669210600602,17.1,56.0,6320333.700000001,16.756961287282465,0.0
Jul-13,6.0,3.0,0.0,0.0,2.0,0.0,0.0,0.0,0.0,3.0,0.0,0.0,7.0,1.0,0.0,0.0,0.0,1.0,12.0,0.0,0.0,0.0,0.0,1.0,0.0,0.0,0.0,2.0,0.0,9.0,2.0,0.0,1.0,8.0,0.0,0.0,0.0,0.0,2.0,3.0,0.0,0.0,0.0,0.0,0.0,0.0,0.0,0.0,19.0,0.0,1.0,55.6,21.0,37.74,0.0,1.0,0.0,0.0,0.0,32.6,0.0,0.0,4.0,0.0,0.0,34.0,0.0,0.0,2.0,2.0,0.0,14.0,0.0,6.0,1.0,8.0,88.0,5.0,2.0,0.0,0.0,0.0,0.0,0.0,6.0,0.0,1.0,0.0,0.0,1.0,0.0,0.0,0.0,1.0,6.0,19.0,10.0,0.0,0.0,4.0,0.0,0.0,0.0,7.0,0.0,10.0,8.0,0.0,36.2,0.0,0.0,0.0,0.0,0.0,0.0,0.0,31.6,16.0,0.0,0.0,31.0,0.0,0.0,7.0,0.0,10.0,0.0,15.0,11.0,66.0,0.0,5.0,0.0,1.0,0.0,1.0,1.0,266.98571430000004,405.67500000000007,0.0,0.0,2.0,0.0,0.0,0.0,0.0,42.660000000000004,0.0,0.0,141.75000000000003,13.250000000000004,0.0,0.0,0.0,1.0,22.500000000000004,0.0,0.0,0.0,0.0,2.6666666666666665,0.0,0.0,0.0,77.01428571428572,0.0,159.3,3.0,0.0,30.300000000000004,233.40000000000003,0.0,0.0,0.0,0.0,6.375000000000001,1324.8000000000002,0.0,0.0,0.0,0.0,0.0,0.0,0.0,8.730528802,11.0,71.0,7550862.900000001,16.952962508453844,0.0
Aug-13,5.0,10.5,0.0,1.0,1.0,1.0,0.0,1.0,0.0,3.0,0.0,0.0,0.0,0.0,0.0,0.0,0.0,1.0,3.0,0.0,0.0,1.0,0.0,0.0,0.0,0.0,0.0,4.0,0.0,0.0,2.0,1.0,1.0,2.0,2.0,1.0,0.0,0.0,0.0,10.0,0.0,1.0,0.0,1.0,0.0,0.0,0.0,0.0,32.0,0.0,0.0,48.400000000000006,21.0,38.64,1.0,2.0,0.0,0.0,0.0,18.0,1.0,0.0,2.0,0.0,1.0,43.0,0.0,0.0,1.0,5.0,0.0,15.0,0.0,3.0,0.0,8.0,70.9,6.0,0.0,0.0,0.0,0.0,6.0,0.0,8.0,0.0,0.0,0.0,0.0,1.0,0.0,0.0,0.0,3.0,9.0,23.0,15.0,0.0,0.0,6.0,0.0,0.0,0.0,4.0,0.0,12.0,13.0,0.0,38.900000000000006,0.0,0.0,0.0,0.0,0.0,0.0,0.0,31.6,13.0,0.0,0.0,35.0,0.0,0.0,4.0,1.0,5.0,3.0,12.0,5.0,69.6,0.0,1.0,0.0,1.0,0.0,3.0,3.0,222.4880952380953,3786.3000000000006,0.0,0.01,1.0,16.0,0.0,2.666666666666667,0.0,45.900000000000006,0.0,0.0,0.0,0.0,0.0,0.0,0.0,1.0,5.625000000000001,0.0,0.0,0.01,0.0,0.0,0.0,0.0,0.0,147.72857142857143,0.0,0.0,3.0,1.0,30.300000000000004,58.35000000000001,28.740000000000002,65.7,0.0,0.0,0.0,4416.000000000001,0.0,14.100000000000001,0.0,8.533333333333333,0.0,0.0,0.0,8.888618807300878,22.700000000000003,67.0,8301222.000000001,17.05600183655369,0.0
Sep-13,9.0,8.4,0.0,1.0,0.0,0.0,0.0,0.0,0.0,8.0,0.0,0.0,8.0,0.0,0.0,0.0,0.0,0.0,16.0,0.0,3.0,0.0,0.0,2.0,0.0,0.0,0.0,14.0,0.0,8.0,2.0,0.0,0.0,2.0,5.0,1.0,0.0,0.0,0.0,1.0,0.0,0.0,0.0,2.0,1.0,1.0,0.0,0.0,28.6,0.0,0.0,60.7,25.0,43.14,0.0,0.0,1.0,2.0,0.0,22.0,1.0,0.0,6.0,0.0,0.0,48.0,0.0,0.0,0.0,9.0,0.0,12.0,0.0,6.0,0.0,6.0,72.7,3.0,0.0,0.0,1.0,0.0,2.0,1.0,6.0,0.0,0.0,0.0,0.0,2.0,0.0,0.0,0.0,1.0,4.0,18.0,25.0,3.0,2.0,5.0,1.0,1.0,0.0,11.0,0.0,11.0,29.0,0.0,37.7,0.0,0.0,0.0,0.0,0.0,0.0,0.0,31.900000000000002,11.0,0.0,0.0,37.0,0.0,1.0,6.0,0.0,5.0,3.0,11.0,7.0,66.9,0.0,1.0,0.0,1.0,0.0,2.0,7.0,400.4785714285715,2839.7250000000004,0.0,0.01,0.0,0.0,0.0,0.0,0.0,113.76000000000002,0.0,0.0,162.00000000000003,0.0,0.0,0.0,0.0,0.0,30.000000000000004,0.0,67.57500000000002,0.0,0.0,5.333333333333333,0.0,0.0,0.0,501.30000000000007,0.0,141.60000000000002,3.0,0.0,0.0,58.35000000000001,71.85000000000001,65.7,0.0,0.0,0.0,441.6000000000001,0.0,0.0,0.0,17.066666666666666,215.32500000000005,67.20000000000002,0.0,8.759040728,16.1,72.0,5824286.4,16.66562827345077,0.0
Oct-13,6.0,12.0,0.0,4.0,1.0,0.0,2.0,0.0,0.0,0.0,0.0,0.0,3.0,1.0,0.0,0.0,0.0,0.0,1.0,0.0,0.0,1.0,0.0,0.0,0.0,0.0,0.0,1.0,0.0,0.0,0.0,0.0,0.0,2.0,3.0,0.0,0.0,0.0,1.0,1.0,0.0,1.0,0.0,2.0,2.0,6.0,0.0,0.0,26.200000000000003,0.0,0.0,60.10000000000001,22.0,42.24,0.0,1.0,1.0,0.0,0.0,32.0,0.0,0.0,0.0,0.0,0.0,56.55,0.0,0.0,1.0,11.0,0.0,15.0,1.0,7.0,0.0,11.0,70.6,6.0,0.0,1.0,0.0,0.0,1.0,0.0,4.0,0.0,0.0,0.0,0.0,2.0,0.0,0.0,0.0,3.0,16.0,32.0,25.0,0.0,0.0,4.0,0.0,1.0,0.0,13.0,0.0,8.0,15.0,0.0,38.6,0.0,0.0,0.0,0.0,0.0,0.0,0.0,33.7,17.0,0.0,0.0,33.0,0.0,0.0,10.0,1.0,5.0,4.0,15.0,12.0,66.3,0.0,1.0,0.0,3.0,0.0,2.0,0.0,266.98571430000004,1622.7000000000003,0.0,0.04,1.0,0.0,18.300000000000004,0.0,0.0,0.0,0.0,0.0,60.75000000000001,13.250000000000004,0.0,0.0,0.0,0.0,6.25,0.0,0.0,0.01,0.0,0.0,0.0,0.0,0.0,41.657142857142865,0.0,97.50000000000001,0.0,0.0,0.0,58.35000000000001,43.11,0.0,0.0,0.0,10.625,441.6000000000001,0.0,14.100000000000001,0.0,17.066666666666666,430.6500000000001,403.20000000000005,0.0,8.752423403865594,24.5,70.0,10310757.600000001,17.288864897884917,0.0
Nov-13,10.0,4.0,0.0,2.0,0.0,0.0,0.0,0.0,3.0,3.0,0.0,1.0,2.0,1.0,1.0,0.0,0.0,0.0,1.0,0.0,8.0,1.0,0.0,0.0,7.0,0.0,1.0,3.0,0.0,0.0,0.0,0.0,0.0,2.0,2.0,2.0,0.0,0.0,0.0,6.0,0.0,0.0,0.0,3.0,5.0,1.0,0.0,0.0,17.0,0.0,0.0,54.1,19.0,46.14,0.0,0.0,1.0,0.0,0.0,34.8,0.0,0.0,4.0,0.0,0.0,45.15,0.0,0.0,0.0,3.0,0.0,19.0,1.0,7.0,0.0,3.0,79.60000000000001,3.0,1.0,0.0,2.0,0.0,0.0,0.0,4.0,0.0,0.0,0.0,0.0,1.0,1.0,0.0,0.0,0.0,6.0,22.0,19.0,0.0,1.0,4.0,1.0,2.0,0.0,12.0,1.0,4.0,13.0,0.0,43.10000000000001,0.0,0.0,0.0,0.0,0.0,2.0,0.0,33.7,18.0,0.0,0.0,30.0,0.0,1.0,4.0,1.0,9.0,1.0,14.0,4.0,60.0,0.0,1.0,0.0,2.0,0.0,2.0,3.0,444.9761904761906,540.9000000000001,0.0,0.02,0.0,0.0,0.0,0.0,31.590000000000003,42.660000000000004,0.0,1.0,40.50000000000001,13.250000000000004,10.75,0.0,0.0,0.0,6.25,0.0,180.20000000000005,0.01,0.0,0.0,0.07,0.0,16.666666666666668,112.37142857142858,0.0,0.0,0.0,0.0,0.0,58.35000000000001,28.740000000000002,131.4,0.0,0.0,0.0,2649.6000000000004,0.0,0.0,0.0,25.6,1076.6250000000002,67.20000000000002,0.0,8.667163717992533,18.5,50.0,8146403.700000001,17.035593973401394,0.0
Dec-13,16.200000000000003,22.0,0.0,0.0,1.0,1.0,1.0,0.0,13.0,5.0,5.0,0.0,7.0,7.0,0.0,0.0,0.0,0.0,14.200000000000003,0.0,3.0,0.0,0.0,0.0,19.0,0.0,0.0,11.700000000000001,0.0,2.0,1.0,1.0,0.0,14.0,6.0,0.0,0.0,0.0,0.0,7.0,0.0,8.100000000000001,3.0,11.250000000000002,7.850000000000001,1.0,6.0,0.0,17.0,0.0,0.0,48.1,14.0,35.040000000000006,0.0,1.0,6.0,1.0,0.0,23.0,0.0,0.0,0.0,0.0,0.0,44.55,0.0,0.0,0.0,8.0,0.0,22.0,1.0,3.0,0.0,12.0,74.80000000000001,6.0,0.0,1.0,0.0,0.0,3.0,0.0,3.0,0.0,2.0,0.0,0.0,3.0,0.0,0.0,0.0,4.0,10.0,26.0,8.0,1.0,0.0,5.0,1.0,0.0,0.0,6.0,2.0,6.0,11.0,1.0,36.800000000000004,0.0,0.0,0.0,0.0,0.0,3.0,0.0,34.900000000000006,11.0,0.0,0.0,34.0,0.0,0.0,14.0,0.0,7.0,0.0,17.0,3.0,63.0,0.0,2.0,0.0,0.0,0.0,2.0,1.0,1779.9047619047624,2974.9500000000003,0.0,0.0,1.0,16.0,9.150000000000002,0.0,136.89000000000001,71.10000000000001,79.83333333333334,0.0,141.75000000000003,92.75000000000001,0.0,0.0,0.0,0.0,88.75000000000001,0.0,85.20000000000002,0.0,0.0,0.0,0.19,0.0,0.0,1137.7285714285717,0.0,35.400000000000006,1.5,1.0,0.0,408.45000000000005,86.22,0.0,0.0,0.0,0.0,3091.2000000000003,0.0,380.70000000000005,0.03,96.0,5383.125000000001,67.20000000000002,0.06,8.797246236703527,22.700000000000003,65.0,3349860.9000000004,16.017361306937133,0.0
Jan-14,3.0,14.0,0.0,0.0,0.0,0.0,0.0,1.0,0.0,2.0,1.0,0.0,1.0,5.0,0.0,0.0,1.0,0.0,1.0,0.0,0.0,0.0,0.0,0.0,0.0,0.0,0.0,1.0,0.0,0.0,0.0,1.0,0.0,3.0,1.0,0.0,0.0,5.0,0.0,5.0,0.0,0.0,0.0,0.0,1.0,0.0,0.0,1.0,23.0,0.0,0.0,112.60000000000001,21.8,66.24000000000001,0.0,1.0,3.0,0.0,0.0,40.400000000000006,0.0,0.0,2.0,0.0,0.0,79.35000000000001,1.0,0.0,2.0,12.950000000000001,1.0,21.900000000000002,1.0,6.0,1.0,10.0,146.20000000000002,15.850000000000001,1.0,0.0,2.0,0.0,1.0,0.0,13.0,0.0,0.0,0.0,0.0,6.0,0.0,0.0,0.0,5.0,14.850000000000001,32.25,12.0,1.0,0.0,11.0,0.0,2.0,1.0,19.0,9.0,12.600000000000001,8.0,0.0,95.60000000000001,2.0,0.0,0.0,0.0,2.0,0.0,0.0,76.0,25.0,0.0,0.0,54.650000000000006,0.0,2.0,23.0,2.0,13.5,5.0,30.55,9.0,110.70000000000002,1.0,6.0,0.0,7.0,0.0,4.0,2.0,133.49285714285716,1893.1500000000003,0.0,0.0,0.0,0.0,0.0,2.666666666666667,0.0,255.90000000000003,15.966666666666669,0.0,20.250000000000004,66.25000000000001,0.0,0.0,15.900000000000002,0.0,15.175,0.0,0.0,0.0,0.0,0.0,0.0,0.0,0.0,55029.00000000001,0.0,0.0,0.0,1.0,0.0,87.52500000000002,14.370000000000001,0.0,0.0,699.3750000000001,0.0,2208.0000000000005,0.0,0.0,0.0,0.0,215.32500000000005,0.0,0.0,10.08714155456386,29.6,78.0,12608169.000000002,17.501956027339162,0.01
Feb-14,2.0,9.0,0.0,3.0,0.0,1.0,0.0,2.0,0.0,3.0,0.0,0.0,9.0,3.0,2.0,0.0,0.0,0.0,0.0,0.0,1.0,1.0,0.0,5.0,0.0,1.0,4.0,12.0,1.0,0.0,3.0,0.0,2.0,8.0,1.0,0.0,0.0,0.0,3.0,7.0,0.0,1.0,1.0,1.0,2.0,1.0,0.0,1.0,31.0,0.0,0.0,51.1,15.0,42.24,2.0,1.0,1.0,1.0,0.0,24.0,0.0,0.0,1.0,0.0,0.0,45.0,0.0,0.0,1.0,4.0,0.0,19.0,0.0,1.0,1.0,7.0,67.6,5.0,0.0,6.0,2.0,0.0,1.0,0.0,1.0,0.0,0.0,0.0,0.0,1.0,0.0,0.0,0.0,1.0,7.0,25.0,20.0,1.0,0.0,6.0,0.0,0.0,0.0,10.0,1.0,6.0,10.0,0.0,46.400000000000006,1.0,0.0,0.0,0.0,0.0,1.0,0.0,31.3,10.0,1.0,0.0,38.0,0.0,0.0,12.0,1.0,1.0,2.0,11.0,9.0,65.0,0.0,1.0,0.0,3.0,0.0,1.0,3.0,88.99523809523812,1217.025,0.0,0.03,0.0,16.0,0.0,5.333333333333334,0.0,42.660000000000004,0.0,0.0,182.25000000000003,39.75000000000001,6.450000000000001,0.0,0.0,0.0,0.0,0.0,22.525000000000006,0.01,0.0,13.333333333333332,0.0,0.01,20.000000000000004,430.58571428571435,0.01,0.0,4.5,0.0,60.60000000000001,233.40000000000003,14.370000000000001,0.0,0.0,0.0,9.562500000000002,3091.2000000000003,0.0,14.100000000000001,0.01,8.533333333333333,430.6500000000001,67.20000000000002,0.0,8.754949455098293,15.8,62.0,11799468.900000002,17.432009946234185,0.01
Mar-14,2.0,15.0,0.0,0.0,0.0,0.0,0.0,5.0,0.0,2.0,0.0,0.0,2.0,0.0,0.0,0.0,1.0,0.0,0.0,0.0,0.0,0.0,0.0,5.0,0.0,0.0,0.0,2.0,0.0,0.0,0.0,0.0,0.0,2.0,0.0,1.0,0.0,0.0,1.0,6.0,0.0,1.0,0.0,2.0,1.0,0.0,0.0,1.0,12.0,0.0,0.0,56.2,21.0,41.940000000000005,1.0,0.0,0.0,0.0,0.0,14.0,0.0,0.0,2.0,0.0,0.0,47.0,0.0,0.0,0.0,5.0,1.0,15.0,0.0,3.0,0.0,8.0,70.0,2.0,0.0,0.0,0.0,0.0,4.0,0.0,5.0,0.0,0.0,0.0,0.0,0.0,0.0,0.0,0.0,1.0,10.0,22.0,4.0,0.0,0.0,3.0,0.0,1.0,0.0,8.0,1.0,9.0,4.0,0.0,44.0,0.0,0.0,0.0,0.0,1.0,0.0,0.0,34.3,14.0,0.0,0.0,46.0,0.0,0.0,8.0,0.0,3.0,4.0,11.0,7.0,71.0,0.0,1.0,0.0,5.0,0.0,0.0,2.0,88.99523809523812,2028.3750000000002,0.0,0.0,0.0,0.0,0.0,13.333333333333336,0.0,28.440000000000005,0.0,0.0,40.50000000000001,0.0,0.0,0.0,15.900000000000002,0.0,0.0,0.0,0.0,0.0,0.0,13.333333333333332,0.0,0.0,0.0,77.01428571428572,0.0,0.0,0.0,0.0,0.0,58.35000000000001,0.0,65.7,0.0,0.0,3.1875000000000004,2649.6000000000004,0.0,14.100000000000001,0.0,17.066666666666666,215.32500000000005,0.0,0.0,8.906799883589944,14.3,53.0,12338075.700000001,17.479134971354785,0.01
Apr-14,1.0,8.0,0.0,1.0,2.0,1.0,1.0,0.0,0.0,1.0,0.0,0.0,3.0,1.0,0.0,0.0,4.0,0.0,4.0,0.0,0.0,1.0,0.0,0.0,0.0,0.0,0.0,5.0,0.0,6.0,1.0,0.0,16.0,2.0,0.0,0.0,0.0,0.0,0.0,5.0,0.0,0.0,0.0,3.0,2.0,0.0,0.0,0.0,10.0,0.0,0.0,55.900000000000006,16.0,41.34,0.0,0.0,4.0,0.0,0.0,30.0,0.0,0.0,1.0,0.0,0.0,49.0,0.0,0.0,0.0,4.0,0.0,14.0,0.0,3.0,0.0,8.0,77.80000000000001,2.0,0.0,0.0,1.0,0.0,0.0,0.0,3.0,0.0,0.0,0.0,0.0,2.0,0.0,0.0,1.0,0.0,9.0,23.0,5.0,1.0,0.0,4.0,0.0,1.0,1.0,5.0,2.0,10.0,8.0,0.0,39.5,1.0,0.0,0.0,0.0,0.0,0.0,0.0,34.900000000000006,11.0,1.0,0.0,44.0,0.0,0.0,9.0,1.0,7.0,4.0,17.0,5.0,68.9,0.0,2.0,0.0,4.0,0.0,0.0,1.0,44.49761904761906,1081.8000000000002,0.0,0.01,2.0,16.0,9.150000000000002,0.0,0.0,14.220000000000002,0.0,0.0,60.75000000000001,13.250000000000004,0.0,0.0,63.60000000000001,0.0,7.500000000000001,0.0,0.0,0.01,0.0,0.0,0.0,0.0,0.0,183.08571428571432,0.0,106.20000000000002,1.5,0.0,484.80000000000007,58.35000000000001,0.0,0.0,0.0,0.0,0.0,2208.0000000000005,0.0,0.0,0.0,25.6,430.6500000000001,0.0,0.0,8.955706153570603,25.700000000000003,61.0,12579297.300000003,17.49954127593326,0.0
May-14,7.600000000000001,9.0,0.0,0.0,0.0,0.0,0.0,0.0,0.0,1.0,1.0,0.0,4.0,0.0,0.0,0.0,0.0,0.0,0.0,0.0,1.0,0.0,0.0,2.0,0.0,1.0,4.0,4.0,0.0,0.0,0.0,3.0,1.0,1.0,0.0,0.0,0.0,0.0,0.0,2.0,0.0,1.0,0.0,5.0,0.0,0.0,1.0,0.0,5.0,0.0,0.0,53.2,23.0,41.940000000000005,0.0,2.0,1.0,1.0,0.0,27.0,0.0,0.0,1.0,0.0,0.0,47.0,0.0,0.0,1.0,7.0,0.0,25.0,0.0,2.0,0.0,2.0,74.80000000000001,4.0,0.0,0.0,0.0,0.0,1.0,0.0,9.0,0.0,1.0,0.0,0.0,3.0,0.0,0.0,0.0,1.0,20.0,20.0,8.0,0.0,0.0,5.0,0.0,0.0,0.0,11.0,0.0,9.0,7.0,0.0,47.900000000000006,0.0,0.0,0.0,0.0,0.0,0.0,0.0,34.900000000000006,18.0,0.0,0.0,47.0,0.0,0.0,6.0,1.0,5.0,1.0,22.0,6.0,59.0,0.0,2.0,0.0,4.0,0.0,3.0,1.0,1023.4452380952383,1217.025,0.0,0.0,0.0,0.0,0.0,0.0,0.0,14.220000000000002,15.966666666666669,0.0,81.00000000000001,136.50000000000003,0.0,0.0,0.0,0.0,0.0,0.0,22.525000000000006,0.0,0.0,5.333333333333333,0.0,0.01,20.000000000000004,147.72857142857143,0.0,0.0,0.0,3.0,30.300000000000004,29.175000000000004,0.0,0.0,0.0,0.0,0.0,883.2000000000002,0.0,14.100000000000001,0.0,27.733333333333334,0.0,0.0,0.01,8.937349848267392,25.400000000000002,68.0,15583308.000000002,17.723924839774952,0.0
Jun-14,3.0,6.0,0.0,1.0,0.0,1.0,0.0,0.0,0.0,1.0,1.0,0.0,3.0,0.0,0.0,0.0,0.0,0.0,0.0,0.0,1.0,0.0,0.0,0.0,0.0,1.0,0.0,11.0,0.0,0.0,0.0,0.0,2.0,1.0,0.0,0.0,0.0,0.0,1.0,7.0,0.0,0.0,0.0,0.0,0.0,0.0,0.0,0.0,7.0,0.0,0.0,60.10000000000001,11.0,39.84,2.0,0.0,2.0,0.0,0.0,29.0,1.0,0.0,1.0,0.0,0.0,48.0,0.0,0.0,1.0,4.0,0.0,25.0,0.0,3.0,0.0,5.0,84.7,5.0,0.0,0.0,0.0,0.0,2.0,0.0,4.0,0.0,0.0,0.0,0.0,0.0,0.0,0.0,0.0,3.0,9.0,22.0,2.0,0.0,0.0,2.0,0.0,1.0,0.0,18.0,0.0,4.0,3.0,0.0,41.6,0.0,0.0,0.0,0.0,1.0,4.0,0.0,30.4,18.0,0.0,0.0,55.0,0.0,2.0,5.0,0.0,4.0,1.0,16.0,5.0,76.1,0.0,1.0,0.0,3.0,0.0,1.0,1.0,133.49285714285716,811.3500000000001,0.0,0.01,0.0,16.0,0.0,0.0,0.0,14.220000000000002,15.966666666666669,0.0,60.75000000000001,0.0,0.0,0.0,0.0,0.0,0.0,0.0,22.525000000000006,0.0,0.0,0.0,0.0,0.01,0.0,395.2285714285715,0.0,0.0,0.0,0.0,60.60000000000001,29.175000000000004,0.0,0.0,0.0,0.0,10.625,3091.2000000000003,0.0,0.0,0.0,0.0,0.0,0.0,0.0,9.201299627324032,19.1,72.0,19257044.1,17.943703672679845,0.0
Jul-14,0.0,7.0,0.0,0.0,1.0,0.0,0.0,0.0,0.0,0.0,0.0,0.0,2.0,0.0,0.0,0.0,0.0,0.0,0.0,0.0,0.0,0.0,0.0,0.0,0.0,1.0,0.0,2.0,0.0,3.0,2.0,3.0,0.0,0.0,0.0,0.0,0.0,0.0,0.0,5.0,0.0,1.0,0.0,1.0,0.0,0.0,0.0,0.0,11.0,0.0,0.0,49.0,18.0,42.24,1.0,0.0,2.0,0.0,0.0,31.0,0.0,0.0,6.0,0.0,0.0,42.0,0.0,2.0,0.0,8.0,1.0,14.0,0.0,2.0,0.0,9.0,73.6,4.0,0.0,1.0,0.0,0.0,0.0,0.0,2.0,0.0,0.0,0.0,0.0,1.0,0.0,0.0,1.0,1.0,12.0,27.0,6.0,0.0,0.0,2.0,0.0,0.0,0.0,12.0,1.0,9.0,10.0,0.0,44.900000000000006,0.0,0.0,0.0,0.0,0.0,0.0,0.0,35.5,15.0,1.0,0.0,31.0,0.0,2.0,7.0,0.0,6.0,0.0,22.0,16.0,68.0,0.0,1.0,0.0,6.0,0.0,2.0,0.0,0.0,946.5750000000002,0.0,0.0,1.0,0.0,0.0,0.0,0.0,0.0,0.0,0.0,40.50000000000001,0.0,0.0,0.0,0.0,0.0,0.0,0.0,0.0,0.0,0.0,0.0,0.0,0.01,0.0,77.01428571428572,0.0,53.10000000000001,3.0,3.0,0.0,0.0,0.0,0.0,0.0,0.0,0.0,2208.0000000000005,0.0,14.100000000000001,0.0,8.533333333333333,0.0,0.0,0.0,9.338293736286644,18.8,80.0,17242023.900000002,17.82916810221175,0.0
Aug-14,5.0,3.0,0.0,2.0,0.0,0.0,0.0,0.0,0.0,3.0,0.0,0.0,7.0,1.0,1.0,0.0,8.0,0.0,12.0,0.0,10.0,0.0,0.0,11.0,3.0,0.0,0.0,0.0,0.0,0.0,1.0,1.0,0.0,0.0,1.0,0.0,0.0,0.0,0.0,1.0,0.0,1.0,0.0,1.0,0.0,1.0,0.0,2.0,11.0,0.0,0.0,48.7,17.0,36.540000000000006,0.0,0.0,2.0,0.0,0.0,46.0,1.0,0.0,2.0,0.0,0.0,42.0,0.0,1.0,0.0,2.0,0.0,15.0,0.0,2.0,1.0,4.0,81.10000000000001,6.0,0.0,0.0,0.0,0.0,1.0,0.0,5.0,0.0,1.0,0.0,0.0,0.0,0.0,0.0,0.0,0.0,10.0,23.0,8.0,0.0,0.0,3.0,0.0,0.0,0.0,17.0,0.0,8.0,4.0,0.0,43.10000000000001,1.0,0.0,0.0,0.0,0.0,2.0,0.0,30.4,17.0,0.0,0.0,38.0,0.0,1.0,7.0,0.0,9.0,0.0,12.0,9.0,79.0,1.0,1.0,0.0,4.0,0.0,3.0,3.0,222.4880952380953,405.67500000000007,0.0,0.02,0.0,0.0,0.0,0.0,0.0,42.660000000000004,0.0,0.0,141.75000000000003,13.250000000000004,10.75,0.0,127.20000000000002,0.0,22.500000000000004,0.0,225.25000000000009,0.0,0.0,8.8,0.03,0.0,0.0,0.0,0.0,0.0,1.5,1.0,0.0,0.0,14.370000000000001,0.0,0.0,0.0,0.0,441.6000000000001,0.0,14.100000000000001,0.0,8.533333333333333,0.0,67.20000000000002,0.0,9.218903603,14.9,71.0,24048348.000000004,18.172689645858604,0.02
Sep-14,10.0,3.0,0.0,0.0,0.0,0.0,1.0,1.0,0.0,0.0,0.0,0.0,2.0,0.0,0.0,0.0,0.0,0.0,6.0,0.0,0.0,0.0,0.0,0.0,0.0,0.0,0.0,17.0,0.0,1.0,1.0,0.0,3.0,2.0,1.0,0.0,0.0,0.0,0.0,2.0,0.0,0.0,0.0,1.0,1.0,0.0,0.0,1.0,6.0,0.0,0.0,60.10000000000001,10.0,44.040000000000006,0.0,2.0,4.0,0.0,0.0,20.0,0.0,0.0,2.0,0.0,0.0,58.0,0.0,0.0,0.0,9.0,0.0,26.0,0.0,3.0,2.0,5.0,75.7,4.0,2.0,1.0,1.0,0.0,2.0,0.0,6.0,0.0,0.0,0.0,0.0,2.0,0.0,0.0,0.0,0.0,12.0,27.0,6.0,0.0,0.0,2.0,0.0,0.0,0.0,11.0,0.0,15.0,8.0,0.0,41.900000000000006,0.0,0.0,0.0,0.0,0.0,0.0,0.0,32.5,16.0,0.0,0.0,39.0,0.0,1.0,5.0,0.0,6.0,2.0,17.0,6.0,83.165,1.0,0.0,0.0,5.0,0.0,1.0,0.0,444.9761904761906,405.67500000000007,0.0,0.0,0.0,0.0,9.150000000000002,2.666666666666667,0.0,0.0,0.0,0.0,40.50000000000001,14.400000000000002,0.0,0.0,0.0,0.0,11.250000000000002,0.0,0.0,0.0,0.0,0.0,0.0,0.0,0.0,601.0714285714288,0.0,17.400000000000002,1.5,0.0,90.90000000000002,58.35000000000001,14.370000000000001,0.0,0.0,0.0,0.0,883.2000000000002,0.0,0.0,0.0,8.533333333333333,215.32500000000005,0.0,0.0,9.104979856318357,14.600000000000001,70.4,24335142.300000004,18.18486562131639,0.01
Oct-14,4.0,9.0,0.0,0.0,0.0,1.0,0.0,0.0,0.0,1.0,2.0,1.0,7.0,0.0,0.0,0.0,10.0,1.0,8.0,0.0,2.0,0.0,0.0,15.0,5.0,0.0,0.0,2.0,0.0,4.0,2.0,0.0,0.0,2.0,0.0,0.0,0.0,0.0,0.0,8.0,0.0,18.0,2.0,0.0,1.0,1.0,0.0,0.0,7.0,0.0,0.0,59.2,29.0,43.440000000000005,0.0,1.0,3.0,0.0,0.0,36.0,0.0,0.0,0.0,0.0,0.0,44.0,0.0,0.0,0.0,13.0,0.0,27.0,1.0,1.0,1.0,2.0,85.60000000000001,3.0,0.0,0.0,1.0,0.0,2.0,0.0,9.0,0.0,0.0,0.0,0.0,1.0,0.0,0.0,0.0,2.0,11.0,37.0,6.0,2.0,0.0,0.0,0.0,0.0,0.0,4.0,2.0,13.0,8.0,0.0,52.1,0.0,0.0,0.0,0.0,0.0,0.0,0.0,31.900000000000002,20.0,0.0,0.0,44.0,0.0,0.0,6.0,1.0,4.0,1.0,15.0,9.0,73.565,1.0,5.0,0.0,2.0,0.0,2.0,1.0,177.99047619047624,1217.025,0.0,0.0,0.0,16.0,0.0,0.0,0.0,14.220000000000002,31.933333333333337,1.0,141.75000000000003,0.0,0.0,0.0,159.00000000000003,1.0,15.000000000000002,0.0,45.05000000000001,0.0,0.0,12.000000000000002,0.05,0.0,0.0,70.71428571428572,0.0,70.80000000000001,3.0,0.0,0.0,58.35000000000001,0.0,0.0,0.0,0.0,0.0,3532.8000000000006,0.0,253.80000000000004,0.02,0.0,215.32500000000005,67.20000000000002,0.0,9.061956366209923,27.200000000000003,68.0,22169511.6,18.089031472116105,0.0
Nov-14,3.0,4.0,0.0,2.0,0.0,1.0,0.0,5.0,0.0,3.0,1.0,0.0,1.0,6.0,0.0,0.0,0.0,0.0,8.0,0.0,1.0,0.0,0.0,1.0,0.0,0.0,0.0,18.0,0.0,2.0,1.0,1.0,0.0,2.0,1.0,5.0,0.0,0.0,0.0,13.0,0.0,1.0,0.0,0.0,9.0,0.0,2.0,0.0,12.0,0.0,0.0,48.400000000000006,19.0,39.24,0.0,2.0,2.0,0.0,0.0,34.0,0.0,2.0,0.0,0.0,0.0,44.0,0.0,0.0,1.0,5.0,0.0,18.0,0.0,1.0,1.0,7.0,72.7,2.0,0.0,0.0,0.0,0.0,4.0,0.0,5.0,0.0,0.0,0.0,0.0,2.0,0.0,0.0,1.0,10.0,19.0,26.0,6.0,0.0,0.0,4.0,2.0,0.0,0.0,8.0,2.0,7.0,2.0,0.0,40.7,1.0,0.0,0.0,0.0,0.0,0.0,0.0,35.2,22.0,0.0,0.0,37.0,0.0,1.0,8.0,2.0,8.0,1.0,20.0,7.0,57.0,2.0,0.0,0.0,2.0,0.0,2.0,3.0,133.49285714285716,540.9000000000001,0.0,0.02,0.0,16.0,0.0,13.333333333333336,0.0,42.660000000000004,15.966666666666669,0.0,20.250000000000004,79.50000000000001,0.0,0.0,0.0,0.0,15.000000000000002,0.0,22.525000000000006,0.0,0.0,2.6666666666666665,0.0,0.0,0.0,636.4285714285717,0.0,35.400000000000006,1.5,1.0,0.0,58.35000000000001,14.370000000000001,328.50000000000006,0.0,0.0,0.0,5740.800000000001,0.0,14.100000000000001,0.0,0.0,1937.9250000000002,0.0,0.02,8.831127635012084,17.3,58.0,12595416.600000001,17.500890169768734,0.0
Dec-14,11.100000000000001,22.0,0.0,0.0,4.0,2.0,1.0,4.0,9.0,12.0,5.0,0.0,11.0,7.800000000000001,4.0,0.0,1.0,3.0,22.0,0.0,10.0,0.0,0.0,0.0,12.0,2.0,0.0,12.650000000000002,0.0,6.0,1.0,9.0,0.0,14.0,10.0,0.0,0.0,6.0,0.0,5.0,0.0,11.200000000000001,0.0,8.400000000000002,13.0,1.0,3.0,0.0,5.0,0.0,0.0,56.2,32.0,39.540000000000006,0.0,0.0,7.0,0.0,0.0,31.0,0.0,1.0,1.0,0.0,0.0,49.0,0.0,0.0,1.0,6.0,0.0,30.6,1.0,3.0,0.0,6.0,83.80000000000001,4.0,0.0,2.0,2.0,0.0,0.0,0.0,5.0,0.0,1.0,0.0,0.0,6.0,0.0,0.0,0.0,2.0,18.0,44.0,8.0,0.0,0.0,3.0,1.0,0.0,0.0,19.0,2.0,7.0,5.0,0.0,38.300000000000004,0.0,0.0,0.0,0.0,1.0,18.0,0.0,37.0,16.0,0.0,0.0,26.0,0.0,0.0,5.0,1.0,8.0,2.0,34.95,4.0,72.0,0.0,1.0,0.0,4.0,0.0,3.0,1.0,1334.9285714285718,2974.9500000000003,0.0,0.0,4.0,15.200000000000001,9.150000000000002,10.666666666666668,94.77000000000002,170.64000000000001,79.83333333333334,0.0,222.75000000000003,344.50000000000017,12.900000000000002,0.0,15.900000000000002,3.0,41.25000000000001,0.0,225.25000000000009,0.0,0.0,0.0,0.12,0.02,0.0,954.6428571428573,0.0,106.20000000000002,1.5,9.0,3.0,408.45000000000005,35.400000000000006,0.0,0.0,839.2500000000001,0.0,2208.0000000000005,0.0,493.50000000000006,0.0,71.68,2799.2250000000004,67.20000000000002,0.03,8.89439599,23.300000000000004,65.0,14347219.800000003,17.637599993680745,0.0
Jan-15,4.0,5.0,0.0,0.0,0.0,0.0,1.0,0.0,0.0,3.0,0.0,0.0,0.0,0.0,1.0,0.0,0.0,2.0,1.0,0.0,0.0,0.0,0.0,1.0,0.0,0.0,1.0,1.0,0.0,6.0,6.0,1.0,0.0,0.0,2.0,1.0,0.0,0.0,1.0,1.0,0.0,7.0,0.0,1.0,0.0,0.0,1.0,0.0,9.0,0.0,0.0,99.4,27.650000000000002,68.04,1.0,1.0,4.0,1.0,0.0,55.60000000000001,0.0,0.0,0.0,0.0,0.0,74.9,1.0,0.0,1.0,22.0,0.0,26.400000000000002,1.0,1.0,0.0,6.0,183.10000000000002,11.5,3.0,0.0,1.0,0.0,1.0,0.0,11.600000000000001,0.0,0.0,0.0,0.0,6.0,0.0,0.0,0.0,3.0,27.0,34.2,7.0,0.0,0.0,4.0,0.0,2.0,0.0,21.0,5.0,14.5,9.0,0.0,104.00000000000001,0.0,0.0,0.0,0.0,1.0,2.0,0.0,77.20000000000002,34.0,0.0,1.0,51.2,0.0,2.0,21.0,2.0,25.0,2.0,35.550000000000004,5.0,130.20000000000002,2.0,4.0,0.0,10.0,0.0,5.0,0.0,177.99047619047624,676.1250000000001,1.0,0.0,0.0,0.0,9.150000000000002,0.0,51.900000000000006,117.00000000000001,0.0,0.0,0.0,0.0,3.2250000000000005,107.40000000000002,0.0,2.0,6.25,0.0,21.6,0.0,0.0,7.800000000000001,0.0,0.0,18.300000000000004,317.1,0.0,6.000000000000001,9.0,1.0,0.0,0.0,28.740000000000002,65.7,0.0,0.0,10.625,133.20000000000002,0.0,98.70000000000002,0.0,8.533333333333333,0.0,0.0,0.01,10.013193612624184,27.800000000000004,75.0,113453678.70000002,19.74524452597296,0.0
Feb-15,4.0,3.0,0.0,0.0,4.0,0.0,0.0,0.0,0.0,0.0,1.0,0.0,3.0,0.0,0.0,0.0,0.0,0.0,0.0,0.0,1.0,0.0,0.0,0.0,0.0,0.0,3.0,8.5,0.0,0.0,1.0,1.0,2.0,4.0,3.0,0.0,0.0,0.0,0.0,2.0,0.0,0.0,0.0,1.0,0.0,0.0,1.0,0.0,10.0,0.0,0.0,52.6,19.0,37.14,0.0,0.0,0.0,0.0,0.0,24.0,0.0,0.0,1.0,0.0,0.0,49.1,0.0,0.0,0.0,23.0,1.0,12.0,0.0,1.0,0.0,7.0,71.2,4.0,1.0,0.0,1.0,0.0,0.0,0.0,11.0,0.0,0.0,0.0,0.0,3.0,0.0,0.0,0.0,1.0,24.0,19.0,9.0,0.0,1.0,2.0,0.0,0.0,0.0,8.0,0.0,9.0,8.0,0.0,48.5,11.0,0.0,0.0,0.0,0.0,0.0,0.0,32.8,14.0,0.0,0.0,29.9,0.0,0.0,9.0,1.0,6.0,2.0,16.0,9.0,68.0,0.0,4.0,0.0,3.0,0.0,2.0,0.0,177.99047619047624,405.67500000000007,0.0,0.0,4.0,0.0,0.0,0.0,0.0,0.0,15.966666666666669,0.0,60.75000000000001,0.0,0.0,0.0,0.0,0.0,0.0,0.0,22.525000000000006,0.0,0.0,0.0,0.0,0.0,15.000000000000002,919.2857142857144,0.0,0.0,1.5,1.0,60.60000000000001,116.70000000000002,43.11,0.0,0.0,0.0,0.0,883.2000000000002,0.0,0.0,0.0,8.533333333333333,0.0,0.0,0.01,9.054271186326291,17.3,73.0,112542443.70000002,19.737134574423767,0.0
Mar-15,1.0,10.0,0.0,1.0,0.0,0.0,0.0,0.0,0.0,1.0,0.0,0.0,6.0,0.0,0.0,1.0,0.0,0.0,3.0,0.0,2.0,0.0,0.0,6.0,0.0,0.0,0.0,2.0,0.0,1.0,0.0,0.0,0.0,1.0,0.0,2.0,0.0,0.0,2.0,2.0,1.0,1.0,1.0,2.0,0.0,0.0,0.0,0.0,3.0,0.0,0.0,67.60000000000001,31.0,49.74000000000001,1.0,1.0,1.0,0.0,0.0,18.0,0.0,0.0,0.0,1.0,0.0,49.7,0.0,0.0,1.0,12.0,0.0,20.400000000000002,0.0,2.0,0.0,7.0,76.9,7.0,1.0,1.0,2.0,0.0,4.0,0.0,6.0,0.0,0.0,0.0,0.0,2.0,1.0,0.0,2.0,2.0,12.0,29.0,5.0,0.0,0.0,4.0,0.0,0.0,0.0,13.0,1.0,14.0,8.0,1.0,44.900000000000006,0.0,0.0,0.0,0.0,1.0,0.0,0.0,35.2,10.0,0.0,0.0,32.3,0.0,0.0,10.0,0.0,5.0,0.0,14.0,7.0,71.0,0.0,2.0,0.0,0.0,0.0,1.0,1.0,44.49761904761906,1352.2500000000002,0.0,0.01,0.0,0.0,0.0,0.0,0.0,14.220000000000002,0.0,0.0,121.50000000000001,0.0,0.0,0.01,0.0,0.0,18.75,0.0,45.05000000000001,0.0,0.0,16.0,0.0,0.0,0.0,70.71428571428572,0.0,17.700000000000003,0.0,0.0,0.0,29.175000000000004,0.0,131.4,0.0,0.0,6.375000000000001,883.2000000000002,7.650000000000001,14.100000000000001,0.01,17.066666666666666,0.0,0.0,0.0,8.896861744480391,14.9,82.0,112403101.20000002,19.73588861402827,0.0
Apr-15,11.0,7.0,0.0,0.0,0.0,0.0,0.0,1.0,0.0,1.0,1.0,0.0,3.0,0.0,0.0,0.0,0.0,1.0,0.0,0.0,0.0,0.0,9.0,0.0,0.0,2.0,0.0,4.0,0.0,0.0,0.0,2.0,0.0,1.0,1.0,0.0,0.0,0.0,0.0,3.0,0.0,0.0,0.0,1.0,1.0,4.0,0.0,0.0,7.0,0.0,0.0,59.800000000000004,15.0,50.040000000000006,0.0,0.0,1.0,0.0,0.0,24.3,1.0,0.0,0.0,0.0,0.0,50.0,0.0,0.0,0.0,21.0,0.0,16.0,1.0,1.0,1.0,5.0,100.9,11.0,1.0,1.0,0.0,0.0,0.0,0.0,9.0,1.0,0.0,0.0,0.0,2.0,0.0,0.0,0.0,1.0,20.0,26.0,6.0,0.0,0.0,0.0,0.0,1.0,0.0,4.0,2.0,10.0,4.0,1.0,43.400000000000006,0.0,0.0,0.0,0.0,0.0,3.0,0.0,30.4,13.0,0.0,0.0,34.400000000000006,0.0,0.0,10.0,1.0,8.0,1.0,14.0,12.0,77.0,3.0,1.0,0.0,3.0,0.0,5.0,1.0,489.4738095238097,946.5750000000002,0.0,0.0,0.0,0.0,0.0,2.666666666666667,0.0,14.220000000000002,15.966666666666669,0.0,60.75000000000001,0.0,0.0,0.0,0.0,1.0,0.0,0.0,0.0,0.0,0.09,0.0,0.0,0.02,0.0,141.42857142857144,0.0,0.0,0.0,2.0,0.0,29.175000000000004,14.370000000000001,0.0,0.0,0.0,0.0,1324.8000000000002,0.0,0.0,0.0,8.533333333333333,215.32500000000005,268.80000000000007,0.0,8.938006576471201,26.900000000000002,81.0,115139639.40000002,19.760078255825448,0.0
May-15,2.0,2.0,0.0,0.0,1.0,0.0,0.0,0.0,0.0,7.0,0.0,0.0,3.0,8.0,0.0,0.0,0.0,0.0,0.0,1.0,0.0,0.0,0.0,0.0,0.0,1.0,1.0,10.0,0.0,0.0,0.0,2.0,0.0,0.0,1.0,0.0,0.0,0.0,0.0,17.0,0.0,1.0,0.0,1.0,2.0,2.0,0.0,0.0,10.0,0.0,0.0,54.1,18.0,41.940000000000005,0.0,1.0,1.0,1.0,0.0,27.0,0.0,0.0,0.0,0.0,0.0,57.0,0.0,0.0,0.0,11.0,0.0,23.8,0.0,3.0,4.0,6.0,82.0,2.0,1.0,0.0,1.0,0.0,2.0,0.0,3.0,0.0,0.0,0.0,0.0,1.0,0.0,0.0,0.0,0.0,13.0,24.0,3.0,0.0,0.0,0.0,0.0,0.0,0.0,6.0,1.0,11.0,5.0,2.0,50.60000000000001,0.0,0.0,0.0,0.0,0.0,2.0,0.0,31.900000000000002,19.0,0.0,0.0,32.6,0.0,0.0,4.0,5.0,7.0,0.0,15.0,7.0,86.0,2.0,1.0,0.0,2.0,0.0,2.0,1.0,88.99523809523812,270.45000000000005,0.0,0.0,1.0,0.0,0.0,0.0,0.0,99.54000000000002,0.0,0.0,60.75000000000001,106.00000000000003,0.0,0.0,0.0,0.0,0.0,2.0,0.0,0.0,0.0,0.0,0.0,0.01,16.666666666666668,353.5714285714287,0.0,0.0,0.0,2.0,0.0,0.0,14.370000000000001,0.0,0.0,0.0,0.0,7507.200000000001,0.0,14.100000000000001,0.0,8.533333333333333,430.6500000000001,134.40000000000003,0.0,9.153346650456063,29.6,80.0,113953323.60000002,19.74966358215877,0.0
Jun-15,20.0,10.0,0.0,0.0,0.0,2.0,0.0,1.0,0.0,1.0,2.0,1.0,0.0,1.0,1.0,0.0,0.0,0.0,0.0,0.0,1.0,0.0,0.0,0.0,0.0,0.0,2.0,2.0,0.0,3.0,0.0,0.0,0.0,1.0,0.0,0.0,1.0,0.0,0.0,3.0,0.0,1.0,0.0,0.0,2.0,0.0,0.0,0.0,11.0,0.0,0.0,55.6,13.0,41.940000000000005,0.0,1.0,1.0,2.0,0.0,28.0,0.0,1.0,1.0,0.0,0.0,65.0,0.0,0.0,1.0,14.0,0.0,14.0,0.0,3.0,1.0,6.0,77.2,4.0,1.0,0.0,0.0,0.0,0.0,0.0,4.0,0.0,0.0,0.0,0.0,3.0,0.0,0.0,0.0,3.0,13.0,25.0,5.0,1.0,0.0,2.0,0.0,1.0,0.0,18.0,1.0,8.0,8.0,0.0,50.900000000000006,0.0,0.0,0.0,0.0,0.0,0.0,0.0,33.7,18.0,0.0,0.0,32.3,0.0,0.0,8.0,0.0,2.0,3.0,17.0,6.0,80.0,1.0,1.0,0.0,4.0,0.0,2.0,1.0,889.9523809523812,1352.2500000000002,0.0,0.0,0.0,9.600000000000001,0.0,2.666666666666667,0.0,14.220000000000002,31.933333333333337,1.0,0.0,13.250000000000004,10.75,0.0,0.0,0.0,0.0,0.0,22.525000000000006,0.0,0.0,0.0,0.0,0.0,15.250000000000004,70.71428571428572,0.0,53.10000000000001,0.0,0.0,0.0,29.175000000000004,0.0,0.0,0.1428571428571428,0.0,0.0,1324.8000000000002,0.0,14.100000000000001,0.0,0.0,430.6500000000001,0.0,0.0,8.914357274485015,15.8,77.0,119425487.70000002,19.796824986462845,0.0
Jul-15,0.0,13.0,0.0,1.0,0.0,5.0,0.0,0.0,0.0,2.0,0.0,0.0,5.0,0.0,0.0,0.0,1.0,0.0,1.0,1.0,0.0,0.0,0.0,0.0,0.0,0.0,0.0,1.0,0.0,1.0,1.0,0.0,1.0,7.0,0.0,1.0,0.0,0.0,1.0,2.0,1.0,2.0,0.0,1.0,0.0,0.0,0.0,0.0,4.0,0.0,0.0,58.0,29.0,41.040000000000006,0.0,0.0,3.0,0.0,0.0,25.0,1.0,0.0,1.0,0.0,0.0,57.0,0.0,0.0,1.0,9.0,0.0,29.0,0.0,2.0,2.0,3.0,103.30000000000001,5.0,0.0,0.0,0.0,0.0,0.0,0.0,4.0,0.0,0.0,0.0,0.0,2.0,0.0,0.0,0.0,1.0,11.0,26.0,10.0,0.0,0.0,3.0,0.0,0.0,0.0,10.0,0.0,9.0,8.0,2.0,42.5,0.0,0.0,0.0,0.0,1.0,1.0,0.0,34.900000000000006,28.0,0.0,0.0,32.0,0.0,0.0,4.0,1.0,5.0,1.0,13.0,9.0,76.0,3.0,2.0,0.0,3.0,0.0,1.0,2.0,0.0,1757.9250000000002,0.0,0.01,0.0,24.000000000000004,0.0,0.0,0.0,288.6,0.0,0.0,101.25000000000001,0.0,0.0,0.0,15.900000000000002,0.0,6.25,2.0,0.0,0.0,0.0,0.0,0.0,0.0,0.0,35.35714285714286,0.0,17.700000000000003,1.5,0.0,30.300000000000004,204.22500000000002,0.0,65.7,0.0,0.0,10.625,883.2000000000002,7.650000000000001,28.200000000000003,0.0,8.533333333333333,0.0,0.0,0.0,8.920923462230686,19.700000000000003,83.6,125070463.20000002,19.843251760371626,0.0
Aug-15,4.0,1.0,0.0,1.0,0.0,3.0,0.0,0.0,0.0,1.0,1.0,1.0,2.0,2.0,1.0,0.0,0.0,0.0,0.0,1.0,0.0,1.0,0.0,2.0,1.0,1.0,0.0,3.0,0.0,12.0,1.0,0.0,0.0,7.0,2.0,0.0,0.0,0.0,1.0,4.0,0.0,1.0,0.0,7.0,4.0,1.0,0.0,0.0,5.0,0.0,0.0,46.900000000000006,12.0,38.940000000000005,0.0,0.0,1.0,0.0,0.0,34.955,0.0,1.0,0.0,0.0,0.0,50.0,0.0,0.0,0.0,9.0,1.0,23.0,1.0,0.0,1.0,2.0,100.9,6.0,0.0,0.0,0.0,0.0,0.0,0.0,16.0,0.0,0.0,0.0,0.0,2.0,0.0,0.0,0.0,1.0,15.0,19.0,6.0,0.0,0.0,0.0,0.0,2.0,0.0,16.0,1.0,5.0,5.0,0.0,47.900000000000006,0.0,0.0,0.0,0.0,0.0,0.0,0.0,29.8,10.0,0.0,0.0,30.200000000000003,0.0,0.0,8.0,0.0,6.0,3.0,18.0,2.0,76.0,0.0,3.0,0.0,3.0,0.0,3.0,0.0,177.99047619047624,135.22500000000002,0.0,0.01,0.0,14.400000000000002,0.0,0.0,0.0,14.220000000000002,15.966666666666669,1.0,40.50000000000001,26.500000000000007,10.75,0.0,0.0,0.0,0.0,2.0,0.0,0.01,0.0,5.333333333333333,0.01,0.01,0.0,106.07142857142858,0.0,212.40000000000003,1.5,0.0,0.0,204.22500000000002,28.740000000000002,0.0,0.0,0.0,10.625,1766.4000000000003,0.0,14.100000000000001,0.0,23.893333333333334,861.3000000000002,67.20000000000002,0.0,8.933268478636418,14.600000000000001,84.2,121045428.00000001,19.81037005819184,0.0
Sep-15,7.0,7.0,2.0,0.0,0.0,0.0,0.0,4.0,0.0,6.0,0.0,0.0,12.0,1.0,0.0,0.0,0.0,0.0,20.400000000000002,0.0,1.0,0.0,0.0,0.0,0.0,0.0,0.0,12.0,0.0,0.0,0.0,0.0,1.0,3.0,1.0,0.0,0.0,0.0,0.0,5.0,0.0,1.0,1.0,0.0,0.0,1.0,0.0,0.0,11.0,0.0,0.0,62.2,20.0,41.64,0.0,2.0,2.0,0.0,0.0,32.0,0.0,1.0,1.0,1.0,0.0,56.6,0.0,0.0,0.0,11.0,2.0,24.0,2.0,4.0,1.0,11.0,92.80000000000001,5.0,1.0,0.0,0.0,0.0,1.0,0.0,9.0,0.0,0.0,0.0,0.0,3.0,0.0,0.0,0.0,0.0,11.0,19.0,5.0,1.0,0.0,2.0,0.0,3.0,0.0,15.0,2.0,12.0,10.0,0.0,50.60000000000001,0.0,0.0,1.0,0.0,0.0,0.0,0.0,34.6,20.0,0.0,0.0,29.3,0.0,1.0,6.0,0.0,7.0,5.0,21.0,5.0,83.2,0.0,1.0,1.0,3.0,0.0,1.0,2.0,311.4833333333334,946.5750000000002,0.02,0.0,0.0,0.0,0.0,10.666666666666668,0.0,85.32000000000001,0.0,0.0,243.00000000000003,13.250000000000004,0.0,0.0,0.0,0.0,127.50000000000001,0.0,22.525000000000006,0.0,0.0,0.0,0.0,0.0,0.0,424.28571428571433,0.0,0.0,0.0,0.0,30.300000000000004,87.52500000000002,14.370000000000001,0.0,0.0,0.0,0.0,2208.0000000000005,0.0,14.100000000000001,0.01,0.0,0.0,67.20000000000002,0.0,8.943114308091785,25.700000000000003,80.0,118048291.50000001,19.78516354,0.0
Oct-15,7.0,8.0,0.0,0.0,0.0,2.0,0.0,0.0,5.0,0.0,0.0,0.0,1.0,1.0,0.0,0.0,0.0,0.0,4.800000000000001,0.0,4.0,0.0,0.0,1.0,1.0,0.0,0.0,18.0,0.0,1.0,2.0,3.0,7.0,2.0,0.0,0.0,1.0,1.0,0.0,5.0,0.0,6.0,0.0,0.0,18.0,0.0,0.0,0.0,7.0,0.0,0.0,54.7,22.0,43.74,0.0,0.0,0.0,0.0,0.0,34.25,0.0,0.0,1.0,0.0,0.0,55.1,0.0,0.0,0.0,11.0,0.0,33.0,0.0,2.0,0.0,5.0,90.4,4.0,0.0,1.0,1.0,0.0,2.0,0.0,9.0,0.0,0.0,0.0,0.0,1.0,0.0,0.0,0.0,4.0,14.0,15.0,5.0,0.0,0.0,5.0,0.0,0.0,1.0,16.0,3.0,8.0,11.0,0.0,53.00000000000001,0.0,0.0,0.0,0.0,0.0,1.0,0.0,34.6,17.0,0.0,1.0,29.9,0.0,1.0,3.0,0.0,7.0,6.0,20.0,4.0,79.3,0.0,5.0,0.0,2.0,0.0,2.0,0.0,311.4833333333334,1081.8000000000002,0.0,0.0,0.0,9.600000000000001,0.0,0.0,52.650000000000006,0.0,0.0,0.0,20.250000000000004,13.250000000000004,0.0,0.0,0.0,0.0,30.000000000000004,0.0,90.10000000000002,0.0,0.0,2.6666666666666665,0.01,0.0,0.0,636.4285714285717,0.0,17.700000000000003,3.0,3.0,212.10000000000002,58.35000000000001,0.0,0.0,0.1428571428571428,139.87500000000003,0.0,2208.0000000000005,0.0,84.60000000000001,0.0,0.0,3875.8500000000004,0.0,0.0,8.876544550558378,20.3,74.0,121086158.10000002,19.810708268139702,0.0
Nov-15,2.0,4.0,0.0,0.0,3.0,2.0,1.0,1.0,8.0,7.0,1.0,0.0,3.0,1.0,0.0,0.0,2.0,0.0,6.0,0.0,10.0,0.0,1.0,0.0,0.0,1.0,1.0,6.0,0.0,3.0,1.0,0.0,1.0,3.0,0.0,1.0,0.0,0.0,0.0,4.0,0.0,0.0,2.0,10.0,6.0,1.0,0.0,1.0,9.0,0.0,0.0,55.300000000000004,16.0,42.540000000000006,0.0,1.0,2.0,2.0,0.0,33.0,0.0,0.0,0.0,0.0,0.0,53.6,0.0,0.0,0.0,3.0,0.0,19.0,0.0,1.0,1.0,3.0,80.80000000000001,7.0,0.0,0.0,0.0,0.0,4.0,0.0,5.0,0.0,2.0,0.0,0.0,3.0,0.0,0.0,1.0,1.0,18.0,21.0,5.0,0.0,0.0,1.0,0.0,0.0,0.0,5.0,0.0,11.0,6.0,0.0,53.60000000000001,1.0,0.0,0.0,0.0,1.0,0.0,0.0,36.400000000000006,20.0,0.0,0.0,34.0,0.0,0.0,8.0,0.0,11.0,2.0,19.0,10.0,79.3,2.0,0.0,0.0,0.0,0.0,0.0,2.0,88.99523809523812,540.9000000000001,0.0,0.0,3.0,9.600000000000001,9.150000000000002,2.666666666666667,84.24000000000001,99.54000000000002,15.966666666666669,0.0,60.75000000000001,13.250000000000004,0.0,0.0,31.800000000000004,0.0,11.250000000000002,0.0,225.25000000000009,0.0,0.01,0.0,0.0,0.01,16.666666666666668,212.14285714285717,0.0,53.10000000000001,1.5,0.0,30.300000000000004,87.52500000000002,0.0,65.7,0.0,0.0,0.0,1766.4000000000003,0.0,0.0,0.02,25.6,1291.9500000000003,67.20000000000002,0.0,8.648046,14.3,69.0,120128273.70000002,19.80272385128488,0.01
Dec-15,11.000000000000002,11.200000000000001,0.0,1.0,0.0,4.0,0.0,0.0,5.0,12.0,5.0,0.0,2.0,20.0,0.0,0.0,1.0,0.0,14.0,0.0,7.0,1.0,0.0,0.0,6.000000000000001,1.0,3.0,11.25,0.0,0.0,2.0,0.0,0.0,9.900000000000002,2.0,0.0,0.0,0.0,0.0,22.0,0.0,8.400000000000002,1.0,13.0,2.0,1.0,2.0,1.0,6.0,0.0,0.0,61.0,27.0,40.14,0.0,0.0,10.650000000000002,0.0,0.0,32.0,1.0,0.0,0.0,0.0,0.0,56.9,1.0,0.0,0.0,6.0,0.0,24.0,0.0,2.0,0.0,4.0,87.7,5.0,2.0,4.0,1.0,0.0,1.0,0.0,6.0,0.0,0.0,0.0,0.0,1.0,0.0,0.0,0.0,1.0,11.0,33.0,3.0,0.0,0.0,1.0,2.0,0.0,0.0,11.0,0.0,13.0,3.0,0.0,57.800000000000004,1.0,0.0,0.0,0.0,1.0,12.0,0.0,39.400000000000006,30.0,0.0,0.0,45.0,0.0,0.0,5.0,0.0,11.0,3.0,27.950000000000003,9.0,74.0,3.0,1.0,1.0,1.0,0.0,4.0,3.0,1423.92380952381,3786.3000000000006,0.0,0.01,0.0,19.200000000000003,0.0,0.0,52.650000000000006,170.64000000000001,79.83333333333334,0.0,40.50000000000001,265.00000000000006,0.0,0.0,15.900000000000002,0.0,26.250000000000004,0.0,157.67500000000004,0.01,0.0,0.0,0.2,0.01,15.000000000000002,954.6428571428573,0.0,0.0,3.0,0.0,0.0,758.5500000000001,28.740000000000002,0.0,0.0,0.0,0.0,16899.000000000004,0.0,394.80000000000007,0.01,33.28000000000001,430.6500000000001,67.20000000000002,0.02,8.777092882855566,25.1,74.0,120508107.30000001,19.80589757474491,0.01
Jan-16,2.0,7.6000000000000005,0.0,0.0,1.0,1.0,0.0,0.0,0.0,3.0,0.0,0.0,1.0,0.0,1.0,0.0,0.0,0.0,0.0,0.0,1.0,0.0,0.0,11.0,0.0,0.0,0.0,1.0,0.0,0.0,0.0,2.0,0.0,12.0,11.0,0.0,0.0,1.0,2.0,1.0,0.0,0.0,0.0,2.0,0.0,1.0,0.0,0.0,5.0,0.0,0.0,106.30000000000001,27.6,71.94000000000001,0.0,0.0,4.0,1.0,0.0,51.5,0.0,0.0,0.0,0.0,1.0,77.60000000000001,0.0,0.0,0.0,20.0,0.0,31.8,1.0,1.0,1.0,6.0,174.10000000000002,15.500000000000002,4.0,1.0,2.0,0.0,0.0,0.0,17.0,0.0,1.0,0.0,0.0,7.0,0.0,1.0,0.0,4.0,17.6,33.2,3.0,0.0,0.0,4.0,0.0,2.0,1.0,13.400000000000002,5.0,29.0,3.0,0.0,126.80000000000001,0.0,0.0,0.0,0.0,0.0,2.0,0.0,113.50000000000001,34.0,0.0,1.0,55.07000000000001,0.0,1.0,19.0,1.0,13.3,4.0,27.35,6.0,115.4,1.0,12.0,1.0,5.0,0.0,5.0,3.0,88.99523809523812,2163.6000000000004,0.0,60.00350000000001,1.0,4.800000000000001,0.0,4.0,6.300000000000001,22.800000000000004,0.0,12.0,20.250000000000004,0.0,10.75,0.0,0.0,0.0,8.100000000000001,0.0,22.525000000000006,0.0,35.10000000000001,8.8,26.403500000000005,0.0,0.0,2871.9000000000005,0.0,0.0,0.0,2.0,0.0,350.1000000000001,158.07000000000002,0.0,0.0,4168.200000000001,6.375000000000001,441.6000000000001,0.0,0.0,0.0,5.120000000000001,0.0,67.20000000000002,0.0,9.968338524855744,24.200000000000003,85.0,147397610.10000002,20.00828379333735,0.0
Feb-16,3.0,3.0,0.0,1.0,0.0,1.0,0.0,2.0,0.0,1.0,0.0,0.0,1.0,0.0,0.0,0.0,0.0,1.0,0.0,0.0,0.0,1.0,0.0,0.0,0.0,1.0,0.0,8.0,0.0,0.0,0.0,1.0,0.0,3.0,0.0,0.0,0.0,0.0,1.0,1.0,0.0,2.0,0.0,2.0,3.0,4.0,1.0,0.0,7.0,0.0,0.0,55.0,17.0,46.74,0.0,0.0,1.0,0.0,0.0,22.0,0.0,0.0,1.0,0.0,0.0,51.0,0.0,0.0,0.0,6.0,0.0,11.0,0.0,2.0,1.0,6.0,74.80000000000001,6.0,2.0,0.0,0.0,0.0,2.0,1.0,4.0,0.0,0.0,0.0,0.0,2.0,0.0,0.0,0.0,1.0,16.0,18.0,11.0,0.0,1.0,2.0,0.0,0.0,1.0,9.0,2.0,7.0,5.0,0.0,59.00000000000001,2.0,0.0,0.0,0.0,0.0,0.0,0.0,30.700000000000003,25.0,0.0,0.0,35.57,0.0,0.0,6.0,0.0,7.0,3.0,20.0,2.0,77.0,0.0,0.0,0.0,6.0,0.0,3.0,1.0,133.49285714285716,405.67500000000007,0.0,0.01,0.0,4.800000000000001,0.0,5.333333333333334,0.0,14.220000000000002,0.0,0.0,20.250000000000004,0.0,0.0,0.0,0.0,1.0,0.0,0.0,0.0,0.01,0.0,0.0,0.0,0.01,0.0,282.8571428571429,0.0,0.0,0.0,1.0,0.0,87.52500000000002,0.0,0.0,0.0,0.0,3.1875000000000004,441.6000000000001,0.0,28.200000000000003,0.0,5.120000000000001,645.9750000000001,268.80000000000007,0.01,8.920522687,17.900000000000002,68.0,123594933.90000002,19.83132288260409,0.0
Mar-16,3.0,4.0,0.0,0.0,2.0,0.0,0.0,0.0,0.0,0.0,0.0,0.0,3.0,6.0,0.0,0.0,0.0,0.0,0.0,0.0,2.0,0.0,15.0,0.0,0.0,0.0,0.0,3.0,0.0,5.0,0.0,0.0,2.0,2.0,0.0,0.0,1.0,0.0,0.0,1.0,0.0,12.0,0.0,4.0,3.0,0.0,0.0,0.0,5.0,0.0,0.0,69.4,23.0,54.540000000000006,0.0,1.0,0.0,1.0,0.0,24.0,0.0,1.0,0.0,0.0,0.0,62.1,0.0,0.0,1.0,11.0,1.0,18.200000000000003,0.0,2.0,0.0,5.0,90.7,9.0,3.0,0.0,1.0,0.0,1.0,0.0,8.0,0.0,0.0,0.0,0.0,3.0,0.0,0.0,0.0,1.0,26.0,27.3,9.0,1.0,0.0,2.0,0.0,3.0,0.0,14.0,1.0,13.0,1.0,0.0,61.10000000000001,1.0,0.0,0.0,0.0,0.0,1.0,0.0,41.800000000000004,28.0,0.0,0.0,38.27,0.0,0.0,16.0,0.0,5.0,6.0,13.0,7.0,87.2,0.0,1.0,1.0,5.0,0.0,1.0,0.0,133.49285714285716,540.9000000000001,0.0,0.0,2.0,0.0,0.0,0.0,0.0,0.0,0.0,0.0,60.75000000000001,79.50000000000001,0.0,0.0,0.0,0.0,0.0,0.0,45.05000000000001,0.0,0.15,0.0,0.0,0.0,0.0,106.07142857142858,0.0,88.50000000000001,0.0,0.0,60.60000000000001,58.35000000000001,0.0,0.0,0.1428571428571428,0.0,0.0,441.6000000000001,0.0,169.20000000000002,0.0,10.240000000000002,645.9750000000001,0.0,0.0,8.662504922576291,24.5,71.0,123416331.60000002,19.829869274603684,0.0
Apr-16,2.0,17.0,0.0,0.0,0.0,3.0,0.0,2.0,0.0,0.0,3.0,0.0,1.0,1.0,1.0,0.0,0.0,0.0,13.0,1.0,0.0,0.0,0.0,0.0,0.0,1.0,0.0,0.0,0.0,2.0,2.0,0.0,6.0,9.0,1.0,0.0,10.0,0.0,0.0,2.0,1.0,3.0,0.0,0.0,3.0,1.0,0.0,0.0,3.0,0.0,0.0,60.400000000000006,19.0,43.14,0.0,1.0,0.0,0.0,0.0,15.0,0.0,0.0,1.0,0.0,0.0,54.0,0.0,0.0,2.0,11.0,0.0,19.700000000000003,2.0,1.0,3.0,9.0,86.2,6.0,2.0,1.0,1.0,0.0,1.0,0.0,9.0,0.0,0.0,0.0,0.0,3.0,0.0,0.0,0.0,1.0,21.0,27.0,4.0,0.0,0.0,0.0,0.0,0.0,0.0,14.0,0.0,14.0,3.0,0.0,58.400000000000006,2.0,0.0,0.0,0.0,0.0,3.0,0.0,39.7,24.0,1.0,0.0,36.77,0.0,1.0,4.0,1.0,4.0,3.0,11.0,5.0,78.2,0.0,1.0,1.0,1.0,0.0,1.0,0.0,88.99523809523812,2298.8250000000003,0.0,0.0,0.0,14.400000000000002,0.0,5.333333333333334,0.0,0.0,47.900000000000006,0.0,20.250000000000004,4.0,10.75,0.0,0.0,0.0,24.375000000000004,2.0,0.0,0.0,0.0,0.0,0.0,0.01,0.0,0.0,0.0,35.400000000000006,3.0,0.0,181.80000000000004,262.57500000000005,14.370000000000001,0.0,1.4285714285714284,0.0,0.0,883.2000000000002,7.650000000000001,42.300000000000004,0.0,0.0,645.9750000000001,67.20000000000002,0.0,8.660947155060933,15.5,89.0,123540211.20000002,19.830877730094844,0.0
May-16,6.0,3.0,0.0,4.0,0.0,3.0,0.0,0.0,0.0,1.0,0.0,0.0,6.0,0.0,0.0,0.0,2.0,0.0,12.0,0.0,2.0,1.0,0.0,0.0,0.0,0.0,0.0,2.0,0.0,0.0,1.0,1.0,4.0,0.0,1.0,0.0,0.0,0.0,0.0,1.0,0.0,5.0,0.0,5.0,3.0,2.0,0.0,0.0,3.0,0.0,0.0,60.400000000000006,23.0,39.540000000000006,0.0,0.0,0.0,1.0,0.0,22.200000000000003,0.0,2.0,0.0,0.0,0.0,59.0,0.0,0.0,0.0,11.0,0.0,20.0,0.0,2.0,0.0,4.0,87.10000000000001,4.0,2.0,0.0,0.0,0.0,2.0,0.0,8.0,0.0,0.0,0.0,0.0,1.0,0.0,0.0,0.0,1.0,18.0,30.0,4.0,0.0,0.0,2.0,0.0,0.0,0.0,8.0,1.0,10.0,2.0,0.0,55.7,0.0,0.0,0.0,0.0,0.0,0.0,0.0,34.0,26.0,0.0,0.0,38.27,0.0,0.0,7.0,1.0,3.0,2.0,16.0,2.0,78.8,1.0,1.0,0.0,0.0,0.0,3.0,1.0,266.98571430000004,405.67500000000007,0.0,0.04,0.0,14.400000000000002,0.0,0.0,0.0,14.220000000000002,0.0,0.0,121.50000000000001,0.0,0.0,0.0,31.800000000000004,0.0,22.500000000000004,0.0,45.05000000000001,0.01,0.0,0.0,0.0,0.0,0.0,70.71428571428572,0.0,0.0,1.5,1.0,121.20000000000002,0.0,14.370000000000001,0.0,0.0,0.0,0.0,441.6000000000001,0.0,70.50000000000001,0.0,12.799999999999999,645.9750000000001,134.40000000000003,0.0,8.719317375506371,29.300000000000004,80.0,124287164.40000002,19.83693692560558,0.0
Jun-16,6.0,4.0,0.0,1.0,1.0,1.0,0.0,0.0,0.0,2.0,2.0,0.0,1.0,0.0,0.0,0.0,1.0,0.0,0.0,0.0,4.0,0.0,0.0,0.0,5.0,0.0,0.0,5.0,0.0,2.0,1.0,0.0,0.0,3.0,0.0,1.0,0.0,1.0,2.0,5.0,0.0,1.0,0.0,1.0,3.0,1.0,0.0,0.0,5.0,0.0,0.0,57.7,18.0,38.940000000000005,0.0,0.0,0.0,0.0,0.0,20.1,0.0,0.0,1.0,2.0,0.0,66.0,0.0,0.0,1.0,6.0,0.0,22.0,0.0,5.0,2.0,6.0,85.60000000000001,9.0,3.0,2.0,1.0,0.0,2.0,0.0,16.0,0.0,0.0,0.0,0.0,5.0,0.0,0.0,0.0,1.0,18.0,13.0,2.0,0.0,1.0,1.0,0.0,1.0,0.0,8.0,1.0,11.0,4.0,0.0,59.300000000000004,0.0,0.0,0.0,0.0,0.0,1.0,0.0,33.400000000000006,22.0,1.0,0.0,41.0,0.0,0.0,9.0,1.0,6.0,7.0,17.0,1.0,75.0,1.0,2.0,1.0,4.0,0.0,1.0,2.0,266.98571430000004,540.9000000000001,0.0,0.01,1.0,4.800000000000001,0.0,0.0,0.0,28.440000000000005,31.933333333333337,0.0,20.250000000000004,0.0,0.0,0.0,15.900000000000002,0.0,0.0,0.0,90.10000000000002,0.0,0.0,0.0,0.05,0.0,0.0,176.78571428571433,0.0,35.400000000000006,1.5,0.0,0.0,87.52500000000002,0.0,65.7,0.0,139.87500000000003,6.375000000000001,2208.0000000000005,0.0,14.100000000000001,0.0,8.533333333333333,645.9750000000001,67.20000000000002,0.0,8.811354229965728,16.4,80.0,145298383.50000003,19.99387672816486,0.0
Jul-16,5.0,1.0,0.0,0.0,0.0,2.0,0.0,0.0,0.0,0.0,0.0,0.0,8.0,0.0,0.0,0.0,1.0,2.0,8.0,1.0,0.0,0.0,0.0,3.0,1.0,0.0,0.0,2.0,0.0,1.0,1.0,1.0,0.0,6.0,0.0,0.0,0.0,0.0,1.0,4.0,0.0,1.0,1.0,1.0,1.0,0.0,0.0,0.0,4.0,0.0,0.0,49.300000000000004,28.0,41.34,0.0,0.0,0.0,1.0,0.0,20.1,0.0,2.0,1.0,1.0,0.0,61.0,0.0,0.0,0.0,9.0,1.0,24.0,0.0,1.0,0.0,8.0,88.30000000000001,8.0,0.0,0.0,0.0,0.0,0.0,0.0,6.0,0.0,0.0,0.0,0.0,1.0,0.0,0.0,0.0,0.0,13.0,18.0,5.0,0.0,1.0,4.0,0.0,1.0,0.0,15.0,1.0,12.0,2.0,0.0,60.50000000000001,0.0,0.0,0.0,0.0,0.0,1.0,0.0,31.900000000000002,25.0,0.0,0.0,45.0,0.0,0.0,8.0,0.0,5.0,3.0,24.0,3.0,78.0,0.0,3.0,0.0,2.0,0.0,0.0,0.0,222.4880952380953,135.22500000000002,0.0,0.0,0.0,9.600000000000001,0.0,0.0,0.0,0.0,0.0,0.0,162.00000000000003,0.0,0.0,0.0,15.900000000000002,2.0,15.000000000000002,2.0,0.0,0.0,0.0,8.0,0.01,0.0,0.0,70.71428571428572,0.0,7.200000000000001,1.5,1.0,0.0,175.05000000000004,0.0,0.0,0.0,0.0,3.1875000000000004,1766.4000000000003,0.0,14.100000000000001,0.01,8.533333333333333,215.32500000000005,0.0,0.0,8.767173396684006,19.400000000000002,77.0,146956558.8,20.00527401849084,0.0
Aug-16,2.0,2.0,0.0,9.0,0.0,1.0,0.0,0.0,0.0,2.0,0.0,0.0,2.0,1.0,0.0,0.0,0.0,0.0,8.0,0.0,2.0,0.0,0.0,5.0,0.0,1.0,0.0,11.0,0.0,2.0,1.0,0.0,3.0,14.0,1.0,0.0,0.0,1.0,0.0,2.0,0.0,0.0,0.0,4.0,5.0,0.0,0.0,0.0,6.0,0.0,0.0,54.7,14.0,41.64,0.0,1.0,11.0,0.0,0.0,24.900000000000002,0.0,0.0,2.0,0.0,0.0,49.0,0.0,0.0,0.0,8.0,0.0,26.0,0.0,1.0,0.0,6.0,100.9,7.0,5.0,0.0,2.0,0.0,1.0,0.0,10.0,0.0,0.0,0.0,0.0,3.0,0.0,0.0,0.0,1.0,21.0,15.0,9.0,1.0,0.0,0.0,0.0,1.0,0.0,14.0,0.0,6.0,8.0,0.0,52.1,2.0,0.0,0.0,2.0,0.0,0.0,0.0,33.400000000000006,27.0,0.0,0.0,32.0,0.0,0.0,10.0,0.0,7.0,3.0,15.0,5.0,92.4,2.0,3.0,0.0,0.0,0.0,2.0,2.0,88.99523809523812,270.45000000000005,0.0,0.09,0.0,4.800000000000001,0.0,0.0,0.0,28.440000000000005,0.0,0.0,40.50000000000001,13.250000000000004,0.0,0.0,0.0,0.0,15.000000000000002,0.0,45.05000000000001,0.0,0.0,13.333333333333332,0.0,0.01,0.0,388.9285714285715,0.0,35.400000000000006,1.5,0.0,90.90000000000002,408.45000000000005,14.370000000000001,0.0,0.0,139.87500000000003,0.0,883.2000000000002,0.0,0.0,0.0,16.213333333333335,1076.6250000000002,0.0,0.0,8.775240458738327,14.3,89.0,129247819.50000001,19.87627164977916,0.0
Sep-16,8.600000000000001,8.0,0.0,1.0,2.0,8.0,0.0,0.0,0.0,1.0,3.0,0.0,2.0,0.0,1.0,0.0,0.0,3.0,0.0,0.0,5.0,0.0,1.0,1.0,0.0,0.0,0.0,11.350000000000001,0.0,1.0,1.0,1.0,2.0,4.0,0.0,0.0,0.0,3.0,0.0,8.900000000000002,0.0,1.0,0.0,2.0,2.0,1.0,0.0,0.0,2.0,0.0,0.0,61.0,15.0,48.24000000000001,1.0,2.0,2.0,2.0,0.0,19.8,0.0,0.0,0.0,0.0,0.0,55.0,0.0,0.0,0.0,12.0,0.0,20.0,0.0,1.0,3.0,5.0,81.7,3.0,2.0,0.0,0.0,0.0,1.0,0.0,7.0,2.0,0.0,0.0,0.0,8.0,0.0,0.0,0.0,2.0,20.0,13.0,3.0,0.0,0.0,1.0,1.0,0.0,1.0,15.0,0.0,8.0,3.0,0.0,58.7,0.0,0.0,0.0,2.0,0.0,0.0,0.0,39.7,27.0,0.0,1.0,39.0,0.0,0.0,8.0,0.0,7.0,4.0,19.0,6.0,81.9,0.0,4.0,1.0,4.0,0.0,1.0,1.0,1067.9428571428573,1081.8000000000002,0.0,0.01,2.0,38.400000000000006,0.0,0.0,0.0,14.220000000000002,47.900000000000006,0.0,40.50000000000001,0.0,10.75,0.0,0.0,3.0,0.0,0.0,112.62500000000004,0.0,0.01,2.6666666666666665,0.0,0.0,0.0,1131.4285714285718,0.0,17.700000000000003,1.5,1.0,60.60000000000001,116.70000000000002,0.0,0.0,0.0,419.62500000000006,0.0,11040.000000000002,0.0,14.100000000000001,0.0,17.066666666666666,430.6500000000001,67.20000000000002,0.0,8.591001118560957,23.900000000000002,85.0,125072360.10000002,19.843267004588864,0.0
Oct-16,9.0,10.0,0.0,0.0,0.0,1.0,0.0,0.0,9.0,0.0,0.0,0.0,4.0,2.0,11.0,0.0,0.0,0.0,0.0,0.0,2.0,0.0,0.0,1.0,0.0,3.0,0.0,10.450000000000001,0.0,2.0,0.0,1.0,0.0,4.0,1.0,0.0,0.0,1.0,0.0,4.0,0.0,1.0,0.0,0.0,4.0,0.0,0.0,0.0,8.0,0.0,0.0,55.900000000000006,20.0,45.84,0.0,0.0,0.0,2.0,0.0,21.6,0.0,0.0,1.0,0.0,0.0,57.1,0.0,0.0,1.0,8.0,0.0,27.0,4.0,4.0,0.0,5.0,91.0,9.0,2.0,0.0,1.0,0.0,0.0,0.0,11.0,0.0,0.0,0.0,0.0,1.0,0.0,0.0,0.0,0.0,9.0,19.3,4.0,3.0,0.0,2.0,0.0,1.0,0.0,17.0,0.0,11.0,6.0,0.0,64.4,0.0,0.0,0.0,0.0,1.0,0.0,0.0,39.1,28.0,0.0,0.0,48.0,0.0,0.0,6.0,0.0,14.0,4.0,17.0,1.0,81.6,0.0,1.0,1.0,5.0,0.0,2.0,0.0,400.4785714285715,1352.2500000000002,0.0,0.0,0.0,4.800000000000001,0.0,0.0,94.77000000000002,0.0,0.0,0.0,81.00000000000001,15.600000000000001,35.47500000000001,0.0,0.0,0.0,0.0,0.0,45.05000000000001,0.0,0.0,2.6666666666666665,0.0,0.03,0.0,1025.3571428571431,0.0,35.400000000000006,0.0,1.0,0.0,116.70000000000002,14.370000000000001,0.0,0.0,139.87500000000003,0.0,1766.4000000000003,0.0,14.100000000000001,0.0,0.0,861.3000000000002,0.0,0.0,9.025335217553026,21.5,76.0,125440116.00000001,19.84621805115146,0.0
Nov-16,4.0,17.0,0.0,1.0,1.0,1.0,1.0,1.0,10.0,6.0,1.0,0.0,4.0,0.0,0.0,0.0,0.0,0.0,4.0,0.0,8.0,2.0,0.0,1.0,4.0,0.0,0.0,6.25,0.0,4.0,0.0,1.0,0.0,3.0,0.0,3.0,3.0,8.0,0.0,7.0,0.0,0.0,0.0,3.0,9.0,2.0,0.0,0.0,8.0,0.0,0.0,51.7,14.0,41.34,0.0,0.0,1.0,0.0,0.0,20.700000000000003,0.0,1.0,0.0,0.0,0.0,56.2,0.0,0.0,1.0,7.0,0.0,28.0,0.0,3.0,0.0,5.0,82.60000000000001,6.0,1.0,3.0,2.0,0.0,1.0,0.0,7.0,0.0,0.0,0.0,0.0,1.0,0.0,1.0,0.0,1.0,15.0,18.4,4.0,3.0,0.0,0.0,3.0,1.0,0.0,12.0,1.0,10.0,3.0,0.0,59.60000000000001,0.0,0.0,0.0,0.0,0.0,0.0,0.0,37.6,26.0,0.0,0.0,40.0,0.0,0.0,8.0,0.0,19.0,1.0,11.0,5.0,80.0,1.0,0.0,0.0,0.0,0.0,6.0,2.0,177.99047619047624,2298.8250000000003,0.0,0.01,1.0,4.800000000000001,9.150000000000002,2.666666666666667,105.30000000000001,85.32000000000001,15.966666666666669,0.0,81.00000000000001,0.0,0.0,0.0,0.0,0.0,7.500000000000001,0.0,180.20000000000005,0.02,0.0,2.6666666666666665,0.04,0.0,0.0,530.3571428571429,0.0,70.80000000000001,0.0,1.0,0.0,87.52500000000002,0.0,197.10000000000002,0.4285714285714285,1119.0000000000002,0.0,3091.2000000000003,0.0,0.0,0.0,7.6800000000000015,1937.9250000000002,134.40000000000003,0.0,8.723068501163928,16.1,79.0,124724463.00000001,19.84046727554622,0.0
Dec-16,19.0,22.0,0.0,2.0,0.0,9.0,0.0,9.0,15.0,9.0,2.0,1.0,0.0,7.0,1.0,0.0,5.0,0.0,10.0,0.0,3.0,0.0,0.0,5.0,2.0,0.0,0.0,14.950000000000001,0.0,6.0,0.0,0.0,7.0,10.8,1.0,0.0,0.0,4.0,0.0,3.0,0.0,14.400000000000002,0.0,6.0,16.0,0.0,3.0,3.0,6.0,1.0,0.0,51.7,11.0,40.74,0.0,0.0,10.0,0.0,0.0,20.4,0.0,1.0,0.0,0.0,1.0,52.3,0.0,0.0,0.0,13.0,0.0,35.8,5.0,0.0,1.0,3.0,92.80000000000001,6.0,3.0,1.0,1.0,0.0,1.0,0.0,4.0,0.0,0.0,0.0,0.0,3.0,0.0,0.0,0.0,0.0,16.0,26.200000000000003,6.0,0.0,1.0,1.0,2.0,0.0,0.0,21.0,1.0,8.0,3.0,0.0,60.800000000000004,1.0,0.0,0.0,0.0,1.0,15.0,0.0,37.6,22.0,0.0,1.0,53.0,0.0,1.0,7.0,0.0,6.0,4.0,18.200000000000003,3.0,99.0,3.0,1.0,1.0,1.0,0.0,2.0,2.0,2402.871428571429,2974.9500000000003,0.0,0.02,0.0,43.2,0.0,7.200000000000002,157.95000000000002,127.98000000000003,31.933333333333337,1.0,0.0,92.75000000000001,10.75,0.0,79.50000000000001,0.0,18.750000000000004,0.0,67.57500000000002,0.0,0.0,13.333333333333332,0.02,0.0,0.0,1555.714285714286,0.0,106.20000000000002,0.0,0.0,212.10000000000002,846.0750000000002,14.370000000000001,0.0,0.0,559.5000000000001,0.0,1324.8000000000002,0.0,676.8000000000001,0.0,15.360000000000003,3445.2000000000007,0.0,0.03,8.517793011488205,25.700000000000003,70.0,123689114.70000002,19.83208855105105,0.03
Jan-17,5.0,6.0,0.0,0.0,1.0,5.0,0.0,0.0,0.0,0.0,0.0,0.0,0.0,1.0,3.0,0.0,2.0,0.0,0.0,0.0,0.0,1.0,0.0,0.0,0.0,0.0,0.0,3.0,0.0,0.0,0.0,1.0,0.0,3.0,1.0,1.0,0.0,0.0,0.0,4.0,0.0,0.0,0.0,2.0,4.0,2.0,0.0,0.0,7.0,0.0,0.0,110.20000000000002,27.200000000000003,63.24000000000001,0.0,2.0,0.0,2.0,0.0,47.1,0.0,1.0,0.0,0.0,1.0,86.2,0.0,0.0,1.0,27.0,1.0,41.2,2.0,1.0,2.0,10.0,171.10000000000002,13.5,4.0,0.0,1.0,0.0,2.0,0.0,12.0,1.0,0.0,0.0,0.0,9.0,1.0,0.0,0.0,5.0,24.950000000000003,25.0,4.0,0.0,1.0,1.0,2.0,3.0,1.0,21.6,0.0,14.900000000000002,7.0,0.0,132.20000000000002,0.0,0.0,0.0,0.0,0.0,0.0,0.0,76.9,29.200000000000003,1.0,0.0,57.050000000000004,0.0,0.0,16.0,0.0,21.0,2.0,24.200000000000003,5.0,121.125,1.0,8.0,0.0,6.0,0.0,6.0,0.0,610.5000000000001,811.3500000000001,0.0,0.0,1.0,24.000000000000004,0.0,185.70000000000002,0.0,7.800000000000001,6.600000000000001,0.0,0.0,102.30000000000001,13.437500000000002,0.0,31.800000000000004,0.0,18.300000000000004,0.0,10.500000000000002,0.01,0.0,27.733333333333338,0.0,0.0,0.0,30.000000000000004,1.0,0.0,0.0,1.0,0.0,87.52500000000002,14.370000000000001,65.7,0.0,0.0,0.0,1766.4000000000003,0.0,0.0,0.0,1548.9000000000003,861.3000000000002,134.40000000000003,0.0,8.955319082,31.1,75.0,17090169.300000004,17.819980739619535,0.0
Feb-17,3.0,5.0,0.0,1.0,0.0,2.0,0.0,0.0,0.0,2.0,0.0,0.0,0.0,0.0,0.0,0.0,0.0,1.0,12.000000000000002,0.0,2.0,4.0,1.0,1.0,0.0,0.0,0.0,6.0,0.0,1.0,0.0,0.0,0.0,19.0,0.0,0.0,0.0,1.0,1.0,1.0,2.0,0.0,0.0,4.0,1.0,1.0,0.0,0.0,7.0,0.0,0.0,52.900000000000006,13.0,44.34,0.0,0.0,9.0,0.0,0.0,17.0,0.0,0.0,0.0,0.0,0.0,52.9,0.0,1.0,0.0,5.0,0.0,14.0,0.0,3.0,0.0,4.0,82.0,7.0,2.0,0.0,0.0,0.0,0.0,0.0,6.0,0.0,0.0,0.0,0.0,3.0,0.0,0.0,0.0,0.0,19.0,16.6,5.0,1.0,0.0,2.0,0.0,0.0,0.0,22.0,0.0,3.0,1.0,0.0,66.5,0.0,0.0,0.0,0.0,0.0,0.0,0.0,37.900000000000006,19.0,0.0,0.0,52.0,0.0,0.0,5.0,0.0,5.0,0.0,14.0,4.0,123.22500000000001,3.0,1.0,1.0,1.0,0.0,1.0,2.0,133.49285714285716,676.1250000000001,0.0,0.01,0.0,9.600000000000001,0.0,0.0,0.0,28.440000000000005,0.0,0.0,0.0,0.0,0.0,0.0,0.0,1.0,75.00000000000001,0.0,45.05000000000001,0.04,0.01,2.6666666666666665,0.0,0.0,0.0,48.00000000000001,0.0,17.700000000000003,0.0,0.0,0.0,554.325,0.0,0.0,0.0,139.87500000000003,10.625,441.6000000000001,15.300000000000002,0.0,0.0,10.240000000000002,215.32500000000005,67.20000000000002,0.0,8.802372134,20.0,59.0,16099808.700000003,17.757898991679998,0.0
Mar-17,3.0,3.0,0.0,0.0,0.0,4.0,0.0,0.0,0.0,2.0,0.0,0.0,0.0,0.0,0.0,0.0,0.0,0.0,0.0,0.0,0.0,3.0,0.0,0.0,0.0,0.0,0.0,0.0,0.0,0.0,0.0,0.0,0.0,4.0,0.0,1.0,1.0,0.0,1.0,8.0,0.0,1.0,0.0,0.0,1.0,2.0,0.0,1.0,7.0,0.0,0.0,61.0,20.5,47.940000000000005,0.0,1.0,1.0,1.0,0.0,27.0,0.0,2.0,0.0,0.0,0.0,58.6,0.0,0.0,1.0,17.0,0.0,20.3,1.0,0.0,1.0,4.0,96.4,7.0,1.0,0.0,0.0,0.0,4.0,0.0,3.0,0.0,0.0,0.0,0.0,7.0,1.0,0.0,0.0,3.0,15.0,17.8,4.0,0.0,0.0,1.0,0.0,5.0,0.0,21.0,1.0,16.0,0.0,0.0,71.9,0.0,0.0,0.0,0.0,0.0,0.0,0.0,41.2,27.0,0.0,2.0,45.0,0.0,0.0,11.0,4.0,6.0,3.0,23.0,9.0,87.225,1.0,1.0,0.0,3.0,0.0,1.0,2.0,133.49285714285716,405.67500000000007,0.0,0.0,0.0,19.200000000000003,0.0,0.0,0.0,28.440000000000005,0.0,0.0,0.0,0.0,0.0,0.0,0.0,0.0,0.0,0.0,0.0,0.03,0.0,0.0,0.0,0.0,0.0,0.0,0.0,0.0,0.0,0.0,0.0,116.70000000000002,0.0,65.7,0.1428571428571428,0.0,10.625,3532.8000000000006,0.0,14.100000000000001,0.0,0.0,215.32500000000005,134.40000000000003,0.0,8.904358542352968,22.0,56.0,14662096.200000001,17.660307337610437,0.01
Apr-17,7.0,6.0,0.0,0.0,0.0,2.0,0.0,0.0,0.0,3.0,2.0,0.0,1.0,0.0,1.0,2.0,3.0,0.0,15.0,1.0,2.0,1.0,2.0,1.0,0.0,1.0,0.0,19.0,0.0,0.0,7.0,7.0,1.0,3.0,2.0,0.0,1.0,5.0,1.0,20.0,0.0,1.0,1.0,3.0,10.0,0.0,0.0,0.0,2.0,2.0,0.0,76.9,16.6,59.940000000000005,0.0,0.0,3.0,1.0,0.0,33.0,0.0,6.0,1.0,0.0,0.0,68.2,0.0,0.0,0.0,9.0,0.0,21.0,0.0,3.0,0.0,9.0,92.5,11.0,0.0,1.0,0.0,0.0,0.0,0.0,7.0,0.0,0.0,0.0,0.0,3.0,0.0,1.0,0.0,0.0,17.0,25.300000000000004,5.0,0.0,0.0,1.0,0.0,0.0,0.0,18.0,0.0,6.0,3.0,0.0,60.800000000000004,1.0,0.0,0.0,0.0,1.0,1.0,0.0,33.1,27.0,0.0,0.0,51.0,0.0,0.0,5.0,1.0,11.0,5.0,16.0,4.0,94.725,1.0,3.0,0.0,6.0,0.0,1.0,3.0,311.4833333333334,811.3500000000001,0.0,0.0,0.0,9.600000000000001,0.0,25.200000000000003,0.0,42.660000000000004,31.933333333333337,0.0,20.250000000000004,0.0,10.75,0.02,47.70000000000001,0.0,28.125000000000004,2.0,45.05000000000001,0.01,0.02,2.6666666666666665,0.0,0.01,0.0,671.7857142857143,0.0,0.0,10.5,7.0,30.300000000000004,87.52500000000002,28.740000000000002,0.0,0.1428571428571428,699.3750000000001,10.625,8832.000000000002,0.0,14.100000000000001,0.01,7.6800000000000015,2153.2500000000005,0.0,0.0,8.785539527561276,34.725,68.0,15262364.700000003,17.70221735540685,0.0
May-17,7.0,2.0,0.0,1.0,0.0,1.0,0.0,3.0,0.0,1.0,0.0,0.0,3.0,1.0,1.0,0.0,1.0,0.0,0.0,1.0,1.0,0.0,0.0,1.0,0.0,0.0,0.0,2.0,0.0,0.0,1.0,0.0,0.0,1.0,2.0,2.0,0.0,0.0,1.0,3.0,0.0,0.0,0.0,1.0,0.0,1.0,0.0,0.0,3.0,0.0,0.0,55.300000000000004,16.0,42.24,0.0,0.0,0.0,0.0,0.0,34.395,0.0,3.0,2.0,0.0,0.0,56.8,0.0,0.0,0.0,8.0,1.0,27.0,0.0,1.0,0.0,5.0,106.60000000000001,9.0,1.0,0.0,1.0,0.0,2.0,0.0,5.0,0.0,0.0,0.0,0.0,2.0,0.0,0.0,0.0,1.0,22.0,22.0,6.0,0.0,0.0,3.0,0.0,0.0,0.0,13.0,0.0,6.0,5.0,3.0,59.900000000000006,0.0,0.0,0.0,0.0,1.0,2.0,0.0,42.1,20.0,0.0,0.0,43.0,0.0,0.0,11.0,0.0,1.0,1.0,21.0,7.0,90.525,1.0,3.0,0.0,3.0,0.0,0.0,1.0,311.4833333333334,270.45000000000005,0.0,0.01,0.0,4.800000000000001,0.0,8.0,0.0,14.220000000000002,0.0,0.0,60.75000000000001,13.250000000000004,10.75,0.0,15.900000000000002,0.0,0.0,2.0,22.525000000000006,0.0,0.0,2.6666666666666665,0.0,0.0,0.0,70.71428571428572,0.0,0.0,1.5,0.0,0.0,29.175000000000004,28.740000000000002,131.4,0.0,0.0,10.625,1324.8000000000002,0.0,0.0,0.0,8.533333333333333,0.0,67.20000000000002,0.0,8.797699580118923,33.525000000000006,64.0,14177717.100000001,17.62515938418977,0.0
Jun-17,2.0,2.0,0.0,1.0,1.0,1.0,0.0,0.0,0.0,7.0,1.0,0.0,6.0,0.0,1.0,1.0,0.0,0.0,0.0,0.0,0.0,0.0,0.0,2.0,0.0,0.0,0.0,0.0,0.0,1.0,0.0,0.0,0.0,0.0,1.0,1.0,0.0,0.0,0.0,3.0,0.0,14.0,1.0,1.0,1.0,1.0,0.0,1.0,6.0,0.0,0.0,60.10000000000001,21.0,47.940000000000005,0.0,0.0,2.0,0.0,0.0,27.795,1.0,6.0,1.0,0.0,0.0,56.8,0.0,0.0,1.0,7.0,0.0,36.0,0.0,5.0,1.0,8.0,102.70000000000002,11.0,2.0,0.0,1.0,0.0,2.0,0.0,4.0,0.0,0.0,0.0,0.0,3.0,0.0,0.0,0.0,2.0,25.0,27.0,8.0,0.0,1.0,4.0,0.0,0.0,1.0,14.0,0.0,12.0,2.0,0.0,65.0,1.0,0.0,0.0,0.0,0.0,0.0,0.0,32.8,26.0,0.0,0.0,49.0,0.0,2.0,7.0,0.0,6.0,5.0,16.0,5.0,83.0,1.0,2.0,0.0,4.0,0.0,1.0,1.0,88.99523809523812,270.45000000000005,0.0,0.01,1.0,4.800000000000001,0.0,0.0,0.0,99.54000000000002,15.966666666666669,0.0,121.50000000000001,0.0,10.75,0.01,0.0,0.0,0.0,0.0,0.0,0.0,0.0,5.333333333333333,47.10000000000001,0.0,0.0,0.0,0.0,17.700000000000003,0.0,0.0,0.0,0.0,14.370000000000001,65.7,0.0,0.0,0.0,1324.8000000000002,0.0,197.40000000000003,0.01,8.533333333333333,215.32500000000005,67.20000000000002,0.0,8.432288684325794,32.625,82.0,13708472.100000001,17.58988940492903,0.01
Jul-17,6.0,9.0,0.0,2.0,2.0,2.0,0.0,9.0,1.0,4.0,0.0,0.0,0.0,0.0,3.0,0.0,0.0,0.0,7.0,0.0,1.0,2.0,0.0,0.0,0.0,2.0,0.0,3.0,0.0,0.0,0.0,1.0,1.0,1.0,1.0,0.0,2.0,0.0,2.0,6.0,0.0,0.0,0.0,2.0,1.0,2.0,0.0,0.0,4.0,0.0,0.0,56.800000000000004,26.0,44.940000000000005,1.0,0.0,1.0,1.0,0.0,32.895,0.0,1.0,0.0,0.0,0.0,58.0,0.0,0.0,1.0,3.0,0.0,18.0,0.0,4.0,0.0,4.0,111.4,7.0,0.0,0.0,3.0,0.0,2.0,0.0,10.0,0.0,0.0,0.0,0.0,2.0,1.0,0.0,0.0,0.0,27.0,11.0,4.0,1.0,1.0,1.0,0.0,1.0,2.0,10.0,1.0,14.0,3.0,0.0,69.20000000000002,1.0,0.0,0.0,0.0,0.0,1.0,0.0,39.7,42.0,0.0,0.0,38.0,0.0,1.0,14.0,1.0,4.0,0.0,22.0,2.0,93.0,4.0,2.0,0.0,1.0,0.0,1.0,4.0,266.98571430000004,1217.025,0.0,0.02,2.0,9.600000000000001,0.0,7.200000000000002,10.530000000000001,56.88000000000001,0.0,0.0,0.0,0.0,17.200000000000003,0.0,0.0,0.0,13.125000000000002,0.0,22.525000000000006,0.02,0.0,0.0,0.0,0.02,0.0,106.07142857142858,0.0,0.0,0.0,1.0,30.300000000000004,29.175000000000004,14.370000000000001,0.0,0.2857142857142857,0.0,6.375000000000001,2649.6000000000004,0.0,0.0,0.0,17.066666666666666,215.32500000000005,134.40000000000003,0.0,8.613593685702552,13.0,79.0,12550952.400000002,17.497164898694336,0.0
Aug-17,8.0,3.0,0.0,3.0,0.0,12.500000000000002,0.0,0.0,0.0,12.0,0.0,0.0,6.0,1.0,3.0,0.0,2.0,1.0,5.0,1.0,0.0,3.0,0.0,0.0,0.0,1.0,0.0,3.0,0.0,3.0,0.0,2.0,0.0,1.0,2.0,0.0,0.0,0.0,0.0,2.0,0.0,3.0,0.0,4.0,0.0,2.0,0.0,0.0,5.0,0.0,0.0,56.2,13.0,43.440000000000005,0.0,2.0,1.0,0.0,0.0,28.695,1.0,0.0,0.0,0.0,0.0,57.0,0.0,0.0,0.0,11.0,1.0,34.0,0.0,0.0,0.0,8.0,100.0,9.0,1.0,1.0,2.0,0.0,4.0,0.0,8.0,0.0,0.0,0.0,0.0,5.0,0.0,0.0,1.0,0.0,18.0,25.0,8.0,0.0,0.0,2.0,0.0,0.0,0.0,11.0,2.0,2.0,2.0,0.0,49.7,1.0,0.0,0.0,0.0,0.0,0.0,0.0,37.0,26.0,0.0,0.0,48.0,0.0,0.0,6.0,1.0,6.0,4.0,19.0,2.0,111.0,4.0,0.0,0.0,2.0,0.0,0.0,4.0,355.9809523809525,405.67500000000007,0.0,0.03,0.0,177.60000000000002,0.0,0.0,0.0,170.64000000000001,0.0,0.0,121.50000000000001,13.250000000000004,17.200000000000003,0.0,31.800000000000004,1.0,9.375000000000002,2.0,0.0,0.03,0.0,0.0,0.0,0.01,0.0,106.07142857142858,0.0,53.10000000000001,0.0,2.0,0.0,29.175000000000004,28.740000000000002,0.0,0.0,0.0,0.0,883.2000000000002,0.0,42.300000000000004,0.0,16.213333333333335,0.0,134.40000000000003,0.0,8.652597828,26.0,72.6,17082481.200000003,17.819513349040072,0.0
Sep-17,2.0,4.0,0.0,0.0,4.0,0.0,3.0,0.0,0.0,4.0,0.0,0.0,2.0,0.0,0.0,0.0,1.0,0.0,1.0,1.0,5.0,0.0,0.0,0.0,0.0,3.0,0.0,2.0,0.0,9.0,0.0,0.0,0.0,4.0,1.0,1.0,0.0,3.0,2.0,5.0,0.0,10.0,1.0,0.0,0.0,1.0,0.0,0.0,5.0,0.0,0.0,61.300000000000004,18.0,44.34,0.0,0.0,1.0,1.0,0.0,27.195,0.0,4.0,2.0,0.0,0.0,66.0,0.0,0.0,0.0,12.0,2.0,23.0,0.0,4.0,0.0,0.0,101.5,7.0,0.0,1.0,0.0,0.0,2.0,0.0,9.0,0.0,0.0,0.0,0.0,4.0,0.0,0.0,0.0,2.0,21.0,14.0,1.0,1.0,0.0,0.0,0.0,1.0,0.0,15.0,2.0,8.0,3.0,0.0,58.7,0.0,0.0,0.0,0.0,0.0,1.0,0.0,37.900000000000006,20.0,0.0,0.0,37.0,0.0,1.0,11.0,0.0,8.0,2.0,15.0,6.0,105.0,2.0,3.0,0.0,6.0,0.0,2.0,4.0,88.99523809523812,540.9000000000001,0.0,0.0,4.0,0.0,27.450000000000003,0.0,0.0,56.88000000000001,0.0,0.0,40.50000000000001,0.0,0.0,0.0,15.900000000000002,0.0,6.25,2.0,112.62500000000004,0.0,0.0,0.0,0.0,0.03,0.0,70.71428571428572,0.0,159.3,0.0,0.0,0.0,116.70000000000002,14.370000000000001,65.7,0.0,419.62500000000006,6.375000000000001,2208.0000000000005,0.0,141.00000000000003,0.01,0.0,0.0,67.20000000000002,0.0,8.923990745,35.3,71.7,10851938.400000002,17.343301147784878,0.0
Oct-17,3.0,9.0,1.0,1.0,0.0,2.0,0.0,0.0,0.0,1.0,5.0,0.0,1.0,0.0,0.0,0.0,0.0,0.0,0.0,0.0,6.0,0.0,0.0,2.0,1.0,1.0,0.0,4.0,0.0,1.0,1.0,1.0,0.0,15.0,1.0,0.0,1.0,0.0,1.0,4.0,0.0,0.0,0.0,1.0,4.0,2.0,0.0,2.0,7.0,0.0,0.0,51.1,19.0,45.540000000000006,0.0,1.0,1.0,0.0,0.0,29.895000000000003,0.0,0.0,0.0,1.0,0.0,60.9,0.0,0.0,0.0,12.0,1.0,21.0,0.0,4.0,1.0,4.0,107.80000000000001,10.0,1.0,1.0,0.0,0.0,3.0,0.0,5.0,0.0,0.0,0.0,1.0,2.0,0.0,0.0,0.0,0.0,21.0,28.0,2.0,0.0,0.0,0.0,0.0,0.0,0.0,13.0,1.0,9.0,9.0,0.0,64.70000000000002,2.0,0.0,0.0,1.0,3.0,0.0,0.0,38.5,32.0,0.0,0.0,49.0,0.0,0.0,9.0,0.0,8.0,2.0,11.0,10.0,103.80375,2.0,2.0,0.0,4.0,0.0,2.0,1.0,133.49285714285716,1217.025,0.01,0.01,0.0,9.600000000000001,0.0,0.0,0.0,14.220000000000002,79.83333333333334,0.0,20.250000000000004,0.0,0.0,0.0,0.0,0.0,0.0,0.0,135.15000000000003,0.0,0.0,5.333333333333333,0.01,0.01,0.0,141.42857142857144,0.0,17.700000000000003,1.5,1.0,0.0,437.62500000000006,14.370000000000001,0.0,0.1428571428571428,0.0,3.1875000000000004,1766.4000000000003,0.0,0.0,0.0,8.533333333333333,861.3000000000002,134.40000000000003,0.0,8.641532465671846,30.8,57.0,6544015.200000001,16.79556624340325,0.02
Nov-17,4.0,11.450000000000001,0.0,2.0,1.0,1.0,1.0,0.0,4.0,11.0,0.0,0.0,0.0,6.0,0.0,0.0,1.0,0.0,2.0,1.0,6.0,0.0,0.0,4.0,1.0,0.0,0.0,2.0,0.0,4.0,0.0,0.0,2.0,8.0,3.0,1.0,0.0,0.0,0.0,2.0,0.0,1.0,0.0,14.0,8.0,1.0,0.0,0.0,5.0,0.0,0.0,50.2,20.0,47.040000000000006,0.0,0.0,2.0,0.0,0.0,30.495,0.0,2.0,0.0,0.0,0.0,65.7,0.0,0.0,0.0,7.0,1.0,20.0,2.0,4.0,1.0,7.0,106.0,10.0,0.0,0.0,0.0,0.0,3.0,0.0,3.0,0.0,0.0,0.0,0.0,2.0,0.0,0.0,0.0,1.0,12.0,24.0,3.0,0.0,0.0,7.0,3.0,1.0,1.0,11.0,1.0,7.0,5.0,0.0,59.900000000000006,0.0,0.0,0.0,0.0,1.0,0.0,0.0,35.5,32.0,0.0,0.0,34.0,0.0,1.0,12.0,1.0,10.0,6.0,16.0,4.0,97.0,0.0,1.0,1.0,4.0,0.0,0.0,3.0,177.99047619047624,4056.7500000000005,0.0,0.02,1.0,4.800000000000001,9.150000000000002,0.0,42.120000000000005,156.42000000000002,0.0,0.0,0.0,79.50000000000001,0.0,0.0,15.900000000000002,0.0,12.5,2.0,135.15000000000003,0.0,0.0,10.666666666666666,0.01,0.0,0.0,70.71428571428572,0.0,70.80000000000001,0.0,0.0,60.60000000000001,233.40000000000003,43.11,65.7,0.0,0.0,0.0,883.2000000000002,0.0,14.100000000000001,0.0,41.81333333333334,1722.6000000000004,67.20000000000002,0.0,8.430327258394575,34.0,65.0,7962276.000000001,17.010767602477838,0.0
Dec-17,12.350000000000001,12.05,0.0,3.0,0.0,1.0,0.0,0.0,2.0,13.450000000000001,10.0,0.0,9.0,11.100000000000001,1.0,0.0,3.0,0.0,4.0,0.0,2.0,0.0,0.0,0.0,16.0,2.0,14.0,20.0,0.0,9.0,1.0,2.0,2.0,10.150000000000002,15.0,0.0,0.0,0.0,1.0,2.0,0.0,7.300000000000001,6.0,14.0,13.0,0.0,2.0,2.0,7.0,0.0,0.0,54.1,14.0,43.440000000000005,0.0,1.0,0.0,0.0,0.0,27.795,0.0,2.0,1.0,1.0,0.0,62.4,0.0,0.0,0.0,9.0,0.0,29.6,3.0,3.0,1.0,4.0,106.60000000000001,7.0,4.0,5.0,0.0,0.0,4.0,0.0,4.0,0.0,0.0,0.0,0.0,4.0,0.0,0.0,0.0,0.0,18.6,33.0,3.0,0.0,0.0,5.0,4.0,2.0,0.0,16.0,0.0,13.0,4.0,1.0,64.10000000000001,1.0,0.0,0.0,0.0,0.0,6.0,0.0,48.10000000000001,34.0,0.0,0.0,44.0,0.0,2.0,7.0,0.0,14.0,2.0,25.0,3.0,96.0,1.0,2.0,1.0,3.0,0.0,1.0,5.0,1468.4214285714288,4327.200000000001,0.0,0.03,0.0,4.800000000000001,0.0,0.0,21.060000000000002,455.0400000000001,159.66666666666669,0.0,182.25000000000003,490.2500000000001,10.75,0.0,47.70000000000001,0.0,25.0,0.0,45.05000000000001,0.0,0.0,0.0,0.16,0.02,70.0,707.1428571428573,0.0,159.3,1.5,2.0,60.60000000000001,816.9000000000001,215.55000000000004,0.0,0.0,0.0,10.625,883.2000000000002,0.0,310.20000000000005,0.06,41.81333333333334,2799.2250000000004,0.0,0.02,8.280711075662847,38.698750000000004,55.0,7221460.500000001,16.90414392999684,0.02
Jan-18,3.0,5.0,0.0,14.0,1.0,2.0,0.0,0.0,0.0,5.0,0.0,0.0,0.0,0.0,0.0,0.0,1.0,0.0,0.0,1.0,0.0,0.0,0.0,0.0,0.0,1.0,0.0,6.0,0.0,4.0,11.0,2.0,0.0,3.0,12.0,10.0,3.0,4.0,0.0,3.0,2.0,0.0,0.0,0.0,2.0,1.0,0.0,0.0,6.0,0.0,0.0,106.00000000000001,23.0,72.84,1.0,0.0,2.0,5.0,0.0,59.89500000000001,1.0,0.0,1.0,0.0,0.0,89.1,0.0,0.0,2.0,15.600000000000001,0.0,30.5,3.0,0.0,1.0,9.0,215.20000000000002,24.0,2.0,2.0,2.0,0.0,1.0,0.0,8.0,1.0,0.0,0.0,0.0,9.0,0.0,0.0,1.0,7.0,19.5,29.4,7.0,1.0,0.0,1.0,0.0,2.0,0.0,26.700000000000003,1.0,15.850000000000001,6.0,0.0,123.50000000000001,2.0,0.0,0.0,1.0,2.0,0.0,0.0,76.0,40.400000000000006,0.0,0.0,55.400000000000006,0.0,0.0,23.0,5.0,15.0,5.0,26.35,4.0,131.10000000000002,1.0,8.0,2.0,4.0,0.0,5.0,5.0,122400.00000000001,676.1250000000001,0.0,0.14,1.0,9.600000000000001,0.0,0.0,0.0,65.7,0.0,21.300000000000004,0.0,3624.3000000000006,0.0,149.70000000000002,15.900000000000002,0.0,1.0,2.0,0.0,0.0,0.0,0.0,0.0,0.01,2.0,7.800000000000001,2.0,403.80000000000007,16.5,2.0,0.0,87.52500000000002,172.44,657.0000000000001,0.4285714285714285,39.00000000000001,0.0,1324.8000000000002,15.300000000000002,14.100000000000001,0.0,0.0,687.6000000000001,67.20000000000002,0.0,8.506334448081361,38.39875,61.9,5297154.000000001,16.558458616486952,0.0
Feb-18,12.0,6.0,3.0,0.0,3.0,0.0,0.0,0.0,0.0,4.0,2.0,0.0,2.0,0.0,1.0,0.0,4.0,2.0,0.0,1.0,1.0,0.0,2.0,0.0,0.0,0.0,0.0,1.0,0.0,3.0,0.0,0.0,0.0,2.0,17.0,0.0,2.0,0.0,0.0,3.0,0.0,8.0,0.0,2.0,1.0,1.0,0.0,1.0,4.0,0.0,0.0,55.0,19.0,44.34,0.0,0.0,2.0,1.0,0.0,27.0,0.0,0.0,2.0,0.0,0.0,64.5,0.0,0.0,1.0,7.0,0.0,29.0,0.0,3.0,0.0,5.0,90.10000000000001,7.0,2.0,0.0,0.0,0.0,0.0,0.0,10.0,1.0,4.0,0.0,0.0,1.0,0.0,0.0,0.0,1.0,21.0,28.0,5.0,0.0,0.0,5.0,0.0,0.0,1.0,10.0,2.0,7.0,8.0,0.0,56.900000000000006,0.0,0.0,0.0,0.0,3.0,0.0,0.0,37.900000000000006,26.0,0.0,0.0,42.0,0.0,0.0,4.0,2.0,4.0,3.0,15.0,1.0,105.0,1.0,2.0,3.0,6.0,0.0,1.0,4.0,533.9714285714286,811.3500000000001,0.03,0.0,3.0,0.0,0.0,0.0,0.0,56.88000000000001,31.933333333333337,0.0,40.50000000000001,0.0,10.75,0.0,63.60000000000001,2.0,0.0,2.0,22.525000000000006,0.0,0.02,0.0,0.0,0.0,0.0,35.35714285714286,0.0,53.10000000000001,0.0,0.0,0.0,58.35000000000001,244.29000000000002,0.0,0.2857142857142857,0.0,0.0,1324.8000000000002,0.0,112.80000000000001,0.0,17.066666666666666,215.32500000000005,67.20000000000002,0.0,8.408270784,35.0,57.0,3565298.4000000004,16.093788306642594,0.01
Mar-18,5.0,8.0,1.0,1.0,2.0,1.0,0.0,0.0,0.0,6.0,1.0,0.0,2.0,0.0,0.0,0.0,0.0,0.0,0.0,0.0,0.0,1.0,0.0,1.0,0.0,1.0,0.0,4.0,0.0,0.0,3.0,3.0,4.0,3.0,2.0,0.0,2.0,5.0,2.0,0.0,0.0,0.0,1.0,2.0,4.0,0.0,0.0,1.0,8.0,0.0,0.0,58.6,25.0,50.64,0.0,1.0,2.0,1.0,0.0,43.0,0.0,0.0,1.0,1.0,1.0,64.5,0.0,0.0,0.0,10.0,0.0,24.0,0.0,1.0,3.0,7.0,112.9,9.0,0.0,1.0,2.0,0.0,1.0,0.0,8.0,0.0,1.0,0.0,0.0,2.0,0.0,1.0,0.0,0.0,16.0,31.0,5.0,0.0,0.0,1.0,0.0,0.0,0.0,16.0,1.0,11.0,2.0,1.0,56.00000000000001,0.0,0.0,0.0,1.0,0.0,2.0,0.0,39.7,20.0,0.0,0.0,38.0,0.0,0.0,4.0,1.0,4.0,3.0,11.0,1.0,116.0,0.0,4.0,0.0,4.0,0.0,1.0,6.0,222.4880952380953,1081.8000000000002,0.01,0.01,2.0,16.0,0.0,0.0,0.0,85.32000000000001,15.966666666666669,0.0,40.50000000000001,0.0,0.0,0.0,0.0,0.0,0.0,0.0,0.0,0.01,0.0,2.6666666666666665,0.0,0.01,0.0,141.42857142857144,0.0,0.0,4.5,3.0,121.20000000000002,87.52500000000002,28.740000000000002,20.1,0.2857142857142857,699.3750000000001,6.375000000000001,0.0,0.0,0.0,0.01,17.066666666666666,861.3000000000002,0.0,0.0,8.626585568187433,39.0,53.0,3429200.7,16.046191187756133,0.01
Apr-18,3.0,7.0,0.0,0.0,1.0,4.0,0.0,0.0,0.0,2.0,1.0,1.0,3.0,0.0,1.0,0.0,0.0,0.0,16.0,0.0,0.0,0.0,0.0,2.0,1.0,1.0,0.0,8.0,0.0,3.0,0.0,1.0,1.0,1.0,9.0,0.0,2.0,1.0,0.0,1.0,0.0,0.0,1.0,4.0,2.0,1.0,1.0,5.0,9.0,0.0,0.0,69.1,25.650000000000002,47.34,0.0,0.0,2.0,0.0,0.0,34.0,0.0,0.0,1.0,0.0,0.0,68.7,0.0,0.0,0.0,10.0,0.0,30.0,0.0,4.0,0.0,5.0,107.20000000000002,6.0,2.0,1.0,5.0,0.0,3.0,0.0,26.0,0.0,0.0,0.0,0.0,3.0,0.0,0.0,0.0,0.0,28.0,26.0,6.0,0.0,1.0,3.0,0.0,0.0,0.0,11.0,0.0,9.0,7.0,0.0,74.0,0.0,1.0,0.0,0.0,1.0,0.0,0.0,46.6,38.0,0.0,0.0,49.0,0.0,0.0,7.0,0.0,6.0,3.0,26.0,2.0,113.5813125,0.0,1.0,1.0,3.0,0.0,1.0,2.0,133.49285714285716,946.5750000000002,0.0,0.0,1.0,24.240000000000002,0.0,0.0,0.0,28.440000000000005,15.966666666666669,1.0,60.75000000000001,0.0,10.75,0.0,0.0,0.0,30.000000000000004,0.0,0.0,0.0,0.0,5.333333333333333,0.01,0.01,0.0,282.8571428571429,0.0,53.10000000000001,0.0,1.0,30.300000000000004,29.175000000000004,129.33,0.0,0.2857142857142857,139.87500000000003,0.0,441.6000000000001,0.0,0.0,0.01,34.13333333333333,430.6500000000001,67.20000000000002,0.01,8.439880088313567,42.7895625,44.0,7750811.400000001,16.981473546114998,0.05
May-18,8.0,7.0,0.0,0.0,1.0,1.0,0.0,0.0,0.0,4.0,0.0,0.0,1.0,0.0,1.0,9.0,1.0,0.0,16.0,0.0,0.0,0.0,0.0,3.0,0.0,2.0,0.0,12.0,0.0,2.0,1.0,0.0,2.0,1.0,2.0,0.0,0.0,1.0,1.0,5.0,0.0,0.0,0.0,0.0,2.0,1.0,0.0,1.0,10.0,0.0,0.0,62.800000000000004,24.0,47.040000000000006,0.0,1.0,3.0,0.0,0.0,47.0,0.0,0.0,1.0,0.0,0.0,69.0,0.0,0.0,1.0,7.0,0.0,35.0,0.0,2.0,0.0,9.0,115.0,13.0,3.0,1.0,1.0,0.0,1.0,0.0,6.0,2.0,0.0,0.0,0.0,5.0,0.0,0.0,0.0,0.0,21.0,21.0,4.0,0.0,0.0,2.0,0.0,0.0,0.0,15.0,0.0,12.0,13.0,0.0,64.70000000000002,1.0,0.0,0.0,0.0,1.0,1.0,0.0,41.2,26.0,0.0,1.0,51.0,0.0,2.0,9.0,1.0,5.0,4.0,12.0,5.0,110.0,1.0,5.0,2.0,2.0,0.0,1.0,4.0,355.9809523809525,946.5750000000002,0.0,0.0,1.0,16.0,0.0,0.0,0.0,56.88000000000001,0.0,0.0,20.250000000000004,0.0,10.75,0.09,15.900000000000002,0.0,30.000000000000004,0.0,0.0,0.0,0.0,8.0,0.0,0.02,0.0,424.28571428571433,0.0,35.400000000000006,1.5,0.0,60.60000000000001,29.175000000000004,28.740000000000002,0.0,0.0,139.87500000000003,10.625,2208.0000000000005,0.0,0.0,0.0,0.0,430.6500000000001,67.20000000000002,0.0,8.483222671845084,45.489562500000005,62.0,8080081.800000001,17.026722490086385,0.01
Jun-18,8.0,17.0,1.0,0.0,0.0,5.0,0.0,4.0,1.0,8.0,0.0,0.0,3.0,0.0,2.0,0.0,0.0,1.0,1.0,0.0,1.0,0.0,0.0,0.0,0.0,2.0,0.0,12.0,0.0,6.0,1.0,0.0,1.0,3.0,4.0,0.0,0.0,0.0,5.0,13.0,0.0,0.0,0.0,4.0,1.0,1.0,0.0,0.0,12.0,0.0,0.0,58.6,20.0,45.24,0.0,1.0,3.0,1.0,0.0,42.0,0.0,1.0,1.0,0.0,0.0,66.6,0.0,0.0,2.0,8.0,0.0,39.0,0.0,3.0,0.0,8.0,106.60000000000001,17.0,0.0,0.0,1.0,0.0,0.0,1.0,8.0,2.0,0.0,0.0,0.0,4.0,0.0,0.0,0.0,1.0,36.0,22.0,5.0,0.0,0.0,0.0,0.0,1.0,0.0,13.0,0.0,14.0,4.0,1.0,62.00000000000001,0.0,0.0,0.0,0.0,0.0,1.0,0.0,36.400000000000006,28.0,0.0,0.0,39.0,0.0,0.0,12.0,2.0,10.0,4.0,16.0,3.0,124.0,1.0,2.0,2.0,3.0,0.0,1.0,8.0,355.9809523809525,2298.8250000000003,0.01,0.0,0.0,32.96000000000001,0.0,10.666666666666668,10.530000000000001,113.76000000000002,0.0,0.0,60.75000000000001,0.0,21.5,0.0,0.0,1.0,6.25,0.0,22.525000000000006,0.0,0.0,0.0,63.30000000000001,0.02,0.0,424.28571428571433,0.0,106.20000000000002,1.5,0.0,30.300000000000004,87.52500000000002,57.480000000000004,0.0,0.0,0.0,18.168750000000003,5740.800000000001,0.0,0.0,0.0,10.240000000000002,215.32500000000005,67.20000000000002,0.0,8.455955881945048,41.2895625,60.0,9409423.200000001,17.191057529327576,0.0
Jul-18,4.0,21.0,0.0,1.0,0.0,3.0,0.0,0.0,0.0,5.0,0.0,0.0,4.0,0.0,2.0,0.0,1.0,0.0,0.0,1.0,4.0,0.0,0.0,0.0,1.0,1.0,4.0,16.0,0.0,0.0,2.0,1.0,3.0,2.0,1.0,0.0,0.0,1.0,0.0,6.0,0.0,1.0,1.0,2.0,2.0,2.0,0.0,1.0,9.0,0.0,0.0,57.1,27.5,41.34,0.0,0.0,5.0,0.0,0.0,51.0,0.0,2.0,0.0,0.0,0.0,65.4,0.0,0.0,0.0,8.0,0.0,35.0,2.0,2.0,1.0,5.0,126.10000000000001,8.0,1.0,1.0,0.0,0.0,5.0,0.0,8.0,0.0,0.0,0.0,0.0,3.0,0.0,0.0,0.0,0.0,19.0,16.0,5.0,1.0,0.0,2.0,0.0,0.0,1.0,16.0,0.0,9.0,5.0,2.0,65.0,2.0,0.0,0.0,0.0,0.0,0.0,0.0,43.6,42.0,1.0,0.0,46.0,0.0,1.0,7.0,2.0,14.0,11.0,20.0,6.0,122.953459375,1.0,4.0,0.0,4.0,0.0,3.0,5.0,177.99047619047624,2839.7250000000004,0.0,0.01,0.0,23.360000000000003,0.0,0.0,0.0,71.10000000000001,0.0,0.0,81.00000000000001,0.0,21.5,0.0,15.900000000000002,0.0,0.0,2.0,90.10000000000002,0.0,0.0,0.0,0.01,0.01,20.000000000000004,565.7142857142858,0.0,0.0,3.0,1.0,90.90000000000002,58.35000000000001,14.370000000000001,0.0,0.0,139.87500000000003,0.0,2649.6000000000004,0.0,14.100000000000001,0.01,5.120000000000001,430.6500000000001,134.40000000000003,0.0,8.671800909642677,13.0,66.75,10623554.700000001,17.32068884405818,0.01
Aug-18,8.0,9.0,0.0,2.0,7.0,2.0,0.0,1.0,0.0,3.0,0.0,0.0,5.0,2.0,0.0,0.0,1.0,0.0,0.0,1.0,2.0,3.0,0.0,14.0,0.0,1.0,0.0,1.0,0.0,2.0,1.0,0.0,2.0,0.0,0.0,0.0,0.0,1.0,0.0,3.0,0.0,0.0,1.0,4.0,7.0,6.0,0.0,0.0,15.0,0.0,0.0,56.2,21.0,49.14,1.0,0.0,8.0,0.0,0.0,36.0,0.0,0.0,0.0,1.0,0.0,60.6,0.0,0.0,2.0,8.0,0.0,33.0,2.0,1.0,1.0,9.0,98.5,14.0,1.0,0.0,1.0,0.0,4.0,0.0,5.0,2.0,0.0,0.0,0.0,3.0,0.0,0.0,0.0,2.0,12.0,21.0,9.0,0.0,0.0,3.0,0.0,0.0,0.0,21.0,0.0,12.0,10.0,2.0,67.10000000000001,0.0,0.0,0.0,0.0,1.0,0.0,0.0,40.300000000000004,26.0,0.0,0.0,32.0,0.0,1.0,8.0,2.0,6.0,4.0,18.0,8.0,92.0,3.0,2.0,1.0,5.0,0.0,2.0,3.0,355.9809523809525,1217.025,0.0,0.02,7.0,18.560000000000002,0.0,2.666666666666667,0.0,42.660000000000004,0.0,0.0,101.25000000000001,26.500000000000007,0.0,0.0,15.900000000000002,0.0,0.0,2.0,45.05000000000001,0.03,0.0,11.200000000000001,0.0,0.01,0.0,35.35714285714286,0.0,35.400000000000006,1.5,0.0,60.60000000000001,0.0,0.0,0.0,0.0,139.87500000000003,0.0,1324.8000000000002,0.0,0.0,0.01,10.240000000000002,1507.2750000000003,403.20000000000005,0.0,8.295548516225763,24.700000000000003,63.45,15935345.400000002,17.74720573119874,0.0
Sep-18,6.0,4.0,0.0,1.0,1.0,1.0,0.0,1.0,1.0,4.0,0.0,0.0,0.0,1.0,0.0,0.0,0.0,0.0,6.0,3.0,2.0,0.0,0.0,11.0,0.0,0.0,0.0,0.0,0.0,0.0,0.0,0.0,0.0,1.0,2.0,0.0,5.0,1.0,1.0,0.0,1.0,0.0,3.0,2.0,4.0,2.0,1.0,2.0,11.0,0.0,5.0,68.80000000000001,17.0,51.24000000000001,0.0,0.0,3.0,1.0,0.0,55.0,0.0,1.0,1.0,0.0,0.0,62.4,0.0,2.0,0.0,12.0,0.0,36.0,1.0,4.0,1.0,6.0,112.9,13.0,1.0,0.0,0.0,0.0,0.0,5.0,4.0,1.0,0.0,0.0,0.0,2.0,0.0,0.0,0.0,0.0,19.0,25.0,3.0,0.0,0.0,1.0,0.0,1.0,0.0,17.0,1.0,10.0,12.0,1.0,75.20000000000002,2.0,0.0,0.0,0.0,0.0,0.0,0.0,40.0,25.0,0.0,0.0,42.0,0.0,0.0,11.0,1.0,9.0,6.0,14.0,7.0,107.0,0.0,1.0,1.0,6.0,0.0,2.0,4.0,266.98571430000004,540.9000000000001,0.0,0.01,1.0,16.0,0.0,2.666666666666667,10.530000000000001,56.88000000000001,0.0,0.0,0.0,13.250000000000004,0.0,0.0,0.0,0.0,11.250000000000002,6.0,45.05000000000001,0.0,0.0,8.8,0.0,0.0,0.0,0.0,0.0,0.0,0.0,0.0,0.0,29.175000000000004,28.740000000000002,0.0,0.7142857142857142,139.87500000000003,10.625,0.0,7.650000000000001,0.0,0.03,5.120000000000001,861.3000000000002,134.40000000000003,0.01,8.327484416188264,21.1,60.0,14220249.900000002,17.62829564410844,0.02
Oct-18,1.0,9.0,0.0,0.0,1.0,0.0,0.0,0.0,0.0,8.0,2.0,0.0,4.0,2.0,0.0,1.0,1.0,0.0,11.150000000000002,0.0,7.0,2.0,0.0,1.0,1.0,0.0,0.0,6.0,0.0,6.0,8.0,1.0,0.0,0.0,18.0,1.0,0.0,0.0,4.0,3.0,0.0,18.0,0.0,3.0,3.0,2.0,1.0,3.0,14.0,1.0,0.0,62.2,22.0,50.040000000000006,0.0,0.0,3.0,1.0,0.0,58.45,0.0,0.0,2.0,0.0,0.0,72.0,0.0,0.0,0.0,14.0,0.0,48.0,0.0,3.0,0.0,9.0,130.60000000000002,12.0,1.0,1.0,0.0,0.0,3.0,0.0,11.0,4.0,2.0,0.0,0.0,1.0,1.0,0.0,2.0,0.0,15.0,31.0,10.0,1.0,0.0,2.0,0.0,1.0,0.0,16.0,1.0,6.0,16.0,1.0,67.70000000000002,0.0,0.0,0.0,1.0,0.0,2.0,0.0,43.900000000000006,41.0,0.0,0.0,38.0,0.0,0.0,13.0,1.0,8.0,5.0,18.0,6.0,116.6,1.0,3.0,2.0,3.0,0.0,3.0,4.0,44.49761904761906,1217.025,0.0,0.0,1.0,0.0,0.0,0.0,0.0,113.76000000000002,31.933333333333337,0.0,81.00000000000001,26.500000000000007,0.0,0.01,15.900000000000002,0.0,54.37500000000001,0.0,157.67500000000004,0.02,0.0,2.6666666666666665,0.01,0.0,0.0,212.14285714285717,0.0,106.20000000000002,12.0,1.0,0.0,0.0,258.66,65.7,0.0,0.0,16.46875,1324.8000000000002,0.0,253.80000000000004,0.0,7.6800000000000015,645.9750000000001,134.40000000000003,0.01,8.232174236,18.1,66.9,11834511.600000001,17.435144456883705,0.03
Nov-18,16.0,6.0,1.0,0.0,2.0,0.0,0.0,0.0,1.0,7.0,2.0,0.0,3.0,0.0,2.0,1.0,2.0,0.0,7.25,0.0,4.0,0.0,0.0,7.0,7.0,0.0,0.0,4.0,0.0,7.0,2.0,0.0,0.0,7.0,1.0,0.0,0.0,1.0,2.0,3.0,0.0,0.0,0.0,4.0,20.0,2.0,0.0,0.0,9.0,0.0,0.0,61.300000000000004,20.0,42.84,0.0,1.0,4.0,0.0,0.0,49.45,0.0,0.0,1.0,0.0,0.0,66.0,0.0,0.0,1.0,4.0,0.0,33.0,0.0,4.0,6.0,7.0,106.60000000000001,12.0,1.0,0.0,3.0,0.0,6.0,1.0,2.0,0.0,1.0,0.0,0.0,5.0,1.0,0.0,0.0,0.0,19.0,21.0,4.0,0.0,1.0,2.0,0.0,0.0,0.0,14.0,0.0,12.0,13.0,0.0,63.50000000000001,1.0,0.0,0.0,1.0,0.0,0.0,0.0,39.7,45.0,0.0,0.0,30.0,0.0,1.0,13.0,1.0,8.0,2.0,14.0,3.0,104.0,2.0,0.0,3.0,5.0,0.0,1.0,5.0,711.961904761905,811.3500000000001,0.01,0.0,2.0,0.0,0.0,0.0,10.530000000000001,99.54000000000002,31.933333333333337,0.0,60.75000000000001,0.0,6.450000000000001,0.01,31.800000000000004,0.0,30.000000000000004,0.0,90.10000000000002,0.0,0.0,18.666666666666664,0.07,0.0,0.0,141.42857142857144,0.0,123.90000000000002,3.0,0.0,0.0,204.22500000000002,14.370000000000001,0.0,0.0,139.87500000000003,10.09375,1324.8000000000002,0.0,0.0,0.0,10.240000000000002,4306.500000000001,134.40000000000003,0.0,8.515391569469609,20.8,49.0,11062438.8,17.363699482449327,0.0
Dec-18,16.3,22.500000000000004,0.0,3.0,2.0,1.0,0.0,0.0,8.0,13.5,6.0,1.0,5.0,12.0,0.0,0.0,1.0,0.0,0.0,0.0,9.0,0.0,0.0,7.0,6.950000000000001,1.0,1.0,11.5,0.0,1.0,0.0,1.0,9.0,7.650000000000001,5.0,1.0,1.0,0.0,0.0,11.0,0.0,18.900000000000002,0.0,12.650000000000002,6.0,2.0,2.0,0.0,6.0,0.0,0.0,56.800000000000004,14.0,44.64,0.0,0.0,10.0,0.0,0.0,42.0,1.0,0.0,1.0,1.0,0.0,78.0,1.0,0.0,0.0,4.0,0.0,47.0,8.0,1.0,1.0,12.0,105.70000000000002,6.0,1.0,2.0,0.0,0.0,3.0,0.0,4.0,0.0,2.0,0.0,0.0,3.0,0.0,0.0,0.0,1.0,16.0,28.5,10.0,0.0,2.0,3.0,5.0,2.0,0.0,25.0,1.0,12.0,14.0,0.0,63.800000000000004,0.0,0.0,0.0,0.0,0.0,3.0,0.0,43.6,38.0,0.0,0.0,40.0,0.0,1.0,14.0,1.0,15.0,3.0,25.0,4.0,114.0,4.0,3.0,1.0,7.0,0.0,5.0,2.0,1690.9095238095244,8248.725,0.0,0.03,2.0,16.0,0.0,0.0,84.24000000000001,440.8200000000001,95.80000000000001,1.0,101.25000000000001,159.00000000000003,0.0,0.0,15.900000000000002,0.0,0.0,0.0,202.72500000000005,0.0,0.0,18.666666666666664,0.22,0.01,16.666666666666668,1025.3571428571431,0.0,34.50000000000001,0.0,1.0,272.70000000000005,641.8500000000001,71.85000000000001,65.7,0.1428571428571428,0.0,0.0,4857.6,0.0,888.3000000000002,0.0,87.04,1291.9500000000003,134.40000000000003,0.02,8.161945799,26.5,51.0,11807431.8,17.432723077397586,0.0
Jan-19,5.0,4.0,0.0,1.0,5.0,1.0,0.0,0.0,0.0,2.0,0.0,0.0,2.0,1.0,0.0,0.0,1.0,0.0,0.0,1.0,1.0,0.0,0.0,0.0,0.0,2.0,1.0,5.0,0.0,0.0,2.0,1.0,0.0,4.0,0.0,2.0,1.0,1.0,0.0,3.0,0.0,2.0,0.0,5.0,0.0,0.0,1.0,0.0,10.0,0.0,1.0,115.30000000000001,21.5,87.54000000000002,2.0,0.0,5.0,3.0,0.0,72.9,0.0,0.0,0.0,0.0,0.0,108.69000000000001,0.0,0.0,1.0,22.0,1.0,45.25,7.0,4.0,0.0,9.0,247.30000000000004,15.0,4.0,0.0,3.0,0.0,2.0,1.0,9.0,0.0,1.0,0.0,1.0,7.0,0.0,0.0,0.0,4.0,34.0,29.1,7.0,0.0,0.0,2.0,0.0,0.0,1.0,25.950000000000003,1.0,18.200000000000003,22.0,1.0,145.40000000000003,0.0,0.0,0.0,0.0,2.0,1.0,0.0,73.0,52.400000000000006,0.0,0.0,60.900000000000006,0.0,4.0,25.0,1.0,15.0,3.0,26.700000000000003,5.0,194.05,2.0,2.0,1.0,19.0,0.0,7.0,2.0,222.4880952380953,540.9000000000001,0.0,0.01,5.0,16.0,0.0,2.0,14.700000000000003,28.440000000000005,0.0,0.0,54.00000000000001,14.400000000000002,0.0,0.0,15.900000000000002,0.0,0.0,2.0,44.10000000000001,0.0,0.0,0.0,0.0,0.02,16.666666666666668,176.78571428571433,0.0,0.0,94.80000000000001,1.0,0.0,116.70000000000002,0.0,131.4,0.1428571428571428,10.0,0.0,1324.8000000000002,0.0,28.200000000000003,0.0,12.799999999999999,0.0,0.0,0.01,8.357024439263416,24.400000000000002,64.5,19544715.6,17.959035382860666,0.0
Feb-19,6.0,11.0,0.0,0.0,1.0,1.0,0.0,0.0,1.0,8.0,1.0,0.0,2.0,1.0,0.0,9.0,0.0,1.0,1.0,2.0,1.0,1.0,0.0,0.0,0.0,0.0,1.0,5.0,0.0,1.0,1.0,1.0,0.0,4.0,2.0,0.0,0.0,0.0,1.0,12.0,0.0,0.0,0.0,2.0,1.0,1.0,2.0,0.0,11.0,0.0,0.0,56.5,16.0,46.440000000000005,0.0,1.0,3.0,0.0,0.0,49.0,0.0,1.0,1.0,0.0,0.0,75.09,0.0,0.0,2.0,6.0,0.0,38.0,0.0,2.0,1.0,11.0,102.70000000000002,20.0,2.0,0.0,0.0,0.0,0.0,0.0,7.0,1.0,1.0,0.0,0.0,3.0,0.0,0.0,0.0,1.0,16.0,20.0,8.0,3.0,0.0,2.0,0.0,0.0,1.0,13.0,1.0,8.0,15.0,0.0,64.70000000000002,0.0,0.0,0.0,0.0,0.0,1.0,0.0,39.400000000000006,29.0,0.0,0.0,39.0,0.0,4.0,5.0,2.0,4.0,6.0,11.0,7.0,112.0,4.0,2.0,1.0,8.0,0.0,0.0,8.0,266.98571430000004,1487.4750000000001,0.0,0.0,1.0,16.0,0.0,0.0,10.530000000000001,113.76000000000002,15.966666666666669,0.0,40.50000000000001,14.400000000000002,0.0,0.09,0.0,1.0,6.25,4.0,22.525000000000006,0.01,0.0,0.0,0.0,0.0,16.666666666666668,176.78571428571433,0.0,17.700000000000003,1.5,1.0,0.0,116.70000000000002,28.740000000000002,0.0,0.0,0.0,10.625,5299.200000000001,0.0,0.0,0.0,5.120000000000001,215.32500000000005,67.20000000000002,0.02,8.094378445,18.700000000000003,62.400000000000006,19837639.800000004,17.974409188078095,0.0
Mar-19,4.0,12.0,0.0,3.0,1.0,6.0,0.0,0.0,0.0,5.0,1.0,0.0,6.0,0.0,0.0,0.0,0.0,0.0,2.0,4.0,2.0,0.0,0.0,1.0,1.0,2.0,0.0,6.0,0.0,5.0,5.0,1.0,0.0,6.0,3.0,0.0,1.0,0.0,1.0,10.0,0.0,2.0,0.0,3.0,0.0,0.0,0.0,2.0,14.0,0.0,0.0,58.900000000000006,25.0,49.440000000000005,1.0,1.0,4.0,0.0,0.0,60.0,1.0,0.0,2.0,0.0,0.0,80.19,0.0,0.0,1.0,10.0,0.0,43.0,0.0,3.0,1.0,8.0,120.10000000000001,11.0,2.0,2.0,2.0,0.0,3.0,0.0,6.0,14.0,0.0,0.0,0.0,2.0,1.0,0.0,0.0,1.0,17.0,31.0,10.0,1.0,0.0,4.0,0.0,1.0,3.0,24.0,2.0,11.0,22.0,1.0,68.0,2.0,0.0,0.0,0.0,0.0,1.0,0.0,42.1,26.0,0.0,0.0,52.0,0.0,1.0,13.0,0.0,9.0,4.0,22.0,8.0,118.9,0.0,2.0,1.0,4.0,0.0,1.0,5.0,177.99047619047624,1622.7000000000003,0.0,0.03,1.0,40.0,0.0,0.0,0.0,64.80000000000001,11.400000000000002,0.0,121.50000000000001,0.0,0.0,0.0,0.0,0.0,12.5,8.0,45.05000000000001,0.0,0.0,2.6666666666666665,0.01,0.02,0.0,212.14285714285717,0.0,88.50000000000001,7.5,1.0,0.0,175.05000000000004,43.11,0.0,0.1428571428571428,0.0,10.625,4416.000000000001,0.0,28.200000000000003,0.0,7.6800000000000015,0.0,0.0,0.0,8.296047643,16.0,65.4,20826300.300000004,18.02461923310738,0.02
Apr-19,2.0,13.0,0.0,1.0,1.0,2.0,1.0,1.0,0.0,4.0,0.0,1.0,2.0,1.0,3.0,0.0,0.0,0.0,0.0,0.0,1.0,0.0,1.0,1.0,2.0,2.0,1.0,6.0,0.0,0.0,2.0,0.0,0.0,9.0,1.0,0.0,0.0,2.0,0.0,5.0,0.0,2.0,4.0,1.0,1.0,2.0,0.0,3.0,12.0,0.0,0.0,64.60000000000001,28.0,51.24000000000001,0.0,1.0,1.0,0.0,0.0,46.0,0.0,2.0,2.0,0.0,0.0,87.39,0.0,0.0,0.0,14.0,1.0,38.0,0.0,4.0,3.0,10.0,118.9,14.0,5.0,2.0,0.0,0.0,4.0,0.0,5.0,6.0,3.0,0.0,0.0,4.0,0.0,1.0,0.0,0.0,30.0,19.0,15.0,2.0,0.0,0.0,0.0,3.0,0.0,13.0,1.0,22.0,21.0,0.0,74.0,1.0,0.0,0.0,0.0,0.0,2.0,0.0,44.5,32.3,0.0,0.0,49.0,0.0,2.0,18.0,3.0,11.0,10.0,13.0,6.0,124.6,0.0,4.0,1.0,7.0,0.0,1.0,4.0,88.99523809523812,1757.9250000000002,0.0,0.01,1.0,20.8,9.150000000000002,2.666666666666667,30.600000000000005,56.88000000000001,0.0,1.0,40.50000000000001,13.250000000000004,9.675,0.0,0.0,0.0,0.0,0.0,22.525000000000006,0.0,0.01,2.6666666666666665,0.02,0.02,16.666666666666668,212.14285714285717,0.0,0.0,3.0,0.0,0.0,262.57500000000005,14.370000000000001,0.0,0.0,279.75000000000006,10.0,2208.0000000000005,0.0,28.200000000000003,0.04,8.533333333333333,215.32500000000005,134.40000000000003,0.0,8.405367376233981,28.6,62.7,20037014.400000002,17.984739577702058,0.03
May-19,7.0,3.0,2.0,1.0,3.0,4.0,0.0,1.0,0.0,7.0,0.0,0.0,1.0,4.0,1.0,0.0,0.0,0.0,4.0,0.0,2.0,1.0,0.0,0.0,0.0,0.0,0.0,3.0,0.0,2.0,1.0,1.0,0.0,5.0,6.0,0.0,2.0,0.0,0.0,2.0,0.0,0.0,0.0,3.0,1.0,2.0,0.0,0.0,14.0,0.0,0.0,65.80000000000001,25.0,49.14,0.0,0.0,2.0,1.0,0.0,41.0,0.0,1.0,0.0,1.0,0.0,72.99000000000001,0.0,0.0,1.0,15.0,1.0,37.0,0.0,6.0,2.0,6.0,118.00000000000001,15.0,1.0,0.0,3.0,0.0,2.0,0.0,11.0,7.0,1.0,0.0,0.0,4.0,0.0,1.0,0.0,0.0,23.0,28.0,8.0,0.0,1.0,3.0,0.0,0.0,0.0,15.0,0.0,7.0,16.0,0.0,74.9,1.0,0.0,0.0,0.0,0.0,1.0,0.0,39.1,33.0,0.0,0.0,43.0,0.0,1.0,8.0,2.0,4.0,10.0,15.0,3.0,118.9,1.0,2.0,3.0,1.0,0.0,3.0,7.0,311.4833333333334,405.67500000000007,0.02,0.01,3.0,30.400000000000002,0.0,2.666666666666667,0.0,99.54000000000002,0.0,0.0,20.250000000000004,53.000000000000014,3.2250000000000005,0.0,0.0,0.0,7.500000000000001,0.0,45.05000000000001,0.01,0.0,0.0,0.0,0.0,0.0,106.07142857142858,0.0,35.400000000000006,1.5,1.0,0.0,145.87500000000003,86.22,0.0,0.2857142857142857,0.0,0.0,883.2000000000002,0.0,0.0,0.0,25.6,215.32500000000005,134.40000000000003,0.0,8.565602330623925,27.700000000000003,60.6,22093960.800000004,18.08551656145522,0.0
Jun-19,5.0,5.0,0.0,3.0,3.0,2.0,0.0,3.0,1.0,6.0,0.0,0.0,8.0,1.0,2.0,14.0,0.0,0.0,6.0,0.0,4.0,0.0,1.0,2.0,0.0,1.0,0.0,9.0,0.0,0.0,1.0,3.0,1.0,0.0,3.0,1.0,14.0,0.0,0.0,5.0,2.0,4.0,0.0,5.0,2.0,0.0,0.0,1.0,17.0,0.0,0.0,62.800000000000004,19.0,52.440000000000005,0.0,1.0,1.0,1.0,0.0,41.0,0.0,3.0,1.0,0.0,0.0,71.79,0.0,0.0,1.0,12.0,0.0,48.0,1.0,4.0,2.0,4.0,111.10000000000001,6.0,3.0,0.0,1.0,0.0,1.0,0.0,3.0,2.0,0.0,1.0,0.0,3.0,0.0,0.0,0.0,1.0,25.0,27.0,9.0,3.0,1.0,2.0,0.0,0.0,0.0,16.0,2.0,6.0,18.0,1.0,69.80000000000001,0.0,0.0,0.0,0.0,0.0,1.0,0.0,43.6,31.0,0.0,0.0,29.0,0.0,2.0,7.0,2.0,5.0,3.0,21.0,6.0,127.0,2.0,1.0,2.0,10.0,0.0,1.0,6.0,222.4880952380953,676.1250000000001,0.0,0.03,3.0,20.8,0.0,8.0,10.530000000000001,12.000000000000002,0.0,0.0,162.00000000000003,13.250000000000004,6.450000000000001,0.14,0.0,0.0,11.250000000000002,0.0,90.10000000000002,0.0,0.01,5.333333333333333,0.0,0.01,0.0,318.2142857142858,0.0,0.0,1.5,3.0,30.300000000000004,0.0,43.11,65.7,2.0,0.0,0.0,2208.0000000000005,15.300000000000002,56.400000000000006,0.0,20.266666666666666,430.6500000000001,0.0,0.0,8.517992871586802,27.700000000000003,67.2,19879129.800000004,17.976567760587958,0.01
Jul-19,11.0,13.100000000000001,0.0,1.0,1.0,5.0,0.0,0.0,1.0,8.0,1.0,0.0,1.0,6.0,2.0,0.0,1.0,0.0,8.25,3.0,0.0,0.0,0.0,1.0,1.0,0.0,0.0,4.0,0.0,1.0,2.0,0.0,4.0,2.0,0.0,0.0,0.0,0.0,0.0,5.0,0.0,1.0,0.0,7.0,2.0,0.0,0.0,3.0,5.0,1.0,0.0,65.2,20.0,51.24000000000001,0.0,0.0,2.0,0.0,0.0,57.5,0.0,3.0,1.0,0.0,0.0,70.59,0.0,0.0,2.0,9.0,0.0,35.0,1.0,0.0,3.0,10.0,121.60000000000001,16.0,2.0,1.0,2.0,0.0,5.0,0.0,2.0,5.0,2.0,0.0,0.0,3.0,0.0,0.0,0.0,1.0,27.0,26.0,10.0,1.0,0.0,2.0,0.0,1.0,0.0,21.0,1.0,16.0,15.0,0.0,77.9,1.0,0.0,0.0,0.0,1.0,1.0,0.0,42.7,43.0,0.0,0.0,35.3,0.0,0.0,11.0,1.0,9.0,4.0,20.0,3.0,126.1,4.0,2.0,2.0,3.0,0.0,1.0,8.0,489.4738095238097,4327.200000000001,0.0,0.01,1.0,35.2,0.0,79.03333333333333,10.530000000000001,113.76000000000002,15.966666666666669,0.0,20.250000000000004,79.50000000000001,6.450000000000001,0.0,15.900000000000002,0.0,45.00000000000001,6.0,0.0,0.0,0.0,2.6666666666666665,0.01,0.0,0.0,141.42857142857144,0.0,17.700000000000003,3.0,0.0,121.20000000000002,58.35000000000001,0.0,0.0,0.0,0.0,0.0,2208.0000000000005,0.0,14.100000000000001,0.0,25.386666666666667,430.6500000000001,0.0,0.0,8.645410489,12.0,64.8,18421302.3,17.897780345967245,0.03
Aug-19,9.0,14.600000000000001,0.0,1.0,2.0,1.0,0.0,3.0,0.0,3.0,1.0,0.0,3.0,3.0,0.0,0.0,3.0,0.0,0.0,3.0,3.0,0.0,0.0,3.0,0.0,1.0,1.0,6.0,0.0,0.0,0.0,1.0,2.0,3.0,5.0,0.0,1.0,1.0,0.0,2.0,0.0,3.0,0.0,3.0,4.0,5.0,0.0,0.0,8.0,0.0,0.0,57.400000000000006,20.0,47.34,0.0,0.0,3.0,0.0,0.0,30.0,1.0,1.0,1.0,0.0,0.0,73.29,0.0,0.0,2.0,8.0,0.0,30.0,2.0,4.0,2.0,9.0,109.30000000000001,15.0,1.0,0.0,1.0,0.0,2.0,0.0,5.0,1.0,1.0,0.0,0.0,3.0,1.0,0.0,0.0,0.0,25.0,20.0,10.0,0.0,0.0,2.0,0.0,0.0,0.0,14.0,1.0,7.0,18.0,0.0,59.900000000000006,1.0,1.0,0.0,1.0,1.0,2.0,0.0,33.1,27.0,0.0,0.0,32.6,0.0,3.0,3.0,3.0,14.0,3.0,15.0,7.0,100.0,0.0,2.0,0.0,3.0,0.0,1.0,3.0,400.4785714285715,5003.325000000001,0.0,0.01,2.0,16.0,0.0,8.0,0.0,176.40000000000003,15.966666666666669,0.0,60.75000000000001,39.75000000000001,0.0,0.0,47.70000000000001,0.0,0.0,6.0,67.57500000000002,0.0,0.0,8.0,0.0,0.01,16.666666666666668,212.14285714285717,0.0,0.0,0.0,1.0,60.60000000000001,87.52500000000002,71.85000000000001,0.0,0.1428571428571428,139.87500000000003,0.0,883.2000000000002,0.0,42.300000000000004,0.0,15.146666666666668,861.3000000000002,336.00000000000006,0.0,8.576405051048084,26.400000000000002,61.5,10792066.500000002,17.337422496395114,0.0
Sep-19,5.0,3.0,0.0,0.0,3.0,0.0,0.0,0.0,0.0,11.0,0.0,1.0,2.0,1.0,0.0,0.0,1.0,0.0,10.0,0.0,8.0,0.0,0.0,0.0,1.0,1.0,1.0,10.0,0.0,0.0,1.0,1.0,1.0,3.0,1.0,2.0,0.0,0.0,0.0,1.0,0.0,0.0,0.0,2.0,2.0,2.0,0.0,3.0,9.0,0.0,0.0,60.7,18.0,47.040000000000006,0.0,1.0,8.0,1.0,0.0,35.0,0.0,0.0,1.0,0.0,0.0,73.59,0.0,0.0,0.0,8.0,0.0,37.0,0.0,5.0,0.0,10.0,116.80000000000001,9.0,1.0,0.0,1.0,0.0,4.0,1.0,4.0,5.0,3.0,0.0,0.0,1.0,0.0,0.0,0.0,3.0,15.0,38.0,10.0,1.0,1.0,3.0,0.0,1.0,0.0,9.0,2.0,8.0,15.0,0.0,55.400000000000006,2.0,0.0,0.0,0.0,2.0,0.0,0.0,36.7,28.0,0.0,0.0,38.0,0.0,1.0,11.0,1.0,7.0,10.0,12.0,9.0,108.4,0.0,5.0,1.0,6.0,0.0,3.0,11.0,222.4880952380953,405.67500000000007,0.0,0.0,3.0,0.0,0.0,0.0,0.0,156.42000000000002,0.0,1.0,40.50000000000001,131.10000000000002,0.0,0.0,15.900000000000002,0.0,18.750000000000004,0.0,180.20000000000005,0.0,0.0,0.0,0.01,0.01,16.666666666666668,353.5714285714287,0.0,0.0,1.5,1.0,30.300000000000004,87.52500000000002,14.370000000000001,131.4,0.0,0.0,0.0,441.6000000000001,0.0,0.0,0.0,17.066666666666666,430.6500000000001,134.40000000000003,0.0,8.500047032581268,16.8,58.8,9624895.200000001,17.21532408253775,0.03
Oct-19,11.0,12.3,0.0,3.0,0.0,3.0,0.0,0.0,1.0,8.0,0.0,1.0,4.0,2.0,0.0,0.0,2.0,0.0,14.0,1.0,4.0,0.0,0.0,14.0,1.0,2.0,2.0,4.0,0.0,7.0,5.0,2.0,0.0,5.0,6.0,0.0,1.0,1.0,1.0,4.0,0.0,1.0,0.0,3.0,4.0,1.0,0.0,0.0,9.0,0.0,0.0,68.2,16.0,48.24000000000001,0.0,2.0,3.0,0.0,0.0,52.1,0.0,4.0,4.0,1.0,0.0,80.19,0.0,0.0,1.0,11.0,0.0,29.0,0.0,3.0,2.0,12.0,126.4,9.0,1.0,0.0,3.0,0.0,2.0,0.0,6.0,0.0,3.0,0.0,0.0,2.0,0.0,0.0,0.0,0.0,27.0,28.0,8.0,0.0,0.0,1.0,0.0,0.0,0.0,5.0,0.0,15.0,19.0,1.0,68.0,3.0,0.0,0.0,0.0,1.0,1.0,0.0,32.8,41.0,0.0,0.0,47.0,0.0,3.0,10.0,2.0,6.0,7.0,9.0,9.0,112.3,3.0,6.0,4.0,5.0,0.0,3.0,8.0,489.4738095238097,4597.650000000001,0.0,0.03,0.0,14.400000000000002,0.0,0.0,10.530000000000001,113.76000000000002,0.0,1.0,81.00000000000001,26.500000000000007,0.0,0.0,31.800000000000004,0.0,53.10000000000001,2.0,90.10000000000002,0.0,0.0,11.200000000000001,0.01,0.02,15.833333333333336,141.42857142857144,0.0,123.90000000000002,7.5,2.0,0.0,145.87500000000003,86.22,0.0,0.1428571428571428,139.87500000000003,10.625,1766.4000000000003,0.0,14.100000000000001,0.0,25.6,861.3000000000002,67.20000000000002,0.0,8.228710798793687,19.5,58.8,6357219.300000001,16.76343083878313,0.0
Nov-19,9.0,8.100000000000001,0.0,1.0,1.0,3.0,0.0,1.0,9.0,19.0,1.0,0.0,4.0,1.0,0.0,0.0,2.0,0.0,4.0,0.0,7.0,0.0,0.0,9.0,1.0,3.0,8.0,12.100000000000001,1.0,2.0,2.0,1.0,1.0,6.0,2.0,0.0,2.0,0.0,0.0,8.0,0.0,3.0,0.0,20.0,4.0,4.0,0.0,2.0,15.0,0.0,0.0,60.10000000000001,17.0,49.440000000000005,1.0,0.0,1.0,0.0,0.0,43.1,0.0,2.0,2.0,0.0,0.0,74.19,0.0,1.0,1.0,11.0,0.0,24.0,0.0,4.0,3.0,9.0,108.70000000000002,23.0,0.0,0.0,4.0,0.0,6.0,0.0,4.0,5.0,2.0,0.0,0.0,1.0,2.0,0.0,0.0,1.0,24.0,20.0,9.0,1.0,1.0,7.0,0.0,2.0,1.0,8.0,2.0,10.0,22.0,1.0,68.60000000000001,2.0,0.0,0.0,0.0,3.0,1.0,0.0,28.0,38.0,1.0,4.0,44.0,0.0,5.0,9.0,2.0,10.0,9.0,14.0,3.0,106.0,1.0,0.0,4.0,4.0,0.0,5.0,5.0,400.4785714285715,2704.5000000000005,0.0,0.01,1.0,14.400000000000002,0.0,2.666666666666667,94.77000000000002,270.18000000000006,15.966666666666669,0.0,81.00000000000001,13.250000000000004,0.0,0.0,31.800000000000004,0.0,7.500000000000001,0.0,157.67500000000004,0.0,0.0,7.200000000000001,0.01,0.03,45.83333333333334,1096.071428571429,0.01,35.400000000000006,3.0,1.0,30.300000000000004,175.05000000000004,28.740000000000002,0.0,0.2857142857142857,0.0,0.0,3532.8000000000006,0.0,42.300000000000004,0.0,67.17866666666666,861.3000000000002,268.80000000000007,0.0,8.003363058629947,18.6,58.2,5661434.700000001,16.633728382047632,0.02
Dec-19,23.700000000000003,10.5,0.0,14.0,2.0,0.0,0.0,0.0,10.0,14.3,8.0,0.0,3.0,4.0,0.0,0.0,1.0,0.0,11.8,2.0,3.0,0.0,0.0,2.0,10.0,0.0,0.0,25.900000000000002,0.0,12.0,4.0,9.0,2.0,10.8,6.0,0.0,3.0,2.0,1.0,3.0,0.0,8.3,1.0,9.0,11.0,4.0,3.0,0.0,16.0,0.0,0.0,63.7,18.0,48.84,0.0,0.0,2.0,1.0,0.0,43.1,0.0,1.0,5.0,0.0,0.0,84.99000000000001,0.0,0.0,1.0,15.0,0.0,34.2,2.0,2.0,4.0,16.0,98.20000000000002,13.0,3.0,1.0,0.0,0.0,3.0,1.0,7.0,2.0,1.0,0.0,0.0,1.0,1.0,0.0,0.0,1.0,26.0,39.0,10.0,0.0,2.0,2.0,3.0,0.0,1.0,17.0,1.0,23.0,29.0,1.0,65.0,0.0,1.0,0.0,0.0,0.0,11.0,0.0,31.900000000000002,49.0,0.0,0.0,40.0,0.0,1.0,7.0,2.0,11.0,7.0,21.0,6.0,114.7,1.0,3.0,1.0,6.0,0.0,2.0,8.0,2580.861904761905,3786.3000000000006,14.400000000000002,0.14,2.0,0.0,0.0,0.0,87.60000000000001,412.38000000000005,127.73333333333335,0.0,60.75000000000001,53.000000000000014,0.0,0.0,15.900000000000002,0.0,56.25000000000001,4.0,67.57500000000002,0.0,0.0,5.333333333333333,0.1,0.0,0.0,2722.5000000000005,0.0,212.40000000000003,6.0,9.0,60.60000000000001,846.0750000000002,86.22,0.0,0.4285714285714285,279.75000000000006,10.625,1324.8000000000002,0.0,324.30000000000007,0.01,39.01866666666667,2368.5750000000003,268.80000000000007,0.03,8.289790583181643,24.0,61.5,7509599.700000001,16.946976148127863,0.0
Jan-20,8.0,11.0,0.0,1.0,5.0,5.0,0.0,0.0,0.0,5.0,0.0,0.0,3.0,0.0,1.0,0.0,2.0,1.0,4.0,7.0,0.0,1.0,1.0,1.0,1.0,0.0,0.0,7.0,0.0,2.0,16.0,1.0,2.0,4.0,5.0,0.0,1.0,0.0,2.0,2.0,0.0,2.0,1.0,5.0,5.0,2.0,0.0,1.0,12.0,0.0,0.0,109.00000000000001,37.0,80.04000000000002,0.0,1.0,5.0,2.0,1.0,99.2,0.0,3.0,0.0,0.0,0.0,116.49000000000001,1.0,0.0,1.0,20.8,0.0,42.0,1.0,4.0,5.0,10.0,207.40000000000003,27.0,10.0,0.0,0.0,0.0,7.0,0.0,15.0,3.0,1.0,0.0,0.0,4.0,0.0,0.0,0.0,3.0,33.45,36.3,15.0,3.0,0.0,0.0,2.0,1.0,0.0,31.0,1.0,29.0,20.0,2.0,132.8,1.0,0.0,0.0,0.0,5.0,2.0,0.0,45.1,55.85,0.0,0.0,53.1,0.0,0.0,24.0,1.0,10.0,8.0,26.650000000000002,4.0,140.8,4.0,9.0,2.0,14.0,0.0,1.0,5.0,355.9809523809525,1487.4750000000001,0.0,0.01,5.0,24.000000000000004,0.0,0.0,13.200000000000003,542.4000000000001,0.0,0.0,60.75000000000001,23404.800000000003,10.75,0.0,31.800000000000004,1.0,7.500000000000001,14.0,1.0,0.01,0.01,20.233333333333334,0.01,0.0,0.0,255.60000000000005,0.0,35.400000000000006,9.3,1.0,60.60000000000001,116.70000000000002,71.85000000000001,0.0,0.1428571428571428,0.0,6.375000000000001,883.2000000000002,0.0,49.20000000000001,0.01,33.07866666666667,1076.6250000000002,134.40000000000003,0.0,8.668368019213355,31.800000000000004,55.8,4760466.600000001,16.436094806045553,0.01
Feb-20,9.0,14.0,0.0,1.0,4.0,4.0,0.0,0.0,1.0,11.0,0.0,0.0,1.0,1.0,0.0,0.0,1.0,0.0,8.0,0.0,0.0,0.0,1.0,1.0,3.0,0.0,0.0,1.0,0.0,0.0,1.0,1.0,0.0,3.0,3.0,0.0,1.0,3.0,0.0,3.0,0.0,1.0,1.0,1.0,6.0,1.0,2.0,0.0,8.0,0.0,0.0,61.60000000000001,18.0,49.14,0.0,0.0,1.0,0.0,0.0,41.9,0.0,3.0,0.0,0.0,0.0,74.19,0.0,0.0,1.0,16.0,3.0,19.0,1.0,5.0,3.0,9.0,98.80000000000001,10.0,5.0,3.0,0.0,0.0,4.0,0.0,8.0,3.0,3.0,0.0,0.0,2.0,0.0,0.0,0.0,1.0,9.0,25.0,12.0,1.0,1.0,5.0,0.0,2.0,0.0,23.0,0.0,12.0,21.0,0.0,56.00000000000001,0.0,0.0,0.0,0.0,1.0,0.0,0.0,30.700000000000003,38.0,0.0,0.0,47.0,0.0,1.0,10.0,1.0,9.0,5.0,8.0,6.0,112.9,3.0,1.0,2.0,1.0,0.0,4.0,11.0,400.4785714285715,1893.1500000000003,0.0,0.01,4.0,19.200000000000003,0.0,0.0,10.530000000000001,156.42000000000002,0.0,0.0,20.250000000000004,6.300000000000001,0.0,0.0,15.900000000000002,0.0,15.000000000000002,0.0,0.0,0.0,0.01,2.6666666666666665,0.03,0.0,0.0,35.35714285714286,0.0,0.0,1.5,1.0,0.0,87.52500000000002,43.11,0.0,0.1428571428571428,419.62500000000006,0.0,1324.8000000000002,0.0,14.100000000000001,0.01,8.533333333333333,1291.9500000000003,67.20000000000002,0.02,8.619388703730907,20.0,60.6,4054203.0000000005,16.24820586050418,0.0
Mar-20,10.0,11.0,3.0,3.0,3.0,0.0,0.0,1.0,1.0,9.0,0.0,1.0,4.0,1.0,3.0,0.0,1.0,0.0,2.0,0.0,1.0,0.0,0.0,2.0,1.0,2.0,0.0,5.0,0.0,0.0,2.0,1.0,0.0,2.0,1.0,0.0,1.0,0.0,0.0,4.0,0.0,3.0,0.0,9.0,2.0,0.0,0.0,4.0,13.0,0.0,0.0,64.9,16.0,48.24000000000001,1.0,2.0,4.0,1.0,0.0,39.0,0.0,3.0,1.0,1.0,0.0,81.39,0.0,0.0,0.0,24.0,1.0,25.3,1.0,2.0,3.0,6.0,107.5,12.0,4.0,0.0,0.0,0.0,2.0,0.0,7.0,11.0,2.0,0.0,1.0,4.0,0.0,0.0,0.0,3.0,11.0,22.0,11.0,0.0,1.0,2.0,0.0,0.0,0.0,16.0,0.0,16.0,23.0,0.0,70.4,2.0,0.0,0.0,0.0,0.0,1.0,0.0,29.8,41.0,0.0,0.0,31.0,0.0,2.0,10.0,0.0,4.0,7.0,12.0,9.0,120.4,0.0,2.0,1.0,10.0,0.0,3.0,9.0,444.9761904761906,1487.4750000000001,0.03,0.03,3.0,0.0,9.900000000000002,2.666666666666667,10.530000000000001,127.98000000000003,0.0,1.0,81.00000000000001,13.250000000000004,9.675,0.0,15.900000000000002,0.0,3.7500000000000004,0.0,22.525000000000006,0.0,0.0,5.333333333333333,0.01,0.02,0.0,176.78571428571433,0.0,0.0,3.0,1.0,0.0,58.35000000000001,14.370000000000001,0.0,0.1428571428571428,0.0,0.0,1766.4000000000003,0.0,42.300000000000004,0.0,29.013333333333335,430.6500000000001,0.0,0.0,8.230310799,26.0,51.0,4087589.4000000004,16.25792950379134,0.04
Apr-20,14.0,5.0,0.0,0.0,4.0,3.0,0.0,0.0,0.0,3.0,1.0,0.0,5.0,2.0,0.0,0.0,1.0,0.0,11.0,1.0,0.0,0.0,1.0,5.0,0.0,2.0,0.0,5.0,0.0,1.0,2.0,1.0,1.0,3.0,2.0,3.0,2.0,1.0,0.0,3.0,0.0,0.0,0.0,1.0,7.0,0.0,1.0,1.0,12.0,0.0,0.0,65.5,22.6,55.14,0.0,1.0,3.0,0.0,0.0,45.0,0.0,0.0,0.0,0.0,0.0,82.59,0.0,0.0,0.0,11.0,0.0,39.400000000000006,0.0,10.0,3.0,7.0,120.70000000000002,8.0,2.0,0.0,2.0,1.0,4.0,0.0,5.0,4.0,5.0,0.0,0.0,4.0,1.0,0.0,1.0,4.0,24.0,26.0,9.0,2.0,0.0,3.0,0.0,2.0,1.0,10.0,1.0,17.0,24.0,0.0,67.70000000000002,3.0,0.0,0.0,0.0,1.0,2.0,0.0,33.400000000000006,43.0,1.0,0.0,37.0,0.0,0.0,15.0,0.0,3.0,8.0,17.0,6.0,112.3,1.0,4.0,0.0,5.0,0.0,0.0,3.0,622.9666666666669,676.1250000000001,0.0,0.0,4.0,14.400000000000002,0.0,0.0,0.0,42.660000000000004,15.966666666666669,0.0,101.25000000000001,26.500000000000007,0.0,0.0,15.900000000000002,0.0,20.625000000000004,2.0,0.0,0.0,0.01,13.333333333333332,0.0,0.02,0.0,176.78571428571433,0.0,17.700000000000003,3.0,1.0,30.300000000000004,87.52500000000002,28.740000000000002,197.10000000000002,0.2857142857142857,139.87500000000003,0.0,1324.8000000000002,0.0,0.0,0.0,8.533333333333333,1507.2750000000003,0.0,0.01,8.002024818,34.900000000000006,56.0,2490356.4000000004,15.636297458507885,0.01
May-20,7.0,11.0,0.0,1.0,1.0,7.0,0.0,0.0,0.0,9.0,0.0,0.0,2.0,2.0,0.0,0.0,0.0,2.0,0.0,7.0,0.0,2.0,0.0,4.0,0.0,2.0,0.0,4.0,0.0,0.0,0.0,0.0,0.0,1.0,3.0,0.0,7.0,5.0,1.0,2.0,0.0,0.0,2.0,3.0,4.0,3.0,0.0,0.0,18.0,0.0,0.0,63.7,18.0,50.040000000000006,0.0,0.0,2.0,0.0,0.0,39.0,0.0,0.0,2.0,0.0,0.0,79.89,0.0,0.0,1.0,10.0,2.0,37.0,0.0,6.0,3.0,8.0,112.0,14.0,2.0,2.0,1.0,2.0,1.0,0.0,5.0,3.0,0.0,0.0,0.0,0.0,0.0,0.0,1.0,3.0,26.0,20.0,19.0,2.0,1.0,5.0,0.0,0.0,0.0,6.0,1.0,13.0,24.0,0.0,71.0,4.0,0.0,0.0,0.0,2.0,0.0,0.0,31.900000000000002,29.0,0.0,0.0,36.4,0.0,1.0,10.0,2.0,5.0,3.0,13.0,7.0,112.6,3.0,5.0,4.0,5.0,0.0,0.0,9.0,311.4833333333334,1487.4750000000001,0.0,0.01,1.0,33.60000000000001,0.0,0.0,0.0,127.98000000000003,0.0,0.0,40.50000000000001,26.500000000000007,0.0,0.0,0.0,2.0,0.0,14.0,0.0,0.02,0.0,10.666666666666666,0.0,0.02,0.0,141.42857142857144,0.0,0.0,0.0,0.0,0.0,29.175000000000004,43.11,0.0,1.0,699.3750000000001,10.625,883.2000000000002,0.0,0.0,0.02,25.6,861.3000000000002,201.60000000000002,0.0,8.054840221101024,43.300000000000004,54.0,9952534.500000002,17.251130106869418,0.0
Jun-20,6.0,13.0,0.0,1.0,7.0,8.0,1.0,0.0,0.0,18.0,0.0,0.0,4.0,2.0,0.0,0.0,2.0,2.0,1.0,1.0,2.0,0.0,0.0,4.0,1.0,1.0,1.0,5.0,1.0,3.0,3.0,1.0,0.0,5.0,7.0,8.0,5.0,0.0,1.0,3.0,1.0,2.0,0.0,1.0,1.0,2.0,0.0,0.0,13.0,0.0,0.0,70.9,21.0,53.34,0.0,0.0,6.0,1.0,0.0,52.0,0.0,2.0,0.0,0.0,0.0,84.39,0.0,1.0,1.0,12.0,0.0,42.10000000000001,1.0,3.0,2.0,10.0,109.0,15.0,3.0,0.0,1.0,1.0,2.0,0.0,5.0,1.0,1.0,0.0,0.0,2.0,1.0,0.0,0.0,2.0,20.0,31.0,5.0,2.0,0.0,6.0,0.0,2.0,1.0,11.0,1.0,17.0,26.0,0.0,84.50000000000001,0.0,3.0,0.0,1.0,1.0,1.0,0.0,32.2,41.0,1.0,0.0,35.0,0.0,1.0,11.0,1.0,8.0,5.0,22.0,6.0,116.2,4.0,5.0,1.0,4.0,0.0,3.0,18.0,266.98571430000004,1757.9250000000002,0.0,0.01,7.0,38.400000000000006,6.900000000000001,0.0,0.0,255.96,0.0,0.0,81.00000000000001,26.500000000000007,0.0,0.0,31.800000000000004,2.0,6.25,2.0,45.05000000000001,0.0,0.0,10.666666666666666,0.01,0.01,16.666666666666668,176.78571428571433,0.01,53.10000000000001,4.5,1.0,0.0,145.87500000000003,100.59000000000002,525.6,0.7142857142857142,0.0,10.625,1324.8000000000002,7.650000000000001,28.200000000000003,0.0,8.533333333333333,215.32500000000005,134.40000000000003,0.0,7.999007213243955,25.3,69.0,9388686.9,17.188690833693503,0.0
Jul-20,11.0,15.0,0.0,0.0,1.0,2.0,0.0,0.0,1.0,13.0,0.0,0.0,4.0,1.0,1.0,0.0,2.0,2.0,0.0,0.0,1.0,0.0,2.0,3.0,1.0,0.0,0.0,10.0,0.0,2.0,0.0,2.0,4.0,2.0,1.0,1.0,0.0,0.0,0.0,3.0,0.0,12.0,0.0,2.0,2.0,2.0,0.0,0.0,15.0,1.0,0.0,71.80000000000001,25.0,47.64,2.0,1.0,3.0,0.0,1.0,52.915000000000006,1.0,0.0,1.0,1.0,0.0,79.89,0.0,0.0,0.0,13.0,0.0,39.7,1.0,6.0,1.0,12.0,132.4,21.0,2.0,0.0,0.0,1.0,1.0,0.0,5.0,4.0,1.0,0.0,0.0,1.0,0.0,0.0,0.0,2.0,17.0,34.05,14.0,4.0,0.0,3.0,0.0,1.0,1.0,24.0,1.0,17.0,21.0,1.0,72.20000000000002,3.0,0.0,0.0,1.0,2.0,0.0,0.0,33.7,53.0,0.0,0.0,41.0,0.0,0.0,7.0,2.0,7.0,2.0,18.0,5.0,118.9,1.0,6.0,5.0,10.0,0.0,1.0,13.0,489.4738095238097,2028.3750000000002,0.0,0.0,1.0,9.600000000000001,0.0,0.0,10.530000000000001,184.86,0.0,0.0,81.00000000000001,13.250000000000004,10.75,0.0,31.800000000000004,2.0,0.0,0.0,22.525000000000006,0.0,0.02,8.0,0.01,0.0,0.0,353.5714285714287,0.0,35.400000000000006,0.0,2.0,121.20000000000002,58.35000000000001,14.370000000000001,65.7,0.0,0.0,0.0,1324.8000000000002,0.0,169.20000000000002,0.0,17.066666666666666,430.6500000000001,134.40000000000003,0.0,7.941651252930556,27.0,52.0,9522115.8,17.203822443721066,0.0
Aug-20,13.0,9.0,0.0,1.0,2.0,3.0,3.0,8.0,0.0,7.0,0.0,0.0,2.0,0.0,2.0,0.0,1.0,0.0,0.0,5.0,0.0,0.0,0.0,3.0,0.0,2.0,2.0,4.0,0.0,0.0,4.0,2.0,5.0,10.0,0.0,0.0,2.0,1.0,0.0,5.0,0.0,6.0,0.0,3.0,2.0,0.0,1.0,5.0,16.0,0.0,0.0,60.7,20.0,50.34,0.0,0.0,5.0,1.0,0.0,37.0,0.0,0.0,2.0,0.0,0.0,74.49000000000001,0.0,0.0,0.0,18.0,1.0,40.0,1.0,4.0,6.0,9.0,112.0,13.0,4.0,0.0,2.0,0.0,5.0,0.0,8.0,6.0,1.0,0.0,0.0,1.0,1.0,0.0,0.0,3.0,25.0,21.0,20.0,0.0,2.0,1.0,0.0,2.0,0.0,14.0,1.0,9.0,23.0,0.0,74.60000000000001,3.0,0.0,0.0,0.0,0.0,1.0,0.0,31.6,44.0,0.0,0.0,50.0,0.0,1.0,12.0,2.0,10.0,1.0,12.0,8.0,107.8,0.0,7.0,1.0,7.0,0.0,2.0,7.0,578.4690476190477,1217.025,0.0,0.01,2.0,14.400000000000002,27.450000000000003,6.400000000000001,0.0,99.54000000000002,0.0,0.0,40.50000000000001,0.0,6.450000000000001,0.0,15.900000000000002,0.0,0.0,10.0,0.0,0.0,0.0,8.0,0.0,0.02,10.000000000000002,141.42857142857144,0.0,0.0,6.0,2.0,151.50000000000003,291.75000000000006,0.0,0.0,0.2857142857142857,139.87500000000003,0.0,2208.0000000000005,0.0,84.60000000000001,0.0,25.6,430.6500000000001,0.0,0.01,8.294799358992574,34.75,58.6,5796393.600000001,16.660236262124908,0.05
Sep-20,8.0,2.0,0.0,6.0,1.0,3.0,0.0,5.0,0.0,9.0,0.0,4.0,3.0,1.0,1.0,1.0,1.0,2.0,7.800000000000001,1.0,9.0,0.0,0.0,1.0,0.0,2.0,0.0,4.0,0.0,9.0,0.0,6.0,0.0,8.0,1.0,0.0,0.0,0.0,1.0,5.0,0.0,1.0,1.0,4.0,3.0,4.0,0.0,7.0,13.0,0.0,0.0,69.4,19.0,55.440000000000005,0.0,0.0,2.0,3.0,0.0,46.6,0.0,4.0,2.0,1.0,0.0,89.49000000000001,0.0,0.0,5.0,13.0,0.0,44.800000000000004,0.0,9.0,5.0,10.0,117.7,6.0,4.0,0.0,0.0,0.0,2.0,0.0,4.0,5.0,1.0,0.0,0.0,4.0,0.0,0.0,2.0,4.0,28.0,18.0,16.0,0.0,0.0,2.0,0.0,3.0,0.0,14.0,1.0,12.0,19.0,0.0,78.80000000000001,0.0,0.0,0.0,0.0,1.0,2.0,0.0,34.3,51.0,0.0,0.0,47.0,2.0,1.0,5.0,1.0,3.0,3.0,12.0,4.0,113.5,2.0,10.0,2.0,4.0,0.0,4.0,9.0,355.9809523809525,270.45000000000005,0.0,0.06,1.0,14.400000000000002,0.0,4.000000000000001,0.0,127.98000000000003,0.0,4.0,60.75000000000001,13.250000000000004,3.2250000000000005,0.01,15.900000000000002,2.0,48.75000000000001,2.0,202.72500000000005,10.0,0.0,2.6666666666666665,0.0,0.02,0.0,4.500000000000001,0.0,159.3,0.0,6.0,0.0,233.40000000000003,14.370000000000001,0.0,0.0,0.0,10.625,2208.0000000000005,0.0,14.100000000000001,0.01,34.13333333333333,645.9750000000001,268.80000000000007,0.0,9.125435865,17.0,60.0,5621111.700000001,16.625670075298494,0.07
Oct-20,13.0,14.0,0.0,0.0,4.0,8.0,0.0,3.0,1.0,12.0,0.0,2.0,2.0,11.0,1.0,0.0,1.0,0.0,4.0,0.0,1.0,0.0,0.0,3.0,1.0,1.0,0.0,5.0,0.0,0.0,1.0,7.0,2.0,6.0,10.0,0.0,1.0,1.0,3.0,4.0,0.0,4.0,0.0,1.0,7.0,3.0,0.0,1.0,13.0,0.0,0.0,73.60000000000001,16.0,56.34,0.0,1.0,5.0,1.0,0.0,47.2,2.0,0.0,5.0,0.0,0.0,85.59,0.0,0.0,9.0,20.0,1.0,43.300000000000004,0.0,4.0,21.0,12.0,140.5,12.0,3.0,0.0,1.0,0.0,3.0,1.0,10.0,2.0,0.0,0.0,0.0,4.0,0.0,2.0,0.0,9.3,28.0,27.0,13.0,0.0,0.0,2.0,0.0,0.0,0.0,17.0,1.0,12.0,29.0,2.0,72.20000000000002,1.0,0.0,0.0,0.0,0.0,1.0,0.0,36.400000000000006,55.0,1.0,0.0,54.0,0.0,0.0,6.0,0.0,10.0,5.0,22.0,10.0,114.7,0.0,8.0,0.0,4.0,0.0,3.0,12.0,578.4690476190477,1893.1500000000003,0.0,0.0,4.0,38.400000000000006,0.0,8.0,10.530000000000001,170.64000000000001,0.0,2.0,40.50000000000001,145.75000000000003,3.2250000000000005,0.0,15.900000000000002,0.0,7.500000000000001,0.0,22.525000000000006,0.0,0.0,8.0,0.01,0.01,0.0,176.78571428571433,0.0,0.0,1.5,7.0,60.60000000000001,175.05000000000004,143.70000000000002,0.0,0.1428571428571428,139.87500000000003,13.28125,1766.4000000000003,0.0,56.400000000000006,0.0,8.533333333333333,1507.2750000000003,201.60000000000002,0.0,8.679652119,26.6,64.0,5718468.000000001,16.64501639062712,0.01
Nov-20,7.0,10.0,1.0,0.0,3.0,3.0,0.0,1.0,0.0,6.0,0.0,4.0,1.0,0.0,1.0,0.0,3.0,0.0,1.0,2.0,3.0,1.0,2.0,2.0,0.0,1.0,0.0,8.0,0.0,0.0,2.0,2.0,0.0,0.0,3.0,0.0,1.0,1.0,1.0,1.0,0.0,2.0,0.0,2.0,11.0,3.0,0.0,4.0,14.0,0.0,0.0,66.4,35.0,54.84,0.0,0.0,12.0,3.0,0.0,44.8,0.0,7.0,0.0,1.0,0.0,78.39,1.0,0.0,0.0,9.0,2.0,42.7,1.0,5.0,14.0,5.0,120.70000000000002,10.0,3.0,0.0,4.0,0.0,1.0,1.0,6.0,7.0,0.0,0.0,1.0,2.0,0.0,0.0,0.0,5.0,26.0,16.0,12.0,2.0,0.0,2.0,0.0,1.0,2.0,22.0,5.0,18.0,19.0,1.0,72.20000000000002,2.0,0.0,0.0,1.0,0.0,1.0,0.0,34.3,55.0,0.0,0.0,50.0,0.0,1.0,10.0,1.0,3.0,1.0,15.0,10.0,129.1,1.0,5.0,3.0,16.0,0.0,5.0,6.0,311.4833333333334,1352.2500000000002,0.01,0.0,3.0,14.400000000000002,0.0,2.666666666666667,0.0,85.32000000000001,0.0,4.0,20.250000000000004,0.0,3.2250000000000005,0.0,47.70000000000001,0.0,6.25,4.0,67.57500000000002,0.01,0.02,5.333333333333333,0.0,0.01,0.0,282.8571428571429,0.0,0.0,3.0,2.0,0.0,0.0,43.11,0.0,0.1428571428571428,139.87500000000003,10.625,441.6000000000001,0.0,28.200000000000003,0.0,17.066666666666666,2368.5750000000003,201.60000000000002,0.0,10.089178426799686,23.0,63.0,7834200.300000001,16.993128043127506,0.04
Dec-20,13.0,8.0,0.0,1.0,0.0,4.0,2.0,4.0,0.0,9.0,7.0,2.0,10.0,16.0,2.0,0.0,2.0,0.0,20.0,1.0,4.0,0.0,0.0,1.0,0.0,2.0,0.0,13.0,0.0,5.0,2.0,3.0,3.0,10.0,6.0,2.0,2.0,6.950000000000001,3.0,4.0,0.0,19.0,2.0,21.0,10.0,1.0,3.0,4.0,19.0,0.0,0.0,73.30000000000001,20.0,65.64000000000001,0.0,0.0,5.0,1.0,0.0,48.1,1.0,1.0,1.0,0.0,0.0,84.69,0.0,0.0,0.0,24.0,0.0,62.50000000000001,3.0,8.0,13.0,9.0,149.20000000000002,16.0,2.0,7.0,1.0,0.0,2.0,0.0,9.0,5.0,3.0,0.0,0.0,6.0,1.0,1.0,0.0,22.0,28.0,30.400000000000002,13.0,0.0,0.0,4.0,3.0,2.0,1.0,14.0,7.0,22.0,31.0,0.0,94.10000000000001,2.0,2.0,0.0,0.0,1.0,5.0,0.0,43.0,50.0,0.0,0.0,47.0,0.0,0.0,11.0,1.0,22.0,4.0,19.0,11.0,120.1,0.0,11.0,5.0,9.0,0.0,1.0,8.0,578.4690476190477,1081.8000000000002,0.0,0.01,0.0,19.200000000000003,18.300000000000004,10.666666666666668,0.0,127.98000000000003,111.76666666666668,2.0,202.50000000000003,212.00000000000006,6.450000000000001,0.0,31.800000000000004,0.0,41.87500000000001,2.0,90.10000000000002,0.0,0.0,2.6666666666666665,0.0,0.02,0.0,812.4000000000001,0.0,88.50000000000001,3.0,3.0,90.90000000000002,291.75000000000006,86.22,131.4,0.2857142857142857,3077.2500000000005,17.0,1766.4000000000003,0.0,267.90000000000003,0.02,65.70666666666668,2153.2500000000005,67.20000000000002,0.03,8.109224953089955,31.1,50.0,5455626.300000001,16.59190142,0.04
Jan-21,11.0,13.0,0.0,0.0,0.0,1.0,0.0,0.0,1.0,12.0,0.0,0.0,3.0,0.0,0.0,2.0,0.0,0.0,0.0,3.0,1.0,0.0,0.0,5.0,2.0,1.0,0.0,5.0,0.0,0.0,1.0,0.0,0.0,4.0,2.0,0.0,2.0,0.0,0.0,3.0,0.0,2.0,0.0,1.0,3.0,3.0,0.0,0.0,9.0,0.0,0.0,116.80000000000001,26.900000000000002,92.34000000000002,0.0,1.0,4.0,2.0,0.0,92.5,0.0,1.0,6.0,0.0,0.0,135.09000000000003,0.0,0.0,1.0,25.0,0.0,62.800000000000004,2.0,8.0,19.0,4.0,224.20000000000002,29.0,3.0,2.0,4.0,2.0,5.0,0.0,25.0,0.0,2.0,0.0,0.0,1.0,0.0,1.0,0.0,18.75,34.0,27.400000000000002,16.0,0.0,1.0,2.0,0.0,0.0,1.0,28.0,1.0,30.0,16.0,0.0,135.5,4.0,0.0,0.0,0.0,2.0,3.0,0.0,52.0,60.5,1.0,1.0,64.1,0.0,0.0,26.0,1.0,7.0,3.0,31.0,8.0,151.60000000000002,1.0,10.0,5.0,9.0,0.0,5.0,12.0,489.4738095238097,1757.9250000000002,0.0,0.0,0.0,4.800000000000001,0.0,0.0,10.530000000000001,460.20000000000005,0.0,0.0,60.75000000000001,9.000000000000002,0.0,0.02,0.0,0.0,0.0,6.0,22.525000000000006,0.0,0.0,13.333333333333332,0.02,0.01,0.0,176.78571428571433,0.0,0.0,1.5,0.0,0.0,96.60000000000001,28.740000000000002,0.0,0.2857142857142857,0.0,0.0,1324.8000000000002,0.0,28.200000000000003,0.0,8.533333333333333,645.9750000000001,201.60000000000002,0.0,11.686777926672804,32.900000000000006,69.0,11302408.500000002,17.386457015178202,0.0
Feb-21,11.0,12.0,0.0,1.0,2.0,6.0,0.0,7.0,1.0,4.0,0.0,2.0,3.0,1.0,0.0,0.0,0.0,0.0,0.0,2.0,1.0,2.0,0.0,2.0,1.0,3.0,2.0,11.0,0.0,0.0,3.0,3.0,2.0,5.0,2.0,5.0,4.0,1.0,19.500000000000004,2.0,0.0,1.0,0.0,2.0,3.0,1.0,0.0,0.0,11.0,2.0,0.0,66.10000000000001,16.0,54.540000000000006,0.0,0.0,3.0,2.0,0.0,44.5,0.0,3.0,1.0,0.0,0.0,81.39,0.0,0.0,0.0,18.0,0.0,34.6,2.0,4.0,8.0,9.0,125.50000000000001,18.0,5.0,1.0,3.0,0.0,4.0,0.0,9.0,6.0,2.0,0.0,0.0,1.0,0.0,1.0,1.0,2.0,26.0,21.4,9.0,2.0,1.0,1.0,0.0,0.0,0.0,15.0,1.0,11.0,16.0,2.0,70.10000000000001,4.0,0.0,0.0,1.0,0.0,0.0,0.0,35.5,42.0,1.0,0.0,48.0,0.0,2.0,5.0,1.0,8.0,9.0,21.0,10.0,115.3,1.0,3.0,1.0,5.0,0.0,2.0,4.0,489.4738095238097,1622.7000000000003,0.0,0.01,2.0,28.800000000000004,0.0,18.666666666666668,10.530000000000001,56.88000000000001,0.0,2.0,60.75000000000001,13.250000000000004,0.0,0.0,0.0,0.0,0.0,4.0,22.525000000000006,0.02,0.0,5.333333333333333,0.01,0.03,10.000000000000002,388.9285714285715,0.0,0.0,4.5,3.0,60.60000000000001,145.87500000000003,28.740000000000002,328.50000000000006,0.5714285714285714,139.87500000000003,207.18750000000003,883.2000000000002,0.0,14.100000000000001,0.0,17.066666666666666,645.9750000000001,67.20000000000002,0.0,9.031452912,27.5,52.0,11166499.8,17.373631770712844,0.0
Mar-21,7.0,19.0,0.0,0.0,3.0,3.0,0.0,5.0,1.0,10.0,1.0,1.0,8.0,12.0,0.0,1.0,0.0,0.0,2.0,3.0,1.0,0.0,1.0,1.0,3.0,2.0,0.0,9.0,0.0,1.0,1.0,1.0,1.0,3.0,5.0,1.0,4.0,0.0,0.0,3.0,1.0,4.0,1.0,2.0,2.0,7.0,3.0,3.0,19.0,0.0,0.0,87.10000000000001,26.0,63.24000000000001,0.0,0.0,1.0,2.0,0.0,42.4,1.0,1.0,2.0,0.0,0.0,87.69,0.0,0.0,0.0,18.0,0.0,41.800000000000004,1.0,4.0,7.0,19.0,127.60000000000001,18.0,1.0,0.0,0.0,1.0,3.0,0.0,5.0,8.0,1.0,0.0,1.0,2.0,0.0,1.0,1.0,5.0,28.0,22.0,15.0,0.0,0.0,4.0,0.0,1.0,0.0,22.0,0.0,12.0,29.0,0.0,76.10000000000001,1.0,0.0,0.0,0.0,2.0,0.0,0.0,37.0,55.0,0.0,0.0,47.0,0.0,6.0,7.0,2.0,9.0,12.0,15.0,12.0,121.0,2.0,5.0,7.0,4.0,0.0,3.0,10.0,311.4833333333334,2569.2750000000005,0.0,0.0,3.0,14.400000000000002,0.0,13.333333333333336,10.530000000000001,142.20000000000002,15.966666666666669,1.0,162.00000000000003,159.00000000000003,0.0,0.01,0.0,0.0,12.5,6.0,22.525000000000006,0.0,0.01,2.6666666666666665,0.03,0.02,0.0,318.2142857142858,0.0,17.700000000000003,1.5,1.0,30.300000000000004,87.52500000000002,71.85000000000001,65.7,0.5714285714285714,0.0,0.0,1324.8000000000002,7.650000000000001,56.400000000000006,0.01,17.066666666666666,430.6500000000001,470.4000000000001,0.03,8.340217320947035,27.0,63.0,17051952.6,17.817655233402025,0.03
Apr-21,7.0,7.0,0.0,0.0,2.0,3.0,0.0,4.0,2.0,16.0,0.0,0.0,5.0,6.0,0.0,0.0,1.0,0.0,5.0,2.0,1.0,2.0,0.0,2.0,0.0,3.0,0.0,5.0,0.0,7.0,1.0,0.0,4.0,4.0,2.0,0.0,2.0,0.0,1.0,3.0,0.0,3.0,4.0,1.0,2.0,0.0,1.0,0.0,8.0,0.0,0.0,81.70000000000002,28.0,62.94000000000001,0.0,0.0,4.0,1.0,0.0,40.0,0.0,4.0,0.0,0.0,0.0,89.19,0.0,0.0,0.0,21.0,0.0,48.7,1.0,7.0,8.0,5.0,126.70000000000002,19.0,3.0,0.0,3.0,0.0,1.0,0.0,6.0,2.0,0.0,0.0,0.0,1.0,0.0,0.0,1.0,2.0,37.0,23.8,12.0,1.0,0.0,2.0,0.0,0.0,0.0,24.0,2.0,7.0,25.0,0.0,75.80000000000001,0.0,0.0,0.0,0.0,2.0,0.0,0.0,31.900000000000002,46.0,1.0,0.0,52.0,0.0,3.0,12.0,1.0,5.0,14.0,25.0,10.0,121.9,0.0,6.0,2.0,8.0,0.0,0.0,16.0,311.4833333333334,946.5750000000002,0.0,0.0,2.0,14.400000000000002,0.0,10.666666666666668,21.060000000000002,227.52000000000004,0.0,0.0,101.25000000000001,79.50000000000001,0.0,0.0,15.900000000000002,0.0,14.1875,4.0,22.525000000000006,0.02,0.0,5.333333333333333,0.0,0.03,0.0,176.78571428571433,0.0,123.90000000000002,1.5,0.0,121.20000000000002,116.70000000000002,28.740000000000002,0.0,0.2857142857142857,0.0,10.625,1324.8000000000002,0.0,42.300000000000004,0.04,8.533333333333333,430.6500000000001,0.0,0.01,8.899048433885268,36.0,66.0,13832930.700000001,17.599365999682906,0.0
May-21,6.0,14.0,0.0,2.0,5.0,1.0,0.0,4.0,1.0,21.0,1.0,1.0,4.0,2.0,1.0,0.0,0.0,2.0,6.0,1.0,1.0,0.0,0.0,5.0,0.0,1.0,1.0,6.0,0.0,0.0,0.0,1.0,1.0,4.0,7.0,1.0,3.0,1.0,2.0,4.0,0.0,1.0,2.0,0.0,3.0,1.0,2.0,2.0,6.0,0.0,0.0,76.60000000000001,29.0,54.24000000000001,0.0,0.0,0.0,2.0,0.0,46.0,0.0,4.0,1.0,0.0,0.0,93.09,0.0,1.0,0.0,18.0,2.0,35.800000000000004,1.0,3.0,4.0,7.0,136.3,12.0,4.0,0.0,4.0,0.0,3.0,0.0,5.0,5.0,2.0,0.0,1.0,5.0,0.0,0.0,1.0,2.0,30.0,22.0,12.9,2.0,0.0,3.0,0.0,0.0,0.0,10.0,1.0,13.0,29.0,0.0,89.00000000000001,2.0,0.0,0.0,0.0,0.0,2.0,0.0,35.5,48.0,1.0,0.0,55.0,0.0,4.0,13.0,0.0,2.0,8.0,17.0,8.0,114.7,0.0,5.0,1.0,7.0,0.0,3.0,21.0,266.98571430000004,1893.1500000000003,0.0,0.02,5.0,4.800000000000001,0.0,10.666666666666668,27.900000000000006,298.62000000000006,15.966666666666669,1.0,81.00000000000001,26.500000000000007,10.75,0.0,0.0,2.0,16.0625,2.0,22.525000000000006,0.0,0.0,13.333333333333332,0.0,0.01,16.666666666666668,212.14285714285717,0.0,0.0,0.0,1.0,30.300000000000004,116.70000000000002,100.59000000000002,65.7,0.4285714285714285,139.87500000000003,21.25,1766.4000000000003,0.0,14.100000000000001,0.02,0.0,645.9750000000001,67.20000000000002,0.02,8.827614750837508,49.800000000000004,70.0,16789395.300000004,17.801530586534387,0.02
Jun-21,11.0,12.0,1.0,3.0,3.0,1.0,0.0,1.0,0.0,6.0,0.0,0.0,7.0,1.0,1.0,0.0,1.0,0.0,3.0,4.0,3.0,1.0,0.0,1.0,1.0,2.0,1.0,3.0,0.0,0.0,2.0,0.0,1.0,6.0,2.0,1.0,2.0,0.0,1.0,2.0,0.0,4.0,0.0,9.0,6.0,1.0,1.0,0.0,7.0,0.0,0.0,74.2,33.515,68.94,0.0,0.0,5.0,0.0,0.0,44.2,0.0,2.0,2.0,0.0,0.0,81.39,0.0,0.0,3.0,12.0,0.0,47.2,1.0,6.0,13.0,10.0,125.50000000000001,18.0,1.0,1.0,2.0,0.0,3.0,0.0,6.0,5.0,2.0,0.0,0.0,4.0,0.0,0.0,1.0,13.0,25.0,29.8,13.5,3.0,1.0,3.0,0.0,1.0,1.0,13.0,2.0,17.0,24.0,0.0,73.4,1.0,7.0,0.0,0.0,0.0,1.0,0.0,31.900000000000002,62.0,0.0,1.0,65.0,0.0,6.0,10.0,0.0,3.0,10.0,29.0,7.0,118.30000000000001,5.0,5.0,1.0,10.0,0.0,3.0,6.0,489.4738095238097,1622.7000000000003,0.01,0.03,3.0,4.800000000000001,0.0,2.666666666666667,0.0,85.32000000000001,0.0,0.0,141.75000000000003,214.50000000000003,10.75,0.0,15.900000000000002,0.0,10.4375,8.0,67.57500000000002,0.01,0.0,2.6666666666666665,0.01,0.02,16.666666666666668,106.07142857142858,0.0,0.0,3.0,0.0,30.300000000000004,175.05000000000004,28.740000000000002,65.7,0.2857142857142857,0.0,10.625,883.2000000000002,0.0,56.400000000000006,0.0,23.040000000000003,1291.9500000000003,67.20000000000002,0.01,9.927252906,27.0,76.0,20685894.6,18.017640358826053,0.0
Jul-21,8.0,10.0,0.0,0.0,5.0,1.0,0.0,5.0,1.0,6.0,0.0,0.0,4.0,1.0,0.0,0.0,3.0,1.0,0.0,2.0,1.0,0.0,0.0,1.0,1.0,2.0,1.0,2.0,0.0,1.0,4.0,2.0,0.0,3.0,3.0,0.0,0.0,0.0,3.0,3.0,0.0,5.0,0.0,5.0,4.0,3.0,1.0,0.0,9.0,0.0,0.0,69.4,24.0,49.440000000000005,0.0,0.0,7.0,0.0,0.0,44.2,0.0,2.0,2.0,0.0,0.0,78.99000000000001,0.0,1.0,3.0,16.0,0.0,40.0,1.0,5.0,7.0,8.0,123.4,10.0,4.0,1.0,0.0,0.0,5.0,1.0,7.0,6.0,0.0,0.0,0.0,3.0,1.0,0.0,0.0,8.0,14.0,26.0,12.0,0.0,0.0,3.0,0.0,0.0,1.0,18.0,1.0,7.0,29.0,1.0,88.70000000000002,0.0,0.0,0.0,0.0,0.0,2.0,0.0,37.6,59.0,0.0,0.0,48.0,0.0,8.0,11.0,2.0,9.0,8.0,24.0,5.0,119.80000000000001,1.0,2.0,3.0,13.0,0.0,5.0,6.0,355.9809523809525,1352.2500000000002,0.0,0.0,5.0,4.800000000000001,0.0,13.333333333333336,10.530000000000001,85.32000000000001,0.0,0.0,81.00000000000001,13.250000000000004,0.0,0.0,47.70000000000001,1.0,0.0,4.0,22.525000000000006,0.0,0.0,2.6666666666666665,0.01,0.02,16.666666666666668,70.71428571428572,0.0,17.700000000000003,6.0,2.0,0.0,87.52500000000002,43.11,0.0,0.0,0.0,17.0,1324.8000000000002,0.0,70.50000000000001,0.0,12.799999999999999,861.3000000000002,201.60000000000002,0.01,9.314339961994667,33.0,83.25,21731932.200000003,18.06850001445732,0.0
Aug-21,4.0,8.0,0.0,1.0,2.0,5.0,2.0,8.0,1.0,6.0,0.0,2.0,1.0,1.0,0.0,0.0,1.0,0.0,7.0,3.0,2.0,0.0,0.0,3.0,3.0,0.0,1.0,4.0,0.0,1.0,2.0,1.0,4.0,5.0,5.0,0.0,0.0,1.0,0.0,8.0,0.0,1.0,0.0,3.0,1.0,5.0,1.0,2.0,5.0,0.0,0.0,65.2,25.0,53.040000000000006,0.0,1.0,2.0,0.0,0.0,43.3,0.0,0.0,1.0,1.0,0.0,83.49000000000001,0.0,0.0,0.0,17.0,0.0,35.2,3.0,3.0,3.0,5.0,112.9,20.0,1.0,0.0,3.0,1.0,4.0,1.0,9.0,6.0,4.0,0.0,0.0,2.0,0.0,1.0,0.0,16.0,18.0,31.0,12.600000000000001,2.0,0.0,0.0,0.0,0.0,0.0,19.0,0.0,12.0,33.0,0.0,73.4,0.0,0.0,0.0,0.0,1.0,0.0,0.0,34.900000000000006,51.0,0.0,0.0,51.0,0.0,4.0,8.0,1.0,10.0,3.0,19.0,8.0,116.5,3.0,1.0,5.0,3.0,0.0,1.0,6.0,177.99047619047624,1081.8000000000002,0.0,0.01,2.0,24.000000000000004,18.300000000000004,16.0,10.530000000000001,85.32000000000001,0.0,2.0,20.250000000000004,13.250000000000004,0.0,0.0,15.900000000000002,0.0,13.125000000000002,6.0,45.05000000000001,0.0,0.0,8.0,0.03,0.0,16.666666666666668,141.42857142857144,0.0,17.700000000000003,3.0,1.0,121.20000000000002,145.87500000000003,71.85000000000001,0.0,0.0,139.87500000000003,0.0,3532.8000000000006,0.0,14.100000000000001,0.0,7.6800000000000015,215.32500000000005,336.00000000000006,0.01,8.966866554188723,35.0,74.25,22214028.900000002,18.09109681636289,0.02
Sep-21,15.0,5.0,0.0,2.0,6.0,1.0,0.0,1.0,2.0,14.0,3.0,4.0,2.0,1.0,0.0,0.0,2.0,0.0,5.0,2.0,0.0,0.0,0.0,2.0,0.0,3.0,0.0,7.0,0.0,0.0,2.0,0.0,4.0,6.0,2.0,0.0,1.0,0.0,1.0,1.0,0.0,1.0,3.0,7.0,1.0,1.0,1.0,2.0,8.0,0.0,0.0,74.80000000000001,18.0,51.84,0.0,0.0,3.0,0.0,0.0,46.900000000000006,0.0,1.0,4.0,1.0,0.0,86.19,0.0,0.0,2.0,10.0,0.0,34.6,3.0,3.0,19.0,9.0,128.5,20.0,0.0,0.0,2.0,1.0,6.0,0.0,4.0,11.0,2.0,0.0,1.0,2.0,0.0,0.0,0.0,15.05,31.0,37.0,12.0,2.0,0.0,6.0,0.0,1.0,0.0,16.0,0.0,9.0,26.0,0.0,79.10000000000001,3.0,3.0,0.0,0.0,0.0,0.0,0.0,40.300000000000004,43.0,0.0,0.0,61.0,0.0,7.0,14.0,1.0,11.0,4.0,20.0,2.0,125.2,2.0,2.0,7.0,7.0,0.0,0.0,14.0,667.4642857142859,676.1250000000001,0.0,0.02,6.0,4.800000000000001,0.0,2.666666666666667,21.060000000000002,199.08000000000004,47.900000000000006,4.0,40.50000000000001,13.250000000000004,0.0,0.0,31.800000000000004,0.0,9.375000000000002,4.0,1.0,0.0,0.0,5.333333333333333,0.0,0.03,0.0,247.50000000000003,0.0,0.0,3.0,0.0,121.20000000000002,175.05000000000004,28.740000000000002,0.0,0.1428571428571428,0.0,10.625,441.6000000000001,0.0,14.100000000000001,0.03,17.92,215.32500000000005,67.20000000000002,0.01,7.867488568699128,27.0,69.0,17020563.900000002,17.81574116129111,0.02
Oct-21,6.0,14.0,0.0,1.0,0.0,3.0,0.0,3.0,0.0,11.0,0.0,6.0,4.0,1.0,0.0,1.0,1.0,4.0,3.0,0.0,1.0,0.0,0.0,1.0,0.0,0.0,2.0,8.0,1.0,2.0,2.0,0.0,2.0,5.0,10.0,0.0,1.0,0.0,0.0,6.0,1.0,6.0,0.0,5.0,1.0,0.0,3.0,2.0,8.0,1.0,0.0,67.9,27.0,49.14,1.0,0.0,3.0,1.0,0.0,47.5,2.0,1.0,1.0,0.0,0.0,92.49000000000001,0.0,1.0,0.0,20.0,0.0,48.7,4.0,6.0,12.0,8.0,142.0,14.0,2.0,0.0,0.0,0.0,1.0,0.0,7.0,6.0,2.0,0.0,0.0,2.0,0.0,0.0,0.0,11.0,26.0,27.0,13.0,3.0,0.0,2.0,0.0,1.0,0.0,14.0,1.0,16.0,32.0,4.0,72.5,3.0,5.0,0.0,0.0,1.0,1.0,0.0,38.2,62.0,0.0,0.0,61.0,0.0,12.0,9.0,1.0,12.0,11.0,22.0,4.0,119.2,2.0,12.0,3.0,10.0,0.0,2.0,11.0,266.98571430000004,1893.1500000000003,0.0,0.01,0.0,14.400000000000002,0.0,8.0,0.0,156.42000000000002,0.0,6.0,81.00000000000001,13.250000000000004,0.0,0.01,15.900000000000002,4.0,5.625000000000001,0.0,23.225000000000005,0.0,0.0,2.6666666666666665,0.0,0.0,10.000000000000002,282.8571428571429,0.01,35.400000000000006,3.0,0.0,60.60000000000001,145.87500000000003,143.70000000000002,0.0,0.1428571428571428,0.0,0.0,2649.6000000000004,7.650000000000001,84.60000000000001,0.0,12.799999999999999,215.32500000000005,0.0,0.03,8.646113971483077,44.0,76.0,17423577.900000002,17.840042662930745,0.02
Nov-21,9.0,9.0,0.0,3.0,4.0,4.0,0.0,3.0,8.0,4.0,0.0,0.0,2.0,4.0,1.0,0.0,1.0,0.0,9.0,1.0,7.0,0.0,0.0,1.0,2.0,2.0,1.0,9.0,0.0,1.0,0.0,0.0,5.0,3.0,4.0,0.0,1.0,5.0,0.0,5.0,0.0,4.0,0.0,4.0,2.0,3.0,2.0,0.0,18.0,1.0,0.0,71.80000000000001,23.0,53.64,1.0,0.0,2.0,0.0,0.0,58.300000000000004,1.0,0.0,0.0,0.0,0.0,90.99000000000001,0.0,1.0,1.0,22.0,1.0,46.0,2.0,2.0,5.0,10.0,150.10000000000002,21.0,3.0,0.0,0.0,0.0,2.0,0.0,8.0,4.0,2.0,0.0,1.0,2.0,0.0,0.0,0.0,17.3,29.0,24.0,17.0,3.0,0.0,2.0,0.0,0.0,0.0,18.0,0.0,21.0,20.0,4.0,75.5,3.0,7.0,0.0,0.0,1.0,1.0,0.0,32.5,58.0,0.0,0.0,45.0,0.0,9.0,8.0,1.0,6.0,10.0,17.0,2.0,143.5,4.0,3.0,0.0,9.0,0.0,1.0,4.0,400.4785714285715,1217.025,0.0,0.03,4.0,19.200000000000003,0.0,8.0,84.24000000000001,56.88000000000001,0.0,0.0,40.50000000000001,53.000000000000014,10.75,0.0,15.900000000000002,0.0,16.875000000000004,2.0,158.37500000000003,0.0,0.0,2.6666666666666665,0.02,0.02,5.000000000000001,318.2142857142858,0.0,17.700000000000003,0.0,0.0,151.50000000000003,87.52500000000002,57.480000000000004,0.0,0.1428571428571428,699.3750000000001,0.0,2208.0000000000005,0.0,56.400000000000006,0.0,10.240000000000002,430.6500000000001,201.60000000000002,0.02,8.290794347381356,26.0,65.0,17329628.400000002,17.83443012472782,0.0
Dec-21,26.0,3.0,0.0,1.0,0.0,1.0,0.0,3.0,0.0,14.0,4.0,1.0,12.0,5.0,1.0,0.0,3.0,0.0,19.0,0.0,7.0,0.0,0.0,0.0,3.0,3.0,1.0,18.0,0.0,7.0,1.0,0.0,3.0,6.0,2.0,2.0,1.0,6.0,0.0,1.0,0.0,18.0,0.0,10.3,13.0,1.0,2.0,4.0,17.0,0.0,0.0,82.60000000000001,27.0,57.24000000000001,0.0,2.0,10.100000000000001,1.0,0.0,50.5,0.0,0.0,9.0,0.0,0.0,103.89000000000001,0.0,1.0,0.0,21.0,1.0,53.50000000000001,5.0,4.0,9.0,3.0,150.40000000000003,13.0,0.0,2.0,2.0,0.0,2.0,0.0,6.0,5.0,1.0,0.0,0.0,9.0,0.0,2.0,0.0,35.60000000000001,32.0,33.6,20.0,2.0,0.0,1.0,1.0,2.0,0.0,35.0,1.0,14.0,28.0,0.0,86.9,1.0,9.0,0.0,0.0,0.0,16.0,0.0,38.5,67.3,1.0,0.0,55.0,0.0,4.0,12.0,0.0,12.0,8.0,22.0,7.0,134.2,3.0,3.0,4.0,8.0,0.0,1.0,12.0,1156.9380952380955,405.67500000000007,0.0,0.01,0.0,4.800000000000001,0.0,8.0,0.0,199.08000000000004,63.866666666666674,1.0,243.00000000000003,66.25000000000001,10.75,0.0,47.70000000000001,0.0,35.62500000000001,0.0,158.37500000000003,0.0,0.0,0.0,0.03,0.03,5.000000000000001,5966.100000000001,0.0,123.90000000000002,1.5,0.0,90.90000000000002,175.05000000000004,28.740000000000002,131.4,0.1428571428571428,839.2500000000001,0.0,441.6000000000001,0.0,253.80000000000004,0.0,64.0,2799.2250000000004,67.20000000000002,0.02,7.945555428253489,35.3,61.0,20381277.300000004,18.002329768516848,0.04
Jan-22,7.0,9.0,0.0,0.0,1.0,1.0,0.0,0.0,0.0,4.0,0.0,1.0,5.0,2.0,2.0,0.0,1.0,0.0,15.0,4.0,2.0,0.0,0.0,3.0,2.0,5.0,7.0,7.0,0.0,0.0,1.0,0.0,1.0,10.0,1.0,0.0,2.0,1.0,1.0,3.0,0.0,5.0,0.0,4.0,5.0,1.0,2.0,3.0,12.0,0.0,0.0,126.70000000000002,37.0,92.04000000000002,2.0,3.0,5.0,1.0,0.0,97.9,0.0,1.0,4.0,3.0,0.0,143.49,0.0,0.0,4.0,25.85,0.0,61.900000000000006,1.0,4.0,9.0,14.0,261.1,20.0,4.0,2.0,3.0,4.0,1.0,0.0,11.0,5.0,5.0,0.0,0.0,10.0,0.0,0.0,0.0,191.30000000000004,33.65,39.0,24.0,0.0,1.0,2.0,0.0,1.0,0.0,24.0,0.0,22.0,32.0,0.0,164.00000000000003,1.0,2.0,0.0,1.0,1.0,2.0,0.0,53.5,76.0,0.0,1.0,65.9,0.0,1.0,24.0,1.0,7.0,6.0,28.5,11.0,170.8,1.0,11.0,4.0,17.0,0.0,2.0,4.0,311.4833333333334,1217.025,0.0,0.0,1.0,4.800000000000001,0.0,19.0,0.0,13.800000000000002,0.0,1.0,101.25000000000001,26.500000000000007,1.0,0.0,15.900000000000002,0.0,1.0,8.0,34.00000000000001,35.7,70.20000000000002,13.0,0.02,0.05,35.000000000000014,43.800000000000004,0.0,2.0,1.5,0.0,30.300000000000004,291.75000000000006,14.370000000000001,0.0,0.2857142857142857,270.00000000000006,10.625,1324.8000000000002,0.0,70.50000000000001,0.0,10.240000000000002,1076.6250000000002,67.20000000000002,0.02,8.146419323098003,36.8,67.9,19351890.900000002,17.948784637099994,0.03
Feb-22,19.0,11.0,1.0,1.0,2.0,4.0,1.0,8.0,1.0,10.3,0.0,4.0,6.0,0.0,1.0,5.0,5.0,0.0,2.0,4.0,3.0,0.0,1.0,12.0,0.0,0.0,0.0,16.0,0.0,0.0,1.0,5.0,3.0,10.0,6.0,1.0,3.0,0.0,2.0,6.0,0.0,3.0,1.0,5.0,2.0,6.0,5.0,0.0,12.0,0.0,2.0,65.2,17.0,50.34,0.0,1.0,2.0,0.0,0.0,45.400000000000006,0.0,0.0,4.0,6.0,0.0,84.69,0.0,0.0,1.0,12.0,1.0,34.6,2.0,3.0,6.0,6.0,122.80000000000001,11.0,1.0,0.0,4.0,3.0,4.0,0.0,4.0,11.0,1.0,0.0,0.0,1.0,0.0,0.0,0.0,25.400000000000002,26.0,28.5,17.0,1.0,0.0,6.0,0.0,1.0,0.0,19.0,1.0,12.0,20.0,0.0,79.70000000000002,2.0,0.0,0.0,1.0,0.0,0.0,0.0,30.700000000000003,49.0,1.0,0.0,46.0,0.0,5.0,7.0,0.0,8.0,5.0,10.0,2.0,115.6,3.0,1.0,2.0,4.0,0.0,0.0,10.3,845.4547619047622,1487.4750000000001,0.01,0.01,2.0,19.200000000000003,9.150000000000002,21.333333333333336,10.530000000000001,355.50000000000006,0.0,4.0,121.50000000000001,0.0,10.75,0.05,79.50000000000001,0.0,12.5,8.0,68.27500000000002,0.0,0.01,12.400000000000002,0.0,0.0,0.0,565.7142857142858,0.0,0.0,1.5,5.0,90.90000000000002,291.75000000000006,86.22,65.7,0.4285714285714285,0.0,6.375000000000001,2649.6000000000004,0.0,42.300000000000004,0.01,12.799999999999999,430.6500000000001,403.20000000000005,0.05,9.936390272211836,32.0,64.9,18678436.500000004,17.912135584616305,0.0
Mar-22,10.0,7.0,0.0,3.0,3.0,1.0,0.0,3.0,0.0,9.0,0.0,0.0,11.0,2.0,0.0,0.0,1.0,0.0,1.0,7.0,0.0,0.0,1.0,5.0,0.0,0.0,0.0,5.0,0.0,6.0,6.0,12.0,4.0,4.0,1.0,1.0,0.0,1.0,3.0,3.0,0.0,20.0,0.0,8.0,4.0,1.0,3.0,1.0,15.0,0.0,2.0,74.2,28.0,59.940000000000005,0.0,1.0,5.0,2.0,0.0,40.3,0.0,0.0,5.0,4.0,0.0,88.59,0.0,0.0,0.0,9.0,0.0,46.900000000000006,3.0,7.0,2.0,7.0,140.8,18.0,4.0,0.0,1.0,5.0,5.0,1.0,3.0,7.0,4.0,0.0,2.0,1.0,0.0,0.0,0.0,42.2,24.0,33.0,27.0,1.0,1.0,6.0,0.0,0.0,0.0,20.0,1.0,12.0,30.0,0.0,77.30000000000001,3.0,2.0,0.0,0.0,2.0,0.0,0.0,37.6,60.0,1.0,0.0,59.0,0.0,1.0,11.0,0.0,7.0,4.0,27.0,8.0,120.4,1.0,2.0,1.0,2.0,0.0,3.0,9.0,444.9761904761906,946.5750000000002,0.0,0.03,3.0,4.800000000000001,0.0,8.0,0.0,127.98000000000003,0.0,0.0,222.75000000000003,26.500000000000007,0.0,0.0,15.900000000000002,0.0,91.65625000000001,14.0,0.0,0.0,0.01,13.333333333333332,0.0,0.0,0.0,176.78571428571433,0.0,106.20000000000002,9.0,12.0,121.20000000000002,116.70000000000002,14.370000000000001,65.7,0.0,139.87500000000003,9.562500000000002,1324.8000000000002,0.0,282.00000000000006,0.0,20.480000000000004,861.3000000000002,67.20000000000002,0.03,10.269795945443098,27.0,58.0,16087050.300000003,17.757073530505128,0.01
Apr-22,5.0,8.0,1.0,5.0,1.0,7.0,0.0,0.0,1.0,11.0,0.0,1.0,2.0,1.0,2.0,0.0,1.0,1.0,0.0,0.0,0.0,0.0,0.0,1.0,0.0,1.0,7.0,21.0,0.0,3.0,0.0,3.0,0.0,1.0,9.0,0.0,3.0,1.0,1.0,3.0,0.0,1.0,2.0,1.0,2.0,4.0,3.0,0.0,14.0,2.0,2.0,75.4,23.0,51.24000000000001,0.0,0.0,3.0,0.0,0.0,44.2,0.0,1.0,0.0,3.0,0.0,85.29,0.0,0.0,0.0,14.0,0.0,37.0,3.0,1.0,4.0,7.0,128.20000000000002,20.0,2.0,0.0,3.0,3.0,5.0,0.0,11.0,8.0,3.0,0.0,0.0,2.0,0.0,0.0,0.0,41.300000000000004,36.0,30.0,22.0,1.0,0.0,4.0,0.0,1.0,0.0,19.0,1.0,14.0,24.0,0.0,77.0,1.0,6.0,0.0,0.0,2.0,2.0,0.0,33.400000000000006,56.0,0.0,0.0,46.0,0.0,6.0,11.0,1.0,5.0,11.0,15.0,7.0,128.8,6.0,4.0,9.0,2.0,0.0,1.0,11.0,222.4880952380953,1081.8000000000002,0.01,0.05,1.0,33.60000000000001,0.0,0.0,10.530000000000001,156.42000000000002,0.0,1.0,40.50000000000001,13.250000000000004,6.450000000000001,0.0,15.900000000000002,1.0,0.0,0.0,0.0,0.0,0.0,2.6666666666666665,0.0,0.01,35.000000000000014,742.5000000000001,0.0,53.10000000000001,0.0,3.0,0.0,29.175000000000004,129.33,0.0,0.4285714285714285,139.87500000000003,3.1875000000000004,1324.8000000000002,0.0,14.100000000000001,0.02,8.533333333333333,430.6500000000001,268.80000000000007,0.03,8.822027322685583,36.6,71.0,16637826.000000002,17.792102377821145,0.0
May-22,11.900000000000002,14.0,1.0,1.0,5.0,3.0,0.0,3.0,1.0,3.0,0.0,5.0,8.0,9.0,2.0,0.0,2.0,0.0,3.0,1.0,0.0,0.0,0.0,0.0,1.0,3.0,0.0,20.0,0.0,0.0,1.0,4.0,2.0,3.0,1.0,0.0,1.0,1.0,1.0,6.0,0.0,2.0,0.0,5.0,1.0,2.0,0.0,1.0,13.0,0.0,3.0,79.0,24.0,51.84,0.0,0.0,3.0,1.0,0.0,42.7,1.0,0.0,2.0,4.0,0.0,86.49000000000001,0.0,0.0,1.0,23.0,0.0,39.400000000000006,1.0,8.0,7.0,6.0,135.10000000000002,21.0,4.0,0.0,7.0,5.0,1.0,0.0,3.0,9.0,2.0,0.0,0.0,3.0,0.0,0.0,1.0,42.5,34.0,39.0,26.0,0.0,1.0,9.0,0.0,2.0,0.0,17.0,0.0,15.0,27.0,2.0,78.20000000000002,2.0,1.0,1.0,0.0,1.0,1.0,0.0,37.300000000000004,62.0,0.0,0.0,53.0,0.0,2.0,4.0,0.0,6.0,10.0,16.0,10.0,118.6,2.0,3.0,2.0,9.0,0.0,1.0,3.0,1245.9333333333336,1893.1500000000003,0.01,0.01,5.0,14.400000000000002,0.0,8.0,10.530000000000001,42.660000000000004,0.0,5.0,162.00000000000003,119.25000000000003,6.450000000000001,0.0,31.800000000000004,0.0,18.75,2.0,0.0,0.0,0.0,0.0,0.01,0.03,0.0,102.30000000000001,0.0,0.0,1.5,4.0,60.60000000000001,87.52500000000002,14.370000000000001,0.0,0.1428571428571428,139.87500000000003,3.1875000000000004,2649.6000000000004,0.0,28.200000000000003,0.0,18.773333333333333,215.32500000000005,134.40000000000003,0.0,8.791029857045965,45.0,76.665,19380213.900000002,17.95029691443967,0.01
Jun-22,9.0,21.0,0.0,1.0,2.0,5.0,0.0,8.0,9.0,11.0,0.0,1.0,3.0,1.0,1.0,1.0,1.0,0.0,1.0,3.0,0.0,0.0,0.0,2.0,0.0,4.0,6.0,10.0,0.0,0.0,2.0,2.0,0.0,2.0,6.0,0.0,0.0,0.0,1.0,4.0,0.0,0.0,0.0,2.0,0.0,5.0,6.0,0.0,14.0,0.0,1.0,95.80000000000001,33.6,62.64000000000001,0.0,1.0,5.0,7.0,0.0,43.0,0.0,1.0,2.0,7.0,0.0,93.99000000000001,0.0,0.0,1.0,22.0,0.0,48.400000000000006,0.0,2.0,6.0,5.0,136.9,14.0,1.0,1.0,1.0,4.0,3.0,0.0,5.0,5.0,0.0,0.0,0.0,2.0,1.0,0.0,0.0,68.0,28.0,42.0,25.0,7.0,0.0,6.0,0.0,3.0,0.0,16.0,0.0,13.0,26.0,0.0,93.80000000000001,2.0,0.0,0.0,0.0,2.0,2.0,0.0,38.2,59.0,0.0,0.0,62.0,0.0,4.0,11.0,4.0,9.0,4.0,28.0,8.0,128.2,4.0,4.0,5.0,13.0,0.0,2.0,11.0,400.4785714285715,2839.7250000000004,0.0,0.01,2.0,24.000000000000004,0.0,21.333333333333336,94.77000000000002,156.42000000000002,0.0,1.0,60.75000000000001,13.250000000000004,3.2250000000000005,0.01,15.900000000000002,0.0,6.25,6.0,0.0,0.0,0.0,5.333333333333333,0.0,0.04,30.000000000000004,238807.80000000005,0.0,0.0,3.0,2.0,0.0,58.35000000000001,86.22,0.0,0.0,0.0,3.1875000000000004,1766.4000000000003,0.0,0.0,0.0,17.066666666666666,0.0,336.00000000000006,0.06,8.499232866039245,30.0,76.36500000000001,30574032.900000006,18.418568234174003,0.0
Jul-22,7.0,19.0,0.0,2.0,2.0,5.0,0.0,7.0,2.0,14.0,1.0,0.0,5.0,0.0,1.0,0.0,3.0,1.0,1.0,2.0,1.0,1.0,0.0,0.0,2.0,0.0,0.0,6.0,5.0,2.0,5.0,3.0,2.0,8.3,7.0,1.0,5.0,0.0,0.0,5.0,0.0,3.0,1.0,4.0,0.0,5.0,1.0,1.0,17.0,0.0,2.0,71.5,21.0,51.24000000000001,0.0,0.0,3.0,0.0,0.0,52.6,0.0,1.0,4.0,1.0,0.0,84.39,0.0,0.0,0.0,6.0,0.0,36.1,0.0,7.0,4.0,10.0,142.0,12.0,3.0,0.0,8.0,5.0,8.0,1.0,4.0,9.0,6.0,0.0,0.0,2.0,0.0,0.0,1.0,47.900000000000006,34.0,33.0,19.0,0.0,0.0,9.0,0.0,1.0,0.0,11.0,0.0,17.0,31.0,1.0,81.20000000000002,4.0,0.0,0.0,0.0,0.0,0.0,0.0,32.2,60.0,1.0,0.0,41.0,0.0,4.0,6.0,1.0,7.0,6.0,17.0,6.0,125.5,3.0,22.0,5.0,5.0,0.0,0.0,14.0,311.4833333333334,2569.2750000000005,0.0,0.02,2.0,24.000000000000004,0.0,18.666666666666668,21.060000000000002,199.08000000000004,15.966666666666669,0.0,101.25000000000001,0.0,3.2250000000000005,0.0,47.70000000000001,1.0,6.25,4.0,22.525000000000006,0.01,0.0,0.0,0.02,0.0,0.0,212.14285714285717,0.05,35.400000000000006,7.5,3.0,60.60000000000001,671.0250000000001,100.59000000000002,65.7,0.7142857142857142,0.0,0.0,2208.0000000000005,0.0,1.0,0.01,34.13333333333333,0.0,336.00000000000006,0.01,8.397057390176256,34.8,80.565,31811177.400000006,18.45906252,0.01
Aug-22,8.0,13.0,0.0,0.0,3.0,6.0,0.0,3.0,6.0,12.0,1.0,0.0,3.0,1.0,1.0,0.0,2.0,1.0,7.0,1.0,2.0,0.0,0.0,6.0,0.0,2.0,0.0,4.0,0.0,0.0,3.0,2.0,9.0,5.0,3.0,1.0,2.0,1.0,0.0,12.0,0.0,2.0,0.0,4.0,4.0,0.0,1.0,1.0,10.0,0.0,1.0,76.0,32.0,54.84,1.0,2.0,0.0,0.0,0.0,44.2,0.0,2.0,2.0,3.0,0.0,80.79,1.0,0.0,1.0,14.0,1.0,37.900000000000006,0.0,7.0,6.0,6.0,130.9,11.0,3.0,0.0,5.0,5.0,5.0,0.0,5.0,8.0,1.0,0.0,0.0,0.0,0.0,0.0,0.0,67.10000000000001,20.0,29.0,25.0,8.0,0.0,13.0,0.0,0.0,1.0,12.0,2.0,9.0,29.0,1.0,72.20000000000002,0.0,1.0,0.0,1.0,0.0,2.0,0.0,33.1,66.0,0.0,0.0,48.5,0.0,3.0,7.0,2.0,10.0,17.0,25.0,13.0,125.5,3.0,9.650000000000002,10.0,4.0,0.0,1.0,12.0,355.9809523809525,1757.9250000000002,0.0,0.0,3.0,28.800000000000004,0.0,8.0,63.18000000000001,170.64000000000001,15.966666666666669,0.0,60.75000000000001,13.250000000000004,3.2250000000000005,0.0,31.800000000000004,1.0,17.5,2.0,45.05000000000001,0.0,0.0,16.0,0.0,0.02,0.0,141.42857142857144,0.0,0.0,4.5,2.0,272.70000000000005,145.87500000000003,43.11,65.7,0.2857142857142857,139.87500000000003,0.0,5299.200000000001,0.0,28.900000000000006,0.0,34.13333333333333,861.3000000000002,0.0,0.01,12.01192341678048,26.0,81.465,30673076.400000006,18.421871205072257,0.01
Sep-22,10.0,12.0,0.0,2.0,4.0,3.0,0.0,2.0,0.0,6.0,0.0,1.0,9.0,0.0,1.0,12.0,2.0,0.0,3.0,0.0,4.0,0.0,0.0,16.0,0.0,0.0,0.0,6.0,0.0,7.0,4.0,5.0,3.0,5.0,4.0,0.0,1.0,0.0,0.0,1.0,0.0,0.0,3.0,6.0,2.0,1.0,4.0,1.0,8.0,0.0,1.0,71.5,19.0,54.24000000000001,1.0,0.0,1.0,0.0,0.0,46.6,0.0,2.0,1.0,1.0,1.0,85.59,0.0,0.0,0.0,15.0,0.0,45.7,0.0,2.0,5.0,4.0,133.3,17.900000000000002,3.0,0.0,4.0,4.0,0.0,1.0,11.0,5.0,5.0,0.0,0.0,3.0,0.0,0.0,0.0,98.60000000000001,30.0,44.0,14.0,4.0,1.0,8.0,0.0,3.0,0.0,14.0,1.0,10.0,23.0,0.0,83.30000000000001,0.0,2.0,0.0,1.0,3.0,2.0,0.0,36.1,75.0,0.0,0.0,45.8,0.0,4.0,8.0,0.0,17.0,5.0,23.0,3.0,126.7,2.0,5.0,15.0,6.0,0.0,0.0,6.0,444.9761904761906,1622.7000000000003,0.0,0.02,4.0,14.400000000000002,0.0,5.333333333333334,0.0,37.800000000000004,0.0,1.0,182.25000000000003,0.0,3.2250000000000005,0.12,31.800000000000004,0.0,10.0,0.0,90.10000000000002,35.7,0.0,15.6,0.0,0.0,0.0,212.14285714285717,0.0,123.90000000000002,6.0,5.0,90.90000000000002,145.87500000000003,57.480000000000004,0.0,0.1428571428571428,0.0,0.0,441.6000000000001,0.0,0.0,0.03,29.09866666666667,430.6500000000001,67.20000000000002,0.04,9.134107065976591,30.0,81.165,31566823.800000004,18.45119321751841,0.01
Oct-22,10.0,16.0,1.0,1.0,0.0,5.0,8.0,5.0,2.0,12.0,0.0,0.0,3.0,2.0,0.0,0.0,0.0,0.0,3.0,1.0,0.0,0.0,0.0,3.0,0.0,1.0,1.0,5.0,0.0,4.0,2.0,2.0,2.0,22.0,8.0,0.0,2.0,0.0,0.0,0.0,1.0,3.0,0.0,3.0,1.0,7.0,16.0,2.0,12.0,0.0,2.0,75.10000000000001,23.0,54.540000000000006,0.0,0.0,3.0,0.0,0.0,52.300000000000004,0.0,0.0,3.0,4.0,1.0,85.89,0.0,0.0,0.0,13.0,0.0,40.6,4.0,6.0,6.0,9.0,144.40000000000003,11.0,1.0,1.0,9.0,3.0,5.0,2.0,3.0,7.0,3.0,0.0,0.0,3.0,0.0,0.0,0.0,81.50000000000001,20.0,35.0,22.0,1.0,2.0,12.0,0.0,0.0,0.0,22.0,0.0,8.0,27.0,1.0,80.9,5.0,5.0,0.0,0.0,0.0,3.0,0.0,37.300000000000004,72.0,1.0,0.0,47.3,0.0,1.0,7.0,1.0,5.0,13.0,14.0,7.0,118.0,7.0,5.0,7.0,6.0,0.0,2.0,12.0,444.9761904761906,2163.6000000000004,0.01,0.01,0.0,24.000000000000004,73.20000000000002,13.333333333333336,21.060000000000002,170.64000000000001,0.0,0.0,60.75000000000001,26.500000000000007,0.0,0.0,0.0,0.0,10.0,2.0,0.0,0.0,0.0,8.0,0.0,0.01,16.666666666666668,176.78571428571433,0.0,70.80000000000001,3.0,2.0,60.60000000000001,641.8500000000001,114.96000000000001,0.0,0.2857142857142857,0.0,0.0,0.0,7.650000000000001,42.300000000000004,0.0,25.6,215.32500000000005,470.4000000000001,0.16,8.924922401177469,43.0,71.86500000000001,18125132.400000002,17.880986348319105,0.02
Nov-22,9.0,24.0,1.0,0.0,0.0,5.0,0.0,5.0,0.0,7.0,1.0,0.0,7.0,0.0,0.0,0.0,2.0,1.0,1.0,3.0,11.0,0.0,1.0,4.0,2.0,1.0,0.0,24.0,0.0,4.0,2.0,0.0,2.0,8.0,2.0,1.0,3.0,0.0,1.0,3.0,0.0,0.0,0.0,4.0,5.0,0.0,0.0,0.0,10.0,0.0,1.0,73.60000000000001,15.0,55.14,0.0,0.0,3.0,1.0,0.0,49.0,0.0,2.0,0.0,4.0,0.0,92.49000000000001,0.0,0.0,2.0,19.0,0.0,49.900000000000006,1.0,3.0,6.0,5.0,141.10000000000002,25.0,1.0,2.0,1.0,4.0,0.0,0.0,6.0,5.0,4.0,0.0,0.0,5.0,0.0,0.0,1.0,86.9,31.0,38.0,19.0,2.0,2.0,11.0,0.0,2.0,0.0,21.0,3.0,12.0,23.0,0.0,89.00000000000001,8.0,13.0,0.0,0.0,3.0,0.0,0.0,37.6,58.0,0.0,0.0,44.6,0.0,3.0,15.0,0.0,11.0,5.0,22.0,2.0,121.9,1.0,9.0,3.0,4.0,0.0,0.0,7.0,400.4785714285715,3245.4000000000005,0.01,0.0,0.0,24.000000000000004,0.0,13.333333333333336,0.0,99.54000000000002,15.966666666666669,0.0,141.75000000000003,0.0,0.0,0.0,120.00000000000001,1.0,6.25,6.0,247.77500000000006,0.0,0.01,10.666666666666666,0.02,0.01,0.0,848.5714285714287,0.0,70.80000000000001,3.0,0.0,60.60000000000001,233.40000000000003,28.740000000000002,65.7,0.4285714285714285,0.0,10.625,1324.8000000000002,0.0,0.0,0.0,34.13333333333333,1076.6250000000002,0.0,0.0,9.125435865,29.0,71.0,14759652.000000002,17.667239228275328,0.0
Dec-22,10.0,26.950000000000003,0.0,0.0,2.0,5.0,9.0,9.0,14.700000000000003,16.900000000000002,4.0,3.0,4.0,6.300000000000001,1.0,0.0,3.0,1.0,13.0,0.0,4.0,1.0,0.0,10.0,15.0,0.0,1.0,24.0,0.0,3.0,0.0,0.0,2.0,26.0,3.0,5.0,6.0,10.0,2.0,2.0,0.0,12.000000000000002,1.0,20.0,9.0,3.0,1.0,2.0,19.0,0.0,2.0,73.60000000000001,21.0,61.74000000000001,1.0,0.0,21.0,1.0,0.0,58.300000000000004,1.0,3.0,1.0,1.0,0.0,94.59,0.0,0.0,1.0,15.0,2.0,60.10000000000001,3.0,3.0,3.0,3.0,148.60000000000002,20.0,7.0,1.0,2.0,5.0,3.0,0.0,11.0,4.0,4.0,0.0,0.0,3.0,0.0,0.0,0.0,144.20000000000002,40.0,52.0,10.0,0.0,0.0,6.0,3.0,0.0,0.0,28.0,0.0,15.0,22.0,0.0,89.00000000000001,10.0,7.0,0.0,2.0,2.0,9.0,0.0,45.7,71.0,1.0,0.0,50.0,0.0,7.0,7.0,2.0,25.0,7.0,21.0,5.0,127.30000000000001,1.0,3.0,5.0,7.0,0.0,9.0,7.0,444.9761904761906,6626.025000000001,0.0,0.0,2.0,24.000000000000004,82.35000000000001,131.73333333333335,515.9700000000001,8.400000000000002,63.866666666666674,3.0,81.00000000000001,136.50000000000003,10.75,0.0,14.700000000000003,1.0,28.750000000000004,0.0,90.10000000000002,0.01,0.0,26.666666666666664,0.15,0.0,16.666666666666668,848.5714285714287,0.0,53.10000000000001,0.0,0.0,60.60000000000001,758.5500000000001,43.11,328.50000000000006,0.8571428571428571,1398.7500000000002,6.375000000000001,883.2000000000002,0.0,564.0000000000001,0.01,73.3312,1937.9250000000002,201.60000000000002,0.01,9.296334565143043,35.9,69.0,13524330.000000002,17.575701536743438,0.02
Jan-23,9.0,14.0,0.0,4.0,2.0,1.0,0.0,4.0,0.0,16.0,0.0,2.0,5.0,2.0,3.0,0.0,3.0,1.0,2.0,1.0,2.0,0.0,3.0,6.0,1.0,0.0,0.0,10.0,0.0,1.0,1.0,1.0,2.0,7.0,6.0,0.0,2.0,1.0,3.0,2.0,0.0,0.0,1.0,5.0,1.0,2.0,2.0,0.0,17.0,0.0,3.0,125.20000000000002,27.6,81.24000000000001,0.0,0.0,9.0,1.0,0.0,110.20000000000002,0.0,1.0,1.0,1.0,0.0,146.19,0.0,0.0,0.0,22.150000000000002,0.0,72.10000000000001,7.0,6.0,9.0,6.0,294.1,22.765,7.0,2.0,2.0,4.0,3.0,0.0,8.0,9.0,7.0,0.0,0.0,6.0,1.0,1.0,0.0,433.1000000000001,37.25,45.95,18.0,5.0,0.0,12.0,0.0,2.0,0.0,34.0,2.0,29.0,30.0,0.0,215.60000000000002,6.0,11.0,0.0,1.0,2.0,1.0,0.0,61.900000000000006,89.65,0.0,0.0,59.885,0.0,4.0,14.8,0.0,16.0,4.0,36.0,8.0,214.3,4.0,6.0,6.0,15.0,0.0,5.0,11.0,400.4785714285715,1893.1500000000003,0.0,0.04,2.0,4.800000000000001,0.0,10.666666666666668,0.0,267.00000000000006,0.0,2.0,101.25000000000001,2800.5000000000005,11.932500000000001,0.0,47.70000000000001,1.0,9.475000000000001,2.0,21.900000000000002,0.0,0.03,6.0,0.01,0.0,0.0,12.300000000000002,0.0,17.700000000000003,1.0,1.0,60.60000000000001,204.22500000000002,4.0,0.0,0.2857142857142857,139.87500000000003,9.562500000000002,883.2000000000002,0.0,0.0,0.01,2.0,95.70000000000002,16.500000000000004,0.02,9.902336890778733,43.7,71.0,8173254.6000000015,17.039163394721022,0.0
Feb-23,12.0,14.0,0.0,1.0,0.0,3.0,0.0,5.0,0.0,11.0,0.0,0.0,4.0,0.0,2.0,4.0,1.0,1.0,3.0,2.0,1.0,1.0,0.0,3.0,1.0,2.0,0.0,5.0,0.0,4.0,1.0,0.0,1.0,7.0,8.0,0.0,4.0,3.0,0.0,0.0,0.0,0.0,0.0,4.0,1.0,1.0,1.0,1.0,14.0,0.0,2.0,69.7,21.0,44.040000000000006,0.0,0.0,4.0,1.0,0.0,48.1,0.0,2.0,5.0,4.0,0.0,92.49000000000001,0.0,0.0,1.0,20.0,0.0,41.2,1.0,2.0,6.0,3.0,123.4,17.965,4.0,0.0,2.0,2.0,3.0,0.0,2.0,7.0,2.0,0.0,0.0,2.0,1.0,0.0,0.0,76.10000000000001,16.0,27.0,10.0,3.0,0.0,9.0,0.0,0.0,1.0,16.0,0.0,12.0,19.0,0.0,90.20000000000002,0.0,0.0,0.0,1.0,2.0,2.0,0.0,40.6,45.0,0.0,0.0,37.0,0.0,2.0,9.0,1.0,13.0,8.0,22.0,4.0,121.30000000000001,2.0,3.0,8.0,6.0,0.0,1.0,11.0,533.9714285714286,1893.1500000000003,0.0,0.01,0.0,14.400000000000002,0.0,13.333333333333336,0.0,156.42000000000002,0.0,0.0,81.00000000000001,0.0,8.707500000000001,0.04,15.900000000000002,1.0,10.0,4.0,22.525000000000006,0.01,0.0,8.0,0.01,0.02,0.0,176.78571428571433,0.0,70.80000000000001,1.5,0.0,30.300000000000004,204.22500000000002,117.76000000000002,0.0,0.5714285714285714,419.62500000000006,0.0,0.0,0.0,0.0,0.0,11.64,215.32500000000005,67.20000000000002,0.01,8.987571750367046,24.0,63.0,15207066.300000003,17.69842910791975,0.01
Mar-23,3.0,14.0,1.0,0.0,4.0,6.0,0.0,3.0,0.0,4.0,0.0,3.0,5.0,0.0,2.0,7.0,0.0,1.0,4.0,9.0,3.0,1.0,0.0,2.0,0.0,2.0,0.0,3.0,0.0,0.0,3.0,2.0,2.0,4.0,0.0,2.0,5.0,0.0,3.0,1.0,1.0,1.0,3.0,2.0,2.0,3.0,1.0,1.0,5.0,1.0,3.0,95.5,27.0,68.94,1.0,0.0,3.0,0.0,0.0,45.7,0.0,3.0,0.0,2.0,1.0,105.39000000000001,0.0,0.0,0.0,26.0,2.0,49.0,2.0,1.0,7.0,3.0,160.60000000000002,20.0,3.0,0.0,4.0,5.0,1.0,0.0,5.0,1.0,5.0,0.0,0.0,1.0,0.0,0.0,1.0,101.90000000000002,34.0,33.3,13.0,1.0,0.0,10.0,0.0,1.0,0.0,25.0,0.0,15.0,17.0,0.0,119.60000000000001,3.0,0.0,0.0,0.0,4.0,1.0,0.0,39.400000000000006,60.0,0.0,0.0,55.0,2.0,3.0,6.0,1.0,5.0,14.0,26.0,4.0,139.9,4.0,5.0,2.0,8.0,0.0,0.0,4.0,133.49285714285716,1893.1500000000003,0.01,0.0,4.0,28.800000000000004,0.0,8.0,0.0,56.88000000000001,0.0,3.0,101.25000000000001,0.0,8.707500000000001,0.07,0.0,1.0,11.875,18.0,67.57500000000002,0.01,0.0,5.333333333333333,16.807000000000006,0.02,0.0,106.07142857142858,0.0,0.0,4.5,2.0,60.60000000000001,116.70000000000002,0.0,131.4,0.7142857142857142,0.0,9.562500000000002,441.6000000000001,7.650000000000001,14.100000000000001,0.03,6.5200000000000005,430.6500000000001,201.60000000000002,0.01,8.973731569708402,20.0,71.7,8777068.200000001,17.116239991373284,0.01
Apr-23,6.0,5.0,0.0,1.0,0.0,3.0,1.0,2.0,1.0,5.0,2.0,3.0,2.0,0.0,2.0,0.0,2.0,0.0,9.0,1.0,0.0,0.0,0.0,3.0,2.0,7.0,2.0,17.0,0.0,0.0,2.0,6.0,6.0,10.0,1.0,0.0,3.0,1.0,1.0,4.0,0.0,1.0,0.0,6.0,2.0,4.0,4.0,1.0,14.0,0.0,2.0,78.4,27.0,54.540000000000006,3.0,0.0,3.0,3.0,0.0,43.6,0.0,2.0,4.0,1.0,0.0,93.09,0.0,0.0,0.0,15.0,1.0,44.800000000000004,5.0,1.0,1.0,5.0,185.8,15.0,2.0,0.0,3.0,0.0,1.0,0.0,7.0,10.0,3.0,0.0,0.0,3.0,0.0,0.0,4.0,85.10000000000001,23.0,36.0,15.0,8.0,0.0,14.0,0.0,0.0,0.0,25.0,0.0,15.0,26.0,0.0,113.90000000000002,3.0,7.0,0.0,0.0,1.0,1.0,0.0,33.7,42.0,0.0,0.0,54.0,0.0,1.0,12.0,4.0,8.0,5.0,23.0,7.0,122.80000000000001,7.0,3.0,4.0,8.0,0.0,4.0,5.0,266.98571430000004,676.1250000000001,0.0,0.01,0.0,14.400000000000002,9.150000000000002,5.333333333333334,10.530000000000001,71.10000000000001,31.933333333333337,3.0,40.50000000000001,0.0,8.707500000000001,0.0,31.800000000000004,0.0,21.25,2.0,0.0,0.0,0.0,8.0,0.02,0.07,10.000000000000002,601.0714285714288,0.0,0.0,3.0,6.0,181.80000000000004,291.75000000000006,14.370000000000001,0.0,0.4285714285714285,139.87500000000003,3.1875000000000004,1766.4000000000003,0.0,14.100000000000001,0.0,16.760000000000005,430.6500000000001,504.6000000000001,0.04,8.809564253,41.900000000000006,67.0,7327592.100000001,16.92013472,0.01
May-23,11.0,8.0,0.0,0.0,0.0,6.0,0.0,6.0,0.0,7.0,0.0,2.0,9.0,1.0,1.0,4.0,0.0,2.0,5.0,1.0,8.0,1.0,0.0,11.0,1.0,5.0,2.0,15.0,0.0,2.0,1.0,1.0,0.0,9.0,5.0,1.0,6.0,20.0,0.0,1.0,1.0,2.0,3.0,3.0,3.0,3.0,2.0,10.0,13.0,0.0,4.0,78.10000000000001,27.0,61.14000000000001,2.0,1.0,6.0,0.0,0.0,50.800000000000004,0.0,1.0,3.0,2.0,0.0,102.39000000000001,0.0,0.0,1.0,19.0,0.0,55.00000000000001,4.0,4.0,3.0,3.0,164.8,18.0,2.0,0.0,1.0,2.0,0.0,2.0,8.0,4.0,1.0,0.0,0.0,4.0,1.0,0.0,1.0,98.90000000000002,42.0,36.0,22.0,7.0,0.0,11.0,0.0,2.0,1.0,31.0,0.0,12.0,23.0,0.0,100.10000000000001,2.0,1.0,0.0,1.0,4.0,3.0,0.0,44.800000000000004,56.0,0.0,0.0,51.0,0.0,4.0,9.0,0.0,16.0,5.0,22.0,7.0,130.6,4.0,3.0,1.0,11.0,0.0,1.0,7.0,489.4738095238097,1081.8000000000002,0.0,0.0,0.0,28.800000000000004,0.0,16.0,0.0,99.54000000000002,0.0,2.0,182.25000000000003,13.250000000000004,10.75,0.04,0.0,2.0,13.75,2.0,180.20000000000005,0.01,0.0,14.399999999999999,0.01,0.05,10.000000000000002,530.3571428571429,0.0,35.400000000000006,1.5,1.0,0.0,262.57500000000005,71.85000000000001,65.7,0.8571428571428571,2797.5000000000005,0.0,441.6000000000001,7.650000000000001,28.200000000000003,0.03,9.080000000000002,645.9750000000001,201.60000000000002,0.02,8.856091055,32.900000000000006,64.0,9364080.600000001,17.185875157216657,0.1
Jun-23,5.0,8.0,0.0,3.0,3.0,2.0,1.0,4.0,2.0,8.0,0.0,0.0,8.0,2.0,1.0,1.0,2.0,0.0,3.0,1.0,9.0,0.0,0.0,18.0,0.0,0.0,3.0,4.0,0.0,1.0,1.0,2.0,1.0,7.0,2.0,0.0,2.0,3.0,1.0,0.0,0.0,2.0,4.0,5.0,6.0,2.0,0.0,3.0,16.0,0.0,2.0,71.5,20.0,56.34,0.0,1.0,5.0,0.0,0.0,47.2,0.0,1.0,4.0,3.0,0.0,95.49000000000001,0.0,0.0,2.0,19.0,0.0,51.400000000000006,3.0,0.0,6.0,6.0,159.10000000000002,17.0,1.0,1.0,2.0,2.0,1.0,1.0,2.0,9.0,4.0,0.0,0.0,4.0,0.0,0.0,0.0,149.60000000000002,29.0,29.0,13.0,3.0,0.0,6.0,0.0,1.0,0.0,23.0,1.0,20.0,24.0,0.0,115.40000000000002,3.0,0.0,0.0,0.0,1.0,4.0,0.0,43.6,58.0,0.0,1.0,51.0,0.0,4.0,11.0,1.0,19.0,8.0,28.0,1.0,116.2,5.0,0.0,4.0,9.0,0.0,1.0,8.0,222.4880952380953,1081.8000000000002,0.0,0.03,3.0,9.600000000000001,9.150000000000002,10.666666666666668,21.060000000000002,113.76000000000002,0.0,0.0,162.00000000000003,26.500000000000007,10.75,0.01,31.800000000000004,0.0,10.0,2.0,202.72500000000005,0.0,0.0,20.0,0.0,0.0,15.000000000000002,141.42857142857144,0.0,17.700000000000003,1.5,2.0,60.00000000000001,204.22500000000002,28.740000000000002,0.0,0.2857142857142857,419.62500000000006,10.625,0.0,0.0,28.200000000000003,0.04,14.2,1291.9500000000003,134.40000000000003,0.0,8.853951102,29.3,70.0,14231328.600000001,17.62911094697853,0.03
Jul-23,8.0,8.0,0.0,2.0,2.0,3.0,0.0,4.0,1.0,14.0,0.0,0.0,3.0,2.0,0.0,0.0,1.0,0.0,3.0,0.0,1.0,0.0,0.0,5.0,2.0,0.0,1.0,8.0,0.0,7.0,1.0,0.0,0.0,7.0,3.0,0.0,2.0,1.0,1.0,3.0,0.0,0.0,4.0,13.0,2.0,3.0,0.0,1.0,11.0,0.0,2.0,69.4,27.0,50.040000000000006,0.0,0.0,1.0,0.0,0.0,53.800000000000004,0.0,1.0,2.0,1.0,0.0,91.29,2.0,1.0,0.0,13.0,1.0,49.300000000000004,4.0,2.0,4.0,5.0,160.90000000000003,22.0,2.0,0.0,2.0,2.0,4.0,0.0,3.0,8.0,3.0,0.0,0.0,5.0,0.0,0.0,1.0,101.60000000000001,23.0,33.0,6.0,10.0,1.0,10.0,0.0,0.0,0.0,36.0,0.0,16.0,25.0,0.0,102.20000000000002,7.0,2.0,0.0,0.0,0.0,3.0,0.0,42.400000000000006,59.0,0.0,0.0,54.0,0.0,5.0,11.0,1.0,9.0,8.0,25.3,6.0,134.2,9.0,3.0,6.0,4.0,0.0,0.0,14.0,355.9809523809525,1081.8000000000002,0.0,0.02,2.0,14.400000000000002,0.0,10.666666666666668,10.530000000000001,43.2,0.0,0.0,60.75000000000001,26.500000000000007,0.0,0.0,15.900000000000002,0.0,10.0,0.0,22.525000000000006,0.0,0.0,13.333333333333332,0.02,0.0,5.000000000000001,282.8571428571429,0.0,123.90000000000002,1.5,0.0,0.0,204.22500000000002,43.11,0.0,0.2857142857142857,139.87500000000003,10.625,1324.8000000000002,0.0,0.0,0.04,34.68000000000001,430.6500000000001,201.60000000000002,0.0,8.787067645218054,29.0,81.85,15958763.100000001,17.748735329084884,0.01
Aug-23,7.0,13.0,1.0,1.0,2.0,2.0,0.0,1.0,1.0,17.0,0.0,1.0,9.0,2.0,1.0,0.0,2.0,0.0,1.0,1.0,2.0,0.0,0.0,18.0,1.0,8.0,1.0,13.0,0.0,14.0,1.0,1.0,11.0,15.0,7.0,1.0,2.0,0.0,1.0,2.0,0.0,4.0,2.0,9.0,2.0,2.0,4.0,1.0,24.0,0.0,3.0,61.300000000000004,24.0,49.74000000000001,0.0,0.0,6.0,0.0,0.0,45.7,0.0,1.0,9.0,7.0,0.0,93.99000000000001,0.0,0.0,0.0,19.0,4.0,47.800000000000004,4.0,6.0,6.0,21.0,151.3,14.0,1.0,1.0,2.0,1.0,1.0,0.0,1.0,9.0,8.0,0.0,0.0,5.0,0.0,1.0,0.0,92.9,38.0,31.0,21.0,5.0,0.0,11.0,0.0,0.0,0.0,21.0,3.0,16.0,37.0,0.0,97.70000000000002,0.0,2.0,0.0,0.0,9.0,3.0,0.0,43.300000000000004,66.0,0.0,0.0,61.0,0.0,1.0,4.0,1.0,12.0,9.0,26.200000000000003,4.0,126.4,3.0,0.0,4.0,9.0,0.0,5.0,17.0,311.4833333333334,1757.9250000000002,0.01,0.01,2.0,9.600000000000001,0.0,2.666666666666667,10.530000000000001,241.74,0.0,1.0,182.25000000000003,26.500000000000007,10.75,0.0,31.800000000000004,0.0,6.25,2.0,45.05000000000001,0.0,0.0,21.866666666666667,0.01,0.08,5.000000000000001,459.6428571428572,0.0,247.80000000000004,1.5,1.0,333.30000000000007,437.62500000000006,100.59000000000002,65.7,0.2857142857142857,0.0,10.625,883.2000000000002,0.0,56.400000000000006,0.02,24.44,430.6500000000001,134.40000000000003,0.04,8.798907492088226,22.0,79.75,15514172.700000003,17.71928842547107,0.01
Sep-23,8.0,8.0,2.0,2.0,1.0,9.0,1.0,12.0,3.0,14.0,0.0,1.0,4.0,6.0,0.0,0.0,1.0,2.0,2.0,1.0,1.0,0.0,0.0,7.0,0.0,1.0,0.0,10.0,0.0,10.0,2.0,2.0,4.0,7.0,4.0,1.0,2.0,0.0,0.0,4.0,0.0,2.0,1.0,9.0,2.0,1.0,0.0,0.0,17.0,0.0,2.0,69.1,29.0,56.040000000000006,1.0,0.0,4.0,1.0,0.0,43.9,0.0,1.0,3.0,3.0,0.0,97.89000000000001,0.0,0.0,1.0,16.0,1.0,54.10000000000001,1.0,4.0,3.0,11.3,160.90000000000003,21.0,1.0,1.0,5.0,1.0,3.0,0.0,11.0,6.0,5.0,0.0,1.0,3.0,0.0,1.0,0.0,128.3,41.0,25.0,26.0,3.0,1.0,8.0,0.0,2.0,0.0,31.0,2.0,12.0,30.0,0.0,117.80000000000001,3.0,9.0,0.0,0.0,2.0,0.0,0.0,40.6,53.0,0.0,0.0,50.0,0.0,1.0,7.0,1.0,12.0,4.0,30.0,5.0,128.2,6.0,2.0,3.0,8.0,0.0,1.0,14.0,355.9809523809525,1081.8000000000002,0.02,0.02,1.0,43.2,11.400000000000002,11.466666666666669,31.590000000000003,199.08000000000004,0.0,1.0,81.00000000000001,79.50000000000001,0.0,0.0,15.900000000000002,2.0,12.5,2.0,22.525000000000006,0.0,0.0,18.666666666666664,0.0,0.01,0.0,353.5714285714287,0.0,177.00000000000003,3.0,2.0,121.20000000000002,204.22500000000002,57.480000000000004,65.7,0.2857142857142857,0.0,0.0,1766.4000000000003,0.0,28.200000000000003,0.01,24.44,430.6500000000001,67.20000000000002,0.0,8.837826364007704,36.0,62.0,14003793.000000002,17.612231325511036,0.0
Oct-23,17.0,5.0,1.0,8.0,2.0,4.0,0.0,1.0,1.0,14.0,1.0,3.0,8.0,1.0,2.0,10.0,1.0,4.0,8.0,0.0,5.0,1.0,0.0,6.0,2.0,2.0,2.0,13.0,0.0,7.0,4.0,1.0,0.0,13.600000000000001,6.0,0.0,2.0,2.0,6.0,1.0,11.0,0.0,2.0,5.0,5.0,2.0,3.0,1.0,14.0,0.0,0.0,75.4,31.0,48.540000000000006,1.0,0.0,3.0,0.0,0.0,57.400000000000006,0.0,2.0,4.0,1.0,0.0,97.89000000000001,0.0,0.0,1.0,25.0,2.0,56.2,9.0,3.0,3.0,8.3,161.8,37.0,3.0,0.0,7.0,0.0,6.0,0.0,8.0,14.0,3.0,0.0,0.0,3.0,1.0,0.0,0.0,130.10000000000002,37.0,38.0,23.0,2.0,1.0,16.0,0.0,0.0,0.0,31.0,1.0,16.0,22.0,3.0,123.20000000000002,6.0,2.0,0.0,0.0,0.0,0.0,0.0,46.300000000000004,54.0,0.0,0.0,45.0,1.0,7.0,11.0,5.0,15.0,10.0,43.0,3.0,133.60000000000002,2.0,8.0,4.0,9.0,0.0,5.0,14.0,756.459523809524,676.1250000000001,0.01,0.08,2.0,19.200000000000003,0.0,2.666666666666667,10.530000000000001,199.08000000000004,15.966666666666669,3.0,162.00000000000003,13.250000000000004,6.450000000000001,0.1,15.900000000000002,4.0,22.875,0.0,112.62500000000004,0.01,0.0,16.0,0.02,0.02,10.000000000000002,459.6428571428572,0.0,123.90000000000002,6.0,1.0,0.0,846.0750000000002,86.22,0.0,0.2857142857142857,279.75000000000006,19.125000000000004,441.6000000000001,84.15,0.0,0.02,14.2,1076.6250000000002,134.40000000000003,0.03,10.024775549743328,32.0,59.0,13512926.400000002,17.574816252467627,0.01
Nov-23,18.0,16.0,0.0,2.0,1.0,0.0,0.0,2.0,5.0,14.0,0.0,0.0,2.0,1.0,2.0,0.0,1.0,1.0,8.0,1.0,2.0,0.0,0.0,15.0,0.0,3.0,1.0,27.0,0.0,2.0,4.0,2.0,0.0,8.0,11.0,1.0,4.0,3.0,0.0,6.0,0.0,0.0,0.0,17.0,12.0,2.0,3.0,2.0,20.0,0.0,3.0,72.4,22.0,56.64,1.0,1.0,3.0,1.0,0.0,51.7,0.0,3.0,5.0,3.0,0.0,95.19,0.0,0.0,2.0,24.0,0.0,59.50000000000001,2.0,4.0,1.0,14.0,159.40000000000003,34.0,6.0,0.0,9.0,2.0,2.0,1.0,6.0,9.0,2.0,0.0,0.0,2.0,0.0,0.0,0.0,123.80000000000001,36.0,36.0,21.0,7.0,1.0,13.0,1.0,0.0,0.0,29.0,3.0,18.0,25.0,0.0,108.80000000000001,3.0,13.0,0.0,0.0,3.0,2.0,0.0,40.0,53.0,0.0,0.0,55.0,0.0,4.0,7.0,0.0,16.0,10.0,45.0,5.0,128.5,0.0,2.0,0.0,8.0,0.0,1.0,14.0,800.957142857143,2163.6000000000004,0.0,0.02,1.0,0.0,0.0,5.333333333333334,52.650000000000006,199.08000000000004,0.0,0.0,40.50000000000001,13.250000000000004,6.450000000000001,0.0,15.900000000000002,1.0,22.875,2.0,45.05000000000001,0.0,0.0,23.200000000000003,0.0,0.03,5.000000000000001,954.6428571428573,0.0,35.400000000000006,6.0,2.0,0.0,233.40000000000003,158.07000000000002,65.7,0.5714285714285714,419.62500000000006,0.0,2649.6000000000004,0.0,0.0,0.0,44.92,2583.9000000000005,134.40000000000003,0.03,9.692519577152051,28.0,65.9,12130419.3,17.461228303393558,0.02
Dec-23,14.600000000000001,15.200000000000001,0.0,1.0,5.0,0.0,0.0,3.0,15.0,21.8,9.0,5.0,6.0,3.0,1.0,0.0,7.0,2.0,12.0,1.0,13.400000000000002,0.0,0.0,7.0,6.000000000000001,1.0,4.0,18.25,0.0,16.0,3.0,1.0,1.0,13.650000000000002,16.0,2.0,0.0,1.0,0.0,4.0,0.0,9.0,2.0,16.0,16.0,3.0,3.0,0.0,29.0,0.0,2.0,85.0,30.700000000000003,60.84,2.0,0.0,21.0,2.0,0.0,55.300000000000004,1.0,4.0,5.0,3.0,0.0,98.49000000000001,0.0,0.0,2.0,33.0,0.0,75.10000000000001,7.0,5.0,4.0,10.0,184.00000000000003,18.0,8.0,2.0,1.0,1.0,2.0,0.0,10.0,8.0,1.0,0.0,2.0,8.0,0.0,0.0,1.0,153.20000000000002,43.0,46.400000000000006,21.0,3.0,1.0,9.0,2.0,0.0,2.0,35.0,2.0,19.0,35.0,0.0,128.0,7.0,17.0,0.0,1.0,1.0,8.0,0.0,54.400000000000006,71.0,0.0,0.0,58.0,0.0,8.0,5.0,2.0,20.25,12.0,43.0,8.0,133.3,3.0,8.0,5.0,8.0,0.0,2.0,17.0,1334.9285714285718,4327.200000000001,0.0,0.01,5.0,0.0,0.0,8.0,157.95000000000002,568.8000000000001,143.70000000000002,5.0,121.50000000000001,39.75000000000001,3.2250000000000005,0.0,111.30000000000001,2.0,30.375000000000004,2.0,10.200000000000001,0.0,0.0,18.666666666666664,0.2,0.01,20.000000000000004,1202.1428571428573,0.0,283.20000000000005,4.5,1.0,30.300000000000004,816.9000000000001,229.92000000000002,131.4,0.0,139.87500000000003,12.0,1766.4000000000003,0.0,126.90000000000002,0.02,42.36000000000001,3445.2000000000007,201.60000000000002,0.03,9.671303257,34.9,64.0,11767297.200000001,17.429123565305662,0.0
Jan-24,11.0,12.0,1.0,0.0,1.0,5.0,1.0,7.0,4.0,16.0,0.0,0.0,14.0,1.0,3.0,12.0,1.0,0.0,4.0,0.0,0.0,0.0,0.0,10.0,2.0,5.0,0.0,6.0,0.0,0.0,2.0,0.0,2.0,12.0,9.0,9.0,7.0,0.0,0.0,2.0,0.0,1.0,1.0,14.0,6.0,4.0,0.0,3.0,13.0,6.0,2.0,109.9,30.400000000000002,72.84,0.0,0.0,11.0,0.0,0.0,94.30000000000001,1.0,3.0,6.0,1.0,0.0,148.89000000000001,1.0,0.0,0.0,31.55,2.0,73.30000000000001,4.0,5.0,3.0,18.0,264.40000000000003,30.900000000000002,14.0,1.0,2.0,2.0,4.0,1.0,14.0,6.0,5.0,0.0,0.0,1.0,1.0,4.0,1.0,371.6000000000001,45.75,37.7,26.0,7.0,2.0,10.0,0.0,3.0,2.0,34.1,0.0,35.0,22.0,0.0,248.90000000000003,3.0,5.0,0.0,0.0,3.0,3.0,0.0,56.5,73.75,0.0,0.0,69.35,1.0,2.0,11.0,1.0,18.0,14.0,47.45,13.0,172.3,2.0,9.0,2.0,17.0,0.0,1.0,16.0,489.4738095238097,1622.7000000000003,0.01,0.0,1.0,24.000000000000004,9.150000000000002,4.0,49.20000000000001,171.00000000000003,44.70000000000001,0.0,283.50000000000006,4.0,18.900000000000002,0.12,15.900000000000002,0.0,3.0,0.0,1565.7000000000003,0.0,0.0,2.0,0.02,0.05,30.000000000000004,36522.90000000001,0.0,2.0,3.0,0.0,60.60000000000001,2.0,3.0,591.3000000000001,1.0,420.00000000000006,0.0,883.2000000000002,0.0,14.100000000000001,0.01,37.24000000000001,1291.9500000000003,268.80000000000007,0.0,9.921818509220852,35.2,61.0,7069225.500000001,16.880750890273465,0.03
Feb-24,18.0,28.0,0.0,0.0,1.0,4.0,0.0,7.0,0.0,17.0,0.0,1.0,5.0,2.0,0.0,1.0,2.0,1.0,7.0,1.0,1.0,2.0,0.0,5.0,3.0,1.0,4.0,9.0,0.0,0.0,3.0,2.0,0.0,16.0,5.0,3.0,4.0,3.0,1.0,10.0,0.0,0.0,0.0,13.0,7.0,4.0,0.0,1.0,18.0,11.0,5.0,70.60000000000001,21.0,54.24000000000001,2.0,0.0,0.0,1.0,2.0,47.8,0.0,2.0,4.0,2.0,0.0,91.89,0.0,1.0,0.0,23.0,1.0,51.400000000000006,1.0,9.0,7.0,22.0,142.0,17.0,2.0,1.0,3.0,0.0,11.0,1.0,7.0,13.0,2.0,0.0,0.0,4.0,0.0,2.0,0.0,92.9,24.0,40.0,31.0,5.0,6.0,16.0,0.0,2.0,0.0,29.0,0.0,11.0,28.3,0.0,121.10000000000001,3.0,1.0,0.0,0.0,2.0,0.0,0.0,49.900000000000006,44.0,0.0,0.0,46.0,1.0,3.0,7.0,0.0,9.0,9.0,33.0,8.0,127.9,1.0,7.0,3.0,3.0,0.0,3.0,17.0,800.957142857143,3786.3000000000006,0.0,0.0,1.0,19.200000000000003,0.0,18.666666666666668,0.0,241.74,0.0,1.0,101.25000000000001,29.300000000000008,0.0,0.01,31.800000000000004,1.0,15.225000000000001,2.0,22.525000000000006,0.02,0.0,13.333333333333332,0.03,0.01,20.000000000000004,318.2142857142858,1.0,0.0,4.5,2.0,0.0,468.20000000000005,73.95000000000002,197.10000000000002,0.5714285714285714,419.62500000000006,10.625,4416.000000000001,0.0,0.0,0.0,34.68000000000001,1507.2750000000003,268.80000000000007,0.0,9.155356063643422,32.8,71.0,8243974.800000001,17.048504057836183,0.01
Mar-24,12.0,10.0,1.0,2.0,2.0,6.0,3.0,3.0,2.0,12.0,4.0,2.0,4.0,1.0,3.0,1.0,1.0,1.0,7.0,5.0,5.0,0.0,0.0,6.0,0.0,3.0,3.0,13.0,0.0,6.0,3.0,1.0,0.0,12.0,9.0,1.0,2.0,5.0,1.0,9.0,0.0,0.0,3.0,8.0,15.0,2.0,0.0,0.0,12.0,6.0,3.0,79.9,28.5,53.64,1.0,0.0,2.0,2.0,0.0,47.8,0.0,3.0,4.0,2.0,0.0,92.49000000000001,0.0,1.0,3.0,26.0,2.0,53.800000000000004,3.0,3.0,7.0,16.0,146.5,25.0,1.0,0.0,4.0,0.0,2.0,0.0,24.400000000000002,12.0,1.0,0.0,0.0,7.0,0.0,0.0,1.0,112.40000000000002,22.0,44.0,23.0,8.0,10.0,10.0,0.0,1.0,0.0,25.0,2.0,15.0,29.0,5.0,179.00000000000003,3.0,1.0,0.0,0.0,3.0,0.0,0.0,43.900000000000006,58.0,0.0,0.0,38.0,0.0,3.0,13.0,1.0,14.0,14.0,36.0,5.0,149.8,5.0,9.0,9.0,12.0,0.0,0.0,12.0,533.9714285714286,1352.2500000000002,0.01,0.02,2.0,28.800000000000004,27.450000000000003,8.0,21.060000000000002,170.64000000000001,63.866666666666674,2.0,81.00000000000001,16.050000000000004,9.675,0.01,15.900000000000002,1.0,15.225000000000001,10.0,112.62500000000004,27.900000000000006,0.0,16.0,0.0,0.03,15.000000000000002,459.6428571428572,0.0,106.20000000000002,4.5,1.0,0.0,351.50000000000006,131.43000000000004,65.7,0.2857142857142857,699.3750000000001,10.625,3974.4000000000005,0.0,0.0,0.03,21.880000000000003,3229.8750000000005,134.40000000000003,0.0,9.161360189754465,32.2,71.0,7180304.400000001,16.897873498547053,0.0
Apr-24,14.0,6.0,0.0,3.0,4.0,3.0,0.0,3.0,4.0,14.0,0.0,1.0,7.0,0.0,1.0,0.0,0.0,0.0,6.0,3.0,6.0,1.0,1.0,7.0,0.0,5.0,0.0,10.0,0.0,0.0,2.0,0.0,1.0,23.0,14.0,2.0,6.0,0.0,0.0,2.0,0.0,2.0,3.0,7.0,9.0,2.0,6.0,3.0,16.0,3.0,2.0,81.4,29.400000000000002,61.440000000000005,1.0,2.0,2.0,2.0,1.0,47.2,0.0,3.0,4.0,6.0,0.0,105.99000000000001,0.0,0.0,1.0,22.0,2.0,45.400000000000006,1.0,11.0,4.0,20.0,165.70000000000002,20.0,2.0,0.0,6.0,0.0,4.0,0.0,5.0,19.0,6.0,0.0,0.0,2.0,0.0,5.0,0.0,100.40000000000002,34.0,45.6,41.0,3.0,10.0,16.0,0.0,0.0,0.0,31.0,1.0,20.0,32.0,5.0,128.90000000000003,1.0,2.0,0.0,0.0,2.0,1.0,0.0,39.7,62.0,0.0,0.0,47.900000000000006,0.0,4.0,16.0,0.0,7.0,11.0,39.0,11.0,145.0,3.0,2.0,7.0,12.0,0.0,3.0,14.0,622.9666666666669,811.3500000000001,0.0,0.03,4.0,14.400000000000002,0.0,8.0,42.120000000000005,199.08000000000004,0.0,1.0,141.75000000000003,0.0,3.2250000000000005,0.0,0.0,0.0,13.350000000000001,6.0,135.15000000000003,0.01,0.01,18.666666666666664,0.0,0.05,0.0,353.5714285714287,0.0,0.0,3.0,0.0,30.300000000000004,672.4250000000001,203.28000000000003,131.4,0.8571428571428571,0.0,0.0,883.2000000000002,0.0,28.200000000000003,0.03,19.32,1937.9250000000002,134.40000000000003,0.06,8.916237731721479,39.7,72.765,20230613.400000002,17.99466960939533,0.03
May-24,3.0,9.0,0.0,1.0,3.0,2.0,2.0,2.0,0.0,15.0,0.0,2.0,11.0,0.0,0.0,10.0,1.0,1.0,3.0,3.0,1.0,0.0,0.0,6.0,3.0,5.0,0.0,10.0,0.0,1.0,2.0,0.0,2.0,14.0,12.0,3.0,4.0,0.0,1.0,6.0,0.0,2.0,5.0,17.0,13.0,3.0,0.0,2.0,17.0,2.0,7.0,76.60000000000001,27.0,53.34,4.0,0.0,2.0,1.0,0.0,48.7,1.0,1.0,3.0,8.0,0.0,100.29,0.0,0.0,0.0,27.0,0.0,28.6,0.0,4.0,17.0,33.0,137.8,26.0,3.0,2.0,2.0,0.0,7.0,2.0,10.0,16.0,6.0,0.0,0.0,3.0,0.0,7.0,1.0,100.40000000000002,27.0,27.0,36.0,7.0,14.0,13.0,0.0,1.0,1.0,12.0,0.0,17.0,43.0,4.0,135.8,7.0,1.0,0.0,0.0,1.0,0.0,0.0,33.0,45.0,0.0,0.0,47.0,0.0,4.0,14.0,2.0,2.0,12.0,10.0,9.0,133.3,5.0,1.0,5.0,12.0,0.0,0.0,15.0,133.49285714285716,1217.025,0.0,0.01,3.0,9.600000000000001,18.300000000000004,5.333333333333334,0.0,213.30000000000004,0.0,2.0,222.75000000000003,0.0,0.0,0.1,15.900000000000002,1.0,7.7250000000000005,6.0,22.525000000000006,0.0,0.0,16.0,0.03,0.05,0.0,353.5714285714287,0.0,17.700000000000003,3.0,0.0,60.60000000000001,409.8500000000001,174.54000000000002,197.10000000000002,0.5714285714285714,0.0,10.625,2649.6000000000004,0.0,28.200000000000003,0.05,44.92,2799.2250000000004,201.60000000000002,0.0,9.102643796520807,40.300000000000004,76.065,23420108.400000002,18.14548778352053,0.02
Jun-24,9.0,9.0,1.0,14.0,2.0,5.0,1.0,6.0,1.0,9.0,0.0,3.0,3.0,4.0,1.0,0.0,0.0,1.0,4.0,3.0,6.0,0.0,0.0,8.0,0.0,2.0,5.0,7.0,0.0,0.0,0.0,1.0,8.0,24.0,14.0,1.0,2.0,0.0,0.0,4.0,0.0,0.0,4.0,12.0,5.0,2.0,2.0,2.0,21.0,2.0,1.0,79.9,40.0,52.14,0.0,0.0,1.0,1.0,0.0,48.400000000000006,0.0,0.0,4.0,5.0,0.0,97.89000000000001,0.0,0.0,1.0,30.0,0.0,33.400000000000006,0.0,5.0,2.0,19.0,133.60000000000002,20.0,1.0,0.0,0.0,0.0,4.0,0.0,3.0,6.0,4.0,0.0,0.0,0.0,0.0,9.0,0.0,130.70000000000002,31.0,26.0,26.0,9.0,6.0,11.0,0.0,0.0,0.0,9.0,0.0,18.0,25.0,0.0,132.8,2.0,0.0,0.0,0.0,1.0,1.0,0.0,33.0,47.0,0.0,0.0,41.9,0.0,3.0,8.0,1.0,3.0,17.0,15.0,5.0,129.1,3.0,3.0,6.0,3.0,0.0,2.0,9.0,400.4785714285715,1217.025,0.01,0.14,2.0,24.000000000000004,9.150000000000002,16.0,10.530000000000001,127.98000000000003,0.0,3.0,60.75000000000001,53.000000000000014,10.75,0.0,0.0,1.0,9.600000000000001,6.0,135.15000000000003,0.0,0.0,21.33333333333333,0.0,0.02,25.000000000000007,247.50000000000003,0.0,0.0,0.0,1.0,242.40000000000003,701.6000000000001,203.28000000000003,65.7,0.2857142857142857,0.0,0.0,1766.4000000000003,0.0,0.0,0.04,32.120000000000005,1076.6250000000002,134.40000000000003,0.02,9.048879705849558,36.1,78.465,11729371.500000002,17.42571021272305,0.02
Jul-24,13.0,11.0,0.0,1.0,1.0,3.0,0.0,7.0,2.0,7.0,0.0,2.0,7.0,1.0,0.0,0.0,1.0,0.0,6.0,1.0,4.0,0.0,0.0,8.0,0.0,2.0,2.0,12.0,0.0,9.0,2.0,6.0,2.0,8.0,12.0,3.0,1.0,0.0,0.0,0.0,0.0,2.0,7.0,12.0,8.0,3.0,0.0,1.0,8.0,1.0,2.0,67.60000000000001,24.0,52.14,1.0,0.0,5.0,1.0,0.0,49.900000000000006,3.0,0.0,4.0,7.0,0.0,91.89,0.0,0.0,1.0,22.0,0.0,28.6,0.0,1.0,4.0,22.0,135.10000000000002,16.0,3.0,0.0,3.0,2.0,3.0,1.0,10.0,5.0,6.0,0.0,0.0,4.0,0.0,10.0,2.0,106.40000000000002,33.0,25.0,20.0,9.0,8.0,24.0,0.0,1.0,2.0,13.0,0.0,13.0,17.0,2.0,119.60000000000001,6.0,0.0,0.0,0.0,0.0,0.0,0.0,31.0,54.0,1.0,0.0,44.3,0.0,3.0,7.0,1.0,2.0,12.0,10.0,7.0,127.0,11.0,3.0,9.0,7.0,0.0,0.0,7.0,578.4690476190477,1487.4750000000001,0.0,0.01,1.0,14.400000000000002,0.0,18.666666666666668,21.060000000000002,600.0000000000001,0.0,2.0,141.75000000000003,13.250000000000004,0.0,0.0,15.900000000000002,0.0,13.350000000000001,2.0,90.10000000000002,0.0,0.0,21.33333333333333,0.0,0.02,10.000000000000002,424.28571428571433,0.0,159.3,3.0,6.0,60.60000000000001,234.80000000000004,174.54000000000002,197.10000000000002,0.1428571428571428,0.0,0.0,0.0,0.0,28.200000000000003,0.07,32.120000000000005,1722.6000000000004,201.60000000000002,0.0,9.154087430425385,21.0,84.165,13292564.400000002,17.55755339,0.01
Aug-24,18.0,14.0,0.0,2.0,2.0,4.0,2.0,3.0,4.0,8.0,0.0,0.0,4.0,1.0,2.0,0.0,1.0,0.0,5.0,2.0,4.0,0.0,0.0,13.0,0.0,2.0,1.0,11.0,0.0,7.0,2.0,4.0,1.0,6.0,9.0,1.0,2.0,4.0,1.0,13.0,0.0,6.0,0.0,9.0,16.0,3.0,2.0,0.0,9.0,9.0,1.0,66.7,27.0,50.34,1.0,2.0,2.0,0.0,0.0,45.1,0.0,0.0,11.0,8.0,1.0,97.89000000000001,1.0,0.0,1.0,27.0,1.0,29.5,1.0,3.0,5.0,24.0,127.00000000000001,32.0,4.0,2.0,2.0,2.0,5.0,2.0,7.0,8.0,8.0,0.0,0.0,1.0,0.0,11.0,0.0,107.60000000000001,30.0,36.0,31.0,12.0,11.0,20.0,0.0,2.0,1.0,18.0,1.0,19.0,28.0,0.0,128.90000000000003,14.0,1.0,0.0,1.0,1.0,2.0,0.0,37.0,52.0,2.0,0.0,44.0,0.0,9.0,9.0,1.0,3.0,14.0,6.0,7.0,129.4,5.0,2.0,8.0,7.0,0.0,1.0,8.0,800.957142857143,1893.1500000000003,0.0,0.02,2.0,19.200000000000003,18.300000000000004,10.0,42.120000000000005,113.76000000000002,0.0,0.0,81.00000000000001,13.250000000000004,6.450000000000001,0.0,15.900000000000002,0.0,11.475000000000001,4.0,273.00000000000006,0.0,0.0,34.666666666666664,0.0,0.02,5.000000000000001,388.9285714285715,0.0,123.90000000000002,3.0,4.0,30.300000000000004,176.45000000000002,131.43000000000004,65.7,0.2857142857142857,559.5000000000001,10.625,5740.800000000001,0.0,84.60000000000001,0.0,24.44,3445.2000000000007,201.60000000000002,0.02,9.128370809108931,23.0,76.665,14731008.900000002,17.66520895241288,0.0
Sep-24,14.0,9.0,0.0,0.0,3.0,2.0,1.0,5.0,2.0,9.0,1.0,1.0,5.0,1.0,1.0,9.0,1.0,2.0,5.0,1.0,9.0,1.0,0.0,9.0,0.0,4.0,6.0,15.0,0.0,2.0,2.0,0.0,1.0,18.0,7.0,4.0,1.0,1.0,1.0,2.0,0.0,1.0,5.0,8.0,14.0,4.0,3.0,0.0,8.0,2.0,2.0,73.60000000000001,24.0,53.940000000000005,1.0,1.0,1.0,3.0,0.0,43.0,0.0,2.0,13.0,3.0,0.0,99.99000000000001,1.0,3.0,1.0,25.0,0.0,28.900000000000002,0.0,5.0,8.0,17.0,121.60000000000001,31.0,0.0,0.0,2.0,1.0,1.0,1.0,8.0,5.0,2.0,0.0,3.0,0.0,0.0,6.0,0.0,81.50000000000001,21.0,50.0,25.0,9.0,10.0,20.0,2.0,4.0,0.0,9.0,0.0,25.0,19.0,0.0,121.70000000000002,3.0,6.0,0.0,0.0,1.0,0.0,0.0,16.0,37.0,0.0,0.0,37.0,0.0,1.0,9.0,1.0,2.0,20.0,6.0,10.0,124.30000000000001,6.0,4.0,6.0,7.0,0.0,0.0,9.0,622.9666666666669,1217.025,0.0,0.0,3.0,9.600000000000001,9.150000000000002,13.333333333333336,21.060000000000002,127.98000000000003,15.966666666666669,1.0,101.25000000000001,13.250000000000004,3.2250000000000005,0.09,15.900000000000002,2.0,11.475000000000001,2.0,202.72500000000005,0.01,0.0,24.0,0.0,0.04,30.000000000000004,530.3571428571429,0.0,35.400000000000006,3.0,0.0,30.300000000000004,526.5500000000001,102.69000000000001,262.8,0.1428571428571428,139.87500000000003,10.625,883.2000000000002,0.0,14.100000000000001,0.05,21.880000000000003,3014.5500000000006,268.80000000000007,0.03,9.255122514748075,32.0,82.065,14899424.100000001,17.67708782551683,0.0
Oct-24,8.0,17.0,0.0,0.0,4.0,3.0,1.0,6.0,1.0,15.0,1.0,3.0,8.0,0.0,0.0,5.0,0.0,6.0,4.0,7.0,13.0,4.0,0.0,12.0,0.0,4.0,7.0,23.0,0.0,17.0,0.0,1.0,9.0,11.0,12.0,1.0,3.0,3.0,1.0,1.0,0.0,2.0,5.0,12.0,10.0,8.0,4.0,4.0,24.0,1.0,1.0,69.4,33.0,57.540000000000006,1.0,1.0,4.0,4.0,0.0,52.300000000000004,1.0,6.0,8.0,3.0,0.0,101.49000000000001,0.0,1.0,0.0,27.0,0.0,48.400000000000006,1.0,4.0,4.0,22.0,130.3,19.0,2.0,1.0,5.0,0.0,2.0,0.0,5.0,14.0,8.0,0.0,0.0,0.0,0.0,6.0,2.0,95.60000000000001,36.0,33.0,44.0,4.0,9.0,24.0,0.0,2.0,0.0,13.0,0.0,20.0,25.900000000000002,0.0,143.60000000000002,1.0,11.0,0.0,0.0,2.0,0.0,0.0,24.0,35.0,0.0,0.0,54.0,0.0,2.0,13.0,2.0,3.0,16.0,3.0,7.0,134.8,5.0,9.0,11.0,4.0,0.0,3.0,15.0,355.9809523809525,2298.8250000000003,0.0,0.0,4.0,14.400000000000002,9.150000000000002,16.0,10.530000000000001,213.30000000000004,15.966666666666669,3.0,162.00000000000003,0.0,0.0,0.05,0.0,6.0,9.600000000000001,14.0,292.8250000000001,0.04,0.0,32.0,0.0,0.04,35.000000000000014,813.2142857142859,0.0,300.90000000000003,420002.10000000003,1.0,272.70000000000005,322.32500000000005,174.54000000000002,65.7,0.4285714285714285,419.62500000000006,10.625,441.6000000000001,0.0,28.200000000000003,0.05,32.120000000000005,2153.2500000000005,537.6000000000001,0.04,9.420277096,34.0,65.0,13306181.100000001,17.558628781791107,0.04
Nov-24,8.0,14.0,0.0,2.0,1.0,3.0,0.0,17.0,1.0,11.0,0.0,1.0,13.0,2.0,0.0,0.0,2.0,5.0,2.0,9.0,4.0,2.0,0.0,6.0,0.0,2.0,3.0,8.0,0.0,10.0,5.0,1.0,1.0,9.0,13.0,1.0,4.0,1.0,0.0,1.0,0.0,2.0,8.0,13.0,6.0,1.0,3.0,1.0,17.0,2.0,0.0,73.30000000000001,21.0,51.84,3.0,0.0,1.0,3.0,1.0,53.2,1.0,2.0,14.0,6.0,0.0,98.49000000000001,0.0,0.0,0.0,26.0,0.0,30.400000000000002,0.0,1.0,2.0,27.0,130.9,18.0,0.0,0.0,0.0,0.0,9.0,0.0,8.0,12.0,10.0,0.0,2.0,0.0,0.0,8.0,2.0,119.30000000000001,24.0,29.0,46.0,5.0,7.0,21.0,0.0,3.0,2.0,15.0,0.0,25.0,26.8,0.0,141.8,5.0,7.0,0.0,0.0,0.0,1.0,0.0,33.0,48.0,0.0,0.0,33.0,0.0,0.0,12.0,1.0,10.0,12.0,18.0,6.0,126.4,5.0,2.0,5.0,12.0,0.0,5.0,11.0,355.9809523809525,1893.1500000000003,0.0,0.02,1.0,14.400000000000002,0.0,23.866666666666667,10.530000000000001,156.42000000000002,0.0,1.0,263.25000000000006,26.500000000000007,0.0,0.0,31.800000000000004,5.0,12.5,18.0,90.10000000000002,0.02,0.0,16.0,0.0,0.02,15.000000000000002,282.8571428571429,0.0,177.00000000000003,7.5,1.0,30.300000000000004,263.975,188.91,65.7,0.5714285714285714,139.87500000000003,0.0,441.6000000000001,0.0,28.200000000000003,0.08,34.68000000000001,1291.9500000000003,67.20000000000002,0.03,9.357725359,27.0,80.0,10571418.000000002,17.315454299903887,0.01
Dec-24,15.200000000000001,22.25,1.0,2.0,5.0,0.0,1.0,3.0,7.000000000000001,18.0,9.0,3.0,6.0,10.0,2.0,3.0,0.0,5.0,10.0,8.0,12.0,0.0,0.0,14.0,10.500000000000002,1.0,9.0,26.900000000000002,0.0,6.0,1.0,0.0,3.0,23.0,17.0,0.0,4.0,3.0,1.0,1.0,0.0,12.200000000000001,9.0,18.3,12.600000000000001,5.0,3.0,0.0,18.0,5.0,3.0,81.70000000000002,38.0,55.74000000000001,0.0,0.0,8.200000000000001,1.0,0.0,54.1,1.0,4.0,25.0,2.0,1.0,115.29000000000002,0.0,0.0,0.0,30.0,2.0,74.80000000000001,2.0,5.0,9.0,29.0,161.5,26.0,4.0,3.0,2.0,1.0,20.0,1.0,9.0,11.0,5.0,0.0,1.0,8.0,1.0,8.0,0.0,167.60000000000002,35.0,47.0,35.0,7.0,14.0,17.0,4.0,1.0,0.0,21.1,1.0,26.0,25.900000000000002,0.0,194.30000000000004,7.0,10.0,0.0,0.0,5.0,14.0,0.0,50.0,39.0,0.0,0.0,45.6,0.0,5.0,10.0,0.0,9.3,23.0,25.700000000000003,8.0,139.9,3.0,9.0,12.0,9.0,0.0,1.0,7.0,1423.92380952381,6085.125000000001,0.01,0.02,5.0,0.0,9.150000000000002,8.0,221.13000000000005,554.58,143.70000000000002,3.0,121.50000000000001,132.50000000000003,6.450000000000001,0.03,0.0,5.0,26.782500000000002,16.0,270.30000000000007,0.0,0.0,22.4,0.35,0.01,45.00000000000001,2510.357142857143,0.0,106.20000000000002,1.5,0.0,90.90000000000002,672.4250000000001,246.39000000000001,0.0,0.5714285714285714,419.62500000000006,10.625,441.6000000000001,33.60000000000001,507.6000000000001,0.09,85.88000000000002,6029.100000000001,336.00000000000006,0.03,9.331495494,34.8,58.0,7614015.000000001,16.962055618201813,0.0
Jan-25,12.0,5.0,1.0,1.0,4.0,3.0,0.0,7.0,9.0,16.0,0.0,4.0,8.0,0.0,1.0,2.0,0.0,10.0,1.0,6.0,5.0,2.0,0.0,8.0,2.0,5.0,6.0,13.0,0.0,0.0,4.0,4.0,2.0,18.0,16.0,1.0,0.0,0.0,1.0,11.0,0.0,3.0,11.0,11.0,9.0,1.0,2.0,1.0,10.0,3.0,5.0,91.9,36.0,60.540000000000006,0.0,0.0,2.0,3.0,0.0,72.10000000000001,0.0,2.0,15.0,5.0,0.0,129.99,0.0,0.0,1.0,41.0,1.0,55.300000000000004,2.0,14.0,11.0,42.0,208.60000000000002,39.0,7.0,0.0,6.0,1.0,13.600000000000001,1.0,6.0,11.0,5.0,0.0,1.0,6.0,0.0,9.0,1.0,246.50000000000003,48.0,44.0,26.0,20.0,8.0,23.0,0.0,6.0,0.0,18.700000000000003,0.0,26.0,26.200000000000003,0.0,234.80000000000004,4.0,3.0,0.0,0.0,6.0,0.0,0.0,44.0,51.300000000000004,1.0,0.0,51.900000000000006,0.0,8.0,14.0,0.0,9.0,24.0,19.400000000000002,11.0,189.10000000000002,6.0,8.0,10.0,17.0,0.0,4.0,16.0,270000.00000000006,676.1250000000001,0.01,0.01,4.0,14.400000000000002,0.0,18.666666666666668,30.000000000000004,227.52000000000004,0.0,4.0,162.00000000000003,0.0,3.2250000000000005,0.02,0.0,10.0,6.25,12.0,112.62500000000004,0.02,0.0,21.33333333333333,0.02,0.05,30.000000000000004,459.6428571428572,0.0,0.0,6.0,4.0,60.60000000000001,526.5500000000001,232.02000000000004,65.7,0.0,0.0,10.625,4857.6,0.0,42.300000000000004,0.11,29.560000000000002,1937.9250000000002,67.20000000000002,0.02,9.765546451422903,39.900000000000006,64.0,9891889.500000002,17.244598490268334,0.01
Feb-25,19.0,16.0,0.0,0.0,3.0,4.0,0.0,2.0,1.0,22.0,1.0,0.0,18.0,1.0,1.0,2.0,1.0,8.0,10.0,18.0,8.0,5.0,0.0,7.0,1.0,8.0,4.0,32.0,0.0,1.0,1.0,1.0,1.0,10.0,13.0,2.0,2.0,0.0,1.0,5.0,1.0,5.0,16.0,18.0,9.0,2.0,4.0,0.0,26.0,6.0,0.0,88.9,33.0,51.84,1.0,1.0,1.0,2.0,0.0,43.3,1.0,2.0,17.0,3.0,0.0,101.49000000000001,0.0,0.0,1.0,24.0,0.0,27.700000000000003,0.0,4.0,11.0,41.0,112.60000000000001,18.0,2.0,0.0,10.0,0.0,10.0,1.0,5.0,12.0,4.0,0.0,0.0,0.0,0.0,12.0,1.0,83.60000000000001,22.0,48.0,44.0,10.0,12.0,32.0,0.0,0.0,0.0,17.0,1.0,25.0,30.1,4.0,160.10000000000002,2.0,0.0,0.0,0.0,1.0,0.0,0.0,17.0,42.3,0.0,0.0,53.400000000000006,0.0,5.0,12.0,1.0,2.0,18.0,8.0,14.0,133.60000000000002,14.0,3.0,10.0,3.0,0.0,2.0,22.0,845.4547619047622,2163.6000000000004,0.0,0.0,3.0,19.200000000000003,0.0,5.333333333333334,10.530000000000001,312.84000000000003,15.966666666666669,0.0,364.50000000000006,13.250000000000004,3.2250000000000005,0.02,15.900000000000002,8.0,23.125000000000004,19.200000000000003,180.20000000000005,0.05,0.0,18.666666666666664,0.01,0.08,20.000000000000004,1131.4285714285718,0.0,17.700000000000003,1.5,1.0,30.300000000000004,293.15000000000003,188.91,131.4,0.2857142857142857,0.0,10.625,2208.0000000000005,7.650000000000001,70.50000000000001,0.16,47.480000000000004,1937.9250000000002,134.40000000000003,0.04,9.037533407550814,24.0,63.0,10806708.000000002,17.338863299025306,0.0
Mar-25,24.0,33.0,3.0,1.0,4.0,1.0,0.0,13.0,2.0,14.0,0.0,6.0,21.0,0.0,1.0,3.0,1.0,6.0,15.0,18.0,19.0,1.0,0.0,10.0,2.0,0.0,11.0,15.0,0.0,0.0,1.0,1.0,1.0,18.0,19.0,3.0,0.0,0.0,1.0,17.0,0.0,8.0,16.0,23.0,14.0,0.0,2.0,2.0,21.0,6.0,3.0,93.10000000000001,32.0,55.14,1.0,1.0,3.0,3.0,0.0,52.300000000000004,3.0,1.0,21.0,2.0,0.0,109.59,1.0,1.0,0.0,24.0,0.0,33.400000000000006,0.0,10.0,18.85,34.6,133.60000000000002,26.0,6.0,0.0,14.0,2.0,10.0,5.0,11.0,13.0,1.0,0.0,0.0,1.0,0.0,12.0,3.0,91.10000000000001,38.0,25.0,42.0,20.0,16.0,21.0,0.0,0.0,0.0,18.0,0.0,21.0,29.8,0.0,175.10000000000002,5.0,0.0,0.0,1.0,3.0,0.0,0.0,25.0,46.2,0.0,0.0,45.300000000000004,0.0,9.0,11.0,0.0,2.0,23.0,7.0,13.0,142.3,7.0,7.0,21.0,8.0,0.0,1.0,14.0,1067.9428571428573,4462.425000000001,0.03,0.01,4.0,4.800000000000001,0.0,14.133333333333336,21.060000000000002,337.80000000000007,0.0,6.0,425.25000000000006,0.0,3.2250000000000005,0.03,15.900000000000002,6.0,32.5,19.200000000000003,427.9750000000002,0.01,0.0,26.666666666666664,0.02,0.0,55.0,530.3571428571429,0.0,0.0,1.5,1.0,30.300000000000004,526.5500000000001,275.13000000000005,197.10000000000002,0.0,0.0,10.625,7507.200000000001,0.0,112.80000000000001,0.16,60.28,3014.5500000000006,0.0,0.02,9.290444616217844,37.0,63.0,7794091.800000001,16.987539399463742,0.02
Apr-25,17.0,11.0,1.0,0.0,1.0,4.0,1.0,2.0,6.0,16.0,0.0,1.0,26.0,1.0,2.0,9.0,3.0,6.0,9.0,16.0,16.0,1.0,0.0,7.0,1.0,3.0,14.0,16.0,0.0,1.0,6.0,0.0,1.0,19.0,15.0,2.0,4.0,1.0,0.0,19.0,0.0,6.0,11.0,18.0,13.0,5.0,5.0,0.0,19.0,2.0,3.0,86.20000000000002,28.0,55.74000000000001,1.0,0.0,3.0,0.0,1.0,47.8,2.0,2.0,20.0,1.0,0.0,108.69000000000001,0.0,0.0,0.0,30.0,0.0,31.6,0.0,6.0,21.85,32.5,124.00000000000001,14.0,5.0,0.0,15.0,0.0,8.5,2.0,4.0,11.0,3.0,0.0,0.0,0.0,0.0,8.0,0.0,90.50000000000001,36.0,29.0,37.0,10.0,12.0,27.0,0.0,0.0,1.0,20.0,0.0,22.0,28.0,2.0,186.50000000000003,5.0,0.0,0.0,0.0,1.0,0.0,0.0,18.0,44.1,2.0,1.0,47.1,0.0,10.0,15.0,0.0,1.0,11.0,7.0,20.0,156.10000000000002,6.0,2.0,16.0,9.0,0.0,3.0,16.0,756.459523809524,1487.4750000000001,0.01,0.0,1.0,19.200000000000003,9.150000000000002,5.333333333333334,63.18000000000001,227.52000000000004,0.0,1.0,526.5000000000001,13.250000000000004,6.450000000000001,0.09,47.70000000000001,6.0,21.25,18.0,360.40000000000015,0.01,0.0,18.666666666666664,0.01,0.03,70.0,565.7142857142858,0.0,17.700000000000003,9.0,0.0,30.300000000000004,555.7250000000001,217.65000000000003,131.4,0.5714285714285714,139.87500000000003,0.0,8390.400000000001,0.0,84.60000000000001,0.11,47.480000000000004,2799.2250000000004,336.00000000000006,0.05,9.133351330448049,44.18,55.0,6940718.400000001,16.860568899684544,0.0
May-25,35.0,21.5,1.0,6.600000000000001,3.0,2.0,1.0,8.0,4.0,18.0,1.0,2.0,28.0,0.0,2.0,2.0,0.0,11.0,5.0,11.0,24.0,0.0,0.0,11.0,7.000000000000001,14.0,6.0,22.25,0.0,2.0,6.0,4.0,2.0,19.0,29.0,3.0,2.0,2.0,1.0,11.0,0.0,3.0,14.0,22.0,13.0,1.0,5.0,1.0,24.0,6.0,0.0,84.70000000000002,25.0,61.440000000000005,1.0,1.0,3.0,2.0,0.0,48.7,1.0,0.0,20.0,7.0,0.0,119.79000000000002,0.0,1.0,0.0,27.0,0.0,37.0,0.0,15.0,14.950000000000001,38.2,143.20000000000002,28.0,3.0,0.0,22.0,1.0,10.3,2.0,1.0,14.0,12.0,0.0,0.0,1.0,0.0,4.0,1.0,81.80000000000001,42.0,39.0,47.0,13.0,10.0,30.0,0.0,1.0,1.0,17.0,0.0,29.200000000000003,33.1,1.0,160.10000000000002,2.0,1.0,0.0,0.0,1.0,0.0,0.0,22.0,36.0,0.0,0.0,51.6,0.0,10.0,18.0,1.0,2.0,17.6,7.0,19.0,142.60000000000002,11.0,5.0,15.0,11.0,0.0,1.0,18.0,1557.4166667000002,6220.350000000001,0.01,0.22,3.0,9.600000000000001,9.150000000000002,21.333333333333336,42.120000000000005,255.96,15.966666666666669,2.0,567.0000000000001,0.0,6.450000000000001,0.02,0.0,11.0,13.75,15.0,540.6000000000001,0.0,0.0,29.33333333333333,0.21,0.14,30.000000000000004,1343.5714285714287,0.0,35.400000000000006,9.0,4.0,60.60000000000001,555.7250000000001,418.83000000000004,197.10000000000002,0.2857142857142857,279.75000000000006,10.625,4857.6,0.0,42.300000000000004,0.14,57.72,2799.2250000000004,67.20000000000002,0.05,9.236690147298964,41.78,56.0,5499260.700000001,16.600916660506627,0.01
Jun-25,24.6,20.3,0.0,4.800000000000001,4.0,1.0,6.0,8.0,2.0,23.0,0.0,2.0,20.0,1.0,3.0,4.0,2.0,9.0,6.0,4.0,31.0,0.0,6.300000000000001,3.0,8.5,2.0,23.0,16.0,0.0,5.0,6.0,2.0,2.0,14.0,20.0,1.0,6.0,0.0,2.0,15.0,0.0,6.0,15.0,12.0,19.0,4.0,6.0,1.0,27.0,2.0,3.0,82.30000000000001,33.1,54.84,1.0,3.0,2.0,0.0,0.0,57.7,4.0,0.0,24.0,3.0,0.0,107.49000000000001,0.0,0.0,2.0,27.0,0.0,37.900000000000006,0.0,15.0,11.950000000000001,35.8,118.00000000000001,22.0,3.0,0.0,21.0,0.0,13.600000000000001,1.0,7.0,26.0,4.0,0.0,16.0,2.0,0.0,6.0,2.0,80.30000000000001,30.0,53.0,42.0,11.0,15.0,20.0,0.0,7.0,1.0,18.0,0.0,29.0,36.400000000000006,0.0,154.70000000000002,7.0,0.0,0.0,0.0,2.0,0.0,0.0,29.0,52.0,0.0,0.0,54.300000000000004,0.0,8.0,26.0,1.0,2.0,19.1,6.0,14.0,136.0,11.0,2.0,13.0,13.0,0.0,1.0,23.0,1779.9047619047624,5679.450000000001,0.0,0.16,4.0,4.800000000000001,54.900000000000006,21.333333333333336,21.060000000000002,327.06000000000006,0.0,2.0,405.00000000000006,13.250000000000004,9.675,0.04,31.800000000000004,9.0,3.0,8.0,698.275,0.0,0.21,8.0,0.26,0.02,115.00000000000003,565.7142857142858,0.0,88.50000000000001,9.0,2.0,60.60000000000001,409.8500000000001,3.0,65.7,0.8571428571428571,0.0,21.25,6624.000000000001,0.0,84.60000000000001,0.15,32.120000000000005,4091.1750000000006,268.80000000000007,0.06,9.243194709,45.38,71.0,12373018.800000003,17.48211692320322,0.01
Jul-25,21.6,19.400000000000002,0.0,6.300000000000001,3.0,3.0,1.0,12.0,3.0,21.0,0.0,1.0,24.0,0.0,1.0,6.0,2.0,8.0,8.0,14.0,30.0,0.0,6.600000000000001,10.5,6.700000000000001,8.0,15.0,18.0,0.0,0.0,2.0,2.0,1.0,10.0,24.0,10.0,1.0,0.0,3.0,13.0,0.0,12.0,12.0,26.0,23.0,7.950000000000001,4.0,1.0,31.0,3.0,2.0,80.5,28.3,55.74000000000001,0.0,1.0,3.0,1.0,0.0,46.0,4.0,2.0,33.0,2.0,0.0,101.49000000000001,2.0,0.0,4.0,31.0,0.0,35.5,0.0,11.0,11.950000000000001,36.400000000000006,121.00000000000001,23.0,1.0,0.0,18.0,1.0,17.800000000000004,2.0,3.0,10.0,11.200000000000001,0.0,16.0,2.0,0.0,7.0,0.0,72.80000000000001,43.0,43.0,54.0,14.0,14.0,23.0,0.0,0.0,0.0,23.0,0.0,43.0,36.400000000000006,1.0,167.3,16.0,1.0,0.0,0.0,1.0,1.0,0.0,36.0,55.0,0.0,0.0,51.300000000000004,0.0,11.0,22.450000000000003,2.0,1.0,21.8,8.0,18.0,146.8,28.0,5.0,28.0,12.0,0.0,0.0,21.0,1334.9285714285718,5273.775000000001,0.0,0.21,3.0,14.400000000000002,9.150000000000002,32.0,31.590000000000003,298.62000000000006,0.0,1.0,486.00000000000006,0.0,3.2250000000000005,0.06,31.800000000000004,8.0,17.1,14.0,675.7500000000002,0.0,0.22,28.0,0.2,0.08,75.00000000000001,636.4285714285717,0.0,0.0,3.0,2.0,30.300000000000004,293.15000000000003,346.98,657.0000000000001,0.1428571428571428,0.0,17.0,5740.800000000001,0.0,169.20000000000002,0.12,67.96000000000001,4952.475,1545.6000000000001,0.04,9.515690442,17.0,69.0,9782445.000000002,17.232701983598545,0.01
Aug-25,23.4,19.700000000000003,0.0,6.300000000000001,1.0,4.0,0.0,10.0,4.0,28.0,0.0,6.0,25.0,1.0,2.0,10.0,0.0,10.0,8.0,26.0,32.0,3.0,6.000000000000001,9.3,7.300000000000001,10.0,15.0,19.0,0.0,0.0,9.8,0.0,4.0,21.0,22.0,1.0,5.0,1.0,5.0,15.0,0.0,14.700000000000001,20.0,23.0,19.650000000000002,7.3500000000000005,2.0,0.0,34.0,13.0,2.0,90.4,33.7,53.940000000000005,6.0,1.0,2.0,0.0,0.0,46.6,5.0,2.0,26.0,7.0,0.0,101.19,0.0,0.0,8.750000000000002,28.0,0.0,31.0,0.0,16.0,20.050000000000004,45.1,114.4,29.0,5.0,0.0,22.650000000000002,1.0,9.700000000000001,0.0,5.0,16.3,7.0,0.0,19.0,1.0,0.0,25.0,0.0,64.10000000000001,33.0,56.0,57.7,14.0,15.0,36.0,0.0,3.0,1.0,18.0,1.0,24.0,41.800000000000004,1.0,124.70000000000002,9.0,0.0,0.0,1.0,0.0,0.0,0.0,18.0,35.0,1.0,0.0,52.2,0.0,8.0,21.25,0.0,0.0,17.0,5.0,18.0,133.9,17.0,3.0,19.0,9.0,0.0,1.0,28.0,1601.914285714286,5409.000000000001,0.0,0.21,1.0,19.200000000000003,0.0,26.66666666666667,42.120000000000005,398.1600000000001,0.0,6.0,506.25000000000006,13.250000000000004,6.450000000000001,0.1,0.0,10.0,17.1,21.200000000000003,720.8000000000002,0.03,0.2,24.800000000000004,0.22,0.1,75.00000000000001,671.7857142857143,0.0,0.0,14.700000000000001,0.0,121.20000000000002,614.075,318.24,65.7,0.7142857142857142,139.87500000000003,23.375,6624.000000000001,0.0,493.50000000000006,0.2,60.28,7321.050000000001,1411.2000000000003,0.02,9.396902923027392,25.0,71.0,7392921.900000001,16.929852281156084,0.0
Sep-25,24.0,23.900000000000002,0.0,8.400000000000002,1.0,2.0,2.0,11.0,2.0,18.0,0.0,4.0,20.0,1.0,1.0,9.0,1.0,8.0,4.0,7.0,39.900000000000006,2.0,8.100000000000001,7.800000000000001,7.000000000000001,3.0,27.0,31.0,0.0,3.0,7.4,2.0,3.0,31.0,33.0,2.0,5.0,1.0,2.0,25.0,0.0,12.0,26.0,19.0,18.15,6.15,3.0,5.0,26.0,7.0,1.0,46.0,27.0,38.940000000000005,4.0,0.0,1.0,0.0,0.0,43.0,4.0,4.0,26.0,5.0,0.0,70.29,0.0,0.0,12.650000000000002,14.0,0.0,1.0,0.0,16.0,23.650000000000002,42.400000000000006,17.0,14.0,0.0,0.0,22.650000000000002,4.0,13.600000000000001,12.000000000000002,1.0,17.200000000000003,10.0,0.0,15.0,0.0,0.0,9.0,2.0,6.0,32.0,37.0,55.900000000000006,23.0,29.0,28.0,0.0,0.0,0.0,0.0,0.0,17.0,32.2,4.0,20.0,12.0,0.0,0.0,0.0,0.0,0.0,0.0,1.0,0.0,0.0,0.0,36.9,0.0,12.0,20.35,4.0,0.0,21.200000000000003,0.0,26.400000000000002,101.0,10.0,5.0,19.0,3.0,0.0,1.0,18.0,1690.9095238095244,7302.1500000000015,0.0,0.28,1.0,6.0,18.300000000000004,29.333333333333336,21.060000000000002,255.96,0.0,4.0,405.00000000000006,13.250000000000004,3.2250000000000005,0.09,15.900000000000002,8.0,9.600000000000001,14.0,1576.7500000000005,0.02,0.27,20.799999999999997,0.21,0.03,135.00000000000003,1096.071428571429,0.0,53.10000000000001,11.100000000000001,2.0,90.90000000000002,905.8250000000002,476.31000000000006,131.4,0.7142857142857142,139.87500000000003,13.8125,11040.000000000002,0.0,366.6000000000001,0.26,50.040000000000006,6244.425000000001,1142.4,0.03,9.556621487,28.0,61.0,9404500.200000001,17.190496159518535,0.05
Oct-25,23.700000000000003,23.6,0.0,12.600000000000001,0.0,5.0,2.0,3.0,2.0,25.200000000000003,3.0,5.0,14.0,2.0,3.0,2.0,1.0,12.0,8.0,22.0,33.0,2.0,5.700000000000001,11.700000000000001,5.200000000000001,6.0,8.0,29.150000000000002,0.0,0.0,8.0,1.0,6.0,9.0,23.0,3.0,1.0,7.600000000000001,10.700000000000001,23.0,4.0,11.700000000000001,31.0,16.0,22.950000000000003,9.450000000000001,4.0,2.0,41.300000000000004,7.0,7.0,63.0,28.0,40.14,6.0,0.0,0.0,0.0,0.0,40.0,3.0,4.0,37.0,6.0,0.0,73.0,0.0,0.0,8.450000000000001,23.0,0.0,0.0,0.0,22.0,30.850000000000005,43.6,4.0,20.0,0.0,0.0,24.150000000000002,4.0,10.900000000000002,21.000000000000004,0.0,19.3,20.0,0.0,12.0,0.0,0.0,6.0,1.0,0.0,15.0,50.0,62.5,10.0,28.75,31.0,0.0,1.0,0.0,0.0,0.0,25.0,46.60000000000001,3.0,3.0,17.6,0.0,0.0,2.0,0.0,0.0,0.0,0.0,0.0,2.0,0.0,40.5,0.0,10.0,20.650000000000002,2.0,0.0,35.60000000000001,0.0,28.8,113.9,10.0,0.0,22.0,4.0,0.0,0.0,25.200000000000003,1646.4119047619051,7166.925000000001,0.0,0.42,0.0,28.200000000000003,18.300000000000004,8.0,21.060000000000002,597.2400000000001,47.900000000000006,5.0,283.50000000000006,26.500000000000007,9.675,0.02,15.900000000000002,12.0,17.1,23.0,743.3250000000003,0.02,0.19,31.200000000000003,0.15,0.06,40.00000000000001,1909.2857142857147,0.0,0.0,12.000000000000002,1.0,181.80000000000004,263.975,332.61000000000007,197.10000000000002,0.1428571428571428,3217.1250000000005,106.25000000000001,10156.800000000001,30.600000000000005,352.50000000000006,0.31,42.36000000000001,9689.625000000002,1881.6000000000004,0.04,9.569691731118324,37.0,62.0,7535182.500000001,16.950691855374313,0.02
Nov-25,24.0,23.6,3.0,6.900000000000001,2.0,18.0,0.0,4.0,8.0,32.1,0.0,2.0,17.0,1.0,0.0,3.0,6.0,8.0,2.0,11.0,27.0,0.0,5.700000000000001,8.100000000000001,7.300000000000001,4.0,5.0,27.05,0.0,3.0,11.900000000000002,5.0,2.0,18.0,21.0,2.0,1.0,7.600000000000001,7.4,24.0,3.0,10.8,23.0,15.0,26.25,8.25,3.0,1.0,42.5,22.0,5.0,69.3,20.0,38.0,13.0,0.0,0.0,0.0,0.0,34.0,5.0,2.0,38.800000000000004,3.0,0.0,78.0,0.0,0.0,8.750000000000002,23.3,0.0,0.0,0.0,21.950000000000003,27.550000000000004,50.800000000000004,4.0,26.0,0.0,0.0,24.450000000000003,2.0,13.000000000000002,16.500000000000004,0.0,21.700000000000003,23.020000000000003,0.0,19.0,0.0,0.0,4.0,0.0,0.0,10.0,56.55,61.900000000000006,20.0,28.75,34.0,0.0,0.0,0.0,0.0,0.0,44.0,49.900000000000006,3.0,0.0,15.200000000000001,0.0,0.0,5.0,0.0,0.0,0.0,0.0,0.0,0.0,0.0,38.1,0.0,12.0,23.950000000000003,1.0,0.0,33.2,0.0,54.00000000000001,122.0,10.0,0.0,25.0,7.0,0.0,0.0,28.5,1690.9095238095244,7166.925000000001,0.03,0.23,2.0,90.60000000000001,0.0,10.666666666666668,84.24000000000001,924.3000000000002,0.0,2.0,344.25000000000006,13.250000000000004,0.0,0.03,95.40000000000002,8.0,12.5,22.0,608.1750000000001,0.0,0.19,21.6,0.22,0.04,25.000000000000007,1661.7857142857147,0.0,53.10000000000001,17.85,5.0,60.60000000000001,1139.2250000000001,303.87000000000006,131.4,0.1428571428571428,3217.1250000000005,71.1875,10598.400000000001,22.950000000000003,310.20000000000005,0.23,39.800000000000004,12058.200000000003,1612.8000000000002,0.03,9.475239882,30.0,47.0,11187207.000000002,17.37559649227344,0.01
Dec-25,35.400000000000006,47.300000000000004,2.0,6.600000000000001,5.0,20.0,0.0,4.0,19.0,35.400000000000006,1.0,1.0,25.1,4.0,3.0,2.0,3.0,8.0,3.0,12.0,33.3,2.0,8.400000000000002,12.000000000000002,12.400000000000002,3.0,18.0,40.25,0.0,4.0,11.900000000000002,0.0,2.0,39.0,29.700000000000003,7.0,1.0,10.900000000000002,11.3,38.800000000000004,1.0,24.000000000000004,34.0,23.0,29.25,8.25,7.0,1.0,48.2,25.0,3.0,74.1,28.0,50.0,4.0,0.0,0.0,0.0,0.0,46.300000000000004,11.0,8.0,39.1,6.0,0.0,65.0,0.0,0.0,6.950000000000001,20.6,0.0,0.0,0.0,27.35,26.050000000000004,74.5,4.0,26.900000000000002,0.0,0.0,26.55,0.0,16.300000000000004,17.1,0.0,22.6,23.92,1.0,17.0,0.0,0.0,8.0,0.0,0.0,13.0,56.85,72.10000000000001,14.0,26.050000000000004,47.0,0.0,0.0,0.0,0.0,0.0,32.0,52.60000000000001,2.0,3.0,18.200000000000003,0.0,1.0,2.0,0.0,0.0,0.0,0.0,0.0,7.200000000000001,0.0,42.6,0.0,16.0,19.15,0.0,0.0,25.1,0.0,52.50000000000001,125.60000000000001,11.0,1.0,20.0,4.0,0.0,0.0,28.5,3381.819047619049,17849.700000000004,0.02,0.22,5.0,100.20000000000002,0.0,10.666666666666668,200.07000000000002,1080.7200000000003,15.966666666666669,1.0,891.0000000000001,53.000000000000014,9.675,0.02,47.70000000000001,8.0,18.75,24.0,1081.2000000000005,0.02,0.28,32.0,0.39,0.03,90.00000000000001,3217.5000000000005,0.0,70.80000000000001,17.85,0.0,60.60000000000001,3181.4750000000004,720.6000000000001,459.9000000000001,0.1428571428571428,4755.750000000001,112.62500000000001,37536.00000000001,7.650000000000001,930.6000000000001,0.34,60.28,14211.450000000003,1612.8000000000002,0.07,9.45100945,36.2,47.0,3846680.4000000004,16.185548390383854,0.01
