Column,Index,Date,Baseline,Original,Jump,Reduction_Fraction,Capped
PT_Electroencephalography_NoM,216,1970-01,338.0423442055275,388.4848321581068,50.44248795257931,0.3,373.352085772333
PT_Electroencephalography_NoM,228,1970-01,367.7166029219747,422.861580553009,55.144977631034294,0.3,406.3180872636987
PT_Metaverse_NoM,216,1970-01,16.66995081218113,87.73268632084182,71.0627355086607,0.3,66.41386566824362
PT_Metaverse_NoM,217,1970-01,25.21142060781258,88.55816203096394,63.34674142315136,0.3,69.55413960401853
PT_Metaverse_NoM,228,1970-01,190.5456327912324,358.09670686055085,167.55107406931845,0.3,307.8313846397553
PT_Metaverse_NoM,229,1970-01,224.9064782969182,358.3174290335175,133.4109507365993,0.3,318.2941438125377
PT_Metaverse_NoM,230,1970-01,307.8313846397553,366.8944918440198,59.0631072042645,0.3,349.1755596827404
PT_Metaverse_NoM,231,1970-01,318.2941438125377,368.4693759142519,50.17523210171419,0.3,353.4168062837376
PT_Metaverse_NoM,240,1970-01,431.2853676002524,540.3577417213743,109.07237412112187,0.3,507.63602948503774
PT_Metaverse_NoM,241,1970-01,448.3638905338267,528.9704190815603,80.6065285477336,0.3,504.7884605172402
PT_Metaverse_NoM,252,1970-01,463.4349535365398,515.3211007484636,51.88614721192374,0.3,499.7552565848864
PT_Personalized Medicine_NoM,240,1970-01,331.1083105757254,389.7576271486111,58.64931657288571,0.3,372.1628321767454
PT_Personalized Medicine_NoM,241,1970-01,339.5990008795588,392.136602655015,52.53760177545621,0.3,376.3753221223781
PT_Personalized Medicine_NoM,252,1970-01,435.0298328390939,492.9192259951757,57.88939315608178,0.3,475.55240804835114
RMD_Anorexia Nervosa_NoP,1,1970-01,231.0,362.30158730158735,131.30158730158735,0.3,322.91111111111115
RMD_Anorexia Nervosa_NoP,2,1970-01,276.9555555555556,452.2073809523811,175.2518253968255,0.3,399.6318333333334
RMD_Anorexia Nervosa_NoP,3,1970-01,322.91111111111115,471.5313996031747,148.62028849206354,0.3,426.94531305555563
RMD_Anorexia Nervosa_NoP,4,1970-01,399.6318333333334,517.7136927242065,118.08185939087303,0.3,482.2891349069445
RMD_Anorexia Nervosa_NoP,5,1970-01,426.94531305555563,527.0241087044346,100.07879564887901,0.3,497.00047000977094
RMD_Anorexia Nervosa_NoP,6,1970-01,482.2891349069445,548.3425292097845,66.05339430283999,0.3,528.5265109189326
RMD_Anorexia Nervosa_NoP,7,1970-01,497.00047000977094,612.2515220026775,115.25105199290653,0.3,577.6762064048055
RMD_Anorexia Nervosa_NoP,8,1970-01,528.5265109189326,638.5265325094423,110.00002159050973,0.3,605.5265260322893
RMD_Anorexia Nervosa_NoP,9,1970-01,577.6762064048055,629.3163299379041,51.64012353309863,0.3,613.8242928779746
RMD_Anorexia Nervosa_NoP,11,1970-01,613.8242928779746,712.6244817320883,98.80018885411369,0.3,682.9844250758541
RMD_Anorexia Nervosa_NoP,12,1970-01,633.454732640497,753.6155620725267,120.16082943202969,0.3,717.5673132429177
RMD_Anorexia Nervosa_NoP,13,1970-01,682.9844250758541,742.9834645050666,59.99903942921253,0.3,724.9837526763029
RMD_Anorexia Nervosa_NoP,14,1970-01,717.5673132429177,855.0346196892875,137.46730644636978,0.3,813.7944277553765
RMD_Anorexia Nervosa_NoP,15,1970-01,724.9837526763029,833.6867957804494,108.70304310414656,0.3,801.0758828492054
RMD_Anorexia Nervosa_NoP,23,1970-01,732.1640441186812,795.3718986468743,63.20785452819314,0.3,776.4095422884164
RMD_Anorexia Nervosa_NoP,35,1970-01,607.7816372789435,921.6582350761668,313.8765977972232,0.3,827.4952557369998
RMD_Anorexia Nervosa_NoP,36,1970-01,619.6595928865278,852.8687364734976,233.20914358696984,0.3,782.9059933974066
RMD_Anorexia Nervosa_NoP,47,1970-01,476.1459843102137,1057.7716455463385,581.6256612361249,0.3,883.283947175501
RMD_Anorexia Nervosa_NoP,48,1970-01,518.5674559770465,976.2300499944614,457.6625940174149,0.3,838.9312717892369
RMD_Anorexia Nervosa_NoP,49,1970-01,838.9312717892369,895.9614637477997,57.030191958562796,0.3,878.8524061602309
RMD_Anorexia Nervosa_NoP,59,1970-01,539.3917886096152,1055.9171322389857,516.5253436293705,0.3,900.9595291501746
RMD_Anorexia Nervosa_NoP,60,1970-01,539.3917886096152,1060.1513875952555,520.7595989856403,0.3,903.9235078995634
RMD_Anorexia Nervosa_NoP,61,1970-01,900.9595291501746,969.6662223779222,68.70669322774756,0.3,949.0542144095979
RMD_Anorexia Nervosa_NoP,63,1970-01,903.9235078995634,1128.3653545308398,224.44184663127635,0.3,1061.032800541457
RMD_Anorexia Nervosa_NoP,64,1970-01,949.0542144095979,1047.3000618558854,98.24584744628748,0.3,1017.8263076219991
RMD_Anorexia Nervosa_NoP,72,1970-01,715.5091401062743,869.2320475817307,153.7229074754564,0.3,823.1151753390939
RMD_Anorexia Nervosa_NoP,73,1970-01,715.5091401062743,940.3141786533092,224.80503854703488,0.3,872.8726670891988
RMD_Anorexia Nervosa_NoP,74,1970-01,823.1151753390939,944.7061289040664,121.59095356497255,0.3,908.2288428345746
RMD_Anorexia Nervosa_NoP,75,1970-01,872.8726670891988,995.1076153852276,122.23494829602885,0.3,958.4371308964189
RMD_Anorexia Nervosa_NoP,79,1970-01,829.2683702270991,880.4696534112576,51.201283184158456,0.3,865.10926845601
RMD_Anorexia Nervosa_NoP,83,1970-01,784.4840755613916,948.7386350660482,164.25455950465664,0.3,899.4622672146512
RMD_Anorexia Nervosa_NoP,84,1970-01,784.4840755613916,859.5975585802636,75.11348301887199,0.3,837.063513674602
RMD_Anorexia Nervosa_NoP,86,1970-01,837.063513674602,908.425611306642,71.3620976320401,0.3,887.01698201703
RMD_Anorexia Nervosa_NoP,93,1970-01,695.3844471661922,794.0827029928623,98.6982558266701,0.3,764.4732262448613
RMD_Anorexia Nervosa_NoP,95,1970-01,727.0150112271673,959.6698072326994,232.65479600553215,0.3,889.8733684310398
RMD_Anorexia Nervosa_NoP,96,1970-01,764.4732262448613,914.3324809507212,149.85925470585994,0.3,869.3747045389632
RMD_Anorexia Nervosa_NoP,102,1970-01,911.5927317969667,985.2744318608004,73.68170006383366,0.3,963.1699218416503
RMD_Anorexia Nervosa_NoP,107,1970-01,859.7794143416914,1682.7761470783048,822.9967327366134,0.3,1435.8771272573208
RMD_Anorexia Nervosa_NoP,108,1970-01,859.7794143416914,1564.6012110080949,704.8217966664034,0.3,1353.1546720081737
RMD_Anorexia Nervosa_NoP,109,1970-01,1353.1546720081737,1433.320762489865,80.1660904816913,0.3,1409.2709353453577
RMD_Anorexia Nervosa_NoP,119,1970-01,1157.2642176879694,1684.8583421663363,527.5941244783669,0.3,1526.5801048228263
RMD_Anorexia Nervosa_NoP,120,1970-01,1178.2401065293918,1585.8113752271677,407.57126869777585,0.3,1463.539994617835
RMD_Anorexia Nervosa_NoP,124,1970-01,1370.1185109956848,1487.4152348807706,117.29672388508584,0.3,1452.226217715245
RMD_Anorexia Nervosa_NoP,131,1970-01,1178.1156331526267,1450.2273428888514,272.1117097362246,0.3,1368.593829967984
RMD_Anorexia Nervosa_NoP,132,1970-01,1178.1156331526267,1373.9320938163264,195.81646066369967,0.3,1315.1871556172164
RMD_Anorexia Nervosa_NoP,137,1970-01,1185.788419941334,1325.5165106815618,139.7280907402278,0.3,1283.5980834594934
RMD_Anorexia Nervosa_NoP,143,1970-01,1104.9452388077034,1399.637663123882,294.69242431617863,0.3,1311.2299358290284
RMD_Anorexia Nervosa_NoP,144,1970-01,1104.9452388077034,1294.391880138572,189.44664133086872,0.3,1237.5578877393116
RMD_Anorexia Nervosa_NoP,152,1970-01,960.5840684069074,1149.1264677908937,188.54239938398632,0.3,1092.5637479756979
RMD_Anorexia Nervosa_NoP,153,1970-01,960.5840684069074,1168.8611577239674,208.27708931706002,0.3,1106.3780309288493
RMD_Anorexia Nervosa_NoP,155,1970-01,1106.3780309288493,1832.3574664642304,725.9794355353811,0.3,1614.563635803616
RMD_Anorexia Nervosa_NoP,156,1970-01,1109.5818823989234,1886.411561933543,776.8296795346196,0.3,1653.362658073157
RMD_Anorexia Nervosa_NoP,157,1970-01,1614.563635803616,1768.850690046257,154.2870542426408,0.3,1722.5645737734646
RMD_Anorexia Nervosa_NoP,167,1970-01,1182.0748650059404,1502.7433630095395,320.6684980035991,0.3,1406.5428136084597
RMD_Anorexia Nervosa_NoP,168,1970-01,1182.0748650059404,44195.167311811696,43013.09244680576,0.3,31291.239577769968
RMD_Anorexia Nervosa_NoP,169,1970-01,1406.5428136084597,41784.26302917459,40377.72021556613,0.3,29670.946964504747
RMD_Anorexia Nervosa_NoP,170,1970-01,29670.946964504747,39305.408216798176,9634.46125229343,0.3,36415.06984111015
RMD_Anorexia Nervosa_NoP,171,1970-01,31291.239577769968,36850.47164616271,5559.232068392743,0.3,35182.70202564489
RMD_Anorexia Nervosa_NoP,235,1970-01,0.0,82.22142086017192,82.22142086017192,0.3,57.55499460212034
RMD_Anorexia Nervosa_NoP,236,1970-01,41.45061431063533,139.26959520600954,97.81898089537421,0.3,109.92390093739728
RMD_Anorexia Nervosa_NoP,237,1970-01,57.55499460212034,336.01712001424926,278.4621254121289,0.3,252.47848239061054
RMD_Anorexia Nervosa_NoP,238,1970-01,109.92390093739728,539.5916321384192,429.6677312010219,0.3,410.6913127781126
RMD_Anorexia Nervosa_NoP,239,1970-01,252.47848239061054,920.350020603766,667.8715382131554,0.3,719.9885591398192
RMD_Anorexia Nervosa_NoP,240,1970-01,410.6913127781126,984.770462976702,574.0791501985893,0.3,812.5467179171251
RMD_Anorexia Nervosa_NoP,241,1970-01,719.9885591398192,1155.0020722895242,435.013513149705,0.3,1024.4980183446128
RMD_Anorexia Nervosa_NoP,242,1970-01,812.5467179171251,1222.3397960239024,409.79307810677733,0.3,1099.401872591869
RMD_Anorexia Nervosa_NoP,243,1970-01,1024.4980183446128,1316.8799055475804,292.3818872029676,0.3,1229.16533938669
RMD_Anorexia Nervosa_NoP,244,1970-01,1099.401872591869,1234.4485490355971,135.04667644372807,0.3,1193.9345461024786
RMD_Anorexia Nervosa_NoP,245,1970-01,1193.9345461024786,1249.7579663820152,55.82342027953655,0.3,1233.0109402981543
RMD_Anorexia Nervosa_NoP,246,1970-01,1229.16533938669,1326.258961685691,97.09362229900103,0.3,1297.1308749959908
RMD_Anorexia Nervosa_NoP,247,1970-01,1233.0109402981543,1475.9905467775548,242.97960647940045,0.3,1403.0966648337346
RMD_Anorexia Nervosa_NoP,248,1970-01,1297.1308749959908,1554.4216396739637,257.2907646779729,0.3,1477.2344102705717
RMD_Anorexia Nervosa_NoP,249,1970-01,1403.0966648337346,1534.1752928601393,131.07862802640466,0.3,1494.851704452218
RMD_Anorexia Nervosa_NoP,251,1970-01,1494.851704452218,1868.3940419573923,373.5423375051744,0.3,1756.33134070584
RMD_Anorexia Nervosa_NoP,252,1970-01,1514.2157201364123,96203.17129154522,94688.9555714088,0.3,67796.48462012257
RMD_Anorexia Nervosa_NoP,253,1970-01,1756.33134070584,90919.36412638324,89163.0327856774,0.3,64170.45429068001
RMD_Anorexia Nervosa_NoP,254,1970-01,64170.45429068001,85801.30260313724,21630.84831245723,0.3,79312.04810940007
RMD_Anorexia Nervosa_NoP,255,1970-01,67796.48462012257,80674.82060015255,12878.33598002998,0.3,76811.31980614355
RMD_Antisocial Personality Disorder_NoP,47,1970-01,0.0,407.1583104053544,407.1583104053544,0.3,285.01081728374805
RMD_Antisocial Personality Disorder_NoP,48,1970-01,0.0,462.6494707829213,462.6494707829213,0.3,323.8546295480449
RMD_Antisocial Personality Disorder_NoP,49,1970-01,285.01081728374805,465.2032677688169,180.19245048506883,0.3,411.1455326232962
RMD_Antisocial Personality Disorder_NoP,50,1970-01,323.8546295480449,938.4631687172788,614.6085391692338,0.3,754.0806069665086
RMD_Antisocial Personality Disorder_NoP,51,1970-01,411.1455326232962,908.9547637273082,497.809231104012,0.3,759.6119943961046
RMD_Antisocial Personality Disorder_NoP,52,1970-01,754.0806069665086,1303.811175417698,549.7305684511894,0.3,1138.892004882341
RMD_Antisocial Personality Disorder_NoP,53,1970-01,759.6119943961046,2004.2478900619603,1244.6358956658557,0.3,1630.8571213622035
RMD_Antisocial Personality Disorder_NoP,54,1970-01,1138.892004882341,2424.0359437914867,1285.1439389091456,0.3,2038.492762118743
RMD_Antisocial Personality Disorder_NoP,55,1970-01,1630.8571213622035,2293.900012429103,663.0428910668993,0.3,2094.987145109033
RMD_Antisocial Personality Disorder_NoP,56,1970-01,2038.492762118743,2212.6369241408115,174.14416202206849,0.3,2160.393675534191
RMD_Antisocial Personality Disorder_NoP,58,1970-01,2094.987145109033,2193.2414325881937,98.25428747916067,0.3,2163.7651463444454
RMD_Antisocial Personality Disorder_NoP,59,1970-01,2160.393675534191,2576.408000700045,416.01432516585373,0.3,2451.6037031502888
RMD_Antisocial Personality Disorder_NoP,60,1970-01,2163.7651463444454,2459.8796219972114,296.11447565276603,0.3,2371.0452793013815
RMD_Antisocial Personality Disorder_NoP,65,1970-01,2034.9829725259635,2119.4340850940266,84.45111256806308,0.3,2094.0987513236078
RMD_Antisocial Personality Disorder_NoP,67,1970-01,2006.4548191789563,2086.3099557594983,79.85513658054197,0.3,2062.3534147853356
RMD_Antisocial Personality Disorder_NoP,69,1970-01,2017.0305289031887,2091.087642087994,74.0571131848053,0.3,2068.8705081325525
RMD_Antisocial Personality Disorder_NoP,71,1970-01,2068.8705081325525,2695.749855005456,626.8793468729036,0.3,2507.686050943585
RMD_Antisocial Personality Disorder_NoP,72,1970-01,2111.223605743879,2771.117230065848,659.8936243219691,0.3,2573.149142769257
RMD_Antisocial Personality Disorder_NoP,73,1970-01,2507.686050943585,3122.5872814698714,614.9012305262863,0.3,2938.1169123119853
RMD_Antisocial Personality Disorder_NoP,74,1970-01,2573.149142769257,2977.054891326144,403.9057485568869,0.3,2855.883166759078
RMD_Antisocial Personality Disorder_NoP,77,1970-01,2855.883166759078,3271.1644380679204,415.2812713088424,0.3,3146.5800566752678
RMD_Antisocial Personality Disorder_NoP,78,1970-01,2883.0267157401577,3055.9085084180456,172.88179267788792,0.3,3004.043970614679
RMD_Antisocial Personality Disorder_NoP,79,1970-01,3004.043970614679,3937.713629191068,933.6696585763889,0.3,3657.612731618151
RMD_Antisocial Personality Disorder_NoP,80,1970-01,3146.5800566752678,3629.8496697408336,483.26961306556586,0.3,3484.868785821164
RMD_Antisocial Personality Disorder_NoP,83,1970-01,3381.951607886918,3579.334820120901,197.38321223398316,0.3,3520.119856450706
RMD_Antisocial Personality Disorder_NoP,88,1970-01,3072.8155738946834,3167.377169820236,94.56159592555241,0.3,3139.0086910425703
RMD_Antisocial Personality Disorder_NoP,89,1970-01,3072.8155738946834,3207.346970304132,134.53139640944846,0.3,3166.987551381297
RMD_Antisocial Personality Disorder_NoP,94,1970-01,2633.3068878988743,2721.4482748797063,88.14138698083207,0.3,2695.005858785457
RMD_Antisocial Personality Disorder_NoP,95,1970-01,2633.3068878988743,3206.121089556767,572.8142016578927,0.3,3034.276829059399
RMD_Antisocial Personality Disorder_NoP,96,1970-01,2695.005858785457,2999.753517318338,304.7476585328809,0.3,2908.3292197584733
RMD_Antisocial Personality Disorder_NoP,106,1970-01,2295.767130540826,2390.2204066861577,94.45327614533153,0.3,2361.884423842558
RMD_Antisocial Personality Disorder_NoP,107,1970-01,2326.6495379357443,3269.2497594589263,942.600221523182,0.3,2986.469693001972
RMD_Antisocial Personality Disorder_NoP,108,1970-01,2361.884423842558,3056.8874281571234,695.0030043145653,0.3,2848.3865268627537
RMD_Antisocial Personality Disorder_NoP,109,1970-01,2848.3865268627537,2996.970642844715,148.58411598196108,0.3,2952.3954080501267
RMD_Antisocial Personality Disorder_NoP,115,1970-01,2517.7076511171936,3454.530199336399,936.8225482192056,0.3,3173.483434870637
RMD_Antisocial Personality Disorder_NoP,116,1970-01,2517.7076511171936,4126.4559569996345,1608.748305882441,0.3,3643.831465234902
RMD_Antisocial Personality Disorder_NoP,117,1970-01,3173.483434870637,4331.926859111548,1158.4434242409106,0.3,3984.3938318392748
RMD_Antisocial Personality Disorder_NoP,118,1970-01,3643.831465234902,4143.606036716713,499.77457148181065,0.3,3993.6736652721697
RMD_Antisocial Personality Disorder_NoP,119,1970-01,3984.3938318392748,4814.331766377777,829.9379345385023,0.3,4565.350386016226
RMD_Antisocial Personality Disorder_NoP,120,1970-01,3993.6736652721697,5064.865764240847,1071.1920989686773,0.3,4743.508134550244
RMD_Antisocial Personality Disorder_NoP,121,1970-01,4565.350386016226,5059.930783496405,494.58039748017836,0.3,4911.556664252351
RMD_Antisocial Personality Disorder_NoP,122,1970-01,4743.508134550244,5334.445896908925,590.9377623586806,0.3,5157.16456820132
RMD_Antisocial Personality Disorder_NoP,123,1970-01,4911.556664252351,5257.342269495649,345.78560524329805,0.3,5153.60658792266
RMD_Antisocial Personality Disorder_NoP,124,1970-01,5153.60658792266,5227.021043476222,73.41445555356222,0.3,5204.996706810153
RMD_Antisocial Personality Disorder_NoP,131,1970-01,4328.308532369971,4729.751997423537,401.4434650535668,0.3,4609.318957907468
RMD_Antisocial Personality Disorder_NoP,132,1970-01,4333.200880475106,4518.253594686986,185.0527142118799,0.3,4462.737780423422
RMD_Antisocial Personality Disorder_NoP,138,1970-01,3917.732528389819,4124.677171208279,206.94464281846012,0.3,4062.593778362741
RMD_Antisocial Personality Disorder_NoP,143,1970-01,3666.6715277720273,4405.372049777926,738.7005220058986,0.3,4183.761893176156
RMD_Antisocial Personality Disorder_NoP,144,1970-01,3666.6715277720273,4727.5488563368335,1060.8773285648062,0.3,4409.285657767392
RMD_Antisocial Personality Disorder_NoP,145,1970-01,4183.761893176156,4414.656487958167,230.89459478201115,0.3,4345.388109523564
RMD_Antisocial Personality Disorder_NoP,147,1970-01,4345.388109523564,4543.905701025155,198.5175915015916,0.3,4484.350423574678
RMD_Antisocial Personality Disorder_NoP,153,1970-01,3321.4009131190846,3416.500706606313,95.09979348722845,0.3,3387.9707685601447
RMD_Antisocial Personality Disorder_NoP,154,1970-01,3321.4009131190846,3839.312535946594,517.9116228275093,0.3,3683.939049098341
RMD_Antisocial Personality Disorder_NoP,155,1970-01,3387.9707685601447,4475.604119673113,1087.6333511129683,0.3,4149.314114339222
RMD_Antisocial Personality Disorder_NoP,156,1970-01,3683.939049098341,4318.211024428615,634.271975330274,0.3,4127.929431829532
RMD_Antisocial Personality Disorder_NoP,166,1970-01,2882.2986846859094,3958.80011684672,1076.5014321608105,0.3,3635.8496871984767
RMD_Antisocial Personality Disorder_NoP,167,1970-01,2882.2986846859094,5070.127405207214,2187.8287205213046,0.3,4413.7787890508225
RMD_Antisocial Personality Disorder_NoP,168,1970-01,3635.8496871984767,4839.215077705624,1203.3653905071474,0.3,4478.2054605534795
RMD_Antisocial Personality Disorder_NoP,169,1970-01,4413.7787890508225,4665.795407565664,252.01661851484187,0.3,4590.190422011212
RMD_Antisocial Personality Disorder_NoP,170,1970-01,4478.2054605534795,4594.568727401873,116.36326684839332,0.3,4559.659747347355
RMD_Antisocial Personality Disorder_NoP,173,1970-01,4478.19312161745,4733.8524242667045,255.65930264925464,0.3,4657.154633471928
RMD_Antisocial Personality Disorder_NoP,174,1970-01,4478.19312161745,5268.122769262361,789.9296476449108,0.3,5031.143874968888
RMD_Antisocial Personality Disorder_NoP,175,1970-01,4657.154633471928,5202.00921591214,544.8545824402117,0.3,5038.552841180076
RMD_Antisocial Personality Disorder_NoP,179,1970-01,4849.610017273011,7079.215703797562,2229.605686524551,0.3,6410.333997840196
RMD_Antisocial Personality Disorder_NoP,180,1970-01,4849.610017273011,6662.487071409338,1812.8770541363265,0.3,6118.623955168439
RMD_Antisocial Personality Disorder_NoP,181,1970-01,6118.623955168439,6594.435116902889,475.81116173444934,0.3,6451.691768382554
RMD_Antisocial Personality Disorder_NoP,182,1970-01,6410.333997840196,6572.33618226257,162.00218442237383,0.3,6523.735526935858
RMD_Antisocial Personality Disorder_NoP,183,1970-01,6451.691768382554,6593.959210174971,142.26744179241723,0.3,6551.2789776372465
RMD_Antisocial Personality Disorder_NoP,186,1970-01,6136.461389245257,6748.707108290305,612.2457190450477,0.3,6565.033392576791
RMD_Antisocial Personality Disorder_NoP,187,1970-01,6136.461389245257,7881.658906094068,1745.1975168488107,0.3,7358.099651039424
RMD_Antisocial Personality Disorder_NoP,188,1970-01,6565.033392576791,7336.118479586985,771.085087010194,0.3,7104.792953483927
RMD_Antisocial Personality Disorder_NoP,189,1970-01,7104.792953483927,8282.404003332675,1177.6110498487478,0.3,7929.1206883780505
RMD_Antisocial Personality Disorder_NoP,190,1970-01,7358.099651039424,8506.673954687132,1148.574303647708,0.3,8162.10166359282
RMD_Antisocial Personality Disorder_NoP,191,1970-01,7929.1206883780505,9089.688541132708,1160.567852754657,0.3,8741.518185306311
RMD_Antisocial Personality Disorder_NoP,192,1970-01,8162.10166359282,8827.469476228063,665.3678126352434,0.3,8627.85913243749
RMD_Antisocial Personality Disorder_NoP,193,1970-01,8627.85913243749,8714.112470432743,86.25333799525288,0.3,8688.236469034167
RMD_Antisocial Personality Disorder_NoP,206,1970-01,6061.847766768579,6229.341013087503,167.4932463189234,0.3,6179.0930391918255
RMD_Antisocial Personality Disorder_NoP,221,1970-01,4196.247318496906,4692.291723228465,496.04440473155955,0.3,4543.478401808998
RMD_Antisocial Personality Disorder_NoP,222,1970-01,4210.8278582512,5054.818993091863,843.9911348406631,0.3,4801.621652639665
RMD_Antisocial Personality Disorder_NoP,223,1970-01,4543.478401808998,5114.66819100346,571.1897891944627,0.3,4943.311254245122
RMD_Antisocial Personality Disorder_NoP,224,1970-01,4801.621652639665,5124.929128168881,323.3074755292164,0.3,5027.936885510117
RMD_Antisocial Personality Disorder_NoP,225,1970-01,4943.311254245122,5324.899325976915,381.5880717317932,0.3,5210.422904457377
RMD_Antisocial Personality Disorder_NoP,226,1970-01,5027.936885510117,5892.938007374261,865.0011218641448,0.3,5633.437670815018
RMD_Antisocial Personality Disorder_NoP,227,1970-01,5210.422904457377,7612.016880595002,2401.593976137625,0.3,6891.538687753714
RMD_Antisocial Personality Disorder_NoP,228,1970-01,5633.437670815018,7575.055282090692,1941.6176112756748,0.3,6992.56999870799
RMD_Antisocial Personality Disorder_NoP,229,1970-01,6891.538687753714,7535.467067026361,643.9283792726474,0.3,7342.288553244567
RMD_Antisocial Personality Disorder_NoP,230,1970-01,6992.56999870799,7493.712838133331,501.14283942534166,0.3,7343.369986305729
RMD_Antisocial Personality Disorder_NoP,239,1970-01,5643.658189528662,6549.769320468092,906.11113093943,0.3,6277.935981186263
RMD_Antisocial Personality Disorder_NoP,240,1970-01,5643.658189528662,6458.065491711237,814.4073021825752,0.3,6213.743301056465
RMD_Antisocial Personality Disorder_NoP,241,1970-01,6213.743301056465,7127.546718371513,913.8034173150481,0.3,6853.405693176998
RMD_Antisocial Personality Disorder_NoP,242,1970-01,6277.935981186263,6905.629588773903,627.6936075876401,0.3,6717.321506497611
RMD_Antisocial Personality Disorder_NoP,251,1970-01,5931.487989333171,7461.584353401032,1530.096364067861,0.3,7002.5554441806735
RMD_Antisocial Personality Disorder_NoP,252,1970-01,5963.683268496509,6980.656158048097,1016.9728895515873,0.3,6675.56429118262
RMD_Antisocial Personality Disorder_NoP,253,1970-01,6675.56429118262,7044.802501440214,369.2382102575939,0.3,6934.031038362936
RMD_Antisocial Personality Disorder_NoP,254,1970-01,6934.031038362936,7907.95894798592,973.9279096229839,0.3,7615.780575099025
RMD_Antisocial Personality Disorder_NoP,255,1970-01,6934.031038362936,7678.401205137125,744.3701667741889,0.3,7455.090155104868
RMD_Antisocial Personality Disorder_NoP,256,1970-01,7455.090155104868,9114.704730547524,1659.6145754426561,0.3,8616.820357914727
RMD_Antisocial Personality Disorder_NoP,257,1970-01,7615.780575099025,10276.161879764144,2660.3813046651194,0.3,9478.047488364607
RMD_Antisocial Personality Disorder_NoP,258,1970-01,8616.820357914727,11222.763754660284,2605.943396745557,0.3,10440.980735636616
RMD_Antisocial Personality Disorder_NoP,259,1970-01,9478.047488364607,12153.816623293507,2675.7691349289,0.3,11351.085882814838
RMD_Antisocial Personality Disorder_NoP,260,1970-01,10440.980735636616,13683.74762194694,3242.7668863103245,0.3,12710.917556053842
RMD_Antisocial Personality Disorder_NoP,261,1970-01,11351.085882814838,15066.640532625295,3715.5546498104577,0.3,13951.974137682158
RMD_Antisocial Personality Disorder_NoP,262,1970-01,12710.917556053842,16355.359699572691,3644.4421435188488,0.3,15262.027056517036
RMD_Antisocial Personality Disorder_NoP,263,1970-01,13951.974137682158,21291.85015132748,7339.87601364532,0.3,19089.887347233882
RMD_Body Integrity Dysphoria_NoP,163,1970-01,49.79616682283211,106.91689046773422,57.12072364490211,0.3,89.78067337426359
RMD_Body Integrity Dysphoria_NoP,263,1970-01,42.92706762629519,95.36451684533154,52.437449219036345,0.3,79.63328207962063
RMD_Capgras Syndrome_NoP,156,1970-01,1.572706714331813,68.55560012470954,66.98289341037773,0.3,48.46073210159622
RMD_Capgras Syndrome_NoP,157,1970-01,3.892367370769487,64.50973160263204,60.61736423186256,0.3,46.324522333073276
RMD_Childhood Disintegrative Disorder_NoP,59,1970-01,34.956073967812515,97.23966284213525,62.28358887432273,0.3,78.55458617983842
RMD_Childhood Disintegrative Disorder_NoP,60,1970-01,39.26788591874386,89.62869451481504,50.36080859607118,0.3,74.52045193599369
RMD_Childhood Disintegrative Disorder_NoP,92,1970-01,14.46558230988983,125.89140990771428,111.42582759782445,0.3,92.46366162836694
RMD_Childhood Disintegrative Disorder_NoP,93,1970-01,14.46558230988983,116.94519769621772,102.4796153863279,0.3,86.20131308031935
RMD_Childhood Disintegrative Disorder_NoP,95,1970-01,92.46366162836694,153.7968085328576,61.33314690449066,0.3,135.3968644615104
RMD_Childhood Disintegrative Disorder_NoP,154,1970-01,33.72571814120738,90.11459207793696,56.38887393672958,0.3,73.19792989691808
RMD_Childhood Disintegrative Disorder_NoP,155,1970-01,58.8085427233372,138.02196353668702,79.21342081334983,0.3,114.25793729268207
RMD_Childhood Disintegrative Disorder_NoP,156,1970-01,73.19792989691808,127.79848803187866,54.60055813496058,0.3,111.41832059139048
RMD_Childhood Disintegrative Disorder_NoP,191,1970-01,29.430684634888003,83.49200559734291,54.06132096245491,0.3,67.27360930860644
RMD_Childhood Disintegrative Disorder_NoP,227,1970-01,78.62342461036027,246.21155605115092,167.58813144079065,0.3,195.93511661891372
RMD_Childhood Disintegrative Disorder_NoP,228,1970-01,79.15839010195758,229.57923833243424,150.42084823047668,0.3,184.45298386329125
RMD_Childhood Disintegrative Disorder_NoP,251,1970-01,115.64171189696296,172.31472705106907,56.67301515410611,0.3,155.31282250483724
RMD_Childhood Disintegrative Disorder_NoP,252,1970-01,115.64171189696296,167.1490510427774,51.50733914581443,0.3,151.69684929903306
RMD_Childhood Disintegrative Disorder_NoP,263,1970-01,136.82820291098653,201.0671984466751,64.23899553568856,0.3,181.79549978596853
RMD_Chronic Traumatic Encephalopathy_NoP,83,1970-01,66.54568816944428,154.48210718111608,87.9364190116718,0.3,128.10118147761455
RMD_Chronic Traumatic Encephalopathy_NoP,84,1970-01,71.1169083728703,163.73571329553457,92.61880492266427,0.3,135.9500718187353
RMD_Chronic Traumatic Encephalopathy_NoP,95,1970-01,162.50179485538888,214.0325814344945,51.53078657910561,0.3,198.5733454607628
RMD_Chronic Traumatic Encephalopathy_NoP,107,1970-01,261.60878016294134,312.6658944173494,51.05711425440808,0.3,297.348760141027
RMD_Chronic Traumatic Encephalopathy_NoP,108,1970-01,261.60878016294134,418.32529107781806,156.71651091487672,0.3,371.310337803355
RMD_Chronic Traumatic Encephalopathy_NoP,109,1970-01,297.348760141027,411.4121216168508,114.0633614758238,0.3,377.1931131741037
RMD_Chronic Traumatic Encephalopathy_NoP,120,1970-01,259.72452722245527,322.6511012038286,62.92657398137334,0.3,303.7731290094166
RMD_Chronic Traumatic Encephalopathy_NoP,132,1970-01,153.0425781649077,207.70434034245812,54.66176217755043,0.3,191.30581168919298
RMD_Chronic Traumatic Encephalopathy_NoP,138,1970-01,154.12085653518747,236.1048967814545,81.98404024626703,0.3,211.5096847075744
RMD_Chronic Traumatic Encephalopathy_NoP,167,1970-01,175.5356333810996,339.9346706902911,164.39903730919153,0.3,290.6149594975336
RMD_Chronic Traumatic Encephalopathy_NoP,168,1970-01,200.05528896862432,335.4414408863397,135.38615191771538,0.3,294.8255953110251
RMD_Chronic Traumatic Encephalopathy_NoP,179,1970-01,305.6549036748383,437.7337070641892,132.07880338935092,0.3,398.11006604738395
RMD_Chronic Traumatic Encephalopathy_NoP,180,1970-01,312.25125085569584,411.4932491165122,99.24199826081633,0.3,381.7206496382673
RMD_Chronic Traumatic Encephalopathy_NoP,190,1970-01,409.11665406476334,468.56791643585336,59.451262371090024,0.3,450.73253772452637
RMD_Chronic Traumatic Encephalopathy_NoP,191,1970-01,411.6780501816044,571.6989564824981,160.02090630089373,0.3,523.6926845922301
RMD_Chronic Traumatic Encephalopathy_NoP,192,1970-01,450.73253772452637,714.038397742066,263.3058600175396,0.3,635.0466397368041
RMD_Chronic Traumatic Encephalopathy_NoP,193,1970-01,523.6926845922301,712.5207028869667,188.82801829473658,0.3,655.8722973985457
RMD_Chronic Traumatic Encephalopathy_NoP,194,1970-01,635.0466397368041,700.2451740029423,65.19853426613827,0.3,680.6856137231009
RMD_Chronic Traumatic Encephalopathy_NoP,204,1970-01,622.6499645326688,713.8500765679167,91.20011203524791,0.3,686.4900429573423
RMD_Chronic Traumatic Encephalopathy_NoP,239,1970-01,448.7977366503332,617.6168126791762,168.81907602884297,0.3,566.9710898705233
RMD_Chronic Traumatic Encephalopathy_NoP,240,1970-01,469.031543886267,618.5054705293984,149.4739266431314,0.3,573.6632925364589
RMD_Chronic Traumatic Encephalopathy_NoP,241,1970-01,566.9710898705233,643.8217352419515,76.85064537142819,0.3,620.7665416305231
RMD_Chronic Traumatic Encephalopathy_NoP,242,1970-01,573.6632925364589,642.5312648070395,68.8679722705806,0.3,621.8708731258654
RMD_Chronic Traumatic Encephalopathy_NoP,246,1970-01,650.9551850915835,792.9862948529212,142.0311097613377,0.3,750.37696192452
RMD_Chronic Traumatic Encephalopathy_NoP,247,1970-01,663.5769374222153,761.7445618968801,98.16762447466476,0.3,732.2942745544807
RMD_Chronic Traumatic Encephalopathy_NoP,251,1970-01,736.6912794269587,852.5117012683957,115.820421841437,0.3,817.7655747159646
RMD_Chronic Traumatic Encephalopathy_NoP,252,1970-01,742.4548688068946,855.4625314892876,113.00766268239295,0.3,821.5602326845697
RMD_Chronic Traumatic Encephalopathy_NoP,253,1970-01,817.7655747159646,887.4949660306438,69.72939131467922,0.3,866.5761486362401
RMD_Chronic Traumatic Encephalopathy_NoP,254,1970-01,821.5602326845697,925.8366822877113,104.2764496031416,0.3,894.5537474067687
RMD_Chronic Traumatic Encephalopathy_NoP,255,1970-01,866.5761486362401,922.7470435076332,56.1708948713931,0.3,905.8957750462152
RMD_Chronic Traumatic Encephalopathy_NoP,257,1970-01,905.8957750462152,959.3205711134374,53.42479606722213,0.3,943.2931322932708
RMD_Chronic Traumatic Encephalopathy_NoP,259,1970-01,943.2931322932708,1028.2607356372612,84.96760334399039,0.3,1002.7704546340641
RMD_Chronic Traumatic Encephalopathy_NoP,261,1970-01,1002.7704546340641,1142.4004914428413,139.63003680877716,0.3,1100.511480400208
RMD_Chronic Traumatic Encephalopathy_NoP,262,1970-01,1025.9214530429426,1365.9446235455362,340.02317050259353,0.3,1263.937672394758
RMD_Chronic Traumatic Encephalopathy_NoP,263,1970-01,1100.511480400208,1630.4566193202336,529.9451389200256,0.3,1471.473077644226
RMD_Circadian Rhythm Sleep Wake Disorder_NoP,48,1970-01,0.0,307.14442587247754,307.14442587247754,0.3,215.00109811073426
RMD_Circadian Rhythm Sleep Wake Disorder_NoP,49,1970-01,0.0,291.03447747855887,291.03447747855887,0.3,203.7241342349912
RMD_Circadian Rhythm Sleep Wake Disorder_NoP,50,1970-01,203.7241342349912,275.0803515366393,71.35621730164809,0.3,253.67348634614484
RMD_Circadian Rhythm Sleep Wake Disorder_NoP,167,1970-01,54.317076045779984,104.77407136627188,50.4569953204919,0.3,89.63697277012432
RMD_Circadian Rhythm Sleep Wake Disorder_NoP,240,1970-01,22.126174343476613,76.82357722682558,54.697402883348964,0.3,60.414356361820886
RMD_Cyclothymic Disorder_NoP,51,1970-01,70.35255053039961,122.1501745170641,51.79762398666449,0.3,106.61088732106475
RMD_Cyclothymic Disorder_NoP,77,1970-01,205.7783931116484,294.0165483120658,88.23815520041742,0.3,267.5451017519406
RMD_Cyclothymic Disorder_NoP,78,1970-01,205.7783931116484,270.7108052508812,64.93241213923281,0.3,251.23108160911136
RMD_Cyclothymic Disorder_NoP,90,1970-01,179.906528504041,241.3892170104295,61.482688506388484,0.3,222.94441045851295
RMD_Cyclothymic Disorder_NoP,91,1970-01,179.906528504041,240.13328080064264,60.22675229660163,0.3,222.06525511166214
RMD_Cyclothymic Disorder_NoP,107,1970-01,235.20435780840975,322.1006325574928,86.89627474908306,0.3,296.0317501327679
RMD_Cyclothymic Disorder_NoP,108,1970-01,235.20435780840975,314.37085087240905,79.1664930639993,0.3,290.6209029532093
RMD_Cyclothymic Disorder_NoP,131,1970-01,267.17047251703445,317.3710987795865,50.20062626255202,0.3,302.3109109008209
RMD_Cyclothymic Disorder_NoP,140,1970-01,248.22037966582715,301.7345380297677,53.51415836394054,0.3,285.6802905205855
RMD_Cyclothymic Disorder_NoP,216,1970-01,277.89790049907725,329.5860803665488,51.68817986747155,0.3,314.07962640630734
RMD_Cyclothymic Disorder_NoP,218,1970-01,323.89474612791133,388.6130173972392,64.71827126932789,0.3,369.19753601644084
RMD_Cyclothymic Disorder_NoP,240,1970-01,398.2588744923448,458.50977700546616,60.25090251312139,0.3,440.43450625152974
RMD_Cyclothymic Disorder_NoP,241,1970-01,398.2588744923448,451.3805403822481,53.12166588990334,0.3,435.4440406152771
RMD_Cyclothymic Disorder_NoP,250,1970-01,447.1769248420388,500.62512278032966,53.44819793829089,0.3,484.59066339884237
RMD_Cyclothymic Disorder_NoP,253,1970-01,496.1147785193491,585.5151249631791,89.40034644383002,0.3,558.6950210300301
RMD_Cyclothymic Disorder_NoP,254,1970-01,505.7748947918698,681.6912564925417,175.91636170067187,0.3,628.9163479823401
RMD_Cyclothymic Disorder_NoP,255,1970-01,558.6950210300301,807.3663185865053,248.6712975564751,0.3,732.7649293195627
RMD_Cyclothymic Disorder_NoP,256,1970-01,628.9163479823401,939.38704287814,310.47069489579997,0.3,846.2458344094
RMD_Cyclothymic Disorder_NoP,257,1970-01,732.7649293195627,1006.2587595262204,273.49383020665766,0.3,924.210610464223
RMD_Cyclothymic Disorder_NoP,258,1970-01,846.2458344094,1096.512010711862,250.2661763024621,0.3,1021.4321578211235
RMD_Cyclothymic Disorder_NoP,259,1970-01,924.210610464223,1187.4448767253796,263.23426626115656,0.3,1108.4745968470327
RMD_Cyclothymic Disorder_NoP,260,1970-01,1021.4321578211235,1236.347231753919,214.9150739327955,0.3,1171.8727095740803
RMD_Cyclothymic Disorder_NoP,261,1970-01,1108.4745968470327,1238.4026151208348,129.92801827380208,0.3,1199.424209638694
RMD_Cyclothymic Disorder_NoP,262,1970-01,1171.8727095740803,1260.0479470754549,88.17523750137457,0.3,1233.5953758250425
RMD_Cyclothymic Disorder_NoP,263,1970-01,1199.424209638694,1470.3285060992353,270.9042964605412,0.3,1389.057217161073
RMD_Delusional Disorder_NoP,63,1970-01,0.0,59.76491958421923,59.76491958421923,0.3,41.835443708953456
RMD_Delusional Disorder_NoP,64,1970-01,0.0,253.5008681971176,253.5008681971176,0.3,177.4506077379823
RMD_Delusional Disorder_NoP,65,1970-01,41.835443708953456,426.5957176077405,384.76027389878703,0.3,311.16763543810436
RMD_Delusional Disorder_NoP,66,1970-01,177.4506077379823,580.2481034892623,402.79749575128005,0.3,459.4088547638783
RMD_Delusional Disorder_NoP,67,1970-01,311.16763543810436,715.6340102651858,404.46637482708144,0.3,594.2940978170614
RMD_Delusional Disorder_NoP,68,1970-01,459.4088547638783,833.9031563121908,374.49430154831254,0.3,721.5548658476971
RMD_Delusional Disorder_NoP,69,1970-01,594.2940978170614,940.8133719729344,346.51927415587306,0.3,836.8575897261725
RMD_Delusional Disorder_NoP,70,1970-01,721.5548658476971,1027.9118325410725,306.3569666933754,0.3,936.0047425330599
RMD_Delusional Disorder_NoP,71,1970-01,836.8575897261725,1104.940887889691,268.08329816351863,0.3,1024.5158984406355
RMD_Delusional Disorder_NoP,72,1970-01,936.0047425330599,1182.9923332639996,246.9875907309397,0.3,1108.8960560447176
RMD_Delusional Disorder_NoP,73,1970-01,1024.5158984406355,1230.4286724345573,205.91277399392175,0.3,1168.6548402363808
RMD_Delusional Disorder_NoP,74,1970-01,1108.8960560447176,1266.8692343258865,157.97317828116888,0.3,1219.477280841536
RMD_Delusional Disorder_NoP,75,1970-01,1168.6548402363808,1293.331393856453,124.67655362007213,0.3,1255.9284277704312
RMD_Delusional Disorder_NoP,76,1970-01,1219.477280841536,1310.6806804646808,91.20339962314483,0.3,1283.3196605777373
RMD_Delusional Disorder_NoP,77,1970-01,1255.9284277704312,1319.7416350097624,63.81320723933118,0.3,1300.597672837963
RMD_Delusional Disorder_NoP,96,1970-01,897.1363819956,1092.8645245595412,195.72814256394122,0.3,1034.146081790359
RMD_Delusional Disorder_NoP,97,1970-01,897.1363819956,1030.60573234111,133.46935034551007,0.3,990.564927237457
RMD_Delusional Disorder_NoP,131,1970-01,69.78938521818452,174.8499400741651,105.06055485598057,0.3,143.3317736173709
RMD_Delusional Disorder_NoP,132,1970-01,69.78938521818452,153.69685641084342,83.9074711926589,0.3,128.52461505304575
RMD_Delusional Disorder_NoP,143,1970-01,66.86854902270156,139.5589542456768,72.69040522297524,0.3,117.75183267878423
RMD_Delusional Disorder_NoP,144,1970-01,66.86854902270156,123.21975908913852,56.35121006643696,0.3,106.31439606920742
RMD_Delusional Disorder_NoP,167,1970-01,24.518694323522663,204.75465675910527,180.23596243558262,0.3,150.68386802843048
RMD_Delusional Disorder_NoP,168,1970-01,40.0913794782872,1457.0161663613794,1416.924786883092,0.3,1031.9387302964517
RMD_Delusional Disorder_NoP,169,1970-01,150.68386802843048,1368.666444171619,1217.9825761431887,0.3,1003.2716713286625
RMD_Delusional Disorder_NoP,170,1970-01,1003.2716713286625,1282.3083619799768,279.0366906513143,0.3,1198.5973547845824
RMD_Delusional Disorder_NoP,171,1970-01,1031.9387302964517,1198.1745461975988,166.23581590114713,0.3,1148.3038014272547
RMD_Delusional Disorder_NoP,192,1970-01,281.70651263716087,8416.447186149708,8134.740673512547,0.3,5976.024984095943
RMD_Delusional Disorder_NoP,193,1970-01,281.70651263716087,7914.219519193887,7632.513006556726,0.3,5624.465617226869
RMD_Delusional Disorder_NoP,194,1970-01,5624.465617226869,7425.18102133768,1800.7154041108115,0.3,6884.966400104437
RMD_Delusional Disorder_NoP,195,1970-01,5976.024984095943,6952.778801493738,976.7538173977946,0.3,6659.7526562744
RMD_Delusional Disorder_NoP,228,1970-01,0.0,646.5172013369279,646.5172013369279,0.3,452.5620409358495
RMD_Delusional Disorder_NoP,229,1970-01,0.0,544.6304935431025,544.6304935431025,0.3,381.24134548017173
RMD_Delusional Disorder_NoP,230,1970-01,381.24134548017173,450.2093040609441,68.96795858077235,0.3,429.5189164867124
RMD_Factitious Disorder_NoP,28,1970-01,37.35172481886019,134.42561269927626,97.07388788041607,0.3,105.30344633515143
RMD_Factitious Disorder_NoP,29,1970-01,37.35172481886019,122.23058257385742,84.87885775499723,0.3,96.76692524735824
RMD_Factitious Disorder_NoP,30,1970-01,96.76692524735824,150.06265254811117,53.29572730075293,0.3,134.0739343578853
RMD_Factitious Disorder_NoP,47,1970-01,125.0329452370615,182.72726464926097,57.69431941219948,0.3,165.41896882560113
RMD_Factitious Disorder_NoP,48,1970-01,135.95990730552288,215.9335157969942,79.97360849147131,0.3,191.9414332495528
RMD_Factitious Disorder_NoP,60,1970-01,147.51631433993913,1315.7003578830045,1168.1840435430654,0.3,965.2451448200848
RMD_Factitious Disorder_NoP,61,1970-01,156.7793905557588,1233.3507266881106,1076.571336132352,0.3,910.3793258484051
RMD_Factitious Disorder_NoP,62,1970-01,910.3793258484051,1153.0693049792656,242.68997913086048,0.3,1080.2623112400074
RMD_Factitious Disorder_NoP,63,1970-01,965.2451448200848,1075.0506789164087,109.80553409632398,0.3,1042.1090186875115
RMD_Factitious Disorder_NoP,84,1970-01,270.11706984213424,345.56644556868963,75.44937572655539,0.3,322.931632850723
RMD_Factitious Disorder_NoP,118,1970-01,28.522094164682944,82.28732325826196,53.76522909357902,0.3,66.15775453018826
RMD_Factitious Disorder_NoP,119,1970-01,38.70227242645802,100.0179261595251,61.31565373306708,0.3,81.62323003960498
RMD_Factitious Disorder_NoP,127,1970-01,56.15719700305332,116.69551425099816,60.53831724794484,0.3,98.5340190766147
RMD_Factitious Disorder_NoP,131,1970-01,104.07073878530474,170.8308285552113,66.76008976990656,0.3,150.80280162423932
RMD_Factitious Disorder_NoP,132,1970-01,107.95558717225413,162.79975627260947,54.844169100355344,0.3,146.34650554250288
RMD_Factitious Disorder_NoP,142,1970-01,96.02636896573888,178.9900760607025,82.96370709496362,0.3,154.1009639322134
RMD_Factitious Disorder_NoP,143,1970-01,112.54434914723812,217.99919656918365,105.45484742194553,0.3,186.36274234259997
RMD_Factitious Disorder_NoP,144,1970-01,154.1009639322134,207.3428257106374,53.24186177842401,0.3,191.3702671771102
RMD_Factitious Disorder_NoP,166,1970-01,159.6283124692443,218.50121070233044,58.87289823308615,0.3,200.8393412324046
RMD_Factitious Disorder_NoP,178,1970-01,138.2602099949064,191.3111830692785,53.05097307437211,0.3,175.39589114696687
RMD_Factitious Disorder_NoP,179,1970-01,175.39589114696687,243.5194527228436,68.12356157587672,0.3,223.08238425008057
RMD_Factitious Disorder_NoP,180,1970-01,177.70628428900648,237.149298147438,59.44301385843153,0.3,219.31639398990853
RMD_Factitious Disorder_NoP,189,1970-01,195.80745610945675,248.21195135666835,52.4044952472116,0.3,232.49060278250488
RMD_Factitious Disorder_NoP,215,1970-01,120.64243096641164,191.47541268445363,70.83298171804199,0.3,170.22551816904104
RMD_Factitious Disorder_NoP,226,1970-01,114.7297438708065,187.14838400461556,72.41864013380906,0.3,165.42279196447285
RMD_Factitious Disorder_NoP,227,1970-01,129.98414514506976,200.3327515383539,70.34860639328414,0.3,179.22816962036865
RMD_Factitious Disorder_NoP,233,1970-01,183.7243278328576,261.9685278596537,78.24420002679611,0.3,238.49526785161487
RMD_Factitious Disorder_NoP,240,1970-01,237.011845449082,744.790362665585,507.778517216503,0.3,592.4568075006341
RMD_Factitious Disorder_NoP,241,1970-01,237.011845449082,700.9734021785749,463.96155672949294,0.3,561.784935159727
RMD_Factitious Disorder_NoP,242,1970-01,561.784935159727,689.9436873960396,128.1587522363127,0.3,651.4960617251459
RMD_Factitious Disorder_NoP,243,1970-01,592.4568075006341,686.328058988111,93.87125148747691,0.3,658.166683541868
RMD_Factitious Disorder_NoP,249,1970-01,665.3184657056756,729.4242967995337,64.10583109385811,0.3,710.1925474713763
RMD_Factitious Disorder_NoP,254,1970-01,719.0716772286684,807.4011017300138,88.32942450134544,0.3,780.9022743796102
RMD_Factitious Disorder_NoP,255,1970-01,719.0716772286684,866.3422449392414,147.270567710573,0.3,822.1610746260694
RMD_Factitious Disorder_NoP,256,1970-01,780.9022743796102,984.1342292695166,203.23195488990643,0.3,923.1646428025447
RMD_Factitious Disorder_NoP,257,1970-01,822.1610746260694,1149.422594020417,327.2615193943475,0.3,1051.2441382021127
RMD_Factitious Disorder_NoP,258,1970-01,923.1646428025447,1296.1891759927914,373.02453319024676,0.3,1184.2818160357174
RMD_Factitious Disorder_NoP,259,1970-01,1051.2441382021127,1448.8281538879646,397.5840156858519,0.3,1329.552949182209
RMD_Factitious Disorder_NoP,260,1970-01,1184.2818160357174,1890.554926557514,706.2731105217965,0.3,1678.672993400975
RMD_Factitious Disorder_NoP,261,1970-01,1329.552949182209,2013.236663993988,683.683714811779,0.3,1808.1315495504543
RMD_Factitious Disorder_NoP,262,1970-01,1678.672993400975,2078.670294366844,399.9973009658688,0.3,1958.671104077083
RMD_Factitious Disorder_NoP,263,1970-01,1808.1315495504543,2302.8622102305803,494.730660680126,0.3,2154.4430120265424
RMD_Hyperthymesia_NoP,260,1970-01,155.03668190235894,205.04361514428328,50.006933241924344,0.3,190.04153517170596
RMD_Impulse Control Disorders_NoP,63,1970-01,0.0,6126.471252699441,6126.471252699441,0.3,4288.529876889608
RMD_Impulse Control Disorders_NoP,64,1970-01,0.0,56583.97567990895,56583.97567990895,0.3,39608.782975936265
RMD_Impulse Control Disorders_NoP,65,1970-01,4288.529876889608,101689.82764314084,97401.29776625124,0.3,72469.43831326546
RMD_Impulse Control Disorders_NoP,66,1970-01,39608.782975936265,141764.8595575481,102156.07658161184,0.3,111118.03658306455
RMD_Impulse Control Disorders_NoP,67,1970-01,72469.43831326546,177173.0639827269,104703.62566946143,0.3,145761.97628188846
RMD_Impulse Control Disorders_NoP,68,1970-01,111118.03658306455,208132.1897883313,97014.15320526676,0.3,179027.94382675126
RMD_Impulse Control Disorders_NoP,69,1970-01,145761.97628188846,235005.42063586225,89243.44435397378,0.3,208232.3873296701
RMD_Impulse Control Disorders_NoP,70,1970-01,179027.94382675126,257995.08700974644,78967.14318299518,0.3,234304.94405484787
RMD_Impulse Control Disorders_NoP,71,1970-01,208232.3873296701,277509.5434540506,69277.1561243805,0.3,256726.39661673646
RMD_Impulse Control Disorders_NoP,72,1970-01,234304.94405484787,304531.06725093984,70226.12319609197,0.3,283463.2302921122
RMD_Impulse Control Disorders_NoP,73,1970-01,256726.39661673646,316864.65833188547,60138.26171514901,0.3,298823.17981734074
RMD_Impulse Control Disorders_NoP,74,1970-01,283463.2302921122,326370.35629879136,42907.126006679144,0.3,313498.2184967876
RMD_Impulse Control Disorders_NoP,75,1970-01,298823.17981734074,333316.8826875127,34493.70287017198,0.3,322968.77182646113
RMD_Impulse Control Disorders_NoP,76,1970-01,313498.2184967876,337890.975595353,24392.757098565402,0.3,330573.1484657834
RMD_Impulse Control Disorders_NoP,77,1970-01,322968.77182646113,340331.1686201467,17362.396793685562,0.3,335122.449582041
RMD_Impulse Control Disorders_NoP,78,1970-01,330573.1484657834,340950.6150707889,10377.466605005495,0.3,337837.37508928723
RMD_Impulse Control Disorders_NoP,79,1970-01,335122.449582041,339723.81022958434,4601.3606475433335,0.3,338343.40203532134
RMD_Impulse Control Disorders_NoP,120,1970-01,22427.16770121576,34666.9333460879,12239.76564487214,0.3,30995.003652626256
RMD_Impulse Control Disorders_NoP,121,1970-01,22427.16770121576,30417.78490672446,7990.617205508701,0.3,28020.59974507185
RMD_Impulse Control Disorders_NoP,188,1970-01,0.0,184.60107648453263,184.60107648453263,0.3,129.22075353917282
RMD_Impulse Control Disorders_NoP,189,1970-01,33.14163366870016,251.63442677921637,218.4927931105162,0.3,186.0865888460615
RMD_Impulse Control Disorders_NoP,190,1970-01,129.22075353917282,647.1884127676784,517.9676592285056,0.3,491.7981149991267
RMD_Impulse Control Disorders_NoP,191,1970-01,186.0865888460615,1587.468915236313,1401.3823263902516,0.3,1167.0542173192375
RMD_Impulse Control Disorders_NoP,192,1970-01,491.7981149991267,1607.7440228819023,1115.9459078827756,0.3,1272.9602505170697
RMD_Impulse Control Disorders_NoP,193,1970-01,1167.0542173192375,1545.1278996485237,378.07368232928616,0.3,1431.7057949497378
RMD_Impulse Control Disorders_NoP,194,1970-01,1272.9602505170697,1531.1370349545257,258.17678443745604,0.3,1453.6839996232889
RMD_Impulse Control Disorders_NoP,195,1970-01,1431.7057949497378,1513.8360001265837,82.13020517684595,0.3,1489.19693857353
RMD_Impulse Control Disorders_NoP,203,1970-01,1344.9298918372012,1535.686494998136,190.75660316093467,0.3,1478.4595140498554
RMD_Impulse Control Disorders_NoP,204,1970-01,1344.9298918372012,1490.7640053679863,145.8341135307851,0.3,1447.0137713087508
RMD_Impulse Control Disorders_NoP,205,1970-01,1447.0137713087508,1520.0763732454404,73.06260193668959,0.3,1498.1575926644337
RMD_Impulse Control Disorders_NoP,215,1970-01,1196.0670443255908,3178.3077742217497,1982.2407298961589,0.3,2583.635555252902
RMD_Impulse Control Disorders_NoP,216,1970-01,1196.6877725230886,2972.504236879436,1775.8164643563475,0.3,2439.759297572532
RMD_Impulse Control Disorders_NoP,217,1970-01,2439.759297572532,2955.818532086957,516.059234514425,0.3,2801.0007617326296
RMD_Impulse Control Disorders_NoP,218,1970-01,2583.635555252902,2799.3258765418623,215.69032128896015,0.3,2734.618780155174
RMD_Impulse Control Disorders_NoP,219,1970-01,2734.618780155174,2845.432285739996,110.813505584822,0.3,2812.1882340645498
RMD_Impulse Control Disorders_NoP,221,1970-01,2734.618780155174,86030.34710929134,83295.72832913617,0.3,61041.628610550484
RMD_Impulse Control Disorders_NoP,222,1970-01,2812.1882340645498,81104.25246877642,78292.06423471187,0.3,57616.63319836286
RMD_Impulse Control Disorders_NoP,223,1970-01,57616.63319836286,76244.03174425483,18627.398545891963,0.3,70655.81218048724
RMD_Impulse Control Disorders_NoP,224,1970-01,61041.628610550484,71515.72007632127,10474.09146577079,0.3,68373.49263659003
RMD_Impulse Control Disorders_NoP,240,1970-01,21569.774866533524,29827.29039769382,8257.515531160298,0.3,27350.03573834573
RMD_Impulse Control Disorders_NoP,241,1970-01,21569.774866533524,26954.772701012665,5384.997834479142,0.3,25339.273350668922
RMD_Impulse Control Disorders_NoP,263,1970-01,0.0,55.21524384077247,55.21524384077247,0.3,38.65067068854073
RMD_Kleine Levin Syndrome_NoP,71,1970-01,148.545709667031,208.6721032626412,60.12639359561021,0.3,190.63418518395815
RMD_Kleine Levin Syndrome_NoP,73,1970-01,190.63418518395815,243.8913539156768,53.25716873171865,0.3,227.9142032961612
RMD_Kleine Levin Syndrome_NoP,139,1970-01,83.51481504780878,146.66821678282142,63.153401735012636,0.3,127.72219626231762
RMD_Kleine Levin Syndrome_NoP,167,1970-01,118.49346364119856,169.43337423678653,50.939910595587975,0.3,154.15140105811014
RMD_Kleine Levin Syndrome_NoP,168,1970-01,126.02269571188724,295.885818038012,169.86312232612477,0.3,244.92688134017456
RMD_Kleine Levin Syndrome_NoP,169,1970-01,154.15140105811014,292.19858836892485,138.0471873108147,0.3,250.78443217568042
RMD_Kleine Levin Syndrome_NoP,191,1970-01,148.03589342195897,205.51861811781677,57.4827246958578,0.3,188.27380070905943
RMD_Kleine Levin Syndrome_NoP,235,1970-01,117.61110307081924,214.9452881617833,97.33418509096407,0.3,185.74503263449407
RMD_Kleine Levin Syndrome_NoP,236,1970-01,142.24244091152738,258.65312424620475,116.41068333467737,0.3,223.72991924580154
RMD_Kleine Levin Syndrome_NoP,237,1970-01,185.74503263449407,281.061911100953,95.31687846645895,0.3,252.46684756101533
RMD_Kleine Levin Syndrome_NoP,239,1970-01,252.46684756101533,347.7472759185398,95.28042835752447,0.3,319.16314741128247
RMD_Kleine Levin Syndrome_NoP,240,1970-01,270.91450971472165,320.9680291223835,50.05351940766184,0.3,305.95197330008494
RMD_Kleine Levin Syndrome_NoP,249,1970-01,277.75781944137526,357.72090570383045,79.96308626245519,0.3,333.7319798250939
RMD_Kleine Levin Syndrome_NoP,250,1970-01,291.272402375084,389.5490788115209,98.2766764364369,0.3,360.06607588058984
RMD_Kleine Levin Syndrome_NoP,251,1970-01,333.7319798250939,394.4166892143848,60.6847093892909,0.3,376.21127639759754
RMD_Kleptomania_NoP,63,1970-01,0.0,9834.85688690428,9834.85688690428,0.3,6884.399820832995
RMD_Kleptomania_NoP,64,1970-01,0.0,96180.55067309184,96180.55067309184,0.3,67326.38547116429
RMD_Kleptomania_NoP,65,1970-01,6884.399820832995,173410.77232729516,166526.37250646215,0.3,123452.8605753565
RMD_Kleptomania_NoP,66,1970-01,67326.38547116429,242050.91795444168,174724.53248327738,0.3,189633.55820945845
RMD_Kleptomania_NoP,67,1970-01,123452.8605753565,302616.79442910134,179163.93385374482,0.3,248867.61427297787
RMD_Kleptomania_NoP,68,1970-01,189633.55820945845,355612.9992841495,165979.44107469104,0.3,305819.16696174216
RMD_Kleptomania_NoP,69,1970-01,248867.61427297787,401531.5186572721,152663.90438429423,0.3,355732.3473419838
RMD_Kleptomania_NoP,70,1970-01,305819.16696174216,440850.52849979606,135031.3615380539,0.3,400341.1200383799
RMD_Kleptomania_NoP,71,1970-01,355732.3473419838,474033.3847155687,118301.03737358487,0.3,438543.0735034932
RMD_Kleptomania_NoP,72,1970-01,400341.1200383799,501528.1033861862,101186.98334780626,0.3,471172.00838184427
RMD_Kleptomania_NoP,73,1970-01,438543.0735034932,523765.5671728111,85222.49366931786,0.3,498198.8190720157
RMD_Kleptomania_NoP,74,1970-01,471172.00838184427,541160.3067449094,69988.29836306511,0.3,520163.81723598985
RMD_Kleptomania_NoP,75,1970-01,498198.8190720157,554109.7708260734,55910.95175405766,0.3,537336.485299856
RMD_Kleptomania_NoP,76,1970-01,520163.81723598985,562993.7396449905,42829.92240900069,0.3,550144.7629222904
RMD_Kleptomania_NoP,77,1970-01,537336.485299856,568174.500383791,30838.015083934995,0.3,558923.0958586106
RMD_Kleptomania_NoP,78,1970-01,550144.7629222904,569996.3200467925,19851.557124502142,0.3,564040.8529094418
RMD_Kleptomania_NoP,79,1970-01,558923.0958586106,568785.9836432599,9862.887784649269,0.3,565827.1173078651
RMD_Kleptomania_NoP,80,1970-01,564040.8529094418,564852.6009618641,811.7480524223065,0.3,564609.0765461375
RMD_Kleptomania_NoP,189,1970-01,0.0,59.371848682952994,59.371848682952994,0.3,41.560294078067095
RMD_Kleptomania_NoP,190,1970-01,0.0,169.7086091152137,169.7086091152137,0.3,118.79602638064958
RMD_Kleptomania_NoP,191,1970-01,41.560294078067095,268.4931504586723,226.9328563806052,0.3,200.41329354449073
RMD_Kleptomania_NoP,192,1970-01,118.79602638064958,357.97677191549167,239.1807455348421,0.3,286.22254825503904
RMD_Kleptomania_NoP,193,1970-01,200.41329354449073,434.4796473670516,234.06635382256087,0.3,364.25974122028333
RMD_Kleptomania_NoP,194,1970-01,286.22254825503904,501.3248370366203,215.10228878158125,0.3,436.7941504021459
RMD_Kleptomania_NoP,195,1970-01,364.25974122028333,558.993883554049,194.7341423337657,0.3,500.5736408539193
RMD_Kleptomania_NoP,196,1970-01,436.7941504021459,607.8010560019646,171.00690559981877,0.3,556.4989843220189
RMD_Kleptomania_NoP,197,1970-01,500.5736408539193,649.1610059250789,148.58736507115964,0.3,604.584796403731
RMD_Kleptomania_NoP,198,1970-01,556.4989843220189,682.6891558262564,126.19017150423747,0.3,644.8321043749852
RMD_Kleptomania_NoP,199,1970-01,604.584796403731,710.0810449581849,105.49624855445381,0.3,678.4321703918487
RMD_Kleptomania_NoP,200,1970-01,644.8321043749852,730.5833399521294,85.75123557714426,0.3,704.8579692789862
RMD_Kleptomania_NoP,201,1970-01,678.4321703918487,745.5399887469189,67.10781835507021,0.3,725.4076432403979
RMD_Kleptomania_NoP,202,1970-01,704.8579692789862,755.4382727184948,50.58030343950861,0.3,740.2641816866421
RMD_Kleptomania_NoP,249,1970-01,27.75044787643884,147014.9774082652,146987.22696038877,0.3,102918.80932014858
RMD_Kleptomania_NoP,250,1970-01,27.75044787643884,138575.05225846806,138547.30181059163,0.3,97010.86171529058
RMD_Kleptomania_NoP,251,1970-01,97010.86171529058,130285.65186235828,33274.7901470677,0.3,120303.21481823796
RMD_Kleptomania_NoP,252,1970-01,102918.80932014858,122174.24324654767,19255.4339263991,0.3,116397.61306862795
RMD_Landau Kleffner Syndrome_NoP,33,1970-01,3.5935258394376355,125.05867750084222,121.46515166140459,0.3,88.61913200242084
RMD_Landau Kleffner Syndrome_NoP,34,1970-01,33.32340409305335,118.300130180348,84.97672608729465,0.3,92.8071123541596
RMD_Landau Kleffner Syndrome_NoP,35,1970-01,88.61913200242084,183.76093694100143,95.14180493858059,0.3,155.21839545942726
RMD_Landau Kleffner Syndrome_NoP,36,1970-01,92.8071123541596,171.05685834088456,78.24974598672496,0.3,147.58193454486707
RMD_Landau Kleffner Syndrome_NoP,41,1970-01,145.50740010192476,197.1503895871991,51.64298948527434,0.3,181.6574927416168
RMD_Landau Kleffner Syndrome_NoP,76,1970-01,76.12138333317543,172.9235840910485,96.80220075787307,0.3,143.88292386368659
RMD_Landau Kleffner Syndrome_NoP,77,1970-01,76.77194147277382,157.59544452704048,80.82350305426667,0.3,133.34839361076047
RMD_Landau Kleffner Syndrome_NoP,123,1970-01,34.2424053053055,197.6644369758689,163.4220316705634,0.3,148.63782747469986
RMD_Landau Kleffner Syndrome_NoP,124,1970-01,41.00546786409446,192.76094329449663,151.75547543040216,0.3,147.23430066537597
RMD_Landau Kleffner Syndrome_NoP,125,1970-01,147.23430066537597,198.4939942647891,51.25969359941314,0.3,183.11608618496516
RMD_Landau Kleffner Syndrome_NoP,141,1970-01,75.74415810493129,140.25899728327735,64.51483917834607,0.3,120.90454552977353
RMD_Landau Kleffner Syndrome_NoP,142,1970-01,75.74415810493129,137.5260575573724,61.781899452441124,0.3,118.99148772164007
RMD_Landau Kleffner Syndrome_NoP,147,1970-01,109.93378370601978,161.85656494375516,51.92278123773538,0.3,146.27973057243454
RMD_Landau Kleffner Syndrome_NoP,148,1970-01,109.93378370601978,189.59778523299823,79.66400152697845,0.3,165.6985847749047
RMD_Landau Kleffner Syndrome_NoP,179,1970-01,114.67184166232464,185.9085520201068,71.23671035778217,0.3,164.53753891277216
RMD_Landau Kleffner Syndrome_NoP,180,1970-01,114.67184166232464,169.4170815057651,54.74523984344047,0.3,152.99350955273297
RMD_Landau Kleffner Syndrome_NoP,199,1970-01,98.5270555810474,158.48229968272486,59.95524410167745,0.3,140.49572645222162
RMD_Landau Kleffner Syndrome_NoP,223,1970-01,222.4962643346281,296.8043129612653,74.30804862663717,0.3,274.5118983732741
RMD_Landau Kleffner Syndrome_NoP,224,1970-01,222.4962643346281,303.1125351604324,80.61627082580429,0.3,278.9276539126911
RMD_Landau Kleffner Syndrome_NoP,235,1970-01,270.002367694794,336.1137106428829,66.11134294808892,0.3,316.2803077584562
RMD_Landau Kleffner Syndrome_NoP,236,1970-01,270.002367694794,348.6170872559267,78.61471956113274,0.3,325.0326713875869
RMD_Landau Kleffner Syndrome_NoP,245,1970-01,200.0273891123175,260.30998930975835,60.28260019744084,0.3,242.2252092505261
RMD_Landau Kleffner Syndrome_NoP,246,1970-01,200.0273891123175,255.26725794264652,55.239868830329016,0.3,238.6952972935478
RMD_Landau Kleffner Syndrome_NoP,249,1970-01,238.6952972935478,296.4060970854374,57.7107997918896,0.3,279.0928571478705
RMD_Narcissistic Personality Disorder_NoP,47,1970-01,75.11035640746644,165.73776738442533,90.62741097695888,0.3,138.54954409133765
RMD_Narcissistic Personality Disorder_NoP,48,1970-01,76.64873111969288,173.1637484267662,96.51501730707332,0.3,144.2092432346442
RMD_Narcissistic Personality Disorder_NoP,51,1970-01,144.2092432346442,380.2382938587568,236.02905062411259,0.3,309.429578671523
RMD_Narcissistic Personality Disorder_NoP,52,1970-01,156.18131262273914,371.7444744099432,215.56316178720408,0.3,307.075525873782
RMD_Narcissistic Personality Disorder_NoP,54,1970-01,309.429578671523,375.7010828229077,66.2715041513847,0.3,355.8196315774923
RMD_Narcissistic Personality Disorder_NoP,58,1970-01,348.8508389339393,1038.3167460730554,689.4659071391161,0.3,831.4769739313206
RMD_Narcissistic Personality Disorder_NoP,59,1970-01,348.8508389339393,1060.6457287678943,711.794889833955,0.3,847.1072618177078
RMD_Narcissistic Personality Disorder_NoP,60,1970-01,831.4769739313206,987.91358454941,156.4366106180894,0.3,940.9826013639831
RMD_Narcissistic Personality Disorder_NoP,61,1970-01,847.1072618177078,927.7263368300272,80.6190750123194,0.3,903.5406143263314
RMD_Narcissistic Personality Disorder_NoP,88,1970-01,319.70777155351954,370.5175985348829,50.80982698136336,0.3,355.27465044047386
RMD_Narcissistic Personality Disorder_NoP,93,1970-01,295.1598280355737,454.7404655957641,159.58063756019038,0.3,406.86627432770695
RMD_Narcissistic Personality Disorder_NoP,94,1970-01,295.1598280355737,418.190010274948,123.03018223937431,0.3,381.2809556031357
RMD_Narcissistic Personality Disorder_NoP,102,1970-01,325.57291287407696,389.0752734489433,63.502360574866316,0.3,370.0245652764834
RMD_Narcissistic Personality Disorder_NoP,103,1970-01,325.57291287407696,387.8770215990783,62.304108725001356,0.3,369.1857889815779
RMD_Narcissistic Personality Disorder_NoP,110,1970-01,329.4031491742441,441.5408903433958,112.1377411691517,0.3,407.8995679926503
RMD_Narcissistic Personality Disorder_NoP,111,1970-01,332.1548081158923,397.5413877902184,65.38657967432607,0.3,377.92541388792057
RMD_Narcissistic Personality Disorder_NoP,119,1970-01,339.1063547212392,427.5642655053072,88.45791078406802,0.3,401.0268922700868
RMD_Narcissistic Personality Disorder_NoP,120,1970-01,339.1063547212392,415.3632910328315,76.25693631159231,0.3,392.48621013935383
RMD_Narcissistic Personality Disorder_NoP,121,1970-01,392.48621013935383,454.8205975524392,62.33438741308538,0.3,436.1202813285136
RMD_Narcissistic Personality Disorder_NoP,131,1970-01,244.98711340206484,345.48022234115865,100.49310893909382,0.3,315.3322896594305
RMD_Narcissistic Personality Disorder_NoP,132,1970-01,244.98711340206484,308.39517333506274,63.4080599329979,0.3,289.37275535516335
RMD_Narcissistic Personality Disorder_NoP,139,1970-01,233.89038590074097,297.49535815890374,63.604972258162775,0.3,278.4138664814549
RMD_Narcissistic Personality Disorder_NoP,143,1970-01,282.8145545739448,515.1901537470875,232.3755991731427,0.3,445.4774739951447
RMD_Narcissistic Personality Disorder_NoP,144,1970-01,282.8145545739448,592.6377938165493,309.82323924260453,0.3,499.690822043768
RMD_Narcissistic Personality Disorder_NoP,145,1970-01,445.4774739951447,573.3112309099821,127.83375691483741,0.3,534.9611038355308
RMD_Narcissistic Personality Disorder_NoP,147,1970-01,534.9611038355308,587.91636030541,52.955256469879146,0.3,572.0297833644462
RMD_Narcissistic Personality Disorder_NoP,151,1970-01,531.7469148211728,625.5541816251024,93.80726680392956,0.3,597.4120015839235
RMD_Narcissistic Personality Disorder_NoP,152,1970-01,531.7469148211728,611.5479508405134,79.80103601934059,0.3,587.6076400347113
RMD_Narcissistic Personality Disorder_NoP,155,1970-01,587.6076400347113,817.0660845276556,229.4584444929443,0.3,748.2285511797722
RMD_Narcissistic Personality Disorder_NoP,156,1970-01,597.8296033801809,780.1440567958247,182.3144534156438,0.3,725.4497207711315
RMD_Narcissistic Personality Disorder_NoP,157,1970-01,725.4497207711315,907.8522615531978,182.40254078206624,0.3,853.1314993185779
RMD_Narcissistic Personality Disorder_NoP,158,1970-01,748.2285511797722,874.3203845270676,126.09183334729539,0.3,836.492834522879
RMD_Narcissistic Personality Disorder_NoP,165,1970-01,592.6856631423163,667.5594595081373,74.87379636582091,0.3,645.097320598391
RMD_Narcissistic Personality Disorder_NoP,166,1970-01,592.6856631423163,684.725650331192,92.03998718887567,0.3,657.1136541745293
RMD_Narcissistic Personality Disorder_NoP,167,1970-01,645.097320598391,904.8665938202852,259.7692732218942,0.3,826.9358118537169
RMD_Narcissistic Personality Disorder_NoP,168,1970-01,657.1136541745293,856.8028599913678,199.68920581683847,0.3,796.8960982463162
RMD_Narcissistic Personality Disorder_NoP,179,1970-01,415.0997617785567,587.9034355756191,172.80367379706246,0.3,536.0623334365004
RMD_Narcissistic Personality Disorder_NoP,180,1970-01,415.0997617785567,567.3822248150973,152.2824630365406,0.3,521.6974859041351
RMD_Narcissistic Personality Disorder_NoP,191,1970-01,429.7912684694608,684.0723162541483,254.28104778468747,0.3,607.788001918742
RMD_Narcissistic Personality Disorder_NoP,192,1970-01,439.41759107101353,659.6612073376988,220.24361626668525,0.3,593.5881224576932
RMD_Narcissistic Personality Disorder_NoP,216,1970-01,448.8046422257007,500.7606844142619,51.956042188561185,0.3,485.1738717576935
RMD_Narcissistic Personality Disorder_NoP,217,1970-01,448.8046422257007,549.8798189618956,101.07517673619486,0.3,519.5572659410371
RMD_Narcissistic Personality Disorder_NoP,222,1970-01,468.24064764975407,622.975904279336,154.7352566295819,0.3,576.5553272904614
RMD_Narcissistic Personality Disorder_NoP,223,1970-01,468.24064764975407,614.2079957609495,145.96734811119546,0.3,570.4177913275909
RMD_Narcissistic Personality Disorder_NoP,225,1970-01,576.5553272904614,770.9933857942017,194.4380585037403,0.3,712.6619682430796
RMD_Narcissistic Personality Disorder_NoP,226,1970-01,605.6770881155969,783.6630867759748,177.98599866037785,0.3,730.2672871778614
RMD_Narcissistic Personality Disorder_NoP,227,1970-01,712.6619682430796,978.8400022256908,266.17803398261117,0.3,898.9865920309074
RMD_Narcissistic Personality Disorder_NoP,228,1970-01,730.2672871778614,968.2337761193068,237.9664889414454,0.3,896.8438294368732
RMD_Narcissistic Personality Disorder_NoP,229,1970-01,896.8438294368732,957.2507537429648,60.40692430609158,0.3,939.1286764511373
RMD_Narcissistic Personality Disorder_NoP,235,1970-01,932.2273211502128,988.362199033116,56.1348778829032,0.3,971.521735668245
RMD_Narcissistic Personality Disorder_NoP,237,1970-01,971.0853497474504,1178.7320086416144,207.64665889416392,0.3,1116.4380109733652
RMD_Narcissistic Personality Disorder_NoP,238,1970-01,971.521735668245,1159.3853416031536,187.8636059349086,0.3,1103.026259822681
RMD_Narcissistic Personality Disorder_NoP,239,1970-01,1103.026259822681,1344.2914145605232,241.2651547378423,0.3,1271.9118681391706
RMD_Narcissistic Personality Disorder_NoP,240,1970-01,1116.4380109733652,1231.8954231493533,115.45741217598811,0.3,1197.258199496557
RMD_Narcissistic Personality Disorder_NoP,241,1970-01,1197.258199496557,1287.7595537635536,90.50135426699671,0.3,1260.6091474834545
RMD_Narcissistic Personality Disorder_NoP,243,1970-01,1260.6091474834545,1419.8960839853448,159.2869365018903,0.3,1372.1100030347777
RMD_Narcissistic Personality Disorder_NoP,244,1970-01,1298.5334735475162,1441.3054529594638,142.77197941194754,0.3,1398.4738591358796
RMD_Narcissistic Personality Disorder_NoP,245,1970-01,1372.1100030347777,1562.2873577713735,190.17735473659582,0.3,1505.2341513503948
RMD_Narcissistic Personality Disorder_NoP,246,1970-01,1398.4738591358796,1511.6496353132356,113.17577617735606,0.3,1477.696902460029
RMD_Narcissistic Personality Disorder_NoP,251,1970-01,1477.3052993601125,1540.198293627726,62.8929942676134,0.3,1521.330395347442
RMD_Narcissistic Personality Disorder_NoP,252,1970-01,1477.3052993601125,1585.8241731545436,108.5188737944311,0.3,1553.2685110162142
RMD_Narcissistic Personality Disorder_NoP,255,1970-01,1553.2685110162142,1638.738351541105,85.46984052489074,0.3,1613.0973993836378
RMD_Narcissistic Personality Disorder_NoP,256,1970-01,1589.0202432811193,1684.5297072173864,95.50946393626714,0.3,1655.8768680365063
RMD_Narcissistic Personality Disorder_NoP,257,1970-01,1613.0973993836378,1675.5017787899528,62.404379406315,0.3,1656.7804649680584
RMD_Narcissistic Personality Disorder_NoP,260,1970-01,1656.7804649680584,1849.635791996336,192.85532702827754,0.3,1791.7791938878527
RMD_Narcissistic Personality Disorder_NoP,261,1970-01,1688.5369461089804,1775.8028243349747,87.26587822599436,0.3,1749.6230608671765
RMD_Narcissistic Personality Disorder_NoP,262,1970-01,1749.6230608671765,2011.187889318075,261.5648284508984,0.3,1932.7184407828054
RMD_Narcissistic Personality Disorder_NoP,263,1970-01,1791.7791938878527,2946.729758356274,1154.9505644684214,0.3,2600.244589015748
RMD_Olfactory Reference Syndrome_NoP,59,1970-01,0.0,475.9224224111088,475.9224224111088,0.3,333.14569568777614
RMD_Olfactory Reference Syndrome_NoP,60,1970-01,0.0,469.5786063798252,469.5786063798252,0.3,328.7050244658776
RMD_Olfactory Reference Syndrome_NoP,61,1970-01,328.7050244658776,451.9412789197707,123.23625445389308,0.3,414.9704025836028
RMD_Olfactory Reference Syndrome_NoP,62,1970-01,333.14569568777614,433.8079778111229,100.66228212334676,0.3,403.6092931741189
RMD_Olfactory Reference Syndrome_NoP,84,1970-01,191.00095413217645,143269.203536153,143078.20258202084,0.3,100345.74276154676
RMD_Olfactory Reference Syndrome_NoP,85,1970-01,191.00095413217645,135041.8668459256,134850.86589179342,0.3,94586.60707838756
RMD_Olfactory Reference Syndrome_NoP,86,1970-01,94586.60707838756,126972.11349049132,32385.506412103758,0.3,117256.46156686019
RMD_Olfactory Reference Syndrome_NoP,87,1970-01,100345.74276154676,119085.01290314805,18739.270141601286,0.3,113463.23186066766
RMD_Olfactory Reference Syndrome_NoP,174,1970-01,0.0,100.47694237513812,100.47694237513812,0.3,70.33385966259668
RMD_Olfactory Reference Syndrome_NoP,175,1970-01,41.43572288760865,148.32165520203895,106.8859323144303,0.3,116.25587550770986
RMD_Olfactory Reference Syndrome_NoP,176,1970-01,70.33385966259668,200.69928847023957,130.3654288076429,0.3,161.58965982794672
RMD_Olfactory Reference Syndrome_NoP,177,1970-01,116.25587550770986,327.78666196926883,211.530786461559,0.3,264.3274260308011
RMD_Olfactory Reference Syndrome_NoP,178,1970-01,161.58965982794672,359.3358648085489,197.74620498060216,0.3,300.01200331436826
RMD_Olfactory Reference Syndrome_NoP,179,1970-01,264.3274260308011,406.2909680398581,141.963542009057,0.3,363.701905437141
RMD_Olfactory Reference Syndrome_NoP,180,1970-01,300.01200331436826,422.5691061078372,122.55710279346891,0.3,385.80197526979646
RMD_Olfactory Reference Syndrome_NoP,181,1970-01,363.701905437141,445.1655848384791,81.46367940133808,0.3,420.72648101807766
RMD_Olfactory Reference Syndrome_NoP,182,1970-01,385.80197526979646,468.7850877718645,82.98311250206802,0.3,443.8901540212441
RMD_Olfactory Reference Syndrome_NoP,183,1970-01,420.72648101807766,478.358214973052,57.63173395497432,0.3,461.0686947865597
RMD_Olfactory Reference Syndrome_NoP,184,1970-01,443.8901540212441,509.9692383792555,66.07908435801141,0.3,490.14551307185206
RMD_Olfactory Reference Syndrome_NoP,185,1970-01,461.0686947865597,522.2178132529424,61.149118466382674,0.3,503.87307771302756
RMD_Olfactory Reference Syndrome_NoP,239,1970-01,198.7999072167,287.9191639988062,89.11925678210619,0.3,261.18338696417436
RMD_Olfactory Reference Syndrome_NoP,243,1970-01,260.7586640920108,322.2561323610723,61.49746826906147,0.3,303.8068918803538
RMD_Olfactory Reference Syndrome_NoP,244,1970-01,279.0634623382394,352.8122547198165,73.74879238157712,0.3,330.6876170053434
RMD_Olfactory Reference Syndrome_NoP,245,1970-01,303.8068918803538,391.4817035690872,87.67481168873337,0.3,365.17926006246716
RMD_Olfactory Reference Syndrome_NoP,246,1970-01,330.6876170053434,417.62079901558536,86.93318201024198,0.3,391.54084441251274
RMD_Olfactory Reference Syndrome_NoP,247,1970-01,365.17926006246716,426.84338092235583,61.66412085988867,0.3,408.3441446643892
RMD_Olfactory Reference Syndrome_NoP,251,1970-01,448.2408039255017,519.4175798035635,71.17677587806179,0.3,498.064547040145
RMD_Olfactory Reference Syndrome_NoP,252,1970-01,474.724434478372,556.086322697218,81.36188821884593,0.3,531.6777562315642
RMD_Olfactory Reference Syndrome_NoP,253,1970-01,498.064547040145,575.0512596880209,76.98671264787589,0.3,551.9552458936581
RMD_Olfactory Reference Syndrome_NoP,254,1970-01,531.6777562315642,622.5349466813034,90.85719044973916,0.3,595.2777895463817
RMD_Olfactory Reference Syndrome_NoP,255,1970-01,551.9552458936581,646.5900902418512,94.63484434819304,0.3,618.1996369373933
RMD_Olfactory Reference Syndrome_NoP,256,1970-01,595.2777895463817,739.0122689951348,143.73447944875318,0.3,695.8919251605089
RMD_Olfactory Reference Syndrome_NoP,257,1970-01,618.1996369373933,679.9021685281144,61.70253159072115,0.3,661.3914090508981
RMD_Olfactory Reference Syndrome_NoP,258,1970-01,661.3914090508981,743.7115672651557,82.32015821425762,0.3,719.0155198008785
RMD_Olfactory Reference Syndrome_NoP,259,1970-01,695.8919251605089,793.110468292167,97.21854313165807,0.3,763.9449053526696
RMD_Olfactory Reference Syndrome_NoP,260,1970-01,719.0155198008785,894.1974268750163,175.18190707413783,0.3,841.642854752775
RMD_Olfactory Reference Syndrome_NoP,261,1970-01,763.9449053526696,938.3132024652054,174.36829711253586,0.3,886.0027133314447
RMD_Olfactory Reference Syndrome_NoP,262,1970-01,841.642854752775,968.7753344840498,127.13247973127488,0.3,930.6355905646674
RMD_Olfactory Reference Syndrome_NoP,263,1970-01,886.0027133314447,1142.2323766285897,256.22966329714495,0.3,1065.3634776394463
RMD_Othello Syndrome_NoP,1,1970-01,1.0,437.0,436.0,0.3,306.2
RMD_Othello Syndrome_NoP,2,1970-01,153.6,655.105,501.505,0.3,504.6535
RMD_Othello Syndrome_NoP,3,1970-01,306.2,804.323975,498.12397500000003,0.3,654.8867825
RMD_Othello Syndrome_NoP,4,1970-01,504.6535,934.599432625,429.94593262499995,0.3,805.6156528375
RMD_Othello Syndrome_NoP,5,1970-01,654.8867825,1047.1743473243748,392.28756482437484,0.3,929.4880778770623
RMD_Othello Syndrome_NoP,6,1970-01,805.6156528375,1143.2558988171904,337.64024597969046,0.3,1041.9638250232833
RMD_Othello Syndrome_NoP,7,1970-01,929.4880778770623,1224.0130156666385,294.52493778957614,0.3,1135.6555343297655
RMD_Othello Syndrome_NoP,8,1970-01,1041.9638250232833,1336.5643557528083,294.60053072952496,0.3,1248.1841965339509
RMD_Othello Syndrome_NoP,9,1970-01,1135.6555343297655,1387.3777400515976,251.7222057218321,0.3,1311.861078335048
RMD_Othello Syndrome_NoP,10,1970-01,1248.1841965339509,1426.1728972202498,177.9887006862989,0.3,1372.7762870143602
RMD_Othello Syndrome_NoP,11,1970-01,1311.861078335048,1453.9576741859355,142.09659585088752,0.3,1411.3286954306693
RMD_Othello Syndrome_NoP,12,1970-01,1372.7762870143602,1471.6941850841229,98.91789806976271,0.3,1442.0188156631941
RMD_Othello Syndrome_NoP,13,1970-01,1411.3286954306693,1480.298573967071,68.96987853640167,0.3,1459.6076104061506
RMD_Othello Syndrome_NoP,53,1970-01,231.41647367485464,291.6904107881634,60.27393711330873,0.3,273.60822965417077
RMD_Othello Syndrome_NoP,54,1970-01,231.41647367485464,283.98119736917414,52.5647236943195,0.3,268.2117802608783
RMD_Othello Syndrome_NoP,83,1970-01,9.66617332554024,82.17050812730191,72.50433480176167,0.3,60.41920768677341
RMD_Othello Syndrome_NoP,84,1970-01,19.92591607098586,72.07978843734985,52.153872366363984,0.3,56.43362672744064
RMD_Othello Syndrome_NoP,102,1970-01,31.00597961881568,83.1980118853237,52.192032266508015,0.3,67.5404022053713
RMD_Othello Syndrome_NoP,103,1970-01,43.265679811198005,97.9161206926102,54.6504408814122,0.3,81.52098842818654
RMD_Othello Syndrome_NoP,130,1970-01,42.72090090060979,146.94763863137302,104.22673773076323,0.3,115.67961731214405
RMD_Othello Syndrome_NoP,131,1970-01,42.72090090060979,135.52023193588215,92.79933103527236,0.3,107.68043262530044
RMD_Othello Syndrome_NoP,154,1970-01,50.39519578724647,105.57407832793812,55.17888254069165,0.3,89.02041356573062
RMD_Othello Syndrome_NoP,168,1970-01,121.62994301166384,338.6293072832865,216.99936427162265,0.3,273.52949800179965
RMD_Othello Syndrome_NoP,169,1970-01,132.89347928379678,314.28296222276026,181.38948293896348,0.3,259.86611734107123
RMD_Othello Syndrome_NoP,197,1970-01,106.26013741329923,277.6937907646177,171.43365335131847,0.3,226.26369475922215
RMD_Othello Syndrome_NoP,198,1970-01,119.5879662595382,278.3906098269812,158.80264356744297,0.3,230.74981675674826
RMD_Othello Syndrome_NoP,205,1970-01,200.67676457424724,296.35576563558897,95.67900106134172,0.3,267.65206531718644
RMD_Othello Syndrome_NoP,206,1970-01,221.0018924806773,294.4800877626185,73.4781952819412,0.3,272.4366291780361
RMD_Othello Syndrome_NoP,227,1970-01,112.54489657503014,212.9301901483564,100.38529357332625,0.3,182.8146020763585
RMD_Othello Syndrome_NoP,228,1970-01,112.54489657503014,192.71230341360828,80.16740683857815,0.3,168.66208136203483
RMD_Othello Syndrome_NoP,240,1970-01,150.47715020637096,368.35127469009154,217.87412448372058,0.3,302.9890373449754
RMD_Othello Syndrome_NoP,241,1970-01,179.7497149740503,408.1359220610781,228.38620708702777,0.3,339.62005993496973
RMD_Othello Syndrome_NoP,242,1970-01,302.9890373449754,399.1964250846607,96.20738773968532,0.3,370.3342087627551
RMD_Othello Syndrome_NoP,243,1970-01,339.62005993496973,413.2448956804617,73.62483574549196,0.3,391.1574449568141
RMD_Othello Syndrome_NoP,244,1970-01,370.3342087627551,449.0072947382803,78.67308597552517,0.3,425.40536894562274
RMD_Othello Syndrome_NoP,248,1970-01,454.6810761774379,509.00689969019686,54.32582351275897,0.3,492.70915263636914
RMD_Othello Syndrome_NoP,258,1970-01,468.584736917679,656.0884382902904,187.50370137261137,0.3,599.8373278785069
RMD_Othello Syndrome_NoP,259,1970-01,488.8107090763459,625.5563273341891,136.74561825784315,0.3,584.5326418568361
RMD_Othello Syndrome_NoP,263,1970-01,626.9804216701264,733.5549082305329,106.57448656040651,0.3,701.5825622624109
RMD_Postpartum Psychosis_NoP,17,1970-01,19.96918221946915,114.278926012112,94.30974379264285,0.3,85.98600287431914
RMD_Postpartum Psychosis_NoP,18,1970-01,19.96918221946915,106.999952123469,87.03076990399985,0.3,80.89072115226904
RMD_Postpartum Psychosis_NoP,19,1970-01,80.89072115226904,148.8701258630729,67.97940471080386,0.3,128.47630444983173
RMD_Postpartum Psychosis_NoP,20,1970-01,85.98600287431914,139.18393159940106,53.19792872508192,0.3,123.22455298187649
RMD_Postpartum Psychosis_NoP,25,1970-01,120.64943987280742,190.29268126907613,69.6432413962687,0.3,169.3997088501955
RMD_Postpartum Psychosis_NoP,26,1970-01,152.30342845268004,225.86279539748728,73.55936694480724,0.3,203.7949853140451
RMD_Postpartum Psychosis_NoP,27,1970-01,169.3997088501955,259.07783413606984,89.67812528587433,0.3,232.17439655030753
RMD_Postpartum Psychosis_NoP,43,1970-01,75.55273684519248,144.03865047713273,68.48591363194025,0.3,123.49287638755067
RMD_Postpartum Psychosis_NoP,45,1970-01,123.49287638755067,216.1180361961844,92.62515980863373,0.3,188.33048825359427
RMD_Postpartum Psychosis_NoP,46,1970-01,130.7864494066511,198.5858741257834,67.7994247191323,0.3,178.2460467100437
RMD_Postpartum Psychosis_NoP,53,1970-01,168.5663733037095,235.8885642288014,67.32219092509192,0.3,215.69190695127384
RMD_Postpartum Psychosis_NoP,57,1970-01,216.1771826795808,306.45948221505006,90.28229953546926,0.3,279.3747923544093
RMD_Postpartum Psychosis_NoP,58,1970-01,228.3865067280981,281.9428627422315,53.5563560141334,0.3,265.8759559379915
RMD_Postpartum Psychosis_NoP,63,1970-01,214.6908110178258,322.02612517178466,107.33531415395885,0.3,289.825530925597
RMD_Postpartum Psychosis_NoP,64,1970-01,214.6908110178258,295.40873169707805,80.71792067925225,0.3,271.19335549330236
RMD_Postpartum Psychosis_NoP,65,1970-01,271.19335549330236,465.8010339113567,194.60767841805432,0.3,407.41873038594036
RMD_Postpartum Psychosis_NoP,66,1970-01,289.825530925597,430.32510073465073,140.49956980905375,0.3,388.1752297919346
RMD_Postpartum Psychosis_NoP,81,1970-01,259.22367759904705,574.8636358921261,315.6399582930791,0.3,480.1716484042024
RMD_Postpartum Psychosis_NoP,82,1970-01,259.22367759904705,578.6465301764366,319.42285257738956,0.3,482.8196744032197
RMD_Postpartum Psychosis_NoP,83,1970-01,480.1716484042024,532.5329023814339,52.36125397723151,0.3,516.8245261882645
RMD_Postpartum Psychosis_NoP,95,1970-01,282.74303276620583,334.393924832568,51.65089206636219,0.3,318.8986572126594
RMD_Postpartum Psychosis_NoP,99,1970-01,267.3966701553599,403.8800420506235,136.4833718952636,0.3,362.93503048204445
RMD_Postpartum Psychosis_NoP,100,1970-01,267.3966701553599,414.70030664033646,147.30363648497655,0.3,370.5092156948435
RMD_Postpartum Psychosis_NoP,110,1970-01,275.15687865984785,361.10542943518817,85.94855077534032,0.3,335.32086420258605
RMD_Postpartum Psychosis_NoP,112,1970-01,325.0582672988657,388.90303003968114,63.84476274081544,0.3,369.7496012174365
RMD_Postpartum Psychosis_NoP,113,1970-01,335.32086420258605,546.9938013562166,211.67293715363058,0.3,483.49192021012743
RMD_Postpartum Psychosis_NoP,114,1970-01,369.7496012174365,500.0405265343175,130.290925316881,0.3,460.95324893925317
RMD_Postpartum Psychosis_NoP,120,1970-01,334.1655123977813,508.973896782009,174.80838438422768,0.3,456.53138146674064
RMD_Postpartum Psychosis_NoP,121,1970-01,334.1655123977813,463.0705359079698,128.90502351018853,0.3,424.39902885491324
RMD_Postpartum Psychosis_NoP,131,1970-01,175.78542288418828,418.42022601752,242.63480313333173,0.3,345.62978507752047
RMD_Postpartum Psychosis_NoP,132,1970-01,175.78542288418828,378.80242542617634,203.01700254198806,0.3,317.8973246635799
RMD_Postpartum Psychosis_NoP,144,1970-01,137.0280625178362,1553.9762754403744,1416.9482129225382,0.3,1128.891811563613
RMD_Postpartum Psychosis_NoP,145,1970-01,137.0280625178362,1451.6444728113383,1314.6164102935022,0.3,1057.2595497232876
RMD_Postpartum Psychosis_NoP,146,1970-01,1057.2595497232876,1352.2876280811493,295.02807835786166,0.3,1263.7792045737908
RMD_Postpartum Psychosis_NoP,147,1970-01,1128.891811563613,1256.105029683573,127.21321811996017,0.3,1217.941064247585
RMD_Postpartum Psychosis_NoP,154,1970-01,1021.4969279701132,1325.744370459348,304.2474424892347,0.3,1234.4701377125775
RMD_Postpartum Psychosis_NoP,155,1970-01,1061.1303422711296,1415.7633468473628,354.63300457623313,0.3,1309.3734454744929
RMD_Postpartum Psychosis_NoP,156,1970-01,1234.4701377125775,1303.201608862339,68.73147114976155,0.3,1282.5821675174107
RMD_Postpartum Psychosis_NoP,170,1970-01,602.5546429212015,704.5010544005971,101.94641147939558,0.3,673.9171309567785
RMD_Postpartum Psychosis_NoP,171,1970-01,602.5546429212015,674.9678273890204,72.41318446781884,0.3,653.2438720486747
RMD_Postpartum Psychosis_NoP,191,1970-01,125.079260196898,175.68841710899105,50.60915691209304,0.3,160.50567003536312
RMD_Postpartum Psychosis_NoP,193,1970-01,142.46906099356065,258.7280451847054,116.25898419114478,0.3,223.850349927362
RMD_Postpartum Psychosis_NoP,194,1970-01,160.50567003536312,222.19249073081227,61.68682069544914,0.3,203.6864445221775
RMD_Postpartum Psychosis_NoP,196,1970-01,223.850349927362,447.59321005636895,223.74286012900694,0.3,380.47035201766687
RMD_Postpartum Psychosis_NoP,197,1970-01,237.1557792686544,401.6239317150303,164.4681524463759,0.3,352.28348598111756
RMD_Postpartum Psychosis_NoP,203,1970-01,335.5179077889157,1383.055286962878,1047.5373791739623,0.3,1068.7940732106892
RMD_Postpartum Psychosis_NoP,204,1970-01,345.44005486696693,1284.2437194143836,938.8036645474167,0.3,1002.6026200501585
RMD_Postpartum Psychosis_NoP,205,1970-01,1002.6026200501585,1237.8483400236669,235.24571997350836,0.3,1167.2746240316144
RMD_Postpartum Psychosis_NoP,206,1970-01,1068.7940732106892,1143.2782568719035,74.48418366121427,0.3,1120.9330017735392
RMD_Postpartum Psychosis_NoP,214,1970-01,740.5170490905468,843.4707347314549,102.95368564090802,0.3,812.5846290391825
RMD_Postpartum Psychosis_NoP,215,1970-01,740.5170490905468,1058.124452067214,317.6074029766671,0.3,962.8422311742138
RMD_Postpartum Psychosis_NoP,216,1970-01,812.5846290391825,1060.7721754090612,248.18754636987876,0.3,986.3159114980976
RMD_Postpartum Psychosis_NoP,227,1970-01,524.5621885314551,889.4405028819483,364.87831435049316,0.3,779.9770085768004
RMD_Postpartum Psychosis_NoP,228,1970-01,524.5621885314551,854.0611347268688,329.4989461954136,0.3,755.2114508682447
RMD_Postpartum Psychosis_NoP,229,1970-01,755.2114508682447,918.1931477136628,162.98169684541813,0.3,869.2986386600373
RMD_Postpartum Psychosis_NoP,230,1970-01,779.9770085768004,831.4459936632092,51.46898508640879,0.3,816.0052981372866
RMD_Postpartum Psychosis_NoP,232,1970-01,816.0052981372866,1696.7356354218855,880.7303372845989,0.3,1432.5165342365058
RMD_Postpartum Psychosis_NoP,233,1970-01,816.0052981372866,1711.3274615799369,895.3221634426503,0.3,1442.7308125471418
RMD_Postpartum Psychosis_NoP,234,1970-01,1432.5165342365058,1624.9847178142832,192.46818357777738,0.3,1567.24426274095
RMD_Postpartum Psychosis_NoP,242,1970-01,1322.2707968715092,1467.429014084284,145.15821721277484,0.3,1423.8815489204517
RMD_Postpartum Psychosis_NoP,261,1970-01,492.6707960753837,1523.782118610811,1031.1113225354275,0.3,1214.448721850183
RMD_Postpartum Psychosis_NoP,262,1970-01,492.6707960753837,2519.531312487386,2026.8605164120022,0.3,1911.4731575637852
RMD_Postpartum Psychosis_NoP,263,1970-01,1214.448721850183,3995.2454304138673,2780.7967085636847,0.3,3161.006417844762
RMD_Pyromania_NoP,205,1970-01,10.03203730733821,81.58016497324115,71.54812766590294,0.3,60.11572667347026
RMD_Pyromania_NoP,206,1970-01,11.051300804627497,76.5030790476876,65.4517782430601,0.3,56.867545574769565
RMD_Pyromania_NoP,262,1970-01,13.011754062827388,65.36400417956905,52.352250116741665,0.3,49.65832914454655
RMD_Pyromania_NoP,263,1970-01,46.27946323805472,97.77889600603412,51.4994327679794,0.3,82.32906617564029
RMD_Reactive Attachment Disorder_NoP,6,1970-01,0.0,1359.3052170691906,1359.3052170691906,0.3,951.5136519484333
RMD_Reactive Attachment Disorder_NoP,7,1970-01,0.0,1251.841059914179,1251.841059914179,0.3,876.2887419399252
RMD_Reactive Attachment Disorder_NoP,8,1970-01,876.2887419399252,1148.864113175097,272.5753712351717,0.3,1067.0915018045455
RMD_Reactive Attachment Disorder_NoP,9,1970-01,951.5136519484333,1050.4405405440482,98.92688859561486,0.3,1020.7624739653637
RMD_Reactive Attachment Disorder_NoP,26,1970-01,96.58856346841996,187.56012983509325,90.97156636667329,0.3,160.26865992509124
RMD_Reactive Attachment Disorder_NoP,27,1970-01,96.58856346841996,151.2676844221961,54.67912095377615,0.3,134.86394813606327
RMD_Reactive Attachment Disorder_NoP,35,1970-01,0.0,1499.729509736277,1499.729509736277,0.3,1049.8106568153937
RMD_Reactive Attachment Disorder_NoP,36,1970-01,0.0,1550.7815973761385,1550.7815973761385,0.3,1085.5471181632968
RMD_Reactive Attachment Disorder_NoP,37,1970-01,1049.8106568153937,1441.7745682651334,391.9639114497397,0.3,1324.1853948302114
RMD_Reactive Attachment Disorder_NoP,38,1970-01,1085.5471181632968,1336.4593692239032,250.91225106060642,0.3,1261.1856939057213
RMD_Reactive Attachment Disorder_NoP,39,1970-01,1261.1856939057213,1544.1133932406765,282.92769933495515,0.3,1459.23508344019
RMD_Reactive Attachment Disorder_NoP,40,1970-01,1324.1853948302114,1428.881447889569,104.69605305935761,0.3,1397.4726319717618
RMD_Reactive Attachment Disorder_NoP,43,1970-01,1318.0282898341245,1419.009769275215,100.98147944109041,0.3,1388.715325442888
RMD_Reactive Attachment Disorder_NoP,45,1970-01,1304.1202372549835,1503.319057250501,199.1988199955174,0.3,1443.5594112518456
RMD_Reactive Attachment Disorder_NoP,51,1970-01,1327.7719183355146,1406.1617779035505,78.38985956803594,0.3,1382.6448200331397
RMD_Reactive Attachment Disorder_NoP,54,1970-01,1281.7104192776433,1514.5858688221156,232.8754495444723,0.3,1444.7232339587738
RMD_Reactive Attachment Disorder_NoP,55,1970-01,1281.7104192776433,2772.614141441764,1490.9037221641206,0.3,2325.3430247925276
RMD_Reactive Attachment Disorder_NoP,56,1970-01,1444.7232339587738,2566.176516092238,1121.4532821334644,0.3,2229.740531452199
RMD_Reactive Attachment Disorder_NoP,57,1970-01,2229.740531452199,2367.551770697204,137.81123924500525,0.3,2326.2083989237026
RMD_Reactive Attachment Disorder_NoP,59,1970-01,2229.740531452199,2303.6469555451317,73.90642409293287,0.3,2281.475028317252
RMD_Reactive Attachment Disorder_NoP,71,1970-01,770.4156051708644,2725.5777003179032,1955.1620951470388,0.3,2139.0290717737917
RMD_Reactive Attachment Disorder_NoP,72,1970-01,770.4156051708644,2739.9144542530794,1969.498849082215,0.3,2149.064799528415
RMD_Reactive Attachment Disorder_NoP,73,1970-01,2139.0290717737917,2672.877960523472,533.8488887496806,0.3,2512.723293898568
RMD_Reactive Attachment Disorder_NoP,74,1970-01,2149.064799528415,2451.9807263642087,302.9159268357939,0.3,2361.1059483134704
RMD_Reactive Attachment Disorder_NoP,86,1970-01,1644.469258786472,4863.45343406764,3218.984175281168,0.3,3897.7581814832893
RMD_Reactive Attachment Disorder_NoP,87,1970-01,1644.469258786472,6979.205212556637,5334.735953770165,0.3,5378.784426425587
RMD_Reactive Attachment Disorder_NoP,88,1970-01,3897.7581814832893,6647.845787133952,2750.087605650663,0.3,5822.819505438753
RMD_Reactive Attachment Disorder_NoP,89,1970-01,5378.784426425587,6478.303075317865,1099.5186488922773,0.3,6148.447480650181
RMD_Reactive Attachment Disorder_NoP,90,1970-01,5822.819505438753,6462.603119306798,639.783613868045,0.3,6270.668035146385
RMD_Reactive Attachment Disorder_NoP,91,1970-01,6148.447480650181,6283.680143300304,135.23266265012262,0.3,6243.110344505267
RMD_Reactive Attachment Disorder_NoP,95,1970-01,5629.933937646955,6257.982714600893,628.0487769539377,0.3,6069.568081514712
RMD_Reactive Attachment Disorder_NoP,96,1970-01,5629.933937646955,5900.787675495954,270.8537378489991,0.3,5819.531554141255
RMD_Reactive Attachment Disorder_NoP,106,1970-01,3553.8751526164297,3940.336686394243,386.4615337778132,0.3,3824.398226260899
RMD_Reactive Attachment Disorder_NoP,107,1970-01,3553.8751526164297,5387.170383362303,1833.2952307458736,0.3,4837.181814138541
RMD_Reactive Attachment Disorder_NoP,108,1970-01,3824.398226260899,6287.024858716747,2462.6266324558483,0.3,5548.236868979992
RMD_Reactive Attachment Disorder_NoP,109,1970-01,4837.181814138541,6204.338762242162,1367.1569481036213,0.3,5794.191677811076
RMD_Reactive Attachment Disorder_NoP,110,1970-01,5548.236868979992,6120.979581603826,572.7427126238335,0.3,5949.156767816676
RMD_Reactive Attachment Disorder_NoP,111,1970-01,5794.191677811076,6655.671421121303,861.4797433102267,0.3,6397.227498128235
RMD_Reactive Attachment Disorder_NoP,112,1970-01,5949.156767816676,6846.015719581425,896.8589517647497,0.3,6576.958034052001
RMD_Reactive Attachment Disorder_NoP,113,1970-01,6397.227498128235,7792.695509597628,1395.4680114693929,0.3,7374.05510615681
RMD_Reactive Attachment Disorder_NoP,114,1970-01,6576.958034052001,7597.423843064224,1020.465809012223,0.3,7291.284100360556
RMD_Reactive Attachment Disorder_NoP,115,1970-01,7291.284100360556,8487.692223968837,1196.4081236082811,0.3,8128.769786886353
RMD_Reactive Attachment Disorder_NoP,116,1970-01,7374.05510615681,7929.055305663146,555.0001995063358,0.3,7762.555245811245
RMD_Reactive Attachment Disorder_NoP,119,1970-01,7655.634165943316,8051.549622068847,395.9154561255318,0.3,7932.774985231188
RMD_Reactive Attachment Disorder_NoP,120,1970-01,7655.634165943316,8110.01578447148,454.38161852816484,0.3,7973.701298913031
RMD_Reactive Attachment Disorder_NoP,121,1970-01,7932.774985231188,8468.005251711493,535.2302664803046,0.3,8307.436171767402
RMD_Reactive Attachment Disorder_NoP,122,1970-01,7973.701298913031,8644.815745968946,671.1144470559157,0.3,8443.481411852172
RMD_Reactive Attachment Disorder_NoP,123,1970-01,8307.436171767402,8650.32111207081,342.88494030340735,0.3,8547.455629979788
RMD_Reactive Attachment Disorder_NoP,125,1970-01,8443.481411852172,8513.079515860312,69.59810400814058,0.3,8492.20008465787
RMD_Reactive Attachment Disorder_NoP,129,1970-01,7879.55413911636,7942.506444164025,62.952305047665504,0.3,7923.620752649726
RMD_Reactive Attachment Disorder_NoP,130,1970-01,7879.55413911636,9189.947309352106,1310.3931702357468,0.3,8796.829358281382
RMD_Reactive Attachment Disorder_NoP,131,1970-01,7923.620752649726,9125.89435147462,1202.273598824895,0.3,8765.212271827153
RMD_Reactive Attachment Disorder_NoP,136,1970-01,7377.101267126103,8982.604250676248,1605.5029835501446,0.3,8500.953355611204
RMD_Reactive Attachment Disorder_NoP,137,1970-01,7377.101267126103,8602.065528920268,1224.9642617941645,0.3,8234.576250382019
RMD_Reactive Attachment Disorder_NoP,143,1970-01,7860.746497498463,12814.529180930384,4953.78268343192,0.3,11328.394375900807
RMD_Reactive Attachment Disorder_NoP,144,1970-01,7860.746497498463,11888.46170244825,4027.715204949787,0.3,10680.147140963314
RMD_Reactive Attachment Disorder_NoP,145,1970-01,10680.147140963314,11002.918663302087,322.77152233877314,0.3,10906.087206600456
RMD_Reactive Attachment Disorder_NoP,152,1970-01,8363.120484065355,10834.648527992898,2471.528043927543,0.3,10093.190114814635
RMD_Reactive Attachment Disorder_NoP,153,1970-01,8363.120484065355,10444.742618970527,2081.622134905172,0.3,9820.255978498975
RMD_Reactive Attachment Disorder_NoP,154,1970-01,9820.255978498975,10534.723587755543,714.4676092565678,0.3,10320.383304978574
RMD_Reactive Attachment Disorder_NoP,159,1970-01,9154.863330457514,11311.601473833813,2156.7381433762985,0.3,10664.580030820924
RMD_Reactive Attachment Disorder_NoP,160,1970-01,9154.863330457514,10715.787795503313,1560.9244650457986,0.3,10247.510455989574
RMD_Reactive Attachment Disorder_NoP,173,1970-01,5490.616115897107,6783.149305226669,1292.5331893295615,0.3,6395.3893484278005
RMD_Reactive Attachment Disorder_NoP,174,1970-01,5490.616115897107,6926.27342909714,1435.657313200033,0.3,6495.57623513713
RMD_Reactive Attachment Disorder_NoP,175,1970-01,6395.3893484278005,6600.93377343508,205.54442500727964,0.3,6539.270445932896
RMD_Reactive Attachment Disorder_NoP,179,1970-01,5577.366474332963,6360.16003320978,782.7935588768169,0.3,6125.321965546735
RMD_Reactive Attachment Disorder_NoP,180,1970-01,5577.366474332963,6090.066706680025,512.7002323470624,0.3,5936.256636975906
RMD_Reactive Attachment Disorder_NoP,181,1970-01,5936.256636975906,7229.652379269845,1293.3957422939393,0.3,6841.633656581664
RMD_Reactive Attachment Disorder_NoP,182,1970-01,6125.321965546735,7998.331222704334,1873.0092571575997,0.3,7436.428445557054
RMD_Reactive Attachment Disorder_NoP,183,1970-01,6841.633656581664,7950.950525681853,1109.3168691001893,0.3,7618.155464951797
RMD_Reactive Attachment Disorder_NoP,190,1970-01,6325.844257319329,6743.10222305384,417.25796573451134,0.3,6617.924833333487
RMD_Reactive Attachment Disorder_NoP,191,1970-01,6325.844257319329,6465.412354282219,139.5680969628902,0.3,6423.541925193352
RMD_Reactive Attachment Disorder_NoP,200,1970-01,5020.867645237067,5188.848287241952,167.98064200488443,0.3,5138.454094640487
RMD_Reactive Attachment Disorder_NoP,201,1970-01,5028.550198145883,5189.412325992204,160.86212784632153,0.3,5141.153687638308
RMD_Reactive Attachment Disorder_NoP,211,1970-01,4072.831285625124,4745.062593515228,672.2313078901043,0.3,4543.3932011481975
RMD_Reactive Attachment Disorder_NoP,212,1970-01,4072.831285625124,4351.883865096551,279.0525794714267,0.3,4268.168091255123
RMD_Reactive Attachment Disorder_NoP,213,1970-01,4268.168091255123,4756.423590194258,488.2554989391356,0.3,4609.946940512517
RMD_Reactive Attachment Disorder_NoP,214,1970-01,4543.3932011481975,4986.327224831225,442.9340236830276,0.3,4853.4470177263165
RMD_Reactive Attachment Disorder_NoP,217,1970-01,4586.868859880338,4924.687291709834,337.81843182949615,0.3,4823.341762160985
RMD_Reactive Attachment Disorder_NoP,218,1970-01,4586.868859880338,4843.950629377511,257.0817694971729,0.3,4766.82609852836
RMD_Reactive Attachment Disorder_NoP,220,1970-01,4769.147880131532,5163.739666409492,394.59178627796064,0.3,5045.362130526104
RMD_Reactive Attachment Disorder_NoP,221,1970-01,4769.147880131532,5228.09357572761,458.9456955960786,0.3,5090.4098670487865
RMD_Reactive Attachment Disorder_NoP,222,1970-01,5045.362130526104,5443.871626235278,398.5094957091742,0.3,5324.318777522526
RMD_Reactive Attachment Disorder_NoP,223,1970-01,5090.4098670487865,6729.572513561003,1639.1626465122163,0.3,6237.823719607338
RMD_Reactive Attachment Disorder_NoP,224,1970-01,5324.318777522526,6241.215449586351,916.8966720638246,0.3,5966.146447967203
RMD_Reactive Attachment Disorder_NoP,236,1970-01,3385.807063206925,3464.746873194915,78.93980998799043,0.3,3441.064930198518
RMD_Reactive Attachment Disorder_NoP,238,1970-01,3275.2405666621357,3695.0728679970734,419.8323013349377,0.3,3569.123177596592
RMD_Reactive Attachment Disorder_NoP,239,1970-01,3441.064930198518,3871.8381516168574,430.7732214183393,0.3,3742.6061851913555
RMD_Reactive Attachment Disorder_NoP,240,1970-01,3569.123177596592,3731.887716116579,162.76453851998713,0.3,3683.058354560583
RMD_Reactive Attachment Disorder_NoP,241,1970-01,3683.058354560583,4838.472885585745,1155.4145310251615,0.3,4491.848526278196
RMD_Reactive Attachment Disorder_NoP,242,1970-01,3742.6061851913555,5729.247173680065,1986.6409884887098,0.3,5133.254877133452
RMD_Reactive Attachment Disorder_NoP,243,1970-01,4491.848526278196,5486.617797096554,994.7692708183577,0.3,5188.187015851046
RMD_Reactive Attachment Disorder_NoP,244,1970-01,5133.254877133452,5873.77826918591,740.5233920524579,0.3,5651.621251570173
RMD_Reactive Attachment Disorder_NoP,245,1970-01,5188.187015851046,5927.893802720402,739.7067868693557,0.3,5705.981766659595
RMD_Reactive Attachment Disorder_NoP,247,1970-01,5651.621251570173,6827.885582369099,1176.2643307989265,0.3,6475.006283129422
RMD_Reactive Attachment Disorder_NoP,248,1970-01,5705.981766659595,6512.020696090384,806.0389294307888,0.3,6270.209017261148
RMD_Reactive Attachment Disorder_NoP,252,1970-01,5621.414832966129,6366.88893737995,745.4741044138209,0.3,6143.246706055804
RMD_Reactive Attachment Disorder_NoP,253,1970-01,5621.414832966129,6529.734716628135,908.3198836620059,0.3,6257.238751529533
RMD_Reactive Attachment Disorder_NoP,254,1970-01,6143.246706055804,8535.167244368362,2391.920538312558,0.3,7817.591082874595
RMD_Reactive Attachment Disorder_NoP,255,1970-01,6257.238751529533,10731.620683112724,4474.381931583191,0.3,9389.306103637766
RMD_Reactive Attachment Disorder_NoP,256,1970-01,7817.591082874595,11558.130674567086,3740.5395916924917,0.3,10435.968797059339
RMD_Reactive Attachment Disorder_NoP,257,1970-01,9389.306103637766,12943.399013503176,3554.0929098654105,0.3,11877.171140543553
RMD_Reactive Attachment Disorder_NoP,258,1970-01,10435.968797059339,13926.70352347814,3490.734726418801,0.3,12879.4831055525
RMD_Reactive Attachment Disorder_NoP,259,1970-01,11877.171140543553,15146.844064838218,3269.672924294666,0.3,14165.94218754982
RMD_Reactive Attachment Disorder_NoP,260,1970-01,12879.4831055525,17825.236331738095,4945.753226185596,0.3,16341.510363882417
RMD_Reactive Attachment Disorder_NoP,261,1970-01,14165.94218754982,20021.5431902893,5855.6010027394805,0.3,18264.862889467455
RMD_Reactive Attachment Disorder_NoP,262,1970-01,16341.510363882417,22221.951647033933,5880.4412831515165,0.3,20457.81926208848
RMD_Reactive Attachment Disorder_NoP,263,1970-01,18264.862889467455,33696.00949986893,15431.146610401476,0.3,29066.665516748486
RMD_Rumination Disorder_NoP,63,1970-01,0.0,138.05746670672795,138.05746670672795,0.3,96.64022669470955
RMD_Rumination Disorder_NoP,64,1970-01,0.0,521.3591144621236,521.3591144621236,0.3,364.95138012348644
RMD_Rumination Disorder_NoP,65,1970-01,96.64022669470955,859.0238018696689,762.3835751749593,0.3,630.308729317181
RMD_Rumination Disorder_NoP,66,1970-01,364.95138012348644,1158.6269015271114,793.675521403625,0.3,920.524245106024
RMD_Rumination Disorder_NoP,67,1970-01,630.308729317181,1422.476556711174,792.167827393993,0.3,1184.826208492976
RMD_Rumination Disorder_NoP,68,1970-01,920.524245106024,1652.8288635932745,732.3046184872505,0.3,1433.1374780470992
RMD_Rumination Disorder_NoP,69,1970-01,1184.826208492976,1851.8817954691983,667.0555869762222,0.3,1651.7651193763315
RMD_Rumination Disorder_NoP,70,1970-01,1433.1374780470992,2021.770025180184,588.6325471330847,0.3,1845.1802610402585
RMD_Rumination Disorder_NoP,71,1970-01,1651.7651193763315,2263.2605817941703,611.4954624178388,0.3,2079.8119430688184
RMD_Rumination Disorder_NoP,72,1970-01,1845.1802610402585,2376.545779837787,531.3655187975285,0.3,2217.1361241985283
RMD_Rumination Disorder_NoP,73,1970-01,2079.8119430688184,2465.419729177853,385.60778610903435,0.3,2349.7373933451427
RMD_Rumination Disorder_NoP,74,1970-01,2217.1361241985283,2533.079184938023,315.94306073949474,0.3,2438.2962667161746
RMD_Rumination Disorder_NoP,75,1970-01,2349.7373933451427,2581.307299197486,231.56990585234325,0.3,2511.836327441783
RMD_Rumination Disorder_NoP,76,1970-01,2438.2962667161746,2611.8060655350155,173.50979881884086,0.3,2559.753125889363
RMD_Rumination Disorder_NoP,77,1970-01,2511.836327441783,2626.195924911117,114.35959746933395,0.3,2591.888045670317
RMD_Rumination Disorder_NoP,78,1970-01,2559.753125889363,2626.0158187250527,66.26269283568945,0.3,2606.137010874346
RMD_Rumination Disorder_NoP,119,1970-01,302.56930228254186,353.9454296335349,51.376127350993045,0.3,338.53259142823697
RMD_Rumination Disorder_NoP,131,1970-01,115.87311851269835,264.38025549428613,148.5071369815878,0.3,219.8281143998098
RMD_Rumination Disorder_NoP,132,1970-01,136.91589343030807,266.7597775002437,129.8438840699356,0.3,227.806612279263
RMD_Rumination Disorder_NoP,143,1970-01,93.36076655988246,204.2901613754317,110.92939481554923,0.3,171.01134293076692
RMD_Rumination Disorder_NoP,144,1970-01,103.59470786905038,179.85130244928254,76.25659458023216,0.3,156.9743240752129
RMD_Rumination Disorder_NoP,155,1970-01,112.1413293869266,315.4659580224546,203.32462863552797,0.3,254.46856943179617
RMD_Rumination Disorder_NoP,156,1970-01,112.1413293869266,286.9510833160766,174.80975392915002,0.3,234.5081571373316
RMD_Rumination Disorder_NoP,167,1970-01,211.90450547100497,280.5844647567438,68.67995928573882,0.3,259.98047697102214
RMD_Rumination Disorder_NoP,177,1970-01,139.00871140382537,191.86697302886856,52.858261625043184,0.3,176.0094945413556
RMD_Rumination Disorder_NoP,179,1970-01,170.63417670602246,461.5764891319308,290.94231242590837,0.3,374.29379540415835
RMD_Rumination Disorder_NoP,180,1970-01,176.0094945413556,434.8866878695886,258.87719332823303,0.3,357.22352987111867
RMD_Rumination Disorder_NoP,191,1970-01,221.23496062557544,300.12524773351055,78.89028710793511,0.3,276.45816160113003
RMD_Rumination Disorder_NoP,192,1970-01,221.23496062557544,287.9636552376538,66.72869461207839,0.3,267.9450468540303
RMD_Rumination Disorder_NoP,203,1970-01,203.0190918416003,260.7342103775868,57.715118535986505,0.3,243.41967481679086
RMD_Rumination Disorder_NoP,215,1970-01,166.60153472552076,235.2221530685221,68.62061834300133,0.3,214.63596756562168
RMD_Rumination Disorder_NoP,216,1970-01,167.24195026259966,235.87959881188075,68.6376485492811,0.3,215.28830424709642
RMD_Rumination Disorder_NoP,218,1970-01,215.28830424709642,301.7094903343769,86.42118608728046,0.3,275.78313450819275
RMD_Rumination Disorder_NoP,219,1970-01,226.5969019868441,278.7372723954845,52.14037040864042,0.3,263.09516127289237
RMD_Rumination Disorder_NoP,227,1970-01,169.79844452581335,327.5183878799887,157.71994335417537,0.3,280.2024048737361
RMD_Rumination Disorder_NoP,228,1970-01,169.79844452581335,298.27093914450546,128.4724946186921,0.3,259.72919075889786
RMD_Rumination Disorder_NoP,251,1970-01,79.92303519255043,242.45075712466297,162.52772193211254,0.3,193.6924405450292
RMD_Rumination Disorder_NoP,252,1970-01,79.92303519255043,235.6511161928392,155.72808100028877,0.3,188.93269189275256
RMD_Rumination Disorder_NoP,254,1970-01,193.6924405450292,256.6629036767224,62.97046313169321,0.3,237.77176473721443
RMD_Rumination Disorder_NoP,259,1970-01,261.071579109626,443.33844694692016,182.26686783729417,0.3,388.6583865957319
RMD_Rumination Disorder_NoP,260,1970-01,296.55824176547947,537.0339393754822,240.47569761000273,0.3,464.89123009248135
RMD_Rumination Disorder_NoP,261,1970-01,388.6583865957319,619.8497128643106,231.19132626857873,0.3,550.492314983737
RMD_Rumination Disorder_NoP,262,1970-01,464.89123009248135,682.3546604399346,217.46343034745325,0.3,617.1156313356986
RMD_Rumination Disorder_NoP,263,1970-01,550.492314983737,957.5073399557964,407.01502497205945,0.3,835.4028324641786
RMD_Schizoaffective Disorder_NoP,24,1970-01,0.0,3491.3509257593623,3491.3509257593623,0.3,2443.9456480315534
RMD_Schizoaffective Disorder_NoP,25,1970-01,0.0,3286.823172600728,3286.823172600728,0.3,2300.7762208205095
RMD_Schizoaffective Disorder_NoP,26,1970-01,2300.7762208205095,3088.106078894953,787.3298580744436,0.3,2851.90712147262
RMD_Schizoaffective Disorder_NoP,27,1970-01,2443.9456480315534,2893.905497498614,449.9598494670604,0.3,2758.9175426584957
RMD_Schizoaffective Disorder_NoP,156,1970-01,24.195644058279346,565.5464991041412,541.3508550458619,0.3,403.14124259038266
RMD_Schizoaffective Disorder_NoP,157,1970-01,26.446860393178685,535.1924414484865,508.74558105530787,0.3,382.56876713189416
RMD_Schizoaffective Disorder_NoP,158,1970-01,382.56876713189416,501.7844940178217,119.21572688592755,0.3,466.01977595204346
RMD_Schizoaffective Disorder_NoP,159,1970-01,403.14124259038266,471.8964188601343,68.75517626975164,0.3,451.2698659792088
RMD_Schizotypal Personality Disorder_NoP,62,1970-01,0.0,891.5737024516761,891.5737024516761,0.3,624.1015917161733
RMD_Schizotypal Personality Disorder_NoP,63,1970-01,0.0,2106.0193072003344,2106.0193072003344,0.3,1474.213515040234
RMD_Schizotypal Personality Disorder_NoP,64,1970-01,624.1015917161733,3339.217754938125,2715.116163221952,0.3,2524.682905971539
RMD_Schizotypal Personality Disorder_NoP,65,1970-01,1474.213515040234,4288.850269127446,2814.6367540872125,0.3,3444.459242901283
RMD_Schizotypal Personality Disorder_NoP,66,1970-01,2524.682905971539,5122.075280552198,2597.3923745806587,0.3,4342.857568178
RMD_Schizotypal Personality Disorder_NoP,67,1970-01,3444.459242901283,5846.367414431714,2401.908171530431,0.3,5125.7949629725845
RMD_Schizotypal Personality Disorder_NoP,68,1970-01,4342.857568178,6468.998497851118,2126.140929673118,0.3,5831.156218949183
RMD_Schizotypal Personality Disorder_NoP,69,1970-01,5125.7949629725845,6997.021480439327,1871.2265174667427,0.3,6435.653525199305
RMD_Schizotypal Personality Disorder_NoP,70,1970-01,5831.156218949183,7437.257057366519,1606.1008384173356,0.3,6955.426805841318
RMD_Schizotypal Personality Disorder_NoP,71,1970-01,6435.653525199305,7947.010291314159,1511.3567661148545,0.3,7493.603261479702
RMD_Schizotypal Personality Disorder_NoP,72,1970-01,6955.426805841318,8599.321900410465,1643.8950945691467,0.3,8106.153372039721
RMD_Schizotypal Personality Disorder_NoP,73,1970-01,7493.603261479702,8784.530739095087,1290.9274776153852,0.3,8397.252495810471
RMD_Schizotypal Personality Disorder_NoP,74,1970-01,8106.153372039721,8982.659790215772,876.5064181760508,0.3,8719.707864762957
RMD_Schizotypal Personality Disorder_NoP,75,1970-01,8397.252495810471,9119.651387273309,722.3988914628371,0.3,8902.931719834458
RMD_Schizotypal Personality Disorder_NoP,76,1970-01,8719.707864762957,9125.570567688726,405.86270292576955,0.3,9003.811756810996
RMD_Schizotypal Personality Disorder_NoP,77,1970-01,8902.931719834458,9612.816227224155,709.8845073896973,0.3,9399.850875007245
RMD_Schizotypal Personality Disorder_NoP,78,1970-01,9003.811756810996,9651.575739669925,647.763982858929,0.3,9457.246544812246
RMD_Schizotypal Personality Disorder_NoP,79,1970-01,9399.850875007245,9645.378922172764,245.52804716551873,0.3,9571.720508023109
RMD_Schizotypal Personality Disorder_NoP,83,1970-01,9373.893640032908,11251.388429680002,1877.4947896470949,0.3,10688.139992785873
RMD_Schizotypal Personality Disorder_NoP,84,1970-01,9373.893640032908,11196.31938353719,1822.4257435042819,0.3,10649.591660485905
RMD_Schizotypal Personality Disorder_NoP,85,1970-01,10649.591660485905,11711.629395090971,1062.0377346050664,0.3,11393.018074709451
RMD_Schizotypal Personality Disorder_NoP,86,1970-01,10688.139992785873,11183.77525851392,495.63526572804767,0.3,11035.084678795507
RMD_Schizotypal Personality Disorder_NoP,95,1970-01,8294.883894647117,9556.778712833902,1261.8948181867854,0.3,9178.210267377866
RMD_Schizotypal Personality Disorder_NoP,96,1970-01,8294.883894647117,8922.100155637841,627.2162609907245,0.3,8733.935277340624
RMD_Schizotypal Personality Disorder_NoP,107,1970-01,4744.14957264696,6568.017231755247,1823.8676591082867,0.3,6020.8569340227605
RMD_Schizotypal Personality Disorder_NoP,108,1970-01,4744.14957264696,6005.710378490831,1261.560805843871,0.3,5627.24213673767
RMD_Schizotypal Personality Disorder_NoP,119,1970-01,2427.36390440601,3984.4962490022895,1557.1323445962794,0.3,3517.3565456234055
RMD_Schizotypal Personality Disorder_NoP,120,1970-01,2427.36390440601,3646.981627893932,1219.617723487922,0.3,3281.0963108475553
RMD_Schizotypal Personality Disorder_NoP,121,1970-01,3281.0963108475553,3403.9360607569392,122.83974990938395,0.3,3367.084135784124
RMD_Schizotypal Personality Disorder_NoP,130,1970-01,1443.77585783948,1716.5990202697028,272.82316243022274,0.3,1634.752071540636
RMD_Schizotypal Personality Disorder_NoP,131,1970-01,1443.77585783948,2442.35602370517,998.5801658656901,0.3,2142.781973945463
RMD_Schizotypal Personality Disorder_NoP,132,1970-01,1634.752071540636,2150.250546678566,515.49847513793,0.3,1995.601004137187
RMD_Schizotypal Personality Disorder_NoP,141,1970-01,1105.5066598128346,2188.389344534115,1082.8826847212804,0.3,1863.524539117731
RMD_Schizotypal Personality Disorder_NoP,142,1970-01,1211.9314955620644,2394.131536659443,1182.2000410973787,0.3,2039.4715243302294
RMD_Schizotypal Personality Disorder_NoP,143,1970-01,1863.524539117731,2287.406351888941,423.8818127712102,0.3,2160.241808057578
RMD_Schizotypal Personality Disorder_NoP,153,1970-01,1928.6366517753768,2008.0693068134287,79.43265503805196,0.3,1984.239510302013
RMD_Schizotypal Personality Disorder_NoP,154,1970-01,1984.239510302013,2460.692099813609,476.45258951159576,0.3,2317.75632296013
RMD_Schizotypal Personality Disorder_NoP,155,1970-01,1984.239510302013,3415.5941530147024,1431.3546427126894,0.3,2986.1877602008954
RMD_Schizotypal Personality Disorder_NoP,156,1970-01,2317.75632296013,3410.983030130613,1093.2267071704828,0.3,3083.015017979468
RMD_Schizotypal Personality Disorder_NoP,157,1970-01,2986.1877602008954,3178.04185438428,191.85409418338486,0.3,3120.485626129265
RMD_Schizotypal Personality Disorder_NoP,159,1970-01,3083.015017979468,3423.421704556696,340.4066865772279,0.3,3321.2996985835275
RMD_Schizotypal Personality Disorder_NoP,166,1970-01,2195.7683983156303,2551.686618906036,355.9182205904058,0.3,2444.911152728914
RMD_Schizotypal Personality Disorder_NoP,167,1970-01,2195.7683983156303,3264.7833343428706,1069.0149360272403,0.3,2944.0788535346983
RMD_Schizotypal Personality Disorder_NoP,168,1970-01,2444.911152728914,3197.831461564308,752.9203088353938,0.3,2971.95536891369
RMD_Schizotypal Personality Disorder_NoP,175,1970-01,2489.6554568983497,2637.960374431311,148.3049175329611,0.3,2593.4688991714224
RMD_Schizotypal Personality Disorder_NoP,176,1970-01,2489.6554568983497,2663.3007237553325,173.64526685698274,0.3,2611.207143698238
RMD_Schizotypal Personality Disorder_NoP,178,1970-01,2611.207143698238,3844.305830301092,1233.0986866028543,0.3,3474.376224320236
RMD_Schizotypal Personality Disorder_NoP,179,1970-01,2611.7817845281747,3951.038442345213,1339.256657817038,0.3,3549.2614450001015
RMD_Schizotypal Personality Disorder_NoP,180,1970-01,3474.376224320236,3596.6926009731947,122.31637665295875,0.3,3559.997687977307
RMD_Schizotypal Personality Disorder_NoP,191,1970-01,2272.891127001381,2882.185971053846,609.2948440524651,0.3,2699.3975178381065
RMD_Schizotypal Personality Disorder_NoP,192,1970-01,2314.4521030897567,2966.0292723662574,651.5771692765006,0.3,2770.5561215833072
RMD_Schizotypal Personality Disorder_NoP,193,1970-01,2699.3975178381065,3119.9655971855964,420.56807934748986,0.3,2993.7951733813493
RMD_Schizotypal Personality Disorder_NoP,194,1970-01,2770.5561215833072,2962.9859615370733,192.42983995376608,0.3,2905.2570095509436
RMD_Schizotypal Personality Disorder_NoP,195,1970-01,2905.2570095509436,3190.885609645717,285.62860009477345,0.3,3105.197029617285
RMD_Schizotypal Personality Disorder_NoP,196,1970-01,2993.7951733813493,3179.0708648952686,185.27569151391936,0.3,3123.488157441093
RMD_Schizotypal Personality Disorder_NoP,201,1970-01,2648.6695674557664,2836.8772286631997,188.20766120743338,0.3,2780.41493030097
RMD_Schizotypal Personality Disorder_NoP,202,1970-01,2648.6695674557664,3371.264545316209,722.5949778604427,0.3,3154.486051958076
RMD_Schizotypal Personality Disorder_NoP,203,1970-01,2780.41493030097,3799.4693075773366,1019.0543772763667,0.3,3493.7529943944264
RMD_Schizotypal Personality Disorder_NoP,204,1970-01,3154.486051958076,3674.197497074464,519.711445116388,0.3,3518.284063539548
RMD_Schizotypal Personality Disorder_NoP,205,1970-01,3493.7529943944264,3553.8481301365064,60.09513574207995,0.3,3535.8195894138826
RMD_Schizotypal Personality Disorder_NoP,215,1970-01,2488.6460093017954,3059.690248923925,571.0442396221297,0.3,2888.376977037286
RMD_Schizotypal Personality Disorder_NoP,216,1970-01,2488.6460093017954,3122.08705320636,633.4410439045646,0.3,2932.0547400349906
RMD_Schizotypal Personality Disorder_NoP,217,1970-01,2888.376977037286,2954.48624179452,66.10926475723409,0.3,2934.6534623673497
RMD_Schizotypal Personality Disorder_NoP,227,1970-01,1927.8740498164184,2366.272647432248,438.39859761582966,0.3,2234.753068147499
RMD_Schizotypal Personality Disorder_NoP,228,1970-01,1927.8740498164184,2136.520022049334,208.64597223291548,0.3,2073.9262303794594
RMD_Schizotypal Personality Disorder_NoP,233,1970-01,1794.91069453329,2023.470865203621,228.560170670331,0.3,1954.9028140025218
RMD_Schizotypal Personality Disorder_NoP,234,1970-01,1794.91069453329,1939.1351644809015,144.2244699476114,0.3,1895.867823496618
RMD_Schizotypal Personality Disorder_NoP,237,1970-01,1860.7148580080493,1946.9052902489332,86.19043224088387,0.3,1921.048160576668
RMD_Schizotypal Personality Disorder_NoP,238,1970-01,1860.7148580080493,2625.666067918531,764.9512099104818,0.3,2396.1807049453864
RMD_Schizotypal Personality Disorder_NoP,239,1970-01,1921.048160576668,3567.942437481576,1646.8942769049079,0.3,3073.874154410103
RMD_Schizotypal Personality Disorder_NoP,240,1970-01,2396.1807049453864,3701.933957900909,1305.7532529555224,0.3,3310.207982014252
RMD_Schizotypal Personality Disorder_NoP,241,1970-01,3073.874154410103,3900.912906488804,827.0387520787008,0.3,3652.801280865194
RMD_Schizotypal Personality Disorder_NoP,242,1970-01,3310.207982014252,4688.520645685467,1378.3126636712145,0.3,4275.026846584102
RMD_Schizotypal Personality Disorder_NoP,243,1970-01,3652.801280865194,4975.573757734035,1322.7724768688413,0.3,4578.742014673383
RMD_Schizotypal Personality Disorder_NoP,244,1970-01,4275.026846584102,5542.797439789076,1267.770593204974,0.3,5162.466261827583
RMD_Schizotypal Personality Disorder_NoP,245,1970-01,4578.742014673383,5469.328516439668,890.5865017662854,0.3,5202.152565909782
RMD_Schizotypal Personality Disorder_NoP,246,1970-01,5162.466261827583,5619.894842843001,457.4285810154179,0.3,5482.666268538376
RMD_Schizotypal Personality Disorder_NoP,247,1970-01,5202.152565909782,6358.925062391788,1156.7724964820054,0.3,6011.893313447186
RMD_Schizotypal Personality Disorder_NoP,248,1970-01,5482.666268538376,6898.950134673736,1416.2838661353599,0.3,6474.064974833128
RMD_Schizotypal Personality Disorder_NoP,249,1970-01,6011.893313447186,7099.265449054121,1087.3721356069345,0.3,6773.05380837204
RMD_Schizotypal Personality Disorder_NoP,250,1970-01,6474.064974833128,6978.485404751196,504.4204299180683,0.3,6827.159275775775
RMD_Schizotypal Personality Disorder_NoP,251,1970-01,6773.05380837204,8514.425937854809,1741.3721294827683,0.3,7992.014299009978
RMD_Schizotypal Personality Disorder_NoP,252,1970-01,6827.159275775775,8522.774037958785,1695.6147621830096,0.3,8014.089609303882
RMD_Schizotypal Personality Disorder_NoP,253,1970-01,7992.014299009978,8519.97220786257,527.9579088525916,0.3,8361.584835206791
RMD_Schizotypal Personality Disorder_NoP,254,1970-01,8014.089609303882,8883.968199736662,869.8785904327806,0.3,8623.004622606828
RMD_Schizotypal Personality Disorder_NoP,255,1970-01,8361.584835206791,9142.023501424665,780.4386662178731,0.3,8907.891901559302
RMD_Schizotypal Personality Disorder_NoP,256,1970-01,8623.004622606828,9375.216905436742,752.2122828299143,0.3,9149.553220587768
RMD_Schizotypal Personality Disorder_NoP,257,1970-01,8907.891901559302,10037.051134520429,1129.1592329611267,0.3,9698.303364632091
RMD_Schizotypal Personality Disorder_NoP,258,1970-01,9149.553220587768,10952.157935023144,1802.604714435376,0.3,10411.37652069253
RMD_Schizotypal Personality Disorder_NoP,259,1970-01,9698.303364632091,12632.535765800474,2934.232401168383,0.3,11752.26604544996
RMD_Schizotypal Personality Disorder_NoP,260,1970-01,10411.37652069253,13826.911884671066,3415.5353639785353,0.3,12802.251275477505
RMD_Schizotypal Personality Disorder_NoP,261,1970-01,11752.26604544996,16142.609582231244,4390.343536781284,0.3,14825.506521196858
RMD_Schizotypal Personality Disorder_NoP,262,1970-01,12802.251275477505,19136.51946212425,6334.2681866467465,0.3,17236.23900613023
RMD_Schizotypal Personality Disorder_NoP,263,1970-01,14825.506521196858,22689.963256717336,7864.456735520478,0.3,20330.62623606119
RMD_Selective Mutism_NoP,47,1970-01,4.887775768278389,72.42719936600875,67.53942359773036,0.3,52.16537228668964
RMD_Selective Mutism_NoP,48,1970-01,4.887775768278389,77.78351229636317,72.89573652808478,0.3,55.914791337937736
RMD_Selective Mutism_NoP,59,1970-01,88.9949025345342,199.30529902905388,110.31039649451968,0.3,166.21218008069798
RMD_Selective Mutism_NoP,60,1970-01,96.60004585987602,185.58812937897636,88.98808351910034,0.3,158.89170432324624
RMD_Selective Mutism_NoP,61,1970-01,158.89170432324624,219.35473604701167,60.463031723765425,0.3,201.21582652988204
RMD_Selective Mutism_NoP,71,1970-01,140.84605282643443,195.9841752809912,55.138122454556765,0.3,179.44273854462415
RMD_Selective Mutism_NoP,108,1970-01,74.31598755812547,165.31830167170588,91.00231411358041,0.3,138.01760743763174
RMD_Selective Mutism_NoP,109,1970-01,104.9127866110364,175.17667371794985,70.26388710691346,0.3,154.0975075858758
RMD_Selective Mutism_NoP,117,1970-01,130.84546195984478,259.39347102520554,128.54800906536076,0.3,220.8290683055973
RMD_Selective Mutism_NoP,118,1970-01,130.84546195984478,262.9097118289042,132.06424986905944,0.3,223.2904368681864
RMD_Selective Mutism_NoP,135,1970-01,115.76945582123471,183.2511993717312,67.48174355049647,0.3,163.00667630658225
RMD_Selective Mutism_NoP,136,1970-01,115.76945582123471,212.86601560639195,97.09655978515724,0.3,183.7370476708448
RMD_Selective Mutism_NoP,145,1970-01,181.6370744178212,262.99926615406724,81.36219173624605,0.3,238.59060863319343
RMD_Selective Mutism_NoP,146,1970-01,187.2256639209004,240.28051183314705,53.05484791224666,0.3,224.36405745947303
RMD_Selective Mutism_NoP,175,1970-01,236.45764566926908,373.6596690261024,137.2020233568333,0.3,332.4990620190524
RMD_Selective Mutism_NoP,176,1970-01,258.2337086413437,388.3147350272546,130.0810263859109,0.3,349.29042711148134
RMD_Selective Mutism_NoP,177,1970-01,332.4990620190524,401.8027207531555,69.30365873410307,0.3,381.01162313292457
RMD_Selective Mutism_NoP,178,1970-01,349.29042711148134,414.1728943027004,64.88246719121906,0.3,394.7081541453347
RMD_Selective Mutism_NoP,187,1970-01,335.1464749176176,388.5850101475544,53.438535229936804,0.3,372.55344957857335
RMD_Selective Mutism_NoP,188,1970-01,335.1464749176176,399.4533679414524,64.30689302383485,0.3,380.161300034302
RMD_Selective Mutism_NoP,190,1970-01,380.161300034302,443.56166465799294,63.40036462369096,0.3,424.5415552708856
RMD_Selective Mutism_NoP,191,1970-01,385.9576231162533,497.6674937222687,111.70987060601544,0.3,464.15453254046406
RMD_Selective Mutism_NoP,192,1970-01,424.5415552708856,501.3144024115055,76.77284714061989,0.3,478.28254826931953
RMD_Selective Mutism_NoP,202,1970-01,452.0069272660495,505.3612618543664,53.354334588316874,0.3,489.3549614778713
RMD_Selective Mutism_NoP,206,1970-01,483.72156401117473,602.2328651666813,118.5113011555066,0.3,566.6794748200293
RMD_Selective Mutism_NoP,211,1970-01,518.5936680275232,586.577237449518,67.98356942199473,0.3,566.1821666229196
RMD_Selective Mutism_NoP,217,1970-01,497.3538078083171,564.093546864706,66.73973905638894,0.3,544.0716251477893
RMD_Selective Mutism_NoP,221,1970-01,568.1251881759074,631.1237171895837,62.99852901367626,0.3,612.2241584854808
RMD_Selective Mutism_NoP,222,1970-01,575.8594604486233,690.2667747159444,114.40731426732111,0.3,655.9445804357481
RMD_Selective Mutism_NoP,225,1970-01,628.0441926160893,699.6430391566686,71.5988465405793,0.3,678.1633851944948
RMD_Selective Mutism_NoP,231,1970-01,568.8993214805104,687.9193432983858,119.02002181787543,0.3,652.2133367530232
RMD_Selective Mutism_NoP,232,1970-01,568.8993214805104,693.9577662179817,125.05844473747129,0.3,656.4402327967402
RMD_Selective Mutism_NoP,241,1970-01,602.4124857857614,665.5965729999316,63.18408721417018,0.3,646.6413468356806
RMD_Selective Mutism_NoP,249,1970-01,633.3992628690339,785.1880235552732,151.78876068623924,0.3,739.6513953494014
RMD_Selective Mutism_NoP,250,1970-01,663.1595568007407,735.4077035165759,72.24814671583522,0.3,713.7332595018254
RMD_Selective Mutism_NoP,251,1970-01,713.7332595018254,782.1283769641656,68.39511746234018,0.3,761.6098417254635
RMD_Selective Mutism_NoP,258,1970-01,669.81029629623,1142.3134940978164,472.50319780158634,0.3,1000.5625347573405
RMD_Selective Mutism_NoP,259,1970-01,669.81029629623,1540.574804648755,870.7645083525249,0.3,1279.3454521429974
RMD_Selective Mutism_NoP,260,1970-01,1000.5625347573405,1820.747110121356,820.1845753640155,0.3,1574.6917375121511
RMD_Selective Mutism_NoP,261,1970-01,1279.3454521429974,2341.55844949609,1062.2129973530925,0.3,2022.894550290162
RMD_Selective Mutism_NoP,262,1970-01,1574.6917375121511,2735.8608626858704,1161.1691251737193,0.3,2387.5101251337546
RMD_Selective Mutism_NoP,263,1970-01,2022.894550290162,3103.933730243243,1081.0391799530812,0.3,2779.6219762573187
GLOBAL_DISASTER_TOTAL_AFFECTED_RAW,41,1970-01,0.0,1137383.7101137328,1137383.7101137328,0.3,796168.5970796129
GLOBAL_DISASTER_TOTAL_AFFECTED_RAW,42,1970-01,0.0,17407912.25878077,17407912.25878077,0.3,12185538.581146538
GLOBAL_DISASTER_TOTAL_AFFECTED_RAW,43,1970-01,796168.5970796129,23000038.5512872,22203869.954207588,0.3,16338877.565024924
GLOBAL_DISASTER_TOTAL_AFFECTED_RAW,44,1970-01,12185538.581146538,26029296.266786557,13843757.685640018,0.3,21876168.96109455
GLOBAL_DISASTER_TOTAL_AFFECTED_RAW,45,1970-01,16338877.565024924,27223095.724402037,10884218.159377113,0.3,23957830.276588902
GLOBAL_DISASTER_TOTAL_AFFECTED_RAW,46,1970-01,21876168.96109455,26668621.367633957,4792452.406539407,0.3,25230885.645672135
GLOBAL_DISASTER_TOTAL_AFFECTED_RAW,47,1970-01,23957830.276588902,25001810.71970452,1043980.4431156181,0.3,24688616.586769834
GLOBAL_DISASTER_TOTAL_AFFECTED_RAW,48,1970-01,24688616.586769834,32034870.142969497,7346253.556199662,0.3,29830994.076109596
GLOBAL_DISASTER_TOTAL_AFFECTED_RAW,49,1970-01,25230885.645672135,38796520.77819314,13565635.132521003,0.3,34726830.23843683
GLOBAL_DISASTER_TOTAL_AFFECTED_RAW,50,1970-01,29830994.076109596,36804534.77600345,6973540.699893855,0.3,34712472.56603529
GLOBAL_DISASTER_TOTAL_AFFECTED_RAW,51,1970-01,34712472.56603529,35679164.24015271,966691.6741174161,0.3,35389156.73791748
GLOBAL_DISASTER_TOTAL_AFFECTED_RAW,52,1970-01,34726830.23843683,39602007.79168628,4875177.553249449,0.3,38139454.52571145
GLOBAL_DISASTER_TOTAL_AFFECTED_RAW,53,1970-01,35389156.73791748,40573564.199108064,5184407.461190581,0.3,39018241.96075089
GLOBAL_DISASTER_TOTAL_AFFECTED_RAW,54,1970-01,38139454.52571145,40518914.31479213,2379459.7890806794,0.3,39805076.378067926
GLOBAL_DISASTER_TOTAL_AFFECTED_RAW,55,1970-01,39018241.96075089,39942271.74733383,924029.7865829393,0.3,39665062.81135895
GLOBAL_DISASTER_TOTAL_AFFECTED_RAW,56,1970-01,39665062.81135895,39702979.23288469,37916.42152573913,0.3,39691604.30642697
GLOBAL_DISASTER_TOTAL_AFFECTED_RAW,64,1970-01,37293762.51981004,38130688.76299863,836926.2431885898,0.3,37879610.89004206
GLOBAL_DISASTER_TOTAL_AFFECTED_RAW,65,1970-01,37293762.51981004,37768483.32805337,474720.80824332684,0.3,37626067.08558037
GLOBAL_DISASTER_TOTAL_AFFECTED_RAW,66,1970-01,37626067.08558037,41124534.33496237,3498467.2493819967,0.3,40074994.16014777
GLOBAL_DISASTER_TOTAL_AFFECTED_RAW,67,1970-01,37879610.89004206,40995404.05450566,3115793.164463602,0.3,40060666.105166584
GLOBAL_DISASTER_TOTAL_AFFECTED_RAW,68,1970-01,40060666.105166584,42361247.34682209,2300581.241655506,0.3,41671072.97432544
GLOBAL_DISASTER_TOTAL_AFFECTED_RAW,69,1970-01,40074994.16014777,48500220.05317277,8425225.893024996,0.3,45972652.28526527
GLOBAL_DISASTER_TOTAL_AFFECTED_RAW,70,1970-01,41671072.97432544,53823604.01362252,12152531.039297082,0.3,50177844.7018334
GLOBAL_DISASTER_TOTAL_AFFECTED_RAW,71,1970-01,45972652.28526527,57829421.92795917,11856769.6426939,0.3,54272391.035151
GLOBAL_DISASTER_TOTAL_AFFECTED_RAW,72,1970-01,50177844.7018334,61835269.42622238,11657424.72438898,0.3,58338042.00890568
GLOBAL_DISASTER_TOTAL_AFFECTED_RAW,73,1970-01,54272391.035151,65688423.76752814,11416032.732377142,0.3,62263613.94781499
GLOBAL_DISASTER_TOTAL_AFFECTED_RAW,74,1970-01,58338042.00890568,69753386.86586569,11415344.856960014,0.3,66328783.408777684
GLOBAL_DISASTER_TOTAL_AFFECTED_RAW,75,1970-01,62263613.94781499,72873539.71504016,10609925.767225169,0.3,69690561.98487261
GLOBAL_DISASTER_TOTAL_AFFECTED_RAW,76,1970-01,66328783.408777684,90258209.97072196,23929426.561944276,0.3,83079382.00213867
GLOBAL_DISASTER_TOTAL_AFFECTED_RAW,77,1970-01,69690561.98487261,100873087.085982,31182525.101109385,0.3,91518329.55564918
GLOBAL_DISASTER_TOTAL_AFFECTED_RAW,78,1970-01,83079382.00213867,112730253.33928612,29650871.337147444,0.3,103834991.93814188
GLOBAL_DISASTER_TOTAL_AFFECTED_RAW,79,1970-01,91518329.55564918,123506991.6005634,31988662.04491423,0.3,113910392.98708913
GLOBAL_DISASTER_TOTAL_AFFECTED_RAW,80,1970-01,103834991.93814188,116730020.34271014,12895028.404568255,0.3,112861511.82133967
GLOBAL_DISASTER_TOTAL_AFFECTED_RAW,102,1970-01,50087669.27146246,50177454.174624205,89784.9031617418,0.3,50150518.70367568
GLOBAL_DISASTER_TOTAL_AFFECTED_RAW,103,1970-01,50087669.27146246,50435872.38376439,348203.1123019308,0.3,50331411.450073816
GLOBAL_DISASTER_TOTAL_AFFECTED_RAW,121,1970-01,17351147.531532213,18100453.64490473,749306.1133725159,0.3,17875661.810892973
GLOBAL_DISASTER_TOTAL_AFFECTED_RAW,122,1970-01,17351147.531532213,19058874.71371547,1707727.1821832582,0.3,18546556.559060495
GLOBAL_DISASTER_TOTAL_AFFECTED_RAW,123,1970-01,17875661.810892973,20105599.09707656,2229937.286183588,0.3,19436617.911221486
GLOBAL_DISASTER_TOTAL_AFFECTED_RAW,124,1970-01,18546556.559060495,22197559.38661616,3651002.827555664,0.3,21102258.53834946
GLOBAL_DISASTER_TOTAL_AFFECTED_RAW,125,1970-01,19436617.911221486,25504242.92526871,6067625.014047224,0.3,23683955.421054542
GLOBAL_DISASTER_TOTAL_AFFECTED_RAW,126,1970-01,21102258.53834946,27957808.20042967,6855549.66208021,0.3,25901143.301805608
GLOBAL_DISASTER_TOTAL_AFFECTED_RAW,127,1970-01,23683955.421054542,32685186.047072385,9001230.626017842,0.3,29984816.859267034
GLOBAL_DISASTER_TOTAL_AFFECTED_RAW,128,1970-01,25901143.301805608,37266961.62381546,11365818.322009854,0.3,33857216.1272125
GLOBAL_DISASTER_TOTAL_AFFECTED_RAW,129,1970-01,29984816.859267034,40841217.43476516,10856400.575498126,0.3,37584297.262115724
GLOBAL_DISASTER_TOTAL_AFFECTED_RAW,130,1970-01,33857216.1272125,40861777.82744606,7004561.700233556,0.3,38760409.31737599
GLOBAL_DISASTER_TOTAL_AFFECTED_RAW,131,1970-01,37584297.262115724,41488405.66172164,3904108.399605915,0.3,40317173.14183986
GLOBAL_DISASTER_TOTAL_AFFECTED_RAW,132,1970-01,38760409.31737599,76760687.26926106,38000277.951885074,0.3,65360603.88369554
GLOBAL_DISASTER_TOTAL_AFFECTED_RAW,133,1970-01,40317173.14183986,109683277.31470025,69366104.17286038,0.3,88873446.06284213
GLOBAL_DISASTER_TOTAL_AFFECTED_RAW,134,1970-01,65360603.88369554,140581507.129022,75220903.24532646,0.3,118015236.15542406
GLOBAL_DISASTER_TOTAL_AFFECTED_RAW,135,1970-01,88873446.06284213,170507557.45626646,81634111.39342433,0.3,146017324.03823915
GLOBAL_DISASTER_TOTAL_AFFECTED_RAW,136,1970-01,118015236.15542406,198081626.0635052,80066389.90808114,0.3,174061709.09108084
GLOBAL_DISASTER_TOTAL_AFFECTED_RAW,137,1970-01,146017324.03823915,225711736.81470248,79694412.77646333,0.3,201803412.98176348
GLOBAL_DISASTER_TOTAL_AFFECTED_RAW,138,1970-01,174061709.09108084,253405821.6667065,79344112.57562566,0.3,229602587.8940188
GLOBAL_DISASTER_TOTAL_AFFECTED_RAW,139,1970-01,201803412.98176348,277728591.96517664,75925178.98341316,0.3,254951038.2701527
GLOBAL_DISASTER_TOTAL_AFFECTED_RAW,140,1970-01,229602587.8940188,299188245.9389739,69585658.0449551,0.3,278312548.52548736
GLOBAL_DISASTER_TOTAL_AFFECTED_RAW,141,1970-01,254951038.2701527,320026095.76069653,65075057.49054384,0.3,300503578.51353335
GLOBAL_DISASTER_TOTAL_AFFECTED_RAW,142,1970-01,278312548.52548736,338852250.8564434,60539702.33095604,0.3,320690340.1571566
GLOBAL_DISASTER_TOTAL_AFFECTED_RAW,143,1970-01,300503578.51353335,356225986.4833334,55722407.969800055,0.3,339509264.0923934
GLOBAL_DISASTER_TOTAL_AFFECTED_RAW,144,1970-01,320690340.1571566,381490390.6901177,60800050.53296113,0.3,363250375.5302294
GLOBAL_DISASTER_TOTAL_AFFECTED_RAW,145,1970-01,339509264.0923934,396435970.327773,56926706.23537958,0.3,379357958.4571591
GLOBAL_DISASTER_TOTAL_AFFECTED_RAW,146,1970-01,363250375.5302294,409891594.5500239,46641219.01979452,0.3,395899228.8440856
GLOBAL_DISASTER_TOTAL_AFFECTED_RAW,147,1970-01,379357958.4571591,422041872.7372996,42683914.28014052,0.3,409236698.45325744
GLOBAL_DISASTER_TOTAL_AFFECTED_RAW,148,1970-01,395899228.8440856,433176728.5221613,37277499.67807573,0.3,421993478.6187386
GLOBAL_DISASTER_TOTAL_AFFECTED_RAW,149,1970-01,409236698.45325744,450446972.1509259,41210273.69766843,0.3,438083890.0416253
GLOBAL_DISASTER_TOTAL_AFFECTED_RAW,150,1970-01,421993478.6187386,466729335.27605945,44735856.65732086,0.3,453308578.2788632
GLOBAL_DISASTER_TOTAL_AFFECTED_RAW,151,1970-01,438083890.0416253,475290410.27729934,37206520.23567402,0.3,464128454.20659715
GLOBAL_DISASTER_TOTAL_AFFECTED_RAW,152,1970-01,453308578.2788632,481301022.9020288,27992444.623165607,0.3,472903289.51507914
GLOBAL_DISASTER_TOTAL_AFFECTED_RAW,153,1970-01,464128454.20659715,486506700.6897751,22378246.48317796,0.3,479793226.7448217
GLOBAL_DISASTER_TOTAL_AFFECTED_RAW,154,1970-01,472903289.51507914,490588844.885298,17685555.370218873,0.3,485283178.2742323
GLOBAL_DISASTER_TOTAL_AFFECTED_RAW,155,1970-01,479793226.7448217,493515577.221842,13722350.477020264,0.3,489398872.0787359
GLOBAL_DISASTER_TOTAL_AFFECTED_RAW,209,1970-01,0.0,3242281.1364809647,3242281.1364809647,0.3,2269596.795536675
GLOBAL_DISASTER_TOTAL_AFFECTED_RAW,210,1970-01,0.0,8873529.907686658,8873529.907686658,0.3,6211470.93538066
GLOBAL_DISASTER_TOTAL_AFFECTED_RAW,211,1970-01,2269596.795536675,14417596.507233348,12147999.711696673,0.3,10773196.593724346
GLOBAL_DISASTER_TOTAL_AFFECTED_RAW,212,1970-01,6211470.93538066,17877067.169289205,11665596.233908545,0.3,14377388.299116641
GLOBAL_DISASTER_TOTAL_AFFECTED_RAW,213,1970-01,10773196.593724346,21315314.03429303,10542117.440568684,0.3,18152678.80212242
GLOBAL_DISASTER_TOTAL_AFFECTED_RAW,214,1970-01,14377388.299116641,24550047.922625005,10172659.623508364,0.3,21498250.035572495
GLOBAL_DISASTER_TOTAL_AFFECTED_RAW,215,1970-01,18152678.80212242,28684840.077510662,10532161.27538824,0.3,25525191.69489419
GLOBAL_DISASTER_TOTAL_AFFECTED_RAW,216,1970-01,21498250.035572495,32231509.1715202,10733259.135947704,0.3,29011531.430735886
GLOBAL_DISASTER_TOTAL_AFFECTED_RAW,217,1970-01,25525191.69489419,35338553.92527118,9813362.230376992,0.3,32394545.256158084
GLOBAL_DISASTER_TOTAL_AFFECTED_RAW,218,1970-01,29011531.430735886,37351901.17902071,8340369.748284824,0.3,34849790.254535265
GLOBAL_DISASTER_TOTAL_AFFECTED_RAW,219,1970-01,32394545.256158084,39427420.841500185,7032875.585342102,0.3,37317558.165897556
GLOBAL_DISASTER_TOTAL_AFFECTED_RAW,220,1970-01,34849790.254535265,42324761.93852421,7474971.683988944,0.3,40082270.433327526
GLOBAL_DISASTER_TOTAL_AFFECTED_RAW,221,1970-01,37317558.165897556,48950962.971153215,11633404.805255659,0.3,45460941.52957652
GLOBAL_DISASTER_TOTAL_AFFECTED_RAW,222,1970-01,40082270.433327526,55601734.51566355,15519464.082336023,0.3,50945895.29096274
GLOBAL_DISASTER_TOTAL_AFFECTED_RAW,223,1970-01,45460941.52957652,61430648.813144535,15969707.283568017,0.3,56639736.628074124
GLOBAL_DISASTER_TOTAL_AFFECTED_RAW,224,1970-01,50945895.29096274,67182925.6068117,16237030.315848961,0.3,62311816.512057014
GLOBAL_DISASTER_TOTAL_AFFECTED_RAW,225,1970-01,56639736.628074124,67834959.47307809,11195222.845003963,0.3,64476392.6195769
GLOBAL_DISASTER_TOTAL_AFFECTED_RAW,226,1970-01,62311816.512057014,67196160.19535244,4884343.683295421,0.3,65730857.09036381
GLOBAL_DISASTER_TOTAL_AFFECTED_RAW,227,1970-01,64476392.6195769,66088269.18442259,1611876.5648456886,0.3,65604706.21496888
GLOBAL_DISASTER_TOTAL_AFFECTED_RAW,244,1970-01,45031302.41569997,48211286.633711234,3179984.21801126,0.3,47257291.36830786
GLOBAL_DISASTER_TOTAL_AFFECTED_RAW,245,1970-01,45031302.41569997,47120170.86175281,2088868.4460528344,0.3,46493510.327936955
GLOBAL_DISASTER_TOTAL_AFFECTED_RAW,246,1970-01,46493510.327936955,46634550.492681466,141040.16474451125,0.3,46592238.443258114
GLOBAL_DISASTER_TOTAL_AFFECTED_RAW,247,1970-01,46592238.443258114,46678695.36305385,86456.91979573667,0.3,46652758.28711513
GLOBAL_DISASTER_TOTAL_AFFECTED_RAW,248,1970-01,46592238.443258114,46778872.04457373,186633.60131561756,0.3,46722881.96417905
