set,horizon,samples,picp_95,ace_95,mpiw_95
raw,ALL,1425,0.019649122807017545,-0.9303508771929824,0.682317063532639
raw,1,1425,0.019649122807017545,-0.9303508771929824,0.682317063532639
recalibrated,ALL,1425,0.22456140350877193,-0.725438596491228,8.187804762391668
recalibrated,1,1425,0.22456140350877193,-0.725438596491228,8.187804762391668
