set,level,picp
raw,0.5,0.002807017543859649
raw,0.6,0.004912280701754386
raw,0.7,0.005614035087719298
raw,0.8,0.00631578947368421
raw,0.9,0.013333333333333334
raw,0.95,0.019649122807017545
recalibrated,0.5,0.08210526315789474
recalibrated,0.6,0.10666666666666667
recalibrated,0.7,0.12421052631578948
recalibrated,0.8,0.15368421052631578
recalibrated,0.9,0.19649122807017544
recalibrated,0.95,0.22456140350877193
