hop,nodes_above_base_variance,nodes_below_base_variance,share_above_base_variance,mean_abs_change_from_prev,max_abs_change_from_prev
1,20,75,0.21052631578947367,0.26241544237993475,3.0330624337099037
2,23,72,0.24210526315789474,0.06834917284295777,0.6189923334101846
3,23,72,0.24210526315789474,0.02282210141066684,0.14082806440714252
