hop,global_mean_variance,global_amplification_ratio,global_mean_ratio,global_std_variance,global_std_ratio,global_q10_variance,global_q50_variance,global_q90_variance,global_iqr_variance
1,0.1721542831057737,0.9999999999941912,0.9999999999941912,0.3485288425436628,0.6370875766342307,5.960709781252913e-05,0.009275050643755464,0.6775138054951949,0.6774541983973824
2,0.17215428310577374,0.9999999999941915,0.9999999999941915,0.33781817039451656,0.6175091792946519,1.216471383929166e-05,0.0028093945528258396,0.8209867752845087,0.8209746105706694
3,0.17215428310577371,0.9999999999941914,0.9999999999941914,0.3435253805551306,0.6279415804240143,2.4825946610799313e-06,0.0005733458271073143,0.7492397033429644,0.7492372207483033
