Date,RMD,Linked_PT_Count,Linked_PT_List,RMD_TDB_Index,RMD_TDB_Lower95_Index,RMD_TDB_Upper95_Index,PT_NoM_Response_Index,PT_NoM_Response_Lower95_Index,PT_NoM_Response_Upper95_Index,Gap_TDB_minus_PT
2026-01-01,RMD_Anorexia Nervosa,8,PT_Augmentative Communication Devices|PT_Closed Loop Neurostimulation|PT_Digital Phenotyping|PT_Hypnotherapy|PT_Naltrexone|PT_Neurocognitive Training|PT_Neuroprotective Agents|PT_Trauma Focused Cbt,100.0,100.0,100.0,100.0,100.0,100.0,0.0
2026-02-01,RMD_Anorexia Nervosa,8,PT_Augmentative Communication Devices|PT_Closed Loop Neurostimulation|PT_Digital Phenotyping|PT_Hypnotherapy|PT_Naltrexone|PT_Neurocognitive Training|PT_Neuroprotective Agents|PT_Trauma Focused Cbt,97.12934347370401,96.9922081828179,97.23232456315773,99.59251517839829,98.74748672108127,99.78924763597327,-2.4631717046942754
2026-03-01,RMD_Anorexia Nervosa,8,PT_Augmentative Communication Devices|PT_Closed Loop Neurostimulation|PT_Digital Phenotyping|PT_Hypnotherapy|PT_Naltrexone|PT_Neurocognitive Training|PT_Neuroprotective Agents|PT_Trauma Focused Cbt,95.48070015138893,95.27880210079338,95.6323145248632,99.16182072335083,97.37878652856133,99.5757408075639,-3.6811205719618982
2026-04-01,RMD_Anorexia Nervosa,8,PT_Augmentative Communication Devices|PT_Closed Loop Neurostimulation|PT_Digital Phenotyping|PT_Hypnotherapy|PT_Naltrexone|PT_Neurocognitive Training|PT_Neuroprotective Agents|PT_Trauma Focused Cbt,95.23437513996757,95.04797173599515,95.37435388282016,98.81633063153895,96.23372795261827,99.41058558069639,-3.581955491571378
2026-05-01,RMD_Anorexia Nervosa,8,PT_Augmentative Communication Devices|PT_Closed Loop Neurostimulation|PT_Digital Phenotyping|PT_Hypnotherapy|PT_Naltrexone|PT_Neurocognitive Training|PT_Neuroprotective Agents|PT_Trauma Focused Cbt,95.56266516173532,95.42409061525174,95.66672705328217,98.47323170234105,95.07301889289701,99.25044777965596,-2.9105665406057284
2026-06-01,RMD_Anorexia Nervosa,8,PT_Augmentative Communication Devices|PT_Closed Loop Neurostimulation|PT_Digital Phenotyping|PT_Hypnotherapy|PT_Naltrexone|PT_Neurocognitive Training|PT_Neuroprotective Agents|PT_Trauma Focused Cbt,95.92095527308233,95.83151879341189,95.98811716885588,98.19958617530688,94.13572998064255,99.12369121983247,-2.278630902224549
2026-07-01,RMD_Anorexia Nervosa,8,PT_Augmentative Communication Devices|PT_Closed Loop Neurostimulation|PT_Digital Phenotyping|PT_Hypnotherapy|PT_Naltrexone|PT_Neurocognitive Training|PT_Neuroprotective Agents|PT_Trauma Focused Cbt,96.07651859217256,96.03242883087235,96.10962758711554,98.0555241121328,93.62442108238282,99.05730760424674,-1.9790055199602392
2026-08-01,RMD_Anorexia Nervosa,8,PT_Augmentative Communication Devices|PT_Closed Loop Neurostimulation|PT_Digital Phenotyping|PT_Hypnotherapy|PT_Naltrexone|PT_Neurocognitive Training|PT_Neuroprotective Agents|PT_Trauma Focused Cbt,96.40922487078194,96.41863602992241,96.40215760592949,97.94313946927598,93.20660378701632,99.00737909744497,-1.5339145984940359
2026-09-01,RMD_Anorexia Nervosa,8,PT_Augmentative Communication Devices|PT_Closed Loop Neurostimulation|PT_Digital Phenotyping|PT_Hypnotherapy|PT_Naltrexone|PT_Neurocognitive Training|PT_Neuroprotective Agents|PT_Trauma Focused Cbt,96.50303225748658,96.56234759170084,96.45848969153418,97.93531883191926,93.13275965803061,99.00608890223228,-1.4322865744326805
2026-10-01,RMD_Anorexia Nervosa,8,PT_Augmentative Communication Devices|PT_Closed Loop Neurostimulation|PT_Digital Phenotyping|PT_Hypnotherapy|PT_Naltrexone|PT_Neurocognitive Training|PT_Neuroprotective Agents|PT_Trauma Focused Cbt,96.5036772280598,96.60612630451061,96.42674358509846,97.93818164587452,93.09092308852384,99.01030763578486,-1.434504417814722
2026-11-01,RMD_Anorexia Nervosa,8,PT_Augmentative Communication Devices|PT_Closed Loop Neurostimulation|PT_Digital Phenotyping|PT_Hypnotherapy|PT_Naltrexone|PT_Neurocognitive Training|PT_Neuroprotective Agents|PT_Trauma Focused Cbt,96.30414841489524,96.43606605656352,96.20508549411544,97.924514725613,93.00192414472058,99.00594554720865,-1.6203663107177562
2026-12-01,RMD_Anorexia Nervosa,8,PT_Augmentative Communication Devices|PT_Closed Loop Neurostimulation|PT_Digital Phenotyping|PT_Hypnotherapy|PT_Naltrexone|PT_Neurocognitive Training|PT_Neuroprotective Agents|PT_Trauma Focused Cbt,96.10300717529763,96.26519122378838,95.98121584136985,97.85741958015572,92.73305009894924,98.97752029395153,-1.754412404858087
2027-01-01,RMD_Anorexia Nervosa,8,PT_Augmentative Communication Devices|PT_Closed Loop Neurostimulation|PT_Digital Phenotyping|PT_Hypnotherapy|PT_Naltrexone|PT_Neurocognitive Training|PT_Neuroprotective Agents|PT_Trauma Focused Cbt,95.81529655209481,96.0093489274111,95.66957385087015,97.80708451026796,92.51650604004267,98.95658022085685,-1.9917879581731484
2027-02-01,RMD_Anorexia Nervosa,8,PT_Augmentative Communication Devices|PT_Closed Loop Neurostimulation|PT_Digital Phenotyping|PT_Hypnotherapy|PT_Naltrexone|PT_Neurocognitive Training|PT_Neuroprotective Agents|PT_Trauma Focused Cbt,95.41648078973064,95.63849351935109,95.24976139444459,97.82415170764111,92.52782205695236,98.96651267606556,-2.4076709179104654
2027-03-01,RMD_Anorexia Nervosa,8,PT_Augmentative Communication Devices|PT_Closed Loop Neurostimulation|PT_Digital Phenotyping|PT_Hypnotherapy|PT_Naltrexone|PT_Neurocognitive Training|PT_Neuroprotective Agents|PT_Trauma Focused Cbt,95.4487561921654,95.71622371005793,95.24790274147392,97.84318229083031,92.53135501656536,98.97975253646236,-2.3944260986649084
2027-04-01,RMD_Anorexia Nervosa,8,PT_Augmentative Communication Devices|PT_Closed Loop Neurostimulation|PT_Digital Phenotyping|PT_Hypnotherapy|PT_Naltrexone|PT_Neurocognitive Training|PT_Neuroprotective Agents|PT_Trauma Focused Cbt,95.74977829136546,96.06992061975285,95.50936894418317,97.88917378092387,92.6142266483234,99.00667256197136,-2.13939548955841
2027-05-01,RMD_Anorexia Nervosa,8,PT_Augmentative Communication Devices|PT_Closed Loop Neurostimulation|PT_Digital Phenotyping|PT_Hypnotherapy|PT_Naltrexone|PT_Neurocognitive Training|PT_Neuroprotective Agents|PT_Trauma Focused Cbt,96.42820671306872,96.82173019906156,96.13269213727054,97.93956369399085,92.69559018090335,99.03820042752564,-1.5113569809221303
2027-06-01,RMD_Anorexia Nervosa,8,PT_Augmentative Communication Devices|PT_Closed Loop Neurostimulation|PT_Digital Phenotyping|PT_Hypnotherapy|PT_Naltrexone|PT_Neurocognitive Training|PT_Neuroprotective Agents|PT_Trauma Focused Cbt,96.8265477054276,97.2797461837223,96.48622048015986,98.04577299486756,92.9714879613083,99.09397577136266,-1.2192252894399616
2027-07-01,RMD_Anorexia Nervosa,8,PT_Augmentative Communication Devices|PT_Closed Loop Neurostimulation|PT_Digital Phenotyping|PT_Hypnotherapy|PT_Naltrexone|PT_Neurocognitive Training|PT_Neuroprotective Agents|PT_Trauma Focused Cbt,97.12498096441017,97.63199146148006,96.74424386154368,98.15415408564135,93.25825882040279,99.15009926311421,-1.0291731212311817
2027-08-01,RMD_Anorexia Nervosa,8,PT_Augmentative Communication Devices|PT_Closed Loop Neurostimulation|PT_Digital Phenotyping|PT_Hypnotherapy|PT_Naltrexone|PT_Neurocognitive Training|PT_Neuroprotective Agents|PT_Trauma Focused Cbt,97.84865586340956,98.43137070606751,97.41106894504583,98.26846920840671,93.55004964599217,99.21146545287286,-0.41981334499715217
2027-09-01,RMD_Anorexia Nervosa,8,PT_Augmentative Communication Devices|PT_Closed Loop Neurostimulation|PT_Digital Phenotyping|PT_Hypnotherapy|PT_Naltrexone|PT_Neurocognitive Training|PT_Neuroprotective Agents|PT_Trauma Focused Cbt,98.36916503184543,99.02525526268793,97.87647721738476,98.52739482613835,94.32354633212879,99.33931765466266,-0.1582297942929216
2027-10-01,RMD_Anorexia Nervosa,8,PT_Augmentative Communication Devices|PT_Closed Loop Neurostimulation|PT_Digital Phenotyping|PT_Hypnotherapy|PT_Naltrexone|PT_Neurocognitive Training|PT_Neuroprotective Agents|PT_Trauma Focused Cbt,98.73769405104225,99.45337180680137,98.20025927032579,98.8378949696081,95.27932264199993,99.48941036440438,-0.10020091856584656
2027-11-01,RMD_Anorexia Nervosa,8,PT_Augmentative Communication Devices|PT_Closed Loop Neurostimulation|PT_Digital Phenotyping|PT_Hypnotherapy|PT_Naltrexone|PT_Neurocognitive Training|PT_Neuroprotective Agents|PT_Trauma Focused Cbt,99.16912561697706,99.94642538246325,98.58541608338686,99.16367442280844,96.2905611447211,99.64605644665494,0.005451194168614393
2027-12-01,RMD_Anorexia Nervosa,8,PT_Augmentative Communication Devices|PT_Closed Loop Neurostimulation|PT_Digital Phenotyping|PT_Hypnotherapy|PT_Naltrexone|PT_Neurocognitive Training|PT_Neuroprotective Agents|PT_Trauma Focused Cbt,99.21187283330198,100.03215521391729,98.59588571087987,99.48314691039853,97.29772883427624,99.79748031018751,-0.2712740770965496
2028-01-01,RMD_Anorexia Nervosa,8,PT_Augmentative Communication Devices|PT_Closed Loop Neurostimulation|PT_Digital Phenotyping|PT_Hypnotherapy|PT_Naltrexone|PT_Neurocognitive Training|PT_Neuroprotective Agents|PT_Trauma Focused Cbt,98.8556967921672,99.69044732194794,98.2288448824696,99.76833144234051,98.21732131002142,99.92931573370535,-0.9126346501733167
2028-02-01,RMD_Anorexia Nervosa,8,PT_Augmentative Communication Devices|PT_Closed Loop Neurostimulation|PT_Digital Phenotyping|PT_Hypnotherapy|PT_Naltrexone|PT_Neurocognitive Training|PT_Neuroprotective Agents|PT_Trauma Focused Cbt,98.56959859539742,99.4198902816897,97.93107612870034,100.073720201507,99.20916544638945,100.07002892904377,-1.5041216061095781
2028-03-01,RMD_Anorexia Nervosa,8,PT_Augmentative Communication Devices|PT_Closed Loop Neurostimulation|PT_Digital Phenotyping|PT_Hypnotherapy|PT_Naltrexone|PT_Neurocognitive Training|PT_Neuroprotective Agents|PT_Trauma Focused Cbt,98.39766019008717,99.26482674929481,97.74646561844914,100.33581575499753,100.06187425089392,100.1907543382302,-1.9381555649103603
2028-04-01,RMD_Anorexia Nervosa,8,PT_Augmentative Communication Devices|PT_Closed Loop Neurostimulation|PT_Digital Phenotyping|PT_Hypnotherapy|PT_Naltrexone|PT_Neurocognitive Training|PT_Neuroprotective Agents|PT_Trauma Focused Cbt,98.66441822758503,99.57121507859178,97.98346347825337,100.60373565412118,100.90562937566276,100.31763377378823,-1.9393174265361495
2028-05-01,RMD_Anorexia Nervosa,8,PT_Augmentative Communication Devices|PT_Closed Loop Neurostimulation|PT_Digital Phenotyping|PT_Hypnotherapy|PT_Naltrexone|PT_Neurocognitive Training|PT_Neuroprotective Agents|PT_Trauma Focused Cbt,98.63615597538362,99.56953369195952,97.93524045244476,100.92541283751589,101.93904642783508,100.4674909717054,-2.2892568621322766
2028-06-01,RMD_Anorexia Nervosa,8,PT_Augmentative Communication Devices|PT_Closed Loop Neurostimulation|PT_Digital Phenotyping|PT_Hypnotherapy|PT_Naltrexone|PT_Neurocognitive Training|PT_Neuroprotective Agents|PT_Trauma Focused Cbt,98.91454139904867,99.89252701967432,98.18012778435234,101.27943652801433,103.06539613705141,100.63442789672376,-2.3648951289656566
2028-07-01,RMD_Anorexia Nervosa,8,PT_Augmentative Communication Devices|PT_Closed Loop Neurostimulation|PT_Digital Phenotyping|PT_Hypnotherapy|PT_Naltrexone|PT_Neurocognitive Training|PT_Neuroprotective Agents|PT_Trauma Focused Cbt,99.3679736278699,100.39977316945557,98.59314870713824,101.64194994265597,104.20870405241014,100.80676111441738,-2.2739763147860685
2028-08-01,RMD_Anorexia Nervosa,8,PT_Augmentative Communication Devices|PT_Closed Loop Neurostimulation|PT_Digital Phenotyping|PT_Hypnotherapy|PT_Naltrexone|PT_Neurocognitive Training|PT_Neuroprotective Agents|PT_Trauma Focused Cbt,100.56871176085924,101.69678019681622,99.7215941752796,102.01022189111566,105.3397995282708,100.98641567796072,-1.4415101302564182
2028-09-01,RMD_Anorexia Nervosa,8,PT_Augmentative Communication Devices|PT_Closed Loop Neurostimulation|PT_Digital Phenotyping|PT_Hypnotherapy|PT_Naltrexone|PT_Neurocognitive Training|PT_Neuroprotective Agents|PT_Trauma Focused Cbt,101.13585588490858,102.32712264618925,100.24127981981262,102.42284003429235,106.6473742464118,101.1825458295771,-1.2869841493837697
2028-10-01,RMD_Anorexia Nervosa,8,PT_Augmentative Communication Devices|PT_Closed Loop Neurostimulation|PT_Digital Phenotyping|PT_Hypnotherapy|PT_Naltrexone|PT_Neurocognitive Training|PT_Neuroprotective Agents|PT_Trauma Focused Cbt,101.48245590461602,102.72208141044318,100.5515650720679,102.85762579050959,108.03509969010143,101.38789166128403,-1.3751698858935697
2028-11-01,RMD_Anorexia Nervosa,8,PT_Augmentative Communication Devices|PT_Closed Loop Neurostimulation|PT_Digital Phenotyping|PT_Hypnotherapy|PT_Naltrexone|PT_Neurocognitive Training|PT_Neuroprotective Agents|PT_Trauma Focused Cbt,101.92405471500363,103.22080574971568,100.9502657403203,103.35181767845751,109.6149232214053,101.62128387939993,-1.4277629634538727
2028-12-01,RMD_Anorexia Nervosa,8,PT_Augmentative Communication Devices|PT_Closed Loop Neurostimulation|PT_Digital Phenotyping|PT_Hypnotherapy|PT_Naltrexone|PT_Neurocognitive Training|PT_Neuroprotective Agents|PT_Trauma Focused Cbt,102.02783227181926,103.36332676443773,101.02494908310375,103.89393153640754,111.3714263718034,101.87445909077691,-1.8660992645882715
2026-01-01,RMD_Antisocial Personality Disorder,8,PT_Dietary Interventions And Supplements|PT_Light Therapy|PT_Lithium Therapy|PT_Memory Retrieval Techniques|PT_Music Therapy|PT_Narrative Exposure Therapy|PT_Psychoeducation Programs|PT_Speech Language Therapy,100.0,100.0,100.0,100.0,100.0,100.0,0.0
2026-02-01,RMD_Antisocial Personality Disorder,8,PT_Dietary Interventions And Supplements|PT_Light Therapy|PT_Lithium Therapy|PT_Memory Retrieval Techniques|PT_Music Therapy|PT_Narrative Exposure Therapy|PT_Psychoeducation Programs|PT_Speech Language Therapy,100.39212146027447,100.82258150413298,100.2446530899864,99.82476907612322,99.2814634656736,99.94046508804911,0.5673523841512491
2026-03-01,RMD_Antisocial Personality Disorder,8,PT_Dietary Interventions And Supplements|PT_Light Therapy|PT_Lithium Therapy|PT_Memory Retrieval Techniques|PT_Music Therapy|PT_Narrative Exposure Therapy|PT_Psychoeducation Programs|PT_Speech Language Therapy,100.99824965043541,101.93447287423953,100.67751990619844,99.47974535869258,97.34707343165789,99.84191541232758,1.518504291742829
2026-04-01,RMD_Antisocial Personality Disorder,8,PT_Dietary Interventions And Supplements|PT_Light Therapy|PT_Lithium Therapy|PT_Memory Retrieval Techniques|PT_Music Therapy|PT_Narrative Exposure Therapy|PT_Psychoeducation Programs|PT_Speech Language Therapy,102.06326415610233,103.78006268179715,101.47511556729857,99.1937270653694,95.62403776961135,99.7661332955043,2.8695370907329334
2026-05-01,RMD_Antisocial Personality Disorder,8,PT_Dietary Interventions And Supplements|PT_Light Therapy|PT_Lithium Therapy|PT_Memory Retrieval Techniques|PT_Music Therapy|PT_Narrative Exposure Therapy|PT_Psychoeducation Programs|PT_Speech Language Therapy,103.29656679640414,105.86993540472471,102.41497399764432,98.88116111948872,93.66752577869929,99.68632158557833,4.415405676915412
2026-06-01,RMD_Antisocial Personality Disorder,8,PT_Dietary Interventions And Supplements|PT_Light Therapy|PT_Lithium Therapy|PT_Memory Retrieval Techniques|PT_Music Therapy|PT_Narrative Exposure Therapy|PT_Psychoeducation Programs|PT_Speech Language Therapy,104.5228767792694,107.93551498387193,103.3537689182116,98.65568734376063,92.23233179518826,99.6303224089609,5.867189435508763
2026-07-01,RMD_Antisocial Personality Disorder,8,PT_Dietary Interventions And Supplements|PT_Light Therapy|PT_Lithium Therapy|PT_Memory Retrieval Techniques|PT_Music Therapy|PT_Narrative Exposure Therapy|PT_Psychoeducation Programs|PT_Speech Language Therapy,105.79585455600312,110.12428642653542,104.31300889745116,98.62445400658527,92.03105615261588,99.62570591242228,7.171400549417854
2026-08-01,RMD_Antisocial Personality Disorder,8,PT_Dietary Interventions And Supplements|PT_Light Therapy|PT_Lithium Therapy|PT_Memory Retrieval Techniques|PT_Music Therapy|PT_Narrative Exposure Therapy|PT_Psychoeducation Programs|PT_Speech Language Therapy,107.19772531038795,112.50376339668864,105.3799659145116,98.62180676578657,91.97553772797254,99.62976413496088,8.575918544601379
2026-09-01,RMD_Antisocial Personality Disorder,8,PT_Dietary Interventions And Supplements|PT_Light Therapy|PT_Lithium Therapy|PT_Memory Retrieval Techniques|PT_Music Therapy|PT_Narrative Exposure Therapy|PT_Psychoeducation Programs|PT_Speech Language Therapy,108.66367721456231,115.04979994117727,106.4759035730353,98.76810957251165,92.86186802416333,99.67284427862911,9.895567642050665
2026-10-01,RMD_Antisocial Personality Disorder,8,PT_Dietary Interventions And Supplements|PT_Light Therapy|PT_Lithium Therapy|PT_Memory Retrieval Techniques|PT_Music Therapy|PT_Narrative Exposure Therapy|PT_Psychoeducation Programs|PT_Speech Language Therapy,110.05359762664837,117.45410529375101,107.51830818331351,98.93260104405262,93.85663007433062,99.7211278222719,11.120996582595751
2026-11-01,RMD_Antisocial Personality Disorder,8,PT_Dietary Interventions And Supplements|PT_Light Therapy|PT_Lithium Therapy|PT_Memory Retrieval Techniques|PT_Music Therapy|PT_Narrative Exposure Therapy|PT_Psychoeducation Programs|PT_Speech Language Therapy,111.3249091842273,119.65659891705165,108.4706078444298,99.07043541638807,94.70021118354605,99.76143806801696,12.25447376783923
2026-12-01,RMD_Antisocial Personality Disorder,8,PT_Dietary Interventions And Supplements|PT_Light Therapy|PT_Lithium Therapy|PT_Memory Retrieval Techniques|PT_Music Therapy|PT_Narrative Exposure Therapy|PT_Psychoeducation Programs|PT_Speech Language Therapy,112.62699116603382,121.87969922799854,109.45716902315068,99.11218931260322,94.92160157843152,99.77700532378675,13.514801853430598
2027-01-01,RMD_Antisocial Personality Disorder,8,PT_Dietary Interventions And Supplements|PT_Light Therapy|PT_Lithium Therapy|PT_Memory Retrieval Techniques|PT_Music Therapy|PT_Narrative Exposure Therapy|PT_Psychoeducation Programs|PT_Speech Language Therapy,114.19041006199701,124.55114218587714,110.64099292940193,99.214809225942,95.53802691789465,99.80932079955716,14.975600836055008
2027-02-01,RMD_Antisocial Personality Disorder,8,PT_Dietary Interventions And Supplements|PT_Light Therapy|PT_Lithium Therapy|PT_Memory Retrieval Techniques|PT_Music Therapy|PT_Narrative Exposure Therapy|PT_Psychoeducation Programs|PT_Speech Language Therapy,115.74622171149115,127.20081431206714,111.8220755475173,99.40119686750013,96.68674583024601,99.86333738773861,16.345024843991013
2027-03-01,RMD_Antisocial Personality Disorder,8,PT_Dietary Interventions And Supplements|PT_Light Therapy|PT_Lithium Therapy|PT_Memory Retrieval Techniques|PT_Music Therapy|PT_Narrative Exposure Therapy|PT_Psychoeducation Programs|PT_Speech Language Therapy,117.19180340362138,129.63680579213846,112.92835492181781,99.5696899821089,97.68351508499657,99.9141546364584,17.62211342151248
2027-04-01,RMD_Antisocial Personality Disorder,8,PT_Dietary Interventions And Supplements|PT_Light Therapy|PT_Lithium Therapy|PT_Memory Retrieval Techniques|PT_Music Therapy|PT_Narrative Exposure Therapy|PT_Psychoeducation Programs|PT_Speech Language Therapy,118.69175573882752,132.1566557861572,114.07890747474096,99.7850057408187,98.94715713635966,99.97857086722999,18.90674999800882
2027-05-01,RMD_Antisocial Personality Disorder,8,PT_Dietary Interventions And Supplements|PT_Light Therapy|PT_Lithium Therapy|PT_Memory Retrieval Techniques|PT_Music Therapy|PT_Narrative Exposure Therapy|PT_Psychoeducation Programs|PT_Speech Language Therapy,120.23579459396561,134.7208503015133,115.27345816065434,99.98770093293007,100.08878677294886,100.04193496623229,20.24809366103554
2027-06-01,RMD_Antisocial Personality Disorder,8,PT_Dietary Interventions And Supplements|PT_Light Therapy|PT_Lithium Therapy|PT_Memory Retrieval Techniques|PT_Music Therapy|PT_Narrative Exposure Therapy|PT_Psychoeducation Programs|PT_Speech Language Therapy,121.72501210740394,137.24581182454557,116.4078471985823,100.28581992127366,101.87455825484238,100.12889687777393,21.439192186130285
2027-07-01,RMD_Antisocial Personality Disorder,8,PT_Dietary Interventions And Supplements|PT_Light Therapy|PT_Lithium Therapy|PT_Memory Retrieval Techniques|PT_Music Therapy|PT_Narrative Exposure Therapy|PT_Psychoeducation Programs|PT_Speech Language Therapy,123.1799628678964,139.7135161940465,117.51585019217897,100.60112887377005,103.78191508670483,100.22017467677725,22.578833994126356
2027-08-01,RMD_Antisocial Personality Disorder,8,PT_Dietary Interventions And Supplements|PT_Light Therapy|PT_Lithium Therapy|PT_Memory Retrieval Techniques|PT_Music Therapy|PT_Narrative Exposure Therapy|PT_Psychoeducation Programs|PT_Speech Language Therapy,124.74765657201904,142.3427288232163,118.7198807842211,100.89684687627296,105.5305746370483,100.30788811101121,23.85080969574608
2027-09-01,RMD_Antisocial Personality Disorder,8,PT_Dietary Interventions And Supplements|PT_Light Therapy|PT_Lithium Therapy|PT_Memory Retrieval Techniques|PT_Music Therapy|PT_Narrative Exposure Therapy|PT_Psychoeducation Programs|PT_Speech Language Therapy,126.47093690410472,145.32234880913416,120.01276028370407,101.39705225974836,108.59344071166079,100.44878072242659,25.073884644356355
2027-10-01,RMD_Antisocial Personality Disorder,8,PT_Dietary Interventions And Supplements|PT_Light Therapy|PT_Lithium Therapy|PT_Memory Retrieval Techniques|PT_Music Therapy|PT_Narrative Exposure Therapy|PT_Psychoeducation Programs|PT_Speech Language Therapy,128.1199339084612,148.19493444798564,121.24257181968632,101.98904233840972,112.27687465434443,100.61263414143257,26.13089157005149
2027-11-01,RMD_Antisocial Personality Disorder,8,PT_Dietary Interventions And Supplements|PT_Light Therapy|PT_Lithium Therapy|PT_Memory Retrieval Techniques|PT_Music Therapy|PT_Narrative Exposure Therapy|PT_Psychoeducation Programs|PT_Speech Language Therapy,129.75542361163656,151.05646740891777,122.45804431003474,102.59660804316576,116.07074755558783,100.7801879150284,27.1588155684708
2027-12-01,RMD_Antisocial Personality Disorder,8,PT_Dietary Interventions And Supplements|PT_Light Therapy|PT_Lithium Therapy|PT_Memory Retrieval Techniques|PT_Music Therapy|PT_Narrative Exposure Therapy|PT_Psychoeducation Programs|PT_Speech Language Therapy,131.24963978253928,153.73070698869122,123.54800431014843,103.20279882440619,119.91262254090746,100.94510062316262,28.04684095813309
2028-01-01,RMD_Antisocial Personality Disorder,8,PT_Dietary Interventions And Supplements|PT_Light Therapy|PT_Lithium Therapy|PT_Memory Retrieval Techniques|PT_Music Therapy|PT_Narrative Exposure Therapy|PT_Psychoeducation Programs|PT_Speech Language Therapy,132.55960216149597,156.1199855164424,124.4882111316285,103.78636151117091,123.6711344763011,101.10163922129652,28.773240650325064
2028-02-01,RMD_Antisocial Personality Disorder,8,PT_Dietary Interventions And Supplements|PT_Light Therapy|PT_Lithium Therapy|PT_Memory Retrieval Techniques|PT_Music Therapy|PT_Narrative Exposure Therapy|PT_Psychoeducation Programs|PT_Speech Language Therapy,133.80411763725755,158.38661410980046,125.38256784619375,104.39607510639411,127.61157601860295,101.26470533081527,29.40804253086344
2028-03-01,RMD_Antisocial Personality Disorder,8,PT_Dietary Interventions And Supplements|PT_Light Therapy|PT_Lithium Therapy|PT_Memory Retrieval Techniques|PT_Music Therapy|PT_Narrative Exposure Therapy|PT_Psychoeducation Programs|PT_Speech Language Therapy,134.85190999248016,160.29526171965216,126.13545025565949,104.9184365956757,130.9953812941345,101.40433108969216,29.93347339680446
2028-04-01,RMD_Antisocial Personality Disorder,8,PT_Dietary Interventions And Supplements|PT_Light Therapy|PT_Lithium Therapy|PT_Memory Retrieval Techniques|PT_Music Therapy|PT_Narrative Exposure Therapy|PT_Psychoeducation Programs|PT_Speech Language Therapy,136.21482263097099,162.71134232230946,127.13756068079661,105.4582343040681,134.42800007687165,101.55177268456931,30.756588326902886
2028-05-01,RMD_Antisocial Personality Disorder,8,PT_Dietary Interventions And Supplements|PT_Light Therapy|PT_Lithium Therapy|PT_Memory Retrieval Techniques|PT_Music Therapy|PT_Narrative Exposure Therapy|PT_Psychoeducation Programs|PT_Speech Language Therapy,137.58206470775744,165.17582187900342,128.12890765352063,106.10107603156031,138.5621582146983,101.72473026419101,31.48098867619713
2028-06-01,RMD_Antisocial Personality Disorder,8,PT_Dietary Interventions And Supplements|PT_Light Therapy|PT_Lithium Therapy|PT_Memory Retrieval Techniques|PT_Music Therapy|PT_Narrative Exposure Therapy|PT_Psychoeducation Programs|PT_Speech Language Therapy,139.08801270041408,167.86665385662187,129.22893432377876,106.78132115100935,142.8950296062676,101.90909667401823,32.30669154940473
2028-07-01,RMD_Antisocial Personality Disorder,8,PT_Dietary Interventions And Supplements|PT_Light Therapy|PT_Lithium Therapy|PT_Memory Retrieval Techniques|PT_Music Therapy|PT_Narrative Exposure Therapy|PT_Psychoeducation Programs|PT_Speech Language Therapy,140.6675201714949,170.67082261629466,130.3888934373287,107.47619107879851,147.29533453053833,102.09836587474307,33.19132909269641
2028-08-01,RMD_Antisocial Personality Disorder,8,PT_Dietary Interventions And Supplements|PT_Light Therapy|PT_Lithium Therapy|PT_Memory Retrieval Techniques|PT_Music Therapy|PT_Narrative Exposure Therapy|PT_Psychoeducation Programs|PT_Speech Language Therapy,142.47068342027265,173.79208012736538,131.74049517932104,108.15186680069321,151.49474817056114,102.28606761385247,34.31881661957944
2028-09-01,RMD_Antisocial Personality Disorder,8,PT_Dietary Interventions And Supplements|PT_Light Therapy|PT_Lithium Therapy|PT_Memory Retrieval Techniques|PT_Music Therapy|PT_Narrative Exposure Therapy|PT_Psychoeducation Programs|PT_Speech Language Therapy,144.03511297375596,176.5854236855409,132.88392405036598,108.90538645098381,156.26177364284143,102.49018117709066,35.129726522772145
2028-10-01,RMD_Antisocial Personality Disorder,8,PT_Dietary Interventions And Supplements|PT_Light Therapy|PT_Lithium Therapy|PT_Memory Retrieval Techniques|PT_Music Therapy|PT_Narrative Exposure Therapy|PT_Psychoeducation Programs|PT_Speech Language Therapy,145.55742269221136,179.32450742656994,133.98938745595717,109.70883429401269,161.36981036187336,102.70636204756008,35.84858839819867
2028-11-01,RMD_Antisocial Personality Disorder,8,PT_Dietary Interventions And Supplements|PT_Light Therapy|PT_Lithium Therapy|PT_Memory Retrieval Techniques|PT_Music Therapy|PT_Narrative Exposure Therapy|PT_Psychoeducation Programs|PT_Speech Language Therapy,147.2563926136778,182.3718484814343,135.2264235238828,110.60096812400579,167.03990707069843,102.94618367472266,36.655424489672015
2028-12-01,RMD_Antisocial Personality Disorder,8,PT_Dietary Interventions And Supplements|PT_Light Therapy|PT_Lithium Therapy|PT_Memory Retrieval Techniques|PT_Music Therapy|PT_Narrative Exposure Therapy|PT_Psychoeducation Programs|PT_Speech Language Therapy,148.86067485153578,185.32803839587908,136.36756951617915,111.56654065481246,173.23798399788177,103.20268910565507,37.29413419672332
2026-01-01,RMD_Autosarcophagy,8,PT_Acceptance And Commitment Therapy|PT_Art Therapy|PT_Cognitive Enhancement Programs|PT_Light Therapy|PT_Lithium Therapy|PT_Narrative Exposure Therapy|PT_Sleep Pattern Monitoring And Manipulation|PT_Speech Language Therapy,100.0,100.0,100.0,100.0,100.0,100.0,0.0
2026-02-01,RMD_Autosarcophagy,8,PT_Acceptance And Commitment Therapy|PT_Art Therapy|PT_Cognitive Enhancement Programs|PT_Light Therapy|PT_Lithium Therapy|PT_Narrative Exposure Therapy|PT_Sleep Pattern Monitoring And Manipulation|PT_Speech Language Therapy,100.42120809095921,100.0,100.01526432838187,99.80970732727219,99.44015769471443,99.92413502695707,0.6115007636870189
2026-03-01,RMD_Autosarcophagy,8,PT_Acceptance And Commitment Therapy|PT_Art Therapy|PT_Cognitive Enhancement Programs|PT_Light Therapy|PT_Lithium Therapy|PT_Narrative Exposure Therapy|PT_Sleep Pattern Monitoring And Manipulation|PT_Speech Language Therapy,100.84730537511481,100.0,100.03173632967663,99.46640697650737,98.35560878837313,99.80293641624074,1.3808983986074423
2026-04-01,RMD_Autosarcophagy,8,PT_Acceptance And Commitment Therapy|PT_Art Therapy|PT_Cognitive Enhancement Programs|PT_Light Therapy|PT_Lithium Therapy|PT_Narrative Exposure Therapy|PT_Sleep Pattern Monitoring And Manipulation|PT_Speech Language Therapy,101.45786044672066,100.0,100.05631699195789,99.21543626807005,97.49457318218016,99.72352320692514,2.2424241786506087
2026-05-01,RMD_Autosarcophagy,8,PT_Acceptance And Commitment Therapy|PT_Art Therapy|PT_Cognitive Enhancement Programs|PT_Light Therapy|PT_Lithium Therapy|PT_Narrative Exposure Therapy|PT_Sleep Pattern Monitoring And Manipulation|PT_Speech Language Therapy,102.11913748349812,100.0,100.08347730930475,98.94902278934362,96.54617752578127,99.64376088670615,3.170114694154506
2026-06-01,RMD_Autosarcophagy,8,PT_Acceptance And Commitment Therapy|PT_Art Therapy|PT_Cognitive Enhancement Programs|PT_Light Therapy|PT_Lithium Therapy|PT_Narrative Exposure Therapy|PT_Sleep Pattern Monitoring And Manipulation|PT_Speech Language Therapy,102.78091299947017,100.0,100.1105472565697,98.76856752563846,95.86078210390795,99.59423157072105,4.012345473831715
2026-07-01,RMD_Autosarcophagy,8,PT_Acceptance And Commitment Therapy|PT_Art Therapy|PT_Cognitive Enhancement Programs|PT_Light Therapy|PT_Lithium Therapy|PT_Narrative Exposure Therapy|PT_Sleep Pattern Monitoring And Manipulation|PT_Speech Language Therapy,103.50613877128156,100.0,100.13978608580064,98.79187648623818,95.8302180665951,99.61411819727255,4.714262285043375
2026-08-01,RMD_Autosarcophagy,8,PT_Acceptance And Commitment Therapy|PT_Art Therapy|PT_Cognitive Enhancement Programs|PT_Light Therapy|PT_Lithium Therapy|PT_Narrative Exposure Therapy|PT_Sleep Pattern Monitoring And Manipulation|PT_Speech Language Therapy,104.27600233069752,100.0,100.17103770321972,98.84746298546399,95.88441675929005,99.64708696149485,5.428539345233531
2026-09-01,RMD_Autosarcophagy,8,PT_Acceptance And Commitment Therapy|PT_Art Therapy|PT_Cognitive Enhancement Programs|PT_Light Therapy|PT_Lithium Therapy|PT_Narrative Exposure Therapy|PT_Sleep Pattern Monitoring And Manipulation|PT_Speech Language Therapy,105.09561138234221,100.0,100.20383382749337,99.05736508035565,96.43842228228539,99.73190821607756,6.038246301986561
2026-10-01,RMD_Autosarcophagy,8,PT_Acceptance And Commitment Therapy|PT_Art Therapy|PT_Cognitive Enhancement Programs|PT_Light Therapy|PT_Lithium Therapy|PT_Narrative Exposure Therapy|PT_Sleep Pattern Monitoring And Manipulation|PT_Speech Language Therapy,105.87293164423089,100.0,100.23493756659659,99.28624132313432,97.05251120130276,99.82340701012156,6.586690321096569
2026-11-01,RMD_Autosarcophagy,8,PT_Acceptance And Commitment Therapy|PT_Art Therapy|PT_Cognitive Enhancement Programs|PT_Light Therapy|PT_Lithium Therapy|PT_Narrative Exposure Therapy|PT_Sleep Pattern Monitoring And Manipulation|PT_Speech Language Therapy,106.57978197066306,100.0,100.26322340223642,99.48212067259104,97.5747259084415,99.90199504821095,7.097661298072026
2026-12-01,RMD_Autosarcophagy,8,PT_Acceptance And Commitment Therapy|PT_Art Therapy|PT_Cognitive Enhancement Programs|PT_Light Therapy|PT_Lithium Therapy|PT_Narrative Exposure Therapy|PT_Sleep Pattern Monitoring And Manipulation|PT_Speech Language Therapy,107.26644047547268,100.0,100.2908930782268,99.576907331607,97.7699082915949,99.9466875913163,7.689533143865674
2027-01-01,RMD_Autosarcophagy,8,PT_Acceptance And Commitment Therapy|PT_Art Therapy|PT_Cognitive Enhancement Programs|PT_Light Therapy|PT_Lithium Therapy|PT_Narrative Exposure Therapy|PT_Sleep Pattern Monitoring And Manipulation|PT_Speech Language Therapy,108.10230814304003,100.0,100.32437108584583,99.73779988449219,98.16067559461142,100.0159511945496,8.364508258547843
2027-02-01,RMD_Autosarcophagy,8,PT_Acceptance And Commitment Therapy|PT_Art Therapy|PT_Cognitive Enhancement Programs|PT_Light Therapy|PT_Lithium Therapy|PT_Narrative Exposure Therapy|PT_Sleep Pattern Monitoring And Manipulation|PT_Speech Language Therapy,108.92888224644497,100.0,100.35730687297335,99.98039057783615,98.82116166152203,100.11224867664751,8.948491668608824
2027-03-01,RMD_Autosarcophagy,8,PT_Acceptance And Commitment Therapy|PT_Art Therapy|PT_Cognitive Enhancement Programs|PT_Light Therapy|PT_Lithium Therapy|PT_Narrative Exposure Therapy|PT_Sleep Pattern Monitoring And Manipulation|PT_Speech Language Therapy,109.6829993260971,100.0,100.38767943595924,100.20655756266935,99.41633135518488,100.20456629444674,9.476441763427758
2027-04-01,RMD_Autosarcophagy,8,PT_Acceptance And Commitment Therapy|PT_Art Therapy|PT_Cognitive Enhancement Programs|PT_Light Therapy|PT_Lithium Therapy|PT_Narrative Exposure Therapy|PT_Sleep Pattern Monitoring And Manipulation|PT_Speech Language Therapy,110.47409263641754,100.0,100.4194897047938,100.48011787701053,100.14760637775329,100.31456161889962,9.99397475940701
2027-05-01,RMD_Autosarcophagy,8,PT_Acceptance And Commitment Therapy|PT_Art Therapy|PT_Cognitive Enhancement Programs|PT_Light Therapy|PT_Lithium Therapy|PT_Narrative Exposure Therapy|PT_Sleep Pattern Monitoring And Manipulation|PT_Speech Language Therapy,111.26545908602269,100.0,100.45155465295014,100.74499922365746,100.83182294211973,100.42430304451368,10.520459862365229
2027-06-01,RMD_Autosarcophagy,8,PT_Acceptance And Commitment Therapy|PT_Art Therapy|PT_Cognitive Enhancement Programs|PT_Light Therapy|PT_Lithium Therapy|PT_Narrative Exposure Therapy|PT_Sleep Pattern Monitoring And Manipulation|PT_Speech Language Therapy,112.06508117050836,100.0,100.48351280010056,101.10396655916206,101.83763758489091,100.56333804865794,10.961114611346304
2027-07-01,RMD_Autosarcophagy,8,PT_Acceptance And Commitment Therapy|PT_Art Therapy|PT_Cognitive Enhancement Programs|PT_Light Therapy|PT_Lithium Therapy|PT_Narrative Exposure Therapy|PT_Sleep Pattern Monitoring And Manipulation|PT_Speech Language Therapy,112.8584688508204,100.0,100.51505195868937,101.47804968554857,102.89490983704835,100.70691784201729,11.380419165271832
2027-08-01,RMD_Autosarcophagy,8,PT_Acceptance And Commitment Therapy|PT_Art Therapy|PT_Cognitive Enhancement Programs|PT_Light Therapy|PT_Lithium Therapy|PT_Narrative Exposure Therapy|PT_Sleep Pattern Monitoring And Manipulation|PT_Speech Language Therapy,113.6692145326761,100.0,100.54760161910325,101.83732531592283,103.89156197757084,100.84760318861396,11.831889216753268
2027-09-01,RMD_Autosarcophagy,8,PT_Acceptance And Commitment Therapy|PT_Art Therapy|PT_Cognitive Enhancement Programs|PT_Light Therapy|PT_Lithium Therapy|PT_Narrative Exposure Therapy|PT_Sleep Pattern Monitoring And Manipulation|PT_Speech Language Therapy,114.5735445619573,100.0,100.58319100045432,102.40492419776537,105.571922719469,101.05750135867616,12.168620364191938
2027-10-01,RMD_Autosarcophagy,8,PT_Acceptance And Commitment Therapy|PT_Art Therapy|PT_Cognitive Enhancement Programs|PT_Light Therapy|PT_Lithium Therapy|PT_Narrative Exposure Therapy|PT_Sleep Pattern Monitoring And Manipulation|PT_Speech Language Therapy,115.46623202922754,100.0,100.61797526653012,103.06361954245678,107.5617383490302,101.29632495395226,12.402612486770764
2027-11-01,RMD_Autosarcophagy,8,PT_Acceptance And Commitment Therapy|PT_Art Therapy|PT_Cognitive Enhancement Programs|PT_Light Therapy|PT_Lithium Therapy|PT_Narrative Exposure Therapy|PT_Sleep Pattern Monitoring And Manipulation|PT_Speech Language Therapy,116.33919884014134,100.0,100.65200371010263,103.7378043687812,109.61056394338762,101.53943309213366,12.601394471360138
2027-12-01,RMD_Autosarcophagy,8,PT_Acceptance And Commitment Therapy|PT_Art Therapy|PT_Cognitive Enhancement Programs|PT_Light Therapy|PT_Lithium Therapy|PT_Narrative Exposure Therapy|PT_Sleep Pattern Monitoring And Manipulation|PT_Speech Language Therapy,117.154287436624,100.0,100.68337034398961,104.40464617184655,111.66469918862975,101.77646035312505,12.749641264777452
2028-01-01,RMD_Autosarcophagy,8,PT_Acceptance And Commitment Therapy|PT_Art Therapy|PT_Cognitive Enhancement Programs|PT_Light Therapy|PT_Lithium Therapy|PT_Narrative Exposure Therapy|PT_Sleep Pattern Monitoring And Manipulation|PT_Speech Language Therapy,117.91433846723656,100.0,100.71216553827296,105.03854713520262,113.6412694436013,101.99860914216087,12.875791332033941
2028-02-01,RMD_Autosarcophagy,8,PT_Acceptance And Commitment Therapy|PT_Art Therapy|PT_Cognitive Enhancement Programs|PT_Light Therapy|PT_Lithium Therapy|PT_Narrative Exposure Therapy|PT_Sleep Pattern Monitoring And Manipulation|PT_Speech Language Therapy,118.64164009761178,100.0,100.7396791204855,105.69523389210688,115.69616184122592,102.22803848040022,12.9464062055049
2028-03-01,RMD_Autosarcophagy,8,PT_Acceptance And Commitment Therapy|PT_Art Therapy|PT_Cognitive Enhancement Programs|PT_Light Therapy|PT_Lithium Therapy|PT_Narrative Exposure Therapy|PT_Sleep Pattern Monitoring And Manipulation|PT_Speech Language Therapy,119.25255707876988,100.0,100.76282207691808,106.26055326036773,117.46813802140365,102.42550830230161,12.992003818402154
2028-04-01,RMD_Autosarcophagy,8,PT_Acceptance And Commitment Therapy|PT_Art Therapy|PT_Cognitive Enhancement Programs|PT_Light Therapy|PT_Lithium Therapy|PT_Narrative Exposure Therapy|PT_Sleep Pattern Monitoring And Manipulation|PT_Speech Language Therapy,119.98842162572093,100.0,100.79124757541177,106.85264757094473,119.28534207617508,102.63705681481622,13.135774054776206
2028-05-01,RMD_Autosarcophagy,8,PT_Acceptance And Commitment Therapy|PT_Art Therapy|PT_Cognitive Enhancement Programs|PT_Light Therapy|PT_Lithium Therapy|PT_Narrative Exposure Therapy|PT_Sleep Pattern Monitoring And Manipulation|PT_Speech Language Therapy,120.75271997221081,100.0,100.8204042500228,107.54816079688806,121.45152628981627,102.88169469350157,13.204559175322757
2028-06-01,RMD_Autosarcophagy,8,PT_Acceptance And Commitment Therapy|PT_Art Therapy|PT_Cognitive Enhancement Programs|PT_Light Therapy|PT_Lithium Therapy|PT_Narrative Exposure Therapy|PT_Sleep Pattern Monitoring And Manipulation|PT_Speech Language Therapy,121.5668252672685,100.0,100.85159835920793,108.28758268608539,123.73641091177345,103.14404201619544,13.279242581183112
2028-07-01,RMD_Autosarcophagy,8,PT_Acceptance And Commitment Therapy|PT_Art Therapy|PT_Cognitive Enhancement Programs|PT_Light Therapy|PT_Lithium Therapy|PT_Narrative Exposure Therapy|PT_Sleep Pattern Monitoring And Manipulation|PT_Speech Language Therapy,122.40289096081729,100.0,100.88381940114212,109.04855718935228,126.0725902115915,103.41578994339706,13.354333771465008
2028-08-01,RMD_Autosarcophagy,8,PT_Acceptance And Commitment Therapy|PT_Art Therapy|PT_Cognitive Enhancement Programs|PT_Light Therapy|PT_Lithium Therapy|PT_Narrative Exposure Therapy|PT_Sleep Pattern Monitoring And Manipulation|PT_Speech Language Therapy,123.28939182328871,100.0,100.91862009814191,109.8013198383638,128.34117209680701,103.69023554576127,13.488071984924915
2028-09-01,RMD_Autosarcophagy,8,PT_Acceptance And Commitment Therapy|PT_Art Therapy|PT_Cognitive Enhancement Programs|PT_Light Therapy|PT_Lithium Therapy|PT_Narrative Exposure Therapy|PT_Sleep Pattern Monitoring And Manipulation|PT_Speech Language Therapy,124.10245918906449,100.0,100.94985528463701,110.6233086990162,130.87611827333603,103.98242867695981,13.479150490048283
2028-10-01,RMD_Autosarcophagy,8,PT_Acceptance And Commitment Therapy|PT_Art Therapy|PT_Cognitive Enhancement Programs|PT_Light Therapy|PT_Lithium Therapy|PT_Narrative Exposure Therapy|PT_Sleep Pattern Monitoring And Manipulation|PT_Speech Language Therapy,124.91517147377013,100.0,100.98082757634835,111.49561501930393,133.58099244659033,104.29062378247572,13.419556454466203
2028-11-01,RMD_Autosarcophagy,8,PT_Acceptance And Commitment Therapy|PT_Art Therapy|PT_Cognitive Enhancement Programs|PT_Light Therapy|PT_Lithium Therapy|PT_Narrative Exposure Therapy|PT_Sleep Pattern Monitoring And Manipulation|PT_Speech Language Therapy,125.79921408267913,100.0,101.01456847875112,112.46039111595083,136.57700608721763,104.63093074363289,13.338822966728301
2028-12-01,RMD_Autosarcophagy,8,PT_Acceptance And Commitment Therapy|PT_Art Therapy|PT_Cognitive Enhancement Programs|PT_Light Therapy|PT_Lithium Therapy|PT_Narrative Exposure Therapy|PT_Sleep Pattern Monitoring And Manipulation|PT_Speech Language Therapy,126.65698069239853,100.0,101.04684702891925,113.49511277893446,139.82966563288213,104.99094025468338,13.161867913464079
2026-01-01,RMD_Avoidant Personality Disorder,8,PT_Deep Brain Stimulation|PT_Digital Phenotyping|PT_Ketamine Therapy|PT_Light Therapy|PT_Machine Learning Neuroimaging|PT_Pharmacogenomic Testing|PT_Stimulant And Wake Promoting Agents|PT_Transference Focused Psychotherapy,100.0,100.0,100.0,100.0,100.0,100.0,0.0
2026-02-01,RMD_Avoidant Personality Disorder,8,PT_Deep Brain Stimulation|PT_Digital Phenotyping|PT_Ketamine Therapy|PT_Light Therapy|PT_Machine Learning Neuroimaging|PT_Pharmacogenomic Testing|PT_Stimulant And Wake Promoting Agents|PT_Transference Focused Psychotherapy,99.85914034158492,100.0,99.91554547646405,99.59981050626635,98.87409314770488,99.7861253656196,0.25932983531856735
2026-03-01,RMD_Avoidant Personality Disorder,8,PT_Deep Brain Stimulation|PT_Digital Phenotyping|PT_Ketamine Therapy|PT_Light Therapy|PT_Machine Learning Neuroimaging|PT_Pharmacogenomic Testing|PT_Stimulant And Wake Promoting Agents|PT_Transference Focused Psychotherapy,99.85147960571281,100.0,99.90290583905039,99.18402572207141,97.77093749669126,99.5717425529898,0.6674538836414001
2026-04-01,RMD_Avoidant Personality Disorder,8,PT_Deep Brain Stimulation|PT_Digital Phenotyping|PT_Ketamine Therapy|PT_Light Therapy|PT_Machine Learning Neuroimaging|PT_Pharmacogenomic Testing|PT_Stimulant And Wake Promoting Agents|PT_Transference Focused Psychotherapy,100.07010522175533,100.0,100.00520988638914,98.85301916756801,96.87570613298529,99.40753256982809,1.2170860541873196
2026-05-01,RMD_Avoidant Personality Disorder,8,PT_Deep Brain Stimulation|PT_Digital Phenotyping|PT_Ketamine Therapy|PT_Light Therapy|PT_Machine Learning Neuroimaging|PT_Pharmacogenomic Testing|PT_Stimulant And Wake Promoting Agents|PT_Transference Focused Psychotherapy,100.36876405362995,100.0,100.14889402266563,98.52793802674563,95.99830644292844,99.25008526644665,1.840826026884315
2026-06-01,RMD_Avoidant Personality Disorder,8,PT_Deep Brain Stimulation|PT_Digital Phenotyping|PT_Ketamine Therapy|PT_Light Therapy|PT_Machine Learning Neuroimaging|PT_Pharmacogenomic Testing|PT_Stimulant And Wake Promoting Agents|PT_Transference Focused Psychotherapy,100.68484182078612,100.0,100.30189252973871,98.26929122989978,95.27804756989538,99.12637318069744,2.4155505908863404
2026-07-01,RMD_Avoidant Personality Disorder,8,PT_Deep Brain Stimulation|PT_Digital Phenotyping|PT_Ketamine Therapy|PT_Light Therapy|PT_Machine Learning Neuroimaging|PT_Pharmacogenomic Testing|PT_Stimulant And Wake Promoting Agents|PT_Transference Focused Psychotherapy,101.03755528439459,100.0,100.46815586059213,98.1294215909925,94.83780795145447,99.06066182398855,2.9081336934020925
2026-08-01,RMD_Avoidant Personality Disorder,8,PT_Deep Brain Stimulation|PT_Digital Phenotyping|PT_Ketamine Therapy|PT_Light Therapy|PT_Machine Learning Neuroimaging|PT_Pharmacogenomic Testing|PT_Stimulant And Wake Promoting Agents|PT_Transference Focused Psychotherapy,101.44894778744064,100.0,100.6640475888238,98.02016492965737,94.47275575926905,99.011730122168,3.4287828577832755
2026-09-01,RMD_Avoidant Personality Disorder,8,PT_Deep Brain Stimulation|PT_Digital Phenotyping|PT_Ketamine Therapy|PT_Light Therapy|PT_Machine Learning Neuroimaging|PT_Pharmacogenomic Testing|PT_Stimulant And Wake Promoting Agents|PT_Transference Focused Psychotherapy,101.89989246004806,100.0,100.87592234243016,98.00790579647867,94.33850172105994,99.01012740615072,3.891986663569398
2026-10-01,RMD_Avoidant Personality Disorder,8,PT_Deep Brain Stimulation|PT_Digital Phenotyping|PT_Ketamine Therapy|PT_Light Therapy|PT_Machine Learning Neuroimaging|PT_Pharmacogenomic Testing|PT_Stimulant And Wake Promoting Agents|PT_Transference Focused Psychotherapy,102.32162246195675,100.0,101.0746591216639,98.0048783582282,94.22221493403313,99.01357715465134,4.316744103728553
2026-11-01,RMD_Avoidant Personality Disorder,8,PT_Deep Brain Stimulation|PT_Digital Phenotyping|PT_Ketamine Therapy|PT_Light Therapy|PT_Machine Learning Neuroimaging|PT_Pharmacogenomic Testing|PT_Stimulant And Wake Promoting Agents|PT_Transference Focused Psychotherapy,102.6988163214225,100.0,101.25154156007919,97.98706228247134,94.07483569939801,99.00883741520997,4.711754038951156
2026-12-01,RMD_Avoidant Personality Disorder,8,PT_Deep Brain Stimulation|PT_Digital Phenotyping|PT_Ketamine Therapy|PT_Light Therapy|PT_Machine Learning Neuroimaging|PT_Pharmacogenomic Testing|PT_Stimulant And Wake Promoting Agents|PT_Transference Focused Psychotherapy,103.08230257150028,100.0,101.43317179061258,97.9214545088066,93.82081505081058,98.98165965152654,5.160848062693674
2027-01-01,RMD_Avoidant Personality Disorder,8,PT_Deep Brain Stimulation|PT_Digital Phenotyping|PT_Ketamine Therapy|PT_Light Therapy|PT_Machine Learning Neuroimaging|PT_Pharmacogenomic Testing|PT_Stimulant And Wake Promoting Agents|PT_Transference Focused Psychotherapy,103.52677507090675,100.0,101.64394114223724,97.8652576862823,93.57470954773143,98.95929003589498,5.661517384624446
2027-02-01,RMD_Avoidant Personality Disorder,8,PT_Deep Brain Stimulation|PT_Digital Phenotyping|PT_Ketamine Therapy|PT_Light Therapy|PT_Machine Learning Neuroimaging|PT_Pharmacogenomic Testing|PT_Stimulant And Wake Promoting Agents|PT_Transference Focused Psychotherapy,103.9805762890936,100.0,101.85927707254038,97.87017727343932,93.48490557218497,98.96647293999685,6.110399015654281
2027-03-01,RMD_Avoidant Personality Disorder,8,PT_Deep Brain Stimulation|PT_Digital Phenotyping|PT_Ketamine Therapy|PT_Light Therapy|PT_Machine Learning Neuroimaging|PT_Pharmacogenomic Testing|PT_Stimulant And Wake Promoting Agents|PT_Transference Focused Psychotherapy,104.41008688193368,100.0,102.06462814232033,97.8805840924253,93.41131925203554,98.97830762961233,6.529502789508385
2027-04-01,RMD_Avoidant Personality Disorder,8,PT_Deep Brain Stimulation|PT_Digital Phenotyping|PT_Ketamine Therapy|PT_Light Therapy|PT_Machine Learning Neuroimaging|PT_Pharmacogenomic Testing|PT_Stimulant And Wake Promoting Agents|PT_Transference Focused Psychotherapy,104.85365048047396,100.0,102.2783150303229,97.91544942569796,93.38703150537803,99.00318881851489,6.938201054776002
2027-05-01,RMD_Avoidant Personality Disorder,8,PT_Deep Brain Stimulation|PT_Digital Phenotyping|PT_Ketamine Therapy|PT_Light Therapy|PT_Machine Learning Neuroimaging|PT_Pharmacogenomic Testing|PT_Stimulant And Wake Promoting Agents|PT_Transference Focused Psychotherapy,105.31980675768793,100.0,102.50519425672998,97.95681777600204,93.38042048661747,99.03361110486746,7.362988981685888
2027-06-01,RMD_Avoidant Personality Disorder,8,PT_Deep Brain Stimulation|PT_Digital Phenotyping|PT_Ketamine Therapy|PT_Light Therapy|PT_Machine Learning Neuroimaging|PT_Pharmacogenomic Testing|PT_Stimulant And Wake Promoting Agents|PT_Transference Focused Psychotherapy,105.77280894214626,100.0,102.72120973743169,98.0496227005287,93.49227195148752,99.08699913902878,7.7231862416175545
2027-07-01,RMD_Avoidant Personality Disorder,8,PT_Deep Brain Stimulation|PT_Digital Phenotyping|PT_Ketamine Therapy|PT_Light Therapy|PT_Machine Learning Neuroimaging|PT_Pharmacogenomic Testing|PT_Stimulant And Wake Promoting Agents|PT_Transference Focused Psychotherapy,106.20822239665573,100.0,102.92821891018419,98.14428989792653,93.60139895354804,99.14046535445921,8.063932498729201
2027-08-01,RMD_Avoidant Personality Disorder,8,PT_Deep Brain Stimulation|PT_Digital Phenotyping|PT_Ketamine Therapy|PT_Light Therapy|PT_Machine Learning Neuroimaging|PT_Pharmacogenomic Testing|PT_Stimulant And Wake Promoting Agents|PT_Transference Focused Psychotherapy,106.69819986690095,100.0,103.16315307398247,98.24708337694405,93.73602098791862,99.19993198229585,8.451116489956902
2027-09-01,RMD_Avoidant Personality Disorder,8,PT_Deep Brain Stimulation|PT_Digital Phenotyping|PT_Ketamine Therapy|PT_Light Therapy|PT_Machine Learning Neuroimaging|PT_Pharmacogenomic Testing|PT_Stimulant And Wake Promoting Agents|PT_Transference Focused Psychotherapy,107.27178622891337,100.0,103.43314297767569,98.48327335387278,94.19446027617015,99.3236049774105,8.788512875040595
2027-10-01,RMD_Avoidant Personality Disorder,8,PT_Deep Brain Stimulation|PT_Digital Phenotyping|PT_Ketamine Therapy|PT_Light Therapy|PT_Machine Learning Neuroimaging|PT_Pharmacogenomic Testing|PT_Stimulant And Wake Promoting Agents|PT_Transference Focused Psychotherapy,107.82018305263445,100.0,103.68919756786194,98.76499440869998,94.75857902349571,99.46758555718324,9.055188643934471
2027-11-01,RMD_Avoidant Personality Disorder,8,PT_Deep Brain Stimulation|PT_Digital Phenotyping|PT_Ketamine Therapy|PT_Light Therapy|PT_Machine Learning Neuroimaging|PT_Pharmacogenomic Testing|PT_Stimulant And Wake Promoting Agents|PT_Transference Focused Psychotherapy,108.37235531072274,100.0,103.94620352860622,99.06299790280191,95.36648285796407,99.61875881371651,9.309357407920828
2027-12-01,RMD_Avoidant Personality Disorder,8,PT_Deep Brain Stimulation|PT_Digital Phenotyping|PT_Ketamine Therapy|PT_Light Therapy|PT_Machine Learning Neuroimaging|PT_Pharmacogenomic Testing|PT_Stimulant And Wake Promoting Agents|PT_Transference Focused Psychotherapy,108.87586641474465,100.0,104.1760002913912,99.35582288410697,95.96459928575173,99.76466460724174,9.520043530637679
2028-01-01,RMD_Avoidant Personality Disorder,8,PT_Deep Brain Stimulation|PT_Digital Phenotyping|PT_Ketamine Therapy|PT_Light Therapy|PT_Machine Learning Neuroimaging|PT_Pharmacogenomic Testing|PT_Stimulant And Wake Promoting Agents|PT_Transference Focused Psychotherapy,109.2909944004715,100.0,104.36129103340498,99.61334435028735,96.47932261849024,99.8897350925422,9.677650050184155
2028-02-01,RMD_Avoidant Personality Disorder,8,PT_Deep Brain Stimulation|PT_Digital Phenotyping|PT_Ketamine Therapy|PT_Light Therapy|PT_Machine Learning Neuroimaging|PT_Pharmacogenomic Testing|PT_Stimulant And Wake Promoting Agents|PT_Transference Focused Psychotherapy,109.68778456212901,100.0,104.53823689652414,99.88907028068435,97.04273119778489,100.02340551744761,9.79871428144466
2028-03-01,RMD_Avoidant Personality Disorder,8,PT_Deep Brain Stimulation|PT_Digital Phenotyping|PT_Ketamine Therapy|PT_Light Therapy|PT_Machine Learning Neuroimaging|PT_Pharmacogenomic Testing|PT_Stimulant And Wake Promoting Agents|PT_Transference Focused Psychotherapy,110.02429761689189,100.0,104.68748428539703,100.12566856342976,97.53039067247231,100.13769676026594,9.89862905346213
2028-04-01,RMD_Avoidant Personality Disorder,8,PT_Deep Brain Stimulation|PT_Digital Phenotyping|PT_Ketamine Therapy|PT_Light Therapy|PT_Machine Learning Neuroimaging|PT_Pharmacogenomic Testing|PT_Stimulant And Wake Promoting Agents|PT_Transference Focused Psychotherapy,110.45997075736312,100.0,104.88756204408398,100.3696860616245,98.01489312745863,100.25924908845526,10.090284695738617
2028-05-01,RMD_Avoidant Personality Disorder,8,PT_Deep Brain Stimulation|PT_Digital Phenotyping|PT_Ketamine Therapy|PT_Light Therapy|PT_Machine Learning Neuroimaging|PT_Pharmacogenomic Testing|PT_Stimulant And Wake Promoting Agents|PT_Transference Focused Psychotherapy,110.89949923557442,100.0,105.08630788398969,100.66155500979785,98.60662449904102,100.4020862671669,10.237944225776573
2028-06-01,RMD_Avoidant Personality Disorder,8,PT_Deep Brain Stimulation|PT_Digital Phenotyping|PT_Ketamine Therapy|PT_Light Therapy|PT_Machine Learning Neuroimaging|PT_Pharmacogenomic Testing|PT_Stimulant And Wake Promoting Agents|PT_Transference Focused Psychotherapy,111.3951698211353,100.0,105.31356765861997,100.98549090259785,99.27187763004274,100.56270968460699,10.409678918537452
2028-07-01,RMD_Avoidant Personality Disorder,8,PT_Deep Brain Stimulation|PT_Digital Phenotyping|PT_Ketamine Therapy|PT_Light Therapy|PT_Machine Learning Neuroimaging|PT_Pharmacogenomic Testing|PT_Stimulant And Wake Promoting Agents|PT_Transference Focused Psychotherapy,111.9190962369207,100.0,105.55481711078909,101.31913650689195,99.95176022248144,100.72938237774649,10.599959730028743
2028-08-01,RMD_Avoidant Personality Disorder,8,PT_Deep Brain Stimulation|PT_Digital Phenotyping|PT_Ketamine Therapy|PT_Light Therapy|PT_Machine Learning Neuroimaging|PT_Pharmacogenomic Testing|PT_Stimulant And Wake Promoting Agents|PT_Transference Focused Psychotherapy,112.52897870605078,100.0,105.84180483511888,101.66130673994395,100.65177285056025,100.90474296441873,10.867671966106826
2028-09-01,RMD_Avoidant Personality Disorder,8,PT_Deep Brain Stimulation|PT_Digital Phenotyping|PT_Ketamine Therapy|PT_Light Therapy|PT_Machine Learning Neuroimaging|PT_Pharmacogenomic Testing|PT_Stimulant And Wake Promoting Agents|PT_Transference Focused Psychotherapy,113.06783706463773,100.0,106.089288029611,102.04331168681789,101.45431437408502,101.09528048996201,11.024525377819842
2028-10-01,RMD_Avoidant Personality Disorder,8,PT_Deep Brain Stimulation|PT_Digital Phenotyping|PT_Ketamine Therapy|PT_Light Therapy|PT_Machine Learning Neuroimaging|PT_Pharmacogenomic Testing|PT_Stimulant And Wake Promoting Agents|PT_Transference Focused Psychotherapy,113.58617024432354,100.0,106.32573532563013,102.44407878390196,102.29760663043862,101.29387068622631,11.142091460421582
2028-11-01,RMD_Avoidant Personality Disorder,8,PT_Deep Brain Stimulation|PT_Digital Phenotyping|PT_Ketamine Therapy|PT_Light Therapy|PT_Machine Learning Neuroimaging|PT_Pharmacogenomic Testing|PT_Stimulant And Wake Promoting Agents|PT_Transference Focused Psychotherapy,114.17132261955616,100.0,106.59356878939184,102.90090328201195,103.27158917270073,101.52023477835121,11.270419337544212
2028-12-01,RMD_Avoidant Personality Disorder,8,PT_Deep Brain Stimulation|PT_Digital Phenotyping|PT_Ketamine Therapy|PT_Light Therapy|PT_Machine Learning Neuroimaging|PT_Pharmacogenomic Testing|PT_Stimulant And Wake Promoting Agents|PT_Transference Focused Psychotherapy,114.73858662719174,100.0,106.84802870130942,103.40166546946755,104.35843032722218,101.76529396645829,11.336921157724191
2026-01-01,RMD_Boanthropy,8,PT_Cbt For Insomnia|PT_Cultural Psychiatry Interventions|PT_Digital Phenotyping|PT_Hypnotherapy|PT_Mentalization Based Treatment|PT_Motivational Interviewing|PT_Occupational Therapy|PT_Virtual Reality Exposure Therapy,100.0,100.0,100.0,100.0,100.0,100.0,0.0
2026-02-01,RMD_Boanthropy,8,PT_Cbt For Insomnia|PT_Cultural Psychiatry Interventions|PT_Digital Phenotyping|PT_Hypnotherapy|PT_Mentalization Based Treatment|PT_Motivational Interviewing|PT_Occupational Therapy|PT_Virtual Reality Exposure Therapy,100.17730399960516,100.0,100.0142048257855,99.60460952766559,99.37846527558852,99.75386730602227,0.5726944719395703
2026-03-01,RMD_Boanthropy,8,PT_Cbt For Insomnia|PT_Cultural Psychiatry Interventions|PT_Digital Phenotyping|PT_Hypnotherapy|PT_Mentalization Based Treatment|PT_Motivational Interviewing|PT_Occupational Therapy|PT_Virtual Reality Exposure Therapy,100.39820211342314,100.0,100.03511047407402,99.13488679010563,98.58926759872486,99.47936370159431,1.2633153233175136
2026-04-01,RMD_Boanthropy,8,PT_Cbt For Insomnia|PT_Cultural Psychiatry Interventions|PT_Digital Phenotyping|PT_Hypnotherapy|PT_Mentalization Based Treatment|PT_Motivational Interviewing|PT_Occupational Therapy|PT_Virtual Reality Exposure Therapy,100.77712185390023,100.0,100.07464991644625,98.76034335015983,97.92318075119238,99.27212127864905,2.0167785037403974
2026-05-01,RMD_Boanthropy,8,PT_Cbt For Insomnia|PT_Cultural Psychiatry Interventions|PT_Digital Phenotyping|PT_Hypnotherapy|PT_Mentalization Based Treatment|PT_Motivational Interviewing|PT_Occupational Therapy|PT_Virtual Reality Exposure Therapy,101.19975768953822,100.0,100.11980397493403,98.37960297916301,97.22550500094003,99.06830336954361,2.8201547103752063
2026-06-01,RMD_Boanthropy,8,PT_Cbt For Insomnia|PT_Cultural Psychiatry Interventions|PT_Digital Phenotyping|PT_Hypnotherapy|PT_Mentalization Based Treatment|PT_Motivational Interviewing|PT_Occupational Therapy|PT_Virtual Reality Exposure Therapy,101.62724461364974,100.0,100.16549348727479,98.08507103676511,96.67586445593125,98.91342040696617,3.542173576884622
2026-07-01,RMD_Boanthropy,8,PT_Cbt For Insomnia|PT_Cultural Psychiatry Interventions|PT_Digital Phenotyping|PT_Hypnotherapy|PT_Mentalization Based Treatment|PT_Motivational Interviewing|PT_Occupational Therapy|PT_Virtual Reality Exposure Therapy,102.09917013546078,100.0,100.21529069560198,97.96443177928417,96.43385783212328,98.8543729727874,4.134738356176612
2026-08-01,RMD_Boanthropy,8,PT_Cbt For Insomnia|PT_Cultural Psychiatry Interventions|PT_Digital Phenotyping|PT_Hypnotherapy|PT_Mentalization Based Treatment|PT_Motivational Interviewing|PT_Occupational Therapy|PT_Virtual Reality Exposure Therapy,102.61064563389839,100.0,100.26966985904254,97.87942873876999,96.24607405291349,98.81767812028096,4.731216895128398
2026-09-01,RMD_Boanthropy,8,PT_Cbt For Insomnia|PT_Cultural Psychiatry Interventions|PT_Digital Phenotyping|PT_Hypnotherapy|PT_Mentalization Based Treatment|PT_Motivational Interviewing|PT_Occupational Therapy|PT_Virtual Reality Exposure Therapy,103.16537745315415,100.0,100.32812612110651,97.93052637597754,96.2992232565582,98.85571226285347,5.234851077176614
2026-10-01,RMD_Boanthropy,8,PT_Cbt For Insomnia|PT_Cultural Psychiatry Interventions|PT_Digital Phenotyping|PT_Hypnotherapy|PT_Mentalization Based Treatment|PT_Motivational Interviewing|PT_Occupational Therapy|PT_Virtual Reality Exposure Therapy,103.68519457181027,100.0,100.3829412969702,97.99786584494228,96.38132100146683,98.90293495246156,5.687328726867989
2026-11-01,RMD_Boanthropy,8,PT_Cbt For Insomnia|PT_Cultural Psychiatry Interventions|PT_Digital Phenotyping|PT_Hypnotherapy|PT_Mentalization Based Treatment|PT_Motivational Interviewing|PT_Occupational Therapy|PT_Virtual Reality Exposure Therapy,104.15206257585103,100.0,100.4320118179255,98.04129072337966,96.42782953699194,98.93495924277556,6.110771852471373
2026-12-01,RMD_Boanthropy,8,PT_Cbt For Insomnia|PT_Cultural Psychiatry Interventions|PT_Digital Phenotyping|PT_Hypnotherapy|PT_Mentalization Based Treatment|PT_Motivational Interviewing|PT_Occupational Therapy|PT_Virtual Reality Exposure Therapy,104.61233422554578,100.0,100.48067692382068,98.00702215827828,96.33058152529546,98.92602499132217,6.605312067267505
2027-01-01,RMD_Boanthropy,8,PT_Cbt For Insomnia|PT_Cultural Psychiatry Interventions|PT_Digital Phenotyping|PT_Hypnotherapy|PT_Mentalization Based Treatment|PT_Motivational Interviewing|PT_Occupational Therapy|PT_Virtual Reality Exposure Therapy,105.18152547872361,100.0,100.54060950865072,98.00962610561518,96.29474577613743,98.93830746794075,7.171899373108431
2027-02-01,RMD_Boanthropy,8,PT_Cbt For Insomnia|PT_Cultural Psychiatry Interventions|PT_Digital Phenotyping|PT_Hypnotherapy|PT_Mentalization Based Treatment|PT_Motivational Interviewing|PT_Occupational Therapy|PT_Virtual Reality Exposure Therapy,105.7529217721167,100.0,100.60055739216227,98.09642177456307,96.41074671648785,98.99604951813106,7.656499997553624
2027-03-01,RMD_Boanthropy,8,PT_Cbt For Insomnia|PT_Cultural Psychiatry Interventions|PT_Digital Phenotyping|PT_Hypnotherapy|PT_Mentalization Based Treatment|PT_Motivational Interviewing|PT_Occupational Therapy|PT_Virtual Reality Exposure Therapy,106.26472568079913,100.0,100.65498245164737,98.17769274812257,96.50807425714385,99.05379156832139,8.087032932676564
2027-04-01,RMD_Boanthropy,8,PT_Cbt For Insomnia|PT_Cultural Psychiatry Interventions|PT_Digital Phenotyping|PT_Hypnotherapy|PT_Mentalization Based Treatment|PT_Motivational Interviewing|PT_Occupational Therapy|PT_Virtual Reality Exposure Therapy,106.80007191246047,100.0,100.71221481919024,98.29687935842446,96.66691744798567,99.13404725405273,8.503192554036005
2027-05-01,RMD_Boanthropy,8,PT_Cbt For Insomnia|PT_Cultural Psychiatry Interventions|PT_Digital Phenotyping|PT_Hypnotherapy|PT_Mentalization Based Treatment|PT_Motivational Interviewing|PT_Occupational Therapy|PT_Virtual Reality Exposure Therapy,107.33825185537714,100.0,100.77034980894241,98.41577234855187,96.81220095122998,99.21838014561813,8.922479506825269
2027-06-01,RMD_Boanthropy,8,PT_Cbt For Insomnia|PT_Cultural Psychiatry Interventions|PT_Digital Phenotyping|PT_Hypnotherapy|PT_Mentalization Based Treatment|PT_Motivational Interviewing|PT_Occupational Therapy|PT_Virtual Reality Exposure Therapy,107.87717306713212,100.0,100.82778870868572,98.61149337538798,97.10328489595544,99.3417474090459,9.26567969174414
2027-07-01,RMD_Boanthropy,8,PT_Cbt For Insomnia|PT_Cultural Psychiatry Interventions|PT_Digital Phenotyping|PT_Hypnotherapy|PT_Mentalization Based Treatment|PT_Motivational Interviewing|PT_Occupational Therapy|PT_Virtual Reality Exposure Therapy,108.40902876704848,100.0,100.8842561421529,98.81514987378196,97.41082338240483,99.4687256697404,9.59387889326652
2027-08-01,RMD_Boanthropy,8,PT_Cbt For Insomnia|PT_Cultural Psychiatry Interventions|PT_Digital Phenotyping|PT_Hypnotherapy|PT_Mentalization Based Treatment|PT_Motivational Interviewing|PT_Occupational Therapy|PT_Virtual Reality Exposure Therapy,108.96256892627302,100.0,100.94366092247071,99.01736145184358,97.70426138433197,99.59876395394029,9.945207474429438
2027-09-01,RMD_Boanthropy,8,PT_Cbt For Insomnia|PT_Cultural Psychiatry Interventions|PT_Digital Phenotyping|PT_Hypnotherapy|PT_Mentalization Based Treatment|PT_Motivational Interviewing|PT_Occupational Therapy|PT_Virtual Reality Exposure Therapy,109.60270617548254,100.0,101.0112122506946,99.40690270122833,98.33257992899019,99.83050351796747,10.195803474254205
2027-10-01,RMD_Boanthropy,8,PT_Cbt For Insomnia|PT_Cultural Psychiatry Interventions|PT_Digital Phenotyping|PT_Hypnotherapy|PT_Mentalization Based Treatment|PT_Motivational Interviewing|PT_Occupational Therapy|PT_Virtual Reality Exposure Therapy,110.23349780743938,100.0,101.07717251604105,99.87113165078671,99.10335074593392,100.10031960716418,10.36236615665267
2027-11-01,RMD_Boanthropy,8,PT_Cbt For Insomnia|PT_Cultural Psychiatry Interventions|PT_Digital Phenotyping|PT_Hypnotherapy|PT_Mentalization Based Treatment|PT_Motivational Interviewing|PT_Occupational Therapy|PT_Virtual Reality Exposure Therapy,110.85431515110344,100.0,101.14194713357018,100.35244465839224,99.90818381623848,100.37841725582008,10.501870492711191
2027-12-01,RMD_Boanthropy,8,PT_Cbt For Insomnia|PT_Cultural Psychiatry Interventions|PT_Digital Phenotyping|PT_Hypnotherapy|PT_Mentalization Based Treatment|PT_Motivational Interviewing|PT_Occupational Therapy|PT_Virtual Reality Exposure Therapy,111.43657713202523,100.0,101.20178792631114,100.82651761064265,100.71159331816769,100.64893689612747,10.610059521382581
2028-01-01,RMD_Boanthropy,8,PT_Cbt For Insomnia|PT_Cultural Psychiatry Interventions|PT_Digital Phenotyping|PT_Hypnotherapy|PT_Mentalization Based Treatment|PT_Motivational Interviewing|PT_Occupational Therapy|PT_Virtual Reality Exposure Therapy,111.9662184085765,100.0,101.25527211688315,101.26435165188393,101.46977470082001,100.89365401136448,10.701866756692567
2028-02-01,RMD_Boanthropy,8,PT_Cbt For Insomnia|PT_Cultural Psychiatry Interventions|PT_Digital Phenotyping|PT_Hypnotherapy|PT_Mentalization Based Treatment|PT_Motivational Interviewing|PT_Occupational Therapy|PT_Virtual Reality Exposure Therapy,112.47661484478112,100.0,101.30667568676928,101.72784655100607,102.27494974565049,101.15211156455781,10.748768293775058
2028-03-01,RMD_Boanthropy,8,PT_Cbt For Insomnia|PT_Cultural Psychiatry Interventions|PT_Digital Phenotyping|PT_Hypnotherapy|PT_Mentalization Based Treatment|PT_Motivational Interviewing|PT_Occupational Therapy|PT_Virtual Reality Exposure Therapy,112.90276936161365,100.0,101.34953494303001,102.12552416996282,102.9674004432626,101.3735606340267,10.777245191650834
2028-04-01,RMD_Boanthropy,8,PT_Cbt For Insomnia|PT_Cultural Psychiatry Interventions|PT_Digital Phenotyping|PT_Hypnotherapy|PT_Mentalization Based Treatment|PT_Motivational Interviewing|PT_Occupational Therapy|PT_Virtual Reality Exposure Therapy,113.41857049213307,100.0,101.4025754718381,102.53435935555008,103.65880931150507,101.60754647569634,10.88421113658299
2028-05-01,RMD_Boanthropy,8,PT_Cbt For Insomnia|PT_Cultural Psychiatry Interventions|PT_Digital Phenotyping|PT_Hypnotherapy|PT_Mentalization Based Treatment|PT_Motivational Interviewing|PT_Occupational Therapy|PT_Virtual Reality Exposure Therapy,113.95753861963732,100.0,101.45725295956818,103.02257243725607,104.50075059431991,101.88202465056608,10.934966182381245
2028-06-01,RMD_Boanthropy,8,PT_Cbt For Insomnia|PT_Cultural Psychiatry Interventions|PT_Digital Phenotyping|PT_Hypnotherapy|PT_Mentalization Based Treatment|PT_Motivational Interviewing|PT_Occupational Therapy|PT_Virtual Reality Exposure Therapy,114.53494951208559,100.0,101.51635941559648,103.55101148286688,105.40273624156953,102.18226296790917,10.983938029218706
2028-07-01,RMD_Boanthropy,8,PT_Cbt For Insomnia|PT_Cultural Psychiatry Interventions|PT_Digital Phenotyping|PT_Hypnotherapy|PT_Mentalization Based Treatment|PT_Motivational Interviewing|PT_Occupational Therapy|PT_Virtual Reality Exposure Therapy,115.13032913650062,100.0,101.57769182978504,104.09287978803714,106.32173313325968,102.4922492825686,11.037449348463483
2028-08-01,RMD_Boanthropy,8,PT_Cbt For Insomnia|PT_Cultural Psychiatry Interventions|PT_Digital Phenotyping|PT_Hypnotherapy|PT_Mentalization Based Treatment|PT_Motivational Interviewing|PT_Occupational Therapy|PT_Virtual Reality Exposure Therapy,115.76821442974564,100.0,101.64480714558577,104.63414539916504,107.21570226139006,102.80966950474664,11.134069030580605
2028-09-01,RMD_Boanthropy,8,PT_Cbt For Insomnia|PT_Cultural Psychiatry Interventions|PT_Digital Phenotyping|PT_Hypnotherapy|PT_Mentalization Based Treatment|PT_Motivational Interviewing|PT_Occupational Therapy|PT_Virtual Reality Exposure Therapy,116.35543071378935,100.0,101.70525223624652,105.23762757989752,108.24346295811465,103.15390943432372,11.117803133891826
2028-10-01,RMD_Boanthropy,8,PT_Cbt For Insomnia|PT_Cultural Psychiatry Interventions|PT_Digital Phenotyping|PT_Hypnotherapy|PT_Mentalization Based Treatment|PT_Motivational Interviewing|PT_Occupational Therapy|PT_Virtual Reality Exposure Therapy,116.9392315312869,100.0,101.76488649678704,105.877989999915,109.34314964582573,103.51656884056897,11.061241531371891
2028-11-01,RMD_Boanthropy,8,PT_Cbt For Insomnia|PT_Cultural Psychiatry Interventions|PT_Digital Phenotyping|PT_Hypnotherapy|PT_Mentalization Based Treatment|PT_Motivational Interviewing|PT_Occupational Therapy|PT_Virtual Reality Exposure Therapy,117.58645305863475,100.0,101.83104564499318,106.59810120469267,110.57950685046552,103.9244674308814,10.988351853942078
2028-12-01,RMD_Boanthropy,8,PT_Cbt For Insomnia|PT_Cultural Psychiatry Interventions|PT_Digital Phenotyping|PT_Hypnotherapy|PT_Mentalization Based Treatment|PT_Motivational Interviewing|PT_Occupational Therapy|PT_Virtual Reality Exposure Therapy,118.21901810591362,100.0,101.8947417054756,107.3820979779615,111.94399316178195,104.36286453801486,10.836920127952126
2026-01-01,RMD_Body Integrity Dysphoria,8,PT_Digital Health Tools|PT_Focused Ultrasound Therapy|PT_Mood Stabilizers|PT_Neuroplasticity Techniques|PT_Pharmacogenomic Testing|PT_Psilocybin Assisted Therapy|PT_Reality Testing Techniques|PT_Sleep Pattern Monitoring And Manipulation,100.0,100.0,100.0,100.0,100.0,100.0,0.0
2026-02-01,RMD_Body Integrity Dysphoria,8,PT_Digital Health Tools|PT_Focused Ultrasound Therapy|PT_Mood Stabilizers|PT_Neuroplasticity Techniques|PT_Pharmacogenomic Testing|PT_Psilocybin Assisted Therapy|PT_Reality Testing Techniques|PT_Sleep Pattern Monitoring And Manipulation,98.19787753924095,88.86911507494162,98.93379987118217,99.6509124995198,99.48688068598732,99.83515176371715,-1.4530349602788561
2026-03-01,RMD_Body Integrity Dysphoria,8,PT_Digital Health Tools|PT_Focused Ultrasound Therapy|PT_Mood Stabilizers|PT_Neuroplasticity Techniques|PT_Pharmacogenomic Testing|PT_Psilocybin Assisted Therapy|PT_Reality Testing Techniques|PT_Sleep Pattern Monitoring And Manipulation,97.17282346464982,82.55346812500348,98.32610720557504,99.21930060064022,98.69993252929156,99.6490941065805,-2.0464771359904006
2026-04-01,RMD_Body Integrity Dysphoria,8,PT_Digital Health Tools|PT_Focused Ultrasound Therapy|PT_Mood Stabilizers|PT_Neuroplasticity Techniques|PT_Pharmacogenomic Testing|PT_Psilocybin Assisted Therapy|PT_Reality Testing Techniques|PT_Sleep Pattern Monitoring And Manipulation,97.08642075097262,82.08653202337742,98.26972380253123,98.91030613109659,98.09515701229964,99.52561633759039,-1.8238853801239685
2026-05-01,RMD_Body Integrity Dysphoria,8,PT_Digital Health Tools|PT_Focused Ultrasound Therapy|PT_Mood Stabilizers|PT_Neuroplasticity Techniques|PT_Pharmacogenomic Testing|PT_Psilocybin Assisted Therapy|PT_Reality Testing Techniques|PT_Sleep Pattern Monitoring And Manipulation,97.38387338306835,84.0152980693792,98.43848627060112,98.60114463751536,97.44749347267954,99.40846337688312,-1.217271254447013
2026-06-01,RMD_Body Integrity Dysphoria,8,PT_Digital Health Tools|PT_Focused Ultrasound Therapy|PT_Mood Stabilizers|PT_Neuroplasticity Techniques|PT_Pharmacogenomic Testing|PT_Psilocybin Assisted Therapy|PT_Reality Testing Techniques|PT_Sleep Pattern Monitoring And Manipulation,97.70154677267352,86.08623155208262,98.61784943297626,98.37813849967245,96.97461136129364,99.32707035225957,-0.6765917269989217
2026-07-01,RMD_Body Integrity Dysphoria,8,PT_Digital Health Tools|PT_Focused Ultrasound Therapy|PT_Mood Stabilizers|PT_Neuroplasticity Techniques|PT_Pharmacogenomic Testing|PT_Psilocybin Assisted Therapy|PT_Reality Testing Techniques|PT_Sleep Pattern Monitoring And Manipulation,97.88925670204192,87.38423972415993,98.71796710141463,98.33598308496738,96.89432691708252,99.31832621840404,-0.44672638292546196
2026-08-01,RMD_Body Integrity Dysphoria,8,PT_Digital Health Tools|PT_Focused Ultrasound Therapy|PT_Mood Stabilizers|PT_Neuroplasticity Techniques|PT_Pharmacogenomic Testing|PT_Psilocybin Assisted Therapy|PT_Reality Testing Techniques|PT_Sleep Pattern Monitoring And Manipulation,98.19734184512852,89.43996416601595,98.88819274330166,98.33479213096021,96.88348186847753,99.32891364793399,-0.13745028583169017
2026-09-01,RMD_Body Integrity Dysphoria,8,PT_Digital Health Tools|PT_Focused Ultrasound Therapy|PT_Mood Stabilizers|PT_Neuroplasticity Techniques|PT_Pharmacogenomic Testing|PT_Psilocybin Assisted Therapy|PT_Reality Testing Techniques|PT_Sleep Pattern Monitoring And Manipulation,98.35385267815185,90.59803061468637,98.96568974452693,98.47017600629985,97.16821620191547,99.39392438225114,-0.11632332814799895
2026-10-01,RMD_Body Integrity Dysphoria,8,PT_Digital Health Tools|PT_Focused Ultrasound Therapy|PT_Mood Stabilizers|PT_Neuroplasticity Techniques|PT_Pharmacogenomic Testing|PT_Psilocybin Assisted Therapy|PT_Reality Testing Techniques|PT_Sleep Pattern Monitoring And Manipulation,98.44704311089913,91.35435581365586,99.00656350510896,98.62306835792786,97.49232427869633,99.46607788730667,-0.17602524702873268
2026-11-01,RMD_Body Integrity Dysphoria,8,PT_Digital Health Tools|PT_Focused Ultrasound Therapy|PT_Mood Stabilizers|PT_Neuroplasticity Techniques|PT_Pharmacogenomic Testing|PT_Psilocybin Assisted Therapy|PT_Reality Testing Techniques|PT_Sleep Pattern Monitoring And Manipulation,98.40567938829429,91.2654663889471,98.96895262213917,98.7412560193103,97.74975602957936,99.52236752896422,-0.33557663101601065
2026-12-01,RMD_Body Integrity Dysphoria,8,PT_Digital Health Tools|PT_Focused Ultrasound Therapy|PT_Mood Stabilizers|PT_Neuroplasticity Techniques|PT_Pharmacogenomic Testing|PT_Psilocybin Assisted Therapy|PT_Reality Testing Techniques|PT_Sleep Pattern Monitoring And Manipulation,98.35984702746049,91.15139858259158,98.9285031819641,98.77680309165851,97.82038699899718,99.54611148137033,-0.41695606419801834
2027-01-01,RMD_Body Integrity Dysphoria,8,PT_Digital Health Tools|PT_Focused Ultrasound Therapy|PT_Mood Stabilizers|PT_Neuroplasticity Techniques|PT_Pharmacogenomic Testing|PT_Psilocybin Assisted Therapy|PT_Reality Testing Techniques|PT_Sleep Pattern Monitoring And Manipulation,98.2603435413124,90.7076469944524,98.8561565525752,98.8707141722728,98.02181478073057,99.59491273435056,-0.6103706309604036
2027-02-01,RMD_Body Integrity Dysphoria,8,PT_Digital Health Tools|PT_Focused Ultrasound Therapy|PT_Mood Stabilizers|PT_Neuroplasticity Techniques|PT_Pharmacogenomic Testing|PT_Psilocybin Assisted Therapy|PT_Reality Testing Techniques|PT_Sleep Pattern Monitoring And Manipulation,98.08745674270043,89.81569239158458,98.7399951832318,99.0488562012358,98.40539793298208,99.67700851544998,-0.961399458535368
2027-03-01,RMD_Body Integrity Dysphoria,8,PT_Digital Health Tools|PT_Focused Ultrasound Therapy|PT_Mood Stabilizers|PT_Neuroplasticity Techniques|PT_Pharmacogenomic Testing|PT_Psilocybin Assisted Therapy|PT_Reality Testing Techniques|PT_Sleep Pattern Monitoring And Manipulation,98.1984403571059,90.68033563756485,98.79152084920267,99.22072393591709,98.75420094528069,99.75932318791075,-1.022283578811198
2027-04-01,RMD_Body Integrity Dysphoria,8,PT_Digital Health Tools|PT_Focused Ultrasound Therapy|PT_Mood Stabilizers|PT_Neuroplasticity Techniques|PT_Pharmacogenomic Testing|PT_Psilocybin Assisted Therapy|PT_Reality Testing Techniques|PT_Sleep Pattern Monitoring And Manipulation,98.48298886393654,92.6024245436824,98.94689527684565,99.44044768832559,99.19946962876949,99.8627435958436,-0.9574588243890503
2027-05-01,RMD_Body Integrity Dysphoria,8,PT_Digital Health Tools|PT_Focused Ultrasound Therapy|PT_Mood Stabilizers|PT_Neuroplasticity Techniques|PT_Pharmacogenomic Testing|PT_Psilocybin Assisted Therapy|PT_Reality Testing Techniques|PT_Sleep Pattern Monitoring And Manipulation,99.02109020939673,96.10745929263122,99.25094279604907,99.6659156152443,99.63486033805121,99.97183213797528,-0.6448254058475698
2027-06-01,RMD_Body Integrity Dysphoria,8,PT_Digital Health Tools|PT_Focused Ultrasound Therapy|PT_Mood Stabilizers|PT_Neuroplasticity Techniques|PT_Pharmacogenomic Testing|PT_Psilocybin Assisted Therapy|PT_Reality Testing Techniques|PT_Sleep Pattern Monitoring And Manipulation,99.37131210203522,98.4507644397787,99.44393542253094,99.96242685345666,100.24061156403388,100.10641576340379,-0.5911147514214434
2027-07-01,RMD_Body Integrity Dysphoria,8,PT_Digital Health Tools|PT_Focused Ultrasound Therapy|PT_Mood Stabilizers|PT_Neuroplasticity Techniques|PT_Pharmacogenomic Testing|PT_Psilocybin Assisted Therapy|PT_Reality Testing Techniques|PT_Sleep Pattern Monitoring And Manipulation,99.65440948810563,100.3642750759061,99.59840999827638,100.26658488782483,100.8744424859269,100.24247402537182,-0.6121753997192059
2027-08-01,RMD_Body Integrity Dysphoria,8,PT_Digital Health Tools|PT_Focused Ultrasound Therapy|PT_Mood Stabilizers|PT_Neuroplasticity Techniques|PT_Pharmacogenomic Testing|PT_Psilocybin Assisted Therapy|PT_Reality Testing Techniques|PT_Sleep Pattern Monitoring And Manipulation,100.22090262152425,104.03113772899344,99.92032286978719,100.57007482604266,101.48615158096804,100.38092857171658,-0.34917220451841047
2027-09-01,RMD_Body Integrity Dysphoria,8,PT_Digital Health Tools|PT_Focused Ultrasound Therapy|PT_Mood Stabilizers|PT_Neuroplasticity Techniques|PT_Pharmacogenomic Testing|PT_Psilocybin Assisted Therapy|PT_Reality Testing Techniques|PT_Sleep Pattern Monitoring And Manipulation,100.65513355667936,106.91988174043361,100.16091985640998,101.0647201443262,102.51922017192855,100.59434764902038,-0.4095865876468423
2027-10-01,RMD_Body Integrity Dysphoria,8,PT_Digital Health Tools|PT_Focused Ultrasound Therapy|PT_Mood Stabilizers|PT_Neuroplasticity Techniques|PT_Pharmacogenomic Testing|PT_Psilocybin Assisted Therapy|PT_Reality Testing Techniques|PT_Sleep Pattern Monitoring And Manipulation,100.97623810097929,109.07822083898263,100.33709329986372,101.63372020699651,103.72991097216708,100.83524335247097,-0.6574821060172269
2027-11-01,RMD_Body Integrity Dysphoria,8,PT_Digital Health Tools|PT_Focused Ultrasound Therapy|PT_Mood Stabilizers|PT_Neuroplasticity Techniques|PT_Pharmacogenomic Testing|PT_Psilocybin Assisted Therapy|PT_Reality Testing Techniques|PT_Sleep Pattern Monitoring And Manipulation,101.34409721369896,111.53958152880537,100.53980140049146,102.21589338289252,104.97207486330144,101.08018278580731,-0.8717961691935585
2027-12-01,RMD_Body Integrity Dysphoria,8,PT_Digital Health Tools|PT_Focused Ultrasound Therapy|PT_Mood Stabilizers|PT_Neuroplasticity Techniques|PT_Pharmacogenomic Testing|PT_Psilocybin Assisted Therapy|PT_Reality Testing Techniques|PT_Sleep Pattern Monitoring And Manipulation,101.4492560022491,112.36712955320661,100.58797639842106,102.77490105096608,106.18620223148963,101.31133206337942,-1.3256450487169786
2028-01-01,RMD_Body Integrity Dysphoria,8,PT_Digital Health Tools|PT_Focused Ultrasound Therapy|PT_Mood Stabilizers|PT_Neuroplasticity Techniques|PT_Pharmacogenomic Testing|PT_Psilocybin Assisted Therapy|PT_Reality Testing Techniques|PT_Sleep Pattern Monitoring And Manipulation,101.28251273358467,111.4664575732677,100.47913089816339,103.28828210911854,107.33196952817649,101.51942862442333,-2.0057693755338732
2028-02-01,RMD_Body Integrity Dysphoria,8,PT_Digital Health Tools|PT_Focused Ultrasound Therapy|PT_Mood Stabilizers|PT_Neuroplasticity Techniques|PT_Pharmacogenomic Testing|PT_Psilocybin Assisted Therapy|PT_Reality Testing Techniques|PT_Sleep Pattern Monitoring And Manipulation,101.15678057874221,110.80486429640565,100.39567146363325,103.82835070371222,108.53570948118013,101.73789372363584,-2.6715701249700032
2028-03-01,RMD_Body Integrity Dysphoria,8,PT_Digital Health Tools|PT_Focused Ultrasound Therapy|PT_Mood Stabilizers|PT_Neuroplasticity Techniques|PT_Pharmacogenomic Testing|PT_Psilocybin Assisted Therapy|PT_Reality Testing Techniques|PT_Sleep Pattern Monitoring And Manipulation,101.0950197942365,110.5169590079254,100.35174698564246,104.29141395506167,109.56478025565647,101.92563338807537,-3.1963941608251645
2028-04-01,RMD_Body Integrity Dysphoria,8,PT_Digital Health Tools|PT_Focused Ultrasound Therapy|PT_Mood Stabilizers|PT_Neuroplasticity Techniques|PT_Pharmacogenomic Testing|PT_Psilocybin Assisted Therapy|PT_Reality Testing Techniques|PT_Sleep Pattern Monitoring And Manipulation,101.34341911988577,112.17395618683379,100.48902195316732,104.78786022818534,110.64753229380895,102.1311493351751,-3.4444411082995714
2028-05-01,RMD_Body Integrity Dysphoria,8,PT_Digital Health Tools|PT_Focused Ultrasound Therapy|PT_Mood Stabilizers|PT_Neuroplasticity Techniques|PT_Pharmacogenomic Testing|PT_Psilocybin Assisted Therapy|PT_Reality Testing Techniques|PT_Sleep Pattern Monitoring And Manipulation,101.39588323821259,112.6203044404835,100.51041355437403,105.36479756359857,111.92452813245328,102.36616953366348,-3.968914325385981
2028-06-01,RMD_Body Integrity Dysphoria,8,PT_Digital Health Tools|PT_Focused Ultrasound Therapy|PT_Mood Stabilizers|PT_Neuroplasticity Techniques|PT_Pharmacogenomic Testing|PT_Psilocybin Assisted Therapy|PT_Reality Testing Techniques|PT_Sleep Pattern Monitoring And Manipulation,101.65833266767125,114.38761353456255,100.65415575017067,105.9918638960332,113.29082293023197,102.6244267782475,-4.333531228361949
2028-07-01,RMD_Body Integrity Dysphoria,8,PT_Digital Health Tools|PT_Focused Ultrasound Therapy|PT_Mood Stabilizers|PT_Neuroplasticity Techniques|PT_Pharmacogenomic Testing|PT_Psilocybin Assisted Therapy|PT_Reality Testing Techniques|PT_Sleep Pattern Monitoring And Manipulation,102.03891282032643,116.88903706369064,100.86742796575822,106.63776763514224,114.68698478463858,102.89224611914257,-4.598854814815809
2028-08-01,RMD_Body Integrity Dysphoria,8,PT_Digital Health Tools|PT_Focused Ultrasound Therapy|PT_Mood Stabilizers|PT_Neuroplasticity Techniques|PT_Pharmacogenomic Testing|PT_Psilocybin Assisted Therapy|PT_Reality Testing Techniques|PT_Sleep Pattern Monitoring And Manipulation,102.9231607146078,122.53687728715225,101.37588086721726,107.3008603262938,116.07841488216975,103.17382105400799,-4.377699611685998
2028-09-01,RMD_Body Integrity Dysphoria,8,PT_Digital Health Tools|PT_Focused Ultrasound Therapy|PT_Mood Stabilizers|PT_Neuroplasticity Techniques|PT_Pharmacogenomic Testing|PT_Psilocybin Assisted Therapy|PT_Reality Testing Techniques|PT_Sleep Pattern Monitoring And Manipulation,103.37538825956509,125.50950286838801,101.62928794060919,108.00800379188136,117.59742972348062,103.46672073667311,-4.632615532316279
2028-10-01,RMD_Body Integrity Dysphoria,8,PT_Digital Health Tools|PT_Focused Ultrasound Therapy|PT_Mood Stabilizers|PT_Neuroplasticity Techniques|PT_Pharmacogenomic Testing|PT_Psilocybin Assisted Therapy|PT_Reality Testing Techniques|PT_Sleep Pattern Monitoring And Manipulation,103.67490907779106,127.52701923201762,101.79328046203517,108.75493528798901,119.21195179617663,103.77427461994988,-5.080026210197957
2028-11-01,RMD_Body Integrity Dysphoria,8,PT_Digital Health Tools|PT_Focused Ultrasound Therapy|PT_Mood Stabilizers|PT_Neuroplasticity Techniques|PT_Pharmacogenomic Testing|PT_Psilocybin Assisted Therapy|PT_Reality Testing Techniques|PT_Sleep Pattern Monitoring And Manipulation,104.04329710368502,130.003171641445,101.99538866139787,109.59122464420794,121.01426762851426,104.11848704595164,-5.54792754052292
2028-12-01,RMD_Body Integrity Dysphoria,8,PT_Digital Health Tools|PT_Focused Ultrasound Therapy|PT_Mood Stabilizers|PT_Neuroplasticity Techniques|PT_Pharmacogenomic Testing|PT_Psilocybin Assisted Therapy|PT_Reality Testing Techniques|PT_Sleep Pattern Monitoring And Manipulation,104.18032630145528,131.0533373643474,102.06038284235561,110.48049692991664,122.94938349870593,104.4797038745499,-6.300170628461359
2026-01-01,RMD_Brief Psychotic Disorder,8,PT_Cognitive Assistive Technologies|PT_Digital Health Tools|PT_Focused Ultrasound Therapy|PT_Metaverse|PT_Mood Stabilizers|PT_Pharmacogenomic Testing|PT_Psilocybin Assisted Therapy|PT_Sleep Pattern Monitoring And Manipulation,100.0,100.0,100.0,100.0,100.0,100.0,0.0
2026-02-01,RMD_Brief Psychotic Disorder,8,PT_Cognitive Assistive Technologies|PT_Digital Health Tools|PT_Focused Ultrasound Therapy|PT_Metaverse|PT_Mood Stabilizers|PT_Pharmacogenomic Testing|PT_Psilocybin Assisted Therapy|PT_Sleep Pattern Monitoring And Manipulation,99.45802118906977,100.0,99.94380197668688,99.64976382537307,99.48688068598732,99.83482528294309,-0.19174263630330302
2026-03-01,RMD_Brief Psychotic Disorder,8,PT_Cognitive Assistive Technologies|PT_Digital Health Tools|PT_Focused Ultrasound Therapy|PT_Metaverse|PT_Mood Stabilizers|PT_Pharmacogenomic Testing|PT_Psilocybin Assisted Therapy|PT_Sleep Pattern Monitoring And Manipulation,99.28020310942588,100.0,99.92329101447189,99.21764680716643,98.69993252929156,99.64862204418202,0.06255630225945197
2026-04-01,RMD_Brief Psychotic Disorder,8,PT_Cognitive Assistive Technologies|PT_Digital Health Tools|PT_Focused Ultrasound Therapy|PT_Metaverse|PT_Mood Stabilizers|PT_Pharmacogenomic Testing|PT_Psilocybin Assisted Therapy|PT_Sleep Pattern Monitoring And Manipulation,99.58175048502889,100.0,99.94933041270859,98.90782445438617,98.09515701229964,99.5248360668299,0.6739260306427184
2026-05-01,RMD_Brief Psychotic Disorder,8,PT_Cognitive Assistive Technologies|PT_Digital Health Tools|PT_Focused Ultrasound Therapy|PT_Metaverse|PT_Mood Stabilizers|PT_Pharmacogenomic Testing|PT_Psilocybin Assisted Therapy|PT_Sleep Pattern Monitoring And Manipulation,100.08097808607423,100.0,99.99458770759219,98.59782777886609,97.44749347267954,99.40731831731728,1.4831503072081347
2026-06-01,RMD_Brief Psychotic Disorder,8,PT_Cognitive Assistive Technologies|PT_Digital Health Tools|PT_Focused Ultrasound Therapy|PT_Metaverse|PT_Mood Stabilizers|PT_Pharmacogenomic Testing|PT_Psilocybin Assisted Therapy|PT_Sleep Pattern Monitoring And Manipulation,100.57456898769263,100.0,100.03921008405314,98.37386663889124,96.97461136129364,99.32554329346287,2.2007023488013857
2026-07-01,RMD_Brief Psychotic Disorder,8,PT_Cognitive Assistive Technologies|PT_Digital Health Tools|PT_Focused Ultrasound Therapy|PT_Metaverse|PT_Mood Stabilizers|PT_Pharmacogenomic Testing|PT_Psilocybin Assisted Therapy|PT_Sleep Pattern Monitoring And Manipulation,101.01875587668698,100.0,100.07881505639354,98.33039490565037,96.89432691708252,99.31626769895776,2.688360971036616
2026-08-01,RMD_Brief Psychotic Disorder,8,PT_Cognitive Assistive Technologies|PT_Digital Health Tools|PT_Focused Ultrasound Therapy|PT_Metaverse|PT_Mood Stabilizers|PT_Pharmacogenomic Testing|PT_Psilocybin Assisted Therapy|PT_Sleep Pattern Monitoring And Manipulation,101.5359417667983,100.0,100.12532670230728,98.32780185489564,96.88348186847753,99.32628073203222,3.208139911902663
2026-09-01,RMD_Brief Psychotic Disorder,8,PT_Cognitive Assistive Technologies|PT_Digital Health Tools|PT_Focused Ultrasound Therapy|PT_Metaverse|PT_Mood Stabilizers|PT_Pharmacogenomic Testing|PT_Psilocybin Assisted Therapy|PT_Sleep Pattern Monitoring And Manipulation,101.99363748193342,100.0,100.1655975647007,98.46158003080718,97.16821620191547,99.39061072473042,3.532057451126235
2026-10-01,RMD_Brief Psychotic Disorder,8,PT_Cognitive Assistive Technologies|PT_Digital Health Tools|PT_Focused Ultrasound Therapy|PT_Metaverse|PT_Mood Stabilizers|PT_Pharmacogenomic Testing|PT_Psilocybin Assisted Therapy|PT_Sleep Pattern Monitoring And Manipulation,102.40580107285535,100.0,100.20164854245571,98.61287764206995,97.49232427869633,99.46205008613629,3.7929234307854074
2026-11-01,RMD_Brief Psychotic Disorder,8,PT_Cognitive Assistive Technologies|PT_Digital Health Tools|PT_Focused Ultrasound Therapy|PT_Metaverse|PT_Mood Stabilizers|PT_Pharmacogenomic Testing|PT_Psilocybin Assisted Therapy|PT_Sleep Pattern Monitoring And Manipulation,102.73240876488578,100.0,100.229600438868,98.72965935084972,97.74975602957936,99.51769213068933,4.00274941403606
2026-12-01,RMD_Brief Psychotic Disorder,8,PT_Cognitive Assistive Technologies|PT_Digital Health Tools|PT_Focused Ultrasound Therapy|PT_Metaverse|PT_Mood Stabilizers|PT_Pharmacogenomic Testing|PT_Psilocybin Assisted Therapy|PT_Sleep Pattern Monitoring And Manipulation,103.06585108866913,100.0,100.25801690973589,98.76404451127785,97.82038699899718,99.54090992314623,4.3018065773912895
2027-01-01,RMD_Brief Psychotic Disorder,8,PT_Cognitive Assistive Technologies|PT_Digital Health Tools|PT_Focused Ultrasound Therapy|PT_Metaverse|PT_Mood Stabilizers|PT_Pharmacogenomic Testing|PT_Psilocybin Assisted Therapy|PT_Sleep Pattern Monitoring And Manipulation,103.44634434372186,100.0,100.29013449043345,98.85652998819617,98.02181478073057,99.5890623572293,4.589814355525689
2027-02-01,RMD_Brief Psychotic Disorder,8,PT_Cognitive Assistive Technologies|PT_Digital Health Tools|PT_Focused Ultrasound Therapy|PT_Metaverse|PT_Mood Stabilizers|PT_Pharmacogenomic Testing|PT_Psilocybin Assisted Therapy|PT_Sleep Pattern Monitoring And Manipulation,103.7925146984692,100.0,100.31882196306711,99.03319155810173,98.40539793298208,99.67045713932139,4.759323140367471
2027-03-01,RMD_Brief Psychotic Disorder,8,PT_Cognitive Assistive Technologies|PT_Digital Health Tools|PT_Focused Ultrasound Therapy|PT_Metaverse|PT_Mood Stabilizers|PT_Pharmacogenomic Testing|PT_Psilocybin Assisted Therapy|PT_Sleep Pattern Monitoring And Manipulation,104.2288829398714,100.0,100.35700224041031,99.20354119213657,98.75420094528069,99.75208237096639,5.025341747734828
2027-04-01,RMD_Brief Psychotic Disorder,8,PT_Cognitive Assistive Technologies|PT_Digital Health Tools|PT_Focused Ultrasound Therapy|PT_Metaverse|PT_Mood Stabilizers|PT_Pharmacogenomic Testing|PT_Psilocybin Assisted Therapy|PT_Sleep Pattern Monitoring And Manipulation,104.73685972522641,100.0,100.4022750211091,99.42157535895775,99.19946962876949,99.85464394449438,5.315284366268656
2027-05-01,RMD_Brief Psychotic Disorder,8,PT_Cognitive Assistive Technologies|PT_Digital Health Tools|PT_Focused Ultrasound Therapy|PT_Metaverse|PT_Mood Stabilizers|PT_Pharmacogenomic Testing|PT_Psilocybin Assisted Therapy|PT_Sleep Pattern Monitoring And Manipulation,105.35509976369715,100.0,100.45851175896019,99.64531133206034,99.63486033805121,99.9628630545466,5.7097884316368095
2027-06-01,RMD_Brief Psychotic Disorder,8,PT_Cognitive Assistive Technologies|PT_Digital Health Tools|PT_Focused Ultrasound Therapy|PT_Metaverse|PT_Mood Stabilizers|PT_Pharmacogenomic Testing|PT_Psilocybin Assisted Therapy|PT_Sleep Pattern Monitoring And Manipulation,105.87490613077163,100.0,100.5051705201182,99.93999666026684,100.24061156403388,100.09652379524142,5.934909470504792
2027-07-01,RMD_Brief Psychotic Disorder,8,PT_Cognitive Assistive Technologies|PT_Digital Health Tools|PT_Focused Ultrasound Therapy|PT_Metaverse|PT_Mood Stabilizers|PT_Pharmacogenomic Testing|PT_Psilocybin Assisted Therapy|PT_Sleep Pattern Monitoring And Manipulation,106.35348009501743,100.0,100.54797331329469,100.24223597386525,100.8744424859269,100.23159027820907,6.111244121152183
2027-08-01,RMD_Brief Psychotic Disorder,8,PT_Cognitive Assistive Technologies|PT_Digital Health Tools|PT_Focused Ultrasound Therapy|PT_Metaverse|PT_Mood Stabilizers|PT_Pharmacogenomic Testing|PT_Psilocybin Assisted Therapy|PT_Sleep Pattern Monitoring And Manipulation,106.96299234082714,100.0,100.60379967704333,100.54381431374185,101.48615158096804,100.36911104891534,6.4191780270852945
2027-09-01,RMD_Brief Psychotic Disorder,8,PT_Cognitive Assistive Technologies|PT_Digital Health Tools|PT_Focused Ultrasound Therapy|PT_Metaverse|PT_Mood Stabilizers|PT_Pharmacogenomic Testing|PT_Psilocybin Assisted Therapy|PT_Sleep Pattern Monitoring And Manipulation,107.52738959957294,100.0,100.65454669341067,101.03629058060876,102.51922017192855,100.58142422202248,6.491099018964178
2027-10-01,RMD_Brief Psychotic Disorder,8,PT_Cognitive Assistive Technologies|PT_Digital Health Tools|PT_Focused Ultrasound Therapy|PT_Metaverse|PT_Mood Stabilizers|PT_Pharmacogenomic Testing|PT_Psilocybin Assisted Therapy|PT_Sleep Pattern Monitoring And Manipulation,108.01812471609271,100.0,100.69832509294393,101.60300654429355,103.72991097216708,100.82118393688263,6.415118171799165
2027-11-01,RMD_Brief Psychotic Disorder,8,PT_Cognitive Assistive Technologies|PT_Digital Health Tools|PT_Focused Ultrasound Therapy|PT_Metaverse|PT_Mood Stabilizers|PT_Pharmacogenomic Testing|PT_Psilocybin Assisted Therapy|PT_Sleep Pattern Monitoring And Manipulation,108.5114375262783,100.0,100.74264549600872,102.18281124035931,104.97207486330144,101.06496499644128,6.328626285918986
2027-12-01,RMD_Brief Psychotic Disorder,8,PT_Cognitive Assistive Technologies|PT_Digital Health Tools|PT_Focused Ultrasound Therapy|PT_Metaverse|PT_Mood Stabilizers|PT_Pharmacogenomic Testing|PT_Psilocybin Assisted Therapy|PT_Sleep Pattern Monitoring And Manipulation,108.8625279602218,100.0,100.77320675227999,102.73953270029483,106.18620223148963,101.29501126264577,6.122995259926967
2028-01-01,RMD_Brief Psychotic Disorder,8,PT_Cognitive Assistive Technologies|PT_Digital Health Tools|PT_Focused Ultrasound Therapy|PT_Metaverse|PT_Mood Stabilizers|PT_Pharmacogenomic Testing|PT_Psilocybin Assisted Therapy|PT_Sleep Pattern Monitoring And Manipulation,109.06621923894289,100.0,100.78972237417679,103.25070508100669,107.33196952817649,101.5020240960357,5.815514157936207
2028-02-01,RMD_Brief Psychotic Disorder,8,PT_Cognitive Assistive Technologies|PT_Digital Health Tools|PT_Focused Ultrasound Therapy|PT_Metaverse|PT_Mood Stabilizers|PT_Pharmacogenomic Testing|PT_Psilocybin Assisted Therapy|PT_Sleep Pattern Monitoring And Manipulation,109.27073409613813,100.0,100.80657868400769,103.78843262575008,108.53570948118013,101.71938411435184,5.482301470388052
2028-03-01,RMD_Brief Psychotic Disorder,8,PT_Cognitive Assistive Technologies|PT_Digital Health Tools|PT_Focused Ultrasound Therapy|PT_Metaverse|PT_Mood Stabilizers|PT_Pharmacogenomic Testing|PT_Psilocybin Assisted Therapy|PT_Sleep Pattern Monitoring And Manipulation,109.46310919270806,100.0,100.8229471906602,104.24933468636833,109.56478025565647,101.90610586460697,5.213774506339732
2028-04-01,RMD_Brief Psychotic Disorder,8,PT_Cognitive Assistive Technologies|PT_Digital Health Tools|PT_Focused Ultrasound Therapy|PT_Metaverse|PT_Mood Stabilizers|PT_Pharmacogenomic Testing|PT_Psilocybin Assisted Therapy|PT_Sleep Pattern Monitoring And Manipulation,109.84168789520402,100.0,100.85710889896241,104.7430602662039,110.64753229380895,102.11039939327242,5.09862762900012
2028-05-01,RMD_Brief Psychotic Disorder,8,PT_Cognitive Assistive Technologies|PT_Digital Health Tools|PT_Focused Ultrasound Therapy|PT_Metaverse|PT_Mood Stabilizers|PT_Pharmacogenomic Testing|PT_Psilocybin Assisted Therapy|PT_Sleep Pattern Monitoring And Manipulation,110.13763065885315,100.0,100.88306312521559,105.3168580911936,111.92452813245328,102.34406371745779,4.82077256765956
2028-06-01,RMD_Brief Psychotic Disorder,8,PT_Cognitive Assistive Technologies|PT_Digital Health Tools|PT_Focused Ultrasound Therapy|PT_Metaverse|PT_Mood Stabilizers|PT_Pharmacogenomic Testing|PT_Psilocybin Assisted Therapy|PT_Sleep Pattern Monitoring And Manipulation,110.53848876344826,100.0,100.91914507460098,105.94048316597987,113.29082293023197,102.60089974418948,4.598005597468386
2028-07-01,RMD_Brief Psychotic Disorder,8,PT_Cognitive Assistive Technologies|PT_Digital Health Tools|PT_Focused Ultrasound Therapy|PT_Metaverse|PT_Mood Stabilizers|PT_Pharmacogenomic Testing|PT_Psilocybin Assisted Therapy|PT_Sleep Pattern Monitoring And Manipulation,110.99643048254319,100.0,100.96082514617642,106.58286972563853,114.68698478463858,102.86731094984508,4.413560756904658
2028-08-01,RMD_Brief Psychotic Disorder,8,PT_Cognitive Assistive Technologies|PT_Digital Health Tools|PT_Focused Ultrasound Therapy|PT_Metaverse|PT_Mood Stabilizers|PT_Pharmacogenomic Testing|PT_Psilocybin Assisted Therapy|PT_Sleep Pattern Monitoring And Manipulation,111.70092164848751,100.0,101.02668631816614,107.24234717724634,116.07841488216975,103.14751456124306,4.458574471241164
2028-09-01,RMD_Brief Psychotic Disorder,8,PT_Cognitive Assistive Technologies|PT_Digital Health Tools|PT_Focused Ultrasound Therapy|PT_Metaverse|PT_Mood Stabilizers|PT_Pharmacogenomic Testing|PT_Psilocybin Assisted Therapy|PT_Sleep Pattern Monitoring And Manipulation,112.17561302849806,100.0,101.07007757231972,107.94621155647908,117.59742972348062,103.43926369524245,4.229401472018978
2028-10-01,RMD_Brief Psychotic Disorder,8,PT_Cognitive Assistive Technologies|PT_Digital Health Tools|PT_Focused Ultrasound Therapy|PT_Metaverse|PT_Mood Stabilizers|PT_Pharmacogenomic Testing|PT_Psilocybin Assisted Therapy|PT_Sleep Pattern Monitoring And Manipulation,112.57341212733208,100.0,101.10599692064565,108.68987962796912,119.21195179617663,103.7457731231065,3.883532499362957
2028-11-01,RMD_Brief Psychotic Disorder,8,PT_Cognitive Assistive Technologies|PT_Digital Health Tools|PT_Focused Ultrasound Therapy|PT_Metaverse|PT_Mood Stabilizers|PT_Pharmacogenomic Testing|PT_Psilocybin Assisted Therapy|PT_Sleep Pattern Monitoring And Manipulation,113.02379189861898,100.0,101.14666267132635,109.52288810361337,121.01426762851426,104.08890098492986,3.5009037950056126
2028-12-01,RMD_Brief Psychotic Disorder,8,PT_Cognitive Assistive Technologies|PT_Digital Health Tools|PT_Focused Ultrasound Therapy|PT_Metaverse|PT_Mood Stabilizers|PT_Pharmacogenomic Testing|PT_Psilocybin Assisted Therapy|PT_Sleep Pattern Monitoring And Manipulation,113.35162961044846,100.0,101.1753578868676,110.40918123006047,122.94938349870593,104.44913972605771,2.9424483803879866
2026-01-01,RMD_Capgras Syndrome,8,PT_Antidepressants|PT_Digital Health Tools|PT_Metaverse|PT_Mood Stabilizers|PT_Reality Testing Techniques|PT_Selective Serotonin Reuptake Inhibitors|PT_Smart Wearable Mental Health Trackers|PT_Trauma Focused Cbt,100.0,100.0,100.0,100.0,100.0,100.0,0.0
2026-02-01,RMD_Capgras Syndrome,8,PT_Antidepressants|PT_Digital Health Tools|PT_Metaverse|PT_Mood Stabilizers|PT_Reality Testing Techniques|PT_Selective Serotonin Reuptake Inhibitors|PT_Smart Wearable Mental Health Trackers|PT_Trauma Focused Cbt,99.10936756092411,100.0,99.62594916464478,99.6746131766248,99.63068071900511,99.74856735156766,-0.5652456157006895
2026-03-01,RMD_Capgras Syndrome,8,PT_Antidepressants|PT_Digital Health Tools|PT_Metaverse|PT_Mood Stabilizers|PT_Reality Testing Techniques|PT_Selective Serotonin Reuptake Inhibitors|PT_Smart Wearable Mental Health Trackers|PT_Trauma Focused Cbt,98.61659211150294,100.0,99.4170025757248,99.20298184073863,98.97821515626224,99.43010569061546,-0.586389729235691
2026-04-01,RMD_Capgras Syndrome,8,PT_Antidepressants|PT_Digital Health Tools|PT_Metaverse|PT_Mood Stabilizers|PT_Reality Testing Techniques|PT_Selective Serotonin Reuptake Inhibitors|PT_Smart Wearable Mental Health Trackers|PT_Trauma Focused Cbt,98.59570026149007,100.0,99.40306253800662,98.86116343889496,98.45883770376895,99.21755408952937,-0.26546317740489656
2026-05-01,RMD_Capgras Syndrome,8,PT_Antidepressants|PT_Digital Health Tools|PT_Metaverse|PT_Mood Stabilizers|PT_Reality Testing Techniques|PT_Selective Serotonin Reuptake Inhibitors|PT_Smart Wearable Mental Health Trackers|PT_Trauma Focused Cbt,98.77069297180331,100.0,99.47036068769758,98.50607737460558,97.8879742011879,99.00905376978763,0.2646155971977322
2026-06-01,RMD_Capgras Syndrome,8,PT_Antidepressants|PT_Digital Health Tools|PT_Metaverse|PT_Mood Stabilizers|PT_Reality Testing Techniques|PT_Selective Serotonin Reuptake Inhibitors|PT_Smart Wearable Mental Health Trackers|PT_Trauma Focused Cbt,98.96139479783548,100.0,99.54408480470192,98.25723653413091,97.4713798927269,98.86940413247578,0.7041582637045707
2026-07-01,RMD_Capgras Syndrome,8,PT_Antidepressants|PT_Digital Health Tools|PT_Metaverse|PT_Mood Stabilizers|PT_Reality Testing Techniques|PT_Selective Serotonin Reuptake Inhibitors|PT_Smart Wearable Mental Health Trackers|PT_Trauma Focused Cbt,99.10315900729384,100.0,99.59549254320899,98.24710969343039,97.41707749631311,98.87832961168749,0.8560493138634513
2026-08-01,RMD_Capgras Syndrome,8,PT_Antidepressants|PT_Digital Health Tools|PT_Metaverse|PT_Mood Stabilizers|PT_Reality Testing Techniques|PT_Selective Serotonin Reuptake Inhibitors|PT_Smart Wearable Mental Health Trackers|PT_Trauma Focused Cbt,99.31451131408329,100.0,99.6756220972797,98.28139314843592,97.41646563832535,98.92028428741477,1.033118165647366
2026-09-01,RMD_Capgras Syndrome,8,PT_Antidepressants|PT_Digital Health Tools|PT_Metaverse|PT_Mood Stabilizers|PT_Reality Testing Techniques|PT_Selective Serotonin Reuptake Inhibitors|PT_Smart Wearable Mental Health Trackers|PT_Trauma Focused Cbt,99.4735669488251,100.0,99.73189550432757,98.49605445815398,97.69126185812273,99.07383910392409,0.977512490671117
2026-10-01,RMD_Capgras Syndrome,8,PT_Antidepressants|PT_Digital Health Tools|PT_Metaverse|PT_Mood Stabilizers|PT_Reality Testing Techniques|PT_Selective Serotonin Reuptake Inhibitors|PT_Smart Wearable Mental Health Trackers|PT_Trauma Focused Cbt,99.59972261308769,100.0,99.77471133446195,98.73339434841459,97.9992243800214,99.24203058098469,0.8663282646731005
2026-11-01,RMD_Capgras Syndrome,8,PT_Antidepressants|PT_Digital Health Tools|PT_Metaverse|PT_Mood Stabilizers|PT_Reality Testing Techniques|PT_Selective Serotonin Reuptake Inhibitors|PT_Smart Wearable Mental Health Trackers|PT_Trauma Focused Cbt,99.65334681604116,100.0,99.78816891137544,98.92656643288329,98.24843953718342,99.37947170728592,0.7267803831578732
2026-12-01,RMD_Capgras Syndrome,8,PT_Antidepressants|PT_Digital Health Tools|PT_Metaverse|PT_Mood Stabilizers|PT_Reality Testing Techniques|PT_Selective Serotonin Reuptake Inhibitors|PT_Smart Wearable Mental Health Trackers|PT_Trauma Focused Cbt,99.71948869677833,100.0,99.80664613368229,99.00524863645612,98.31820934361134,99.44786521386968,0.7142400603222114
2027-01-01,RMD_Capgras Syndrome,8,PT_Antidepressants|PT_Digital Health Tools|PT_Metaverse|PT_Mood Stabilizers|PT_Reality Testing Techniques|PT_Selective Serotonin Reuptake Inhibitors|PT_Smart Wearable Mental Health Trackers|PT_Trauma Focused Cbt,99.78401474444325,100.0,99.82270078684225,99.17271679002475,98.51545256346002,99.5743903876598,0.6112979544185038
2027-02-01,RMD_Capgras Syndrome,8,PT_Antidepressants|PT_Digital Health Tools|PT_Metaverse|PT_Mood Stabilizers|PT_Reality Testing Techniques|PT_Selective Serotonin Reuptake Inhibitors|PT_Smart Wearable Mental Health Trackers|PT_Trauma Focused Cbt,99.82978103718649,100.0,99.83019432700003,99.44666111018348,98.877879444181,99.76573606295916,0.38311992700300834
2027-03-01,RMD_Capgras Syndrome,8,PT_Antidepressants|PT_Digital Health Tools|PT_Metaverse|PT_Mood Stabilizers|PT_Reality Testing Techniques|PT_Selective Serotonin Reuptake Inhibitors|PT_Smart Wearable Mental Health Trackers|PT_Trauma Focused Cbt,99.99013738402795,100.0,99.8862213710838,99.70000533477811,99.19628854142954,99.94932381582312,0.29013204924983427
2027-04-01,RMD_Capgras Syndrome,8,PT_Antidepressants|PT_Digital Health Tools|PT_Metaverse|PT_Mood Stabilizers|PT_Reality Testing Techniques|PT_Selective Serotonin Reuptake Inhibitors|PT_Smart Wearable Mental Health Trackers|PT_Trauma Focused Cbt,100.22671948272959,100.0,99.97454249371056,100.01541543025678,99.60103260033347,100.17470447449958,0.21130405247281203
2027-05-01,RMD_Capgras Syndrome,8,PT_Antidepressants|PT_Digital Health Tools|PT_Metaverse|PT_Mood Stabilizers|PT_Reality Testing Techniques|PT_Selective Serotonin Reuptake Inhibitors|PT_Smart Wearable Mental Health Trackers|PT_Trauma Focused Cbt,100.58231673854888,100.0,100.11259813971326,100.3271766298844,99.98276000140368,100.40465689163752,0.25514010866447734
2027-06-01,RMD_Capgras Syndrome,8,PT_Antidepressants|PT_Digital Health Tools|PT_Metaverse|PT_Mood Stabilizers|PT_Reality Testing Techniques|PT_Selective Serotonin Reuptake Inhibitors|PT_Smart Wearable Mental Health Trackers|PT_Trauma Focused Cbt,100.83901294188425,100.0,100.20879261206743,100.74138404467172,100.53392707552577,100.69298011411672,0.09762889721253032
2027-07-01,RMD_Capgras Syndrome,8,PT_Antidepressants|PT_Digital Health Tools|PT_Metaverse|PT_Mood Stabilizers|PT_Reality Testing Techniques|PT_Selective Serotonin Reuptake Inhibitors|PT_Smart Wearable Mental Health Trackers|PT_Trauma Focused Cbt,101.05747223231094,100.0,100.28998973898254,101.1699330058103,101.1122858384569,100.98806250564436,-0.11246077349935035
2027-08-01,RMD_Capgras Syndrome,8,PT_Antidepressants|PT_Digital Health Tools|PT_Metaverse|PT_Mood Stabilizers|PT_Reality Testing Techniques|PT_Selective Serotonin Reuptake Inhibitors|PT_Smart Wearable Mental Health Trackers|PT_Trauma Focused Cbt,101.41119217169775,100.0,100.42798379424423,101.58513347453174,101.65592166058258,101.28066911412826,-0.17394130283399534
2027-09-01,RMD_Capgras Syndrome,8,PT_Antidepressants|PT_Digital Health Tools|PT_Metaverse|PT_Mood Stabilizers|PT_Reality Testing Techniques|PT_Selective Serotonin Reuptake Inhibitors|PT_Smart Wearable Mental Health Trackers|PT_Trauma Focused Cbt,101.72723168840409,100.0,100.54799335312723,102.2530892637706,102.59082267005827,101.72760422132262,-0.5258575753665156
2027-10-01,RMD_Capgras Syndrome,8,PT_Antidepressants|PT_Digital Health Tools|PT_Metaverse|PT_Mood Stabilizers|PT_Reality Testing Techniques|PT_Selective Serotonin Reuptake Inhibitors|PT_Smart Wearable Mental Health Trackers|PT_Trauma Focused Cbt,101.97712261967172,100.0,100.64099537207171,103.02828333075833,103.70138090949091,102.23632840249255,-1.0511607110866095
2027-11-01,RMD_Capgras Syndrome,8,PT_Antidepressants|PT_Digital Health Tools|PT_Metaverse|PT_Mood Stabilizers|PT_Reality Testing Techniques|PT_Selective Serotonin Reuptake Inhibitors|PT_Smart Wearable Mental Health Trackers|PT_Trauma Focused Cbt,102.24099285365976,100.0,100.74062866079967,103.81753026562806,104.83913083773257,102.75154448067778,-1.576537411968303
2027-12-01,RMD_Capgras Syndrome,8,PT_Antidepressants|PT_Digital Health Tools|PT_Metaverse|PT_Mood Stabilizers|PT_Reality Testing Techniques|PT_Selective Serotonin Reuptake Inhibitors|PT_Smart Wearable Mental Health Trackers|PT_Trauma Focused Cbt,102.37286762833989,100.0,100.78557963662284,104.58644268912539,105.9642297022861,103.24696132798752,-2.2135750607855016
2028-01-01,RMD_Capgras Syndrome,8,PT_Antidepressants|PT_Digital Health Tools|PT_Metaverse|PT_Mood Stabilizers|PT_Reality Testing Techniques|PT_Selective Serotonin Reuptake Inhibitors|PT_Smart Wearable Mental Health Trackers|PT_Trauma Focused Cbt,102.3559918945522,100.0,100.77001770939107,105.31112957113696,107.0460036225592,103.70553683557227,-2.955137676584755
2028-02-01,RMD_Capgras Syndrome,8,PT_Antidepressants|PT_Digital Health Tools|PT_Metaverse|PT_Mood Stabilizers|PT_Reality Testing Techniques|PT_Selective Serotonin Reuptake Inhibitors|PT_Smart Wearable Mental Health Trackers|PT_Trauma Focused Cbt,102.35420844394136,100.0,100.76157977787094,106.06993824821129,108.18286275755398,104.18402410962543,-3.7157298042699267
2028-03-01,RMD_Capgras Syndrome,8,PT_Antidepressants|PT_Digital Health Tools|PT_Metaverse|PT_Mood Stabilizers|PT_Reality Testing Techniques|PT_Selective Serotonin Reuptake Inhibitors|PT_Smart Wearable Mental Health Trackers|PT_Trauma Focused Cbt,102.36690044396522,100.0,100.76032743280348,106.72124306334506,109.1585602981548,104.59475792327942,-4.354342619379835
2028-04-01,RMD_Capgras Syndrome,8,PT_Antidepressants|PT_Digital Health Tools|PT_Metaverse|PT_Mood Stabilizers|PT_Reality Testing Techniques|PT_Selective Serotonin Reuptake Inhibitors|PT_Smart Wearable Mental Health Trackers|PT_Trauma Focused Cbt,102.52842340887543,100.0,100.82110722906951,107.40743178470036,110.1621873563146,105.03692433472474,-4.879008375824938
2028-05-01,RMD_Capgras Syndrome,8,PT_Antidepressants|PT_Digital Health Tools|PT_Metaverse|PT_Mood Stabilizers|PT_Reality Testing Techniques|PT_Selective Serotonin Reuptake Inhibitors|PT_Smart Wearable Mental Health Trackers|PT_Trauma Focused Cbt,102.60017042010386,100.0,100.84374182639542,108.21247520540628,111.35953045298186,105.54779372563429,-5.612304785302413
2028-06-01,RMD_Capgras Syndrome,8,PT_Antidepressants|PT_Digital Health Tools|PT_Metaverse|PT_Mood Stabilizers|PT_Reality Testing Techniques|PT_Selective Serotonin Reuptake Inhibitors|PT_Smart Wearable Mental Health Trackers|PT_Trauma Focused Cbt,102.7769666951326,100.0,100.90982869151291,109.07562382839843,112.62984661260121,106.10064592616934,-6.298657133265834
2028-07-01,RMD_Capgras Syndrome,8,PT_Antidepressants|PT_Digital Health Tools|PT_Metaverse|PT_Mood Stabilizers|PT_Reality Testing Techniques|PT_Selective Serotonin Reuptake Inhibitors|PT_Smart Wearable Mental Health Trackers|PT_Trauma Focused Cbt,103.00789673043218,100.0,100.99843723759778,109.96294061283437,113.92655364689855,106.6724744410568,-6.955043882402194
2028-08-01,RMD_Capgras Syndrome,8,PT_Antidepressants|PT_Digital Health Tools|PT_Metaverse|PT_Mood Stabilizers|PT_Reality Testing Techniques|PT_Selective Serotonin Reuptake Inhibitors|PT_Smart Wearable Mental Health Trackers|PT_Trauma Focused Cbt,103.47768175825702,100.0,101.18652509555804,110.85271693782812,115.19367554790533,107.25859497624234,-7.3750351795711
2028-09-01,RMD_Capgras Syndrome,8,PT_Antidepressants|PT_Digital Health Tools|PT_Metaverse|PT_Mood Stabilizers|PT_Reality Testing Techniques|PT_Selective Serotonin Reuptake Inhibitors|PT_Smart Wearable Mental Health Trackers|PT_Trauma Focused Cbt,103.74733814967804,100.0,101.29057238739261,111.8180692860658,116.60801228034973,107.87882786302505,-8.070731136387764
2028-10-01,RMD_Capgras Syndrome,8,PT_Antidepressants|PT_Digital Health Tools|PT_Metaverse|PT_Mood Stabilizers|PT_Reality Testing Techniques|PT_Selective Serotonin Reuptake Inhibitors|PT_Smart Wearable Mental Health Trackers|PT_Trauma Focused Cbt,103.94714496040773,100.0,101.365764417058,112.84452909266972,118.1227207165217,108.53392568318249,-8.89738413226199
2028-11-01,RMD_Capgras Syndrome,8,PT_Antidepressants|PT_Digital Health Tools|PT_Metaverse|PT_Mood Stabilizers|PT_Reality Testing Techniques|PT_Selective Serotonin Reuptake Inhibitors|PT_Smart Wearable Mental Health Trackers|PT_Trauma Focused Cbt,104.19230907708643,100.0,101.45933101779521,113.98867733760855,119.81158373141594,109.26377527092241,-9.796368260522115
2028-12-01,RMD_Capgras Syndrome,8,PT_Antidepressants|PT_Digital Health Tools|PT_Metaverse|PT_Mood Stabilizers|PT_Reality Testing Techniques|PT_Selective Serotonin Reuptake Inhibitors|PT_Smart Wearable Mental Health Trackers|PT_Trauma Focused Cbt,104.33475716610235,100.0,101.50944535074079,115.21285880135619,121.64447631704681,110.03446824540974,-10.878101635253842
2026-01-01,RMD_Childhood Disintegrative Disorder,8,PT_Brain Computer Interface|PT_Cognitive Assistive Technologies|PT_Electroencephalography|PT_Narrative Exposure Therapy|PT_Psychophysiological Metrics For Treatment Response|PT_Resting State Fmri|PT_Traditional And Alternative Medicine Approaches|PT_Transcranial Magnetic Stimulation,100.0,100.0,100.0,100.0,100.0,100.0,0.0
2026-02-01,RMD_Childhood Disintegrative Disorder,8,PT_Brain Computer Interface|PT_Cognitive Assistive Technologies|PT_Electroencephalography|PT_Narrative Exposure Therapy|PT_Psychophysiological Metrics For Treatment Response|PT_Resting State Fmri|PT_Traditional And Alternative Medicine Approaches|PT_Transcranial Magnetic Stimulation,98.33200567415223,60.894361995302496,99.07898724750348,99.64270512877067,99.6431158500856,99.66885748043607,-1.3106994546184438
2026-03-01,RMD_Childhood Disintegrative Disorder,8,PT_Brain Computer Interface|PT_Cognitive Assistive Technologies|PT_Electroencephalography|PT_Narrative Exposure Therapy|PT_Psychophysiological Metrics For Treatment Response|PT_Resting State Fmri|PT_Traditional And Alternative Medicine Approaches|PT_Transcranial Magnetic Stimulation,97.37561480847863,38.48083381725226,98.55072163703889,99.13547453745313,99.02354466473192,99.25819394115997,-1.7598597289745044
2026-04-01,RMD_Childhood Disintegrative Disorder,8,PT_Brain Computer Interface|PT_Cognitive Assistive Technologies|PT_Electroencephalography|PT_Narrative Exposure Therapy|PT_Psychophysiological Metrics For Treatment Response|PT_Resting State Fmri|PT_Traditional And Alternative Medicine Approaches|PT_Transcranial Magnetic Stimulation,97.26692710803664,36.1510385798127,98.48634678107405,98.8044655413747,98.57095927322054,99.0140370404468,-1.5375384333380566
2026-05-01,RMD_Childhood Disintegrative Disorder,8,PT_Brain Computer Interface|PT_Cognitive Assistive Technologies|PT_Electroencephalography|PT_Narrative Exposure Therapy|PT_Psychophysiological Metrics For Treatment Response|PT_Resting State Fmri|PT_Traditional And Alternative Medicine Approaches|PT_Transcranial Magnetic Stimulation,97.50312630360243,41.97981708862402,98.61096356991544,98.4689870396644,98.07986638183606,98.78313210709322,-0.9658607360619698
2026-06-01,RMD_Childhood Disintegrative Disorder,8,PT_Brain Computer Interface|PT_Cognitive Assistive Technologies|PT_Electroencephalography|PT_Narrative Exposure Therapy|PT_Psychophysiological Metrics For Treatment Response|PT_Resting State Fmri|PT_Traditional And Alternative Medicine Approaches|PT_Transcranial Magnetic Stimulation,97.75076343330713,48.111518866851455,98.74120240827578,98.24781776387525,97.73821728638858,98.63939710368024,-0.497054330568119
2026-07-01,RMD_Childhood Disintegrative Disorder,8,PT_Brain Computer Interface|PT_Cognitive Assistive Technologies|PT_Electroencephalography|PT_Narrative Exposure Therapy|PT_Psychophysiological Metrics For Treatment Response|PT_Resting State Fmri|PT_Traditional And Alternative Medicine Approaches|PT_Transcranial Magnetic Stimulation,97.87230221879527,51.37562684961795,98.80003484715112,98.28375518017322,97.746060894079,98.6845901829094,-0.41145296137794674
2026-08-01,RMD_Childhood Disintegrative Disorder,8,PT_Brain Computer Interface|PT_Cognitive Assistive Technologies|PT_Electroencephalography|PT_Narrative Exposure Therapy|PT_Psychophysiological Metrics For Treatment Response|PT_Resting State Fmri|PT_Traditional And Alternative Medicine Approaches|PT_Transcranial Magnetic Stimulation,98.09771930716256,57.14833062937398,98.91476925149817,98.37628042429729,97.81742849628813,98.77822943210343,-0.2785611171347284
2026-09-01,RMD_Childhood Disintegrative Disorder,8,PT_Brain Computer Interface|PT_Cognitive Assistive Technologies|PT_Electroencephalography|PT_Narrative Exposure Therapy|PT_Psychophysiological Metrics For Treatment Response|PT_Resting State Fmri|PT_Traditional And Alternative Medicine Approaches|PT_Transcranial Magnetic Stimulation,98.17732420578382,59.56872347176408,98.9476733713456,98.66107214112445,98.15644767621588,99.01002827424274,-0.4837479353406309
2026-10-01,RMD_Childhood Disintegrative Disorder,8,PT_Brain Computer Interface|PT_Cognitive Assistive Technologies|PT_Electroencephalography|PT_Narrative Exposure Therapy|PT_Psychophysiological Metrics For Treatment Response|PT_Resting State Fmri|PT_Traditional And Alternative Medicine Approaches|PT_Transcranial Magnetic Stimulation,98.2000048874722,60.649309442705,98.94924213020572,98.97088013440127,98.52888985267859,99.26050704533749,-0.7708752469290658
2026-11-01,RMD_Childhood Disintegrative Disorder,8,PT_Brain Computer Interface|PT_Cognitive Assistive Technologies|PT_Electroencephalography|PT_Narrative Exposure Therapy|PT_Psychophysiological Metrics For Treatment Response|PT_Resting State Fmri|PT_Traditional And Alternative Medicine Approaches|PT_Transcranial Magnetic Stimulation,98.10227886589097,58.85831053426645,98.88530525260282,99.22557070242945,98.8381863733465,99.46463157733707,-1.1232918365384847
2026-12-01,RMD_Childhood Disintegrative Disorder,8,PT_Brain Computer Interface|PT_Cognitive Assistive Technologies|PT_Electroencephalography|PT_Narrative Exposure Therapy|PT_Psychophysiological Metrics For Treatment Response|PT_Resting State Fmri|PT_Traditional And Alternative Medicine Approaches|PT_Transcranial Magnetic Stimulation,98.00334268745544,56.998664982429254,98.82149578688706,99.3576154449014,98.97756266811851,99.5803881573121,-1.3542727574459548
2027-01-01,RMD_Childhood Disintegrative Disorder,8,PT_Brain Computer Interface|PT_Cognitive Assistive Technologies|PT_Electroencephalography|PT_Narrative Exposure Therapy|PT_Psychophysiological Metrics For Treatment Response|PT_Resting State Fmri|PT_Traditional And Alternative Medicine Approaches|PT_Transcranial Magnetic Stimulation,97.85434505257038,53.94189380923018,98.73051573624402,99.59158434841312,99.24884076092222,99.77406225051766,-1.7372392958427412
2027-02-01,RMD_Childhood Disintegrative Disorder,8,PT_Brain Computer Interface|PT_Cognitive Assistive Technologies|PT_Electroencephalography|PT_Narrative Exposure Therapy|PT_Psychophysiological Metrics For Treatment Response|PT_Resting State Fmri|PT_Traditional And Alternative Medicine Approaches|PT_Transcranial Magnetic Stimulation,97.63607960083874,49.28409932211439,98.60082636164685,99.9404001140307,99.68187249985004,100.04945988095899,-2.3043205131919535
2027-03-01,RMD_Childhood Disintegrative Disorder,8,PT_Brain Computer Interface|PT_Cognitive Assistive Technologies|PT_Electroencephalography|PT_Narrative Exposure Therapy|PT_Psychophysiological Metrics For Treatment Response|PT_Resting State Fmri|PT_Traditional And Alternative Medicine Approaches|PT_Transcranial Magnetic Stimulation,97.67791979814271,50.76618833525903,98.61393385953382,100.27600816662887,100.07868522679561,100.32452575143861,-2.5980883684861595
2027-04-01,RMD_Childhood Disintegrative Disorder,8,PT_Brain Computer Interface|PT_Cognitive Assistive Technologies|PT_Electroencephalography|PT_Narrative Exposure Therapy|PT_Psychophysiological Metrics For Treatment Response|PT_Resting State Fmri|PT_Traditional And Alternative Medicine Approaches|PT_Transcranial Magnetic Stimulation,97.88278764237788,56.052578539542665,98.71740823835707,100.68645776715547,100.56376160969285,100.6612989747972,-2.8036701247775966
2027-05-01,RMD_Childhood Disintegrative Disorder,8,PT_Brain Computer Interface|PT_Cognitive Assistive Technologies|PT_Electroencephalography|PT_Narrative Exposure Therapy|PT_Psychophysiological Metrics For Treatment Response|PT_Resting State Fmri|PT_Traditional And Alternative Medicine Approaches|PT_Transcranial Magnetic Stimulation,98.31528989463594,66.7291271299916,98.94552329575055,101.10425938056927,101.03734941426706,101.01445745404273,-2.788969485933336
2027-06-01,RMD_Childhood Disintegrative Disorder,8,PT_Brain Computer Interface|PT_Cognitive Assistive Technologies|PT_Electroencephalography|PT_Narrative Exposure Therapy|PT_Psychophysiological Metrics For Treatment Response|PT_Resting State Fmri|PT_Traditional And Alternative Medicine Approaches|PT_Transcranial Magnetic Stimulation,98.57666816023445,73.37767427566816,99.07945707883722,101.6228645398427,101.66291865256048,101.4340969433941,-3.046196379608247
2027-07-01,RMD_Childhood Disintegrative Disorder,8,PT_Brain Computer Interface|PT_Cognitive Assistive Technologies|PT_Electroencephalography|PT_Narrative Exposure Therapy|PT_Psychophysiological Metrics For Treatment Response|PT_Resting State Fmri|PT_Traditional And Alternative Medicine Approaches|PT_Transcranial Magnetic Stimulation,98.77778061448954,78.56728069492753,99.18103620583963,102.1545802489696,102.30923192625163,101.861855336253,-3.376799634480051
2027-08-01,RMD_Childhood Disintegrative Disorder,8,PT_Brain Computer Interface|PT_Cognitive Assistive Technologies|PT_Electroencephalography|PT_Narrative Exposure Therapy|PT_Psychophysiological Metrics For Treatment Response|PT_Resting State Fmri|PT_Traditional And Alternative Medicine Approaches|PT_Transcranial Magnetic Stimulation,99.23603188162136,89.82094001999533,99.42389122592373,102.68168394648796,102.92863701167775,102.29686637049717,-3.445652064866607
2027-09-01,RMD_Childhood Disintegrative Disorder,8,PT_Brain Computer Interface|PT_Cognitive Assistive Technologies|PT_Electroencephalography|PT_Narrative Exposure Therapy|PT_Psychophysiological Metrics For Treatment Response|PT_Resting State Fmri|PT_Traditional And Alternative Medicine Approaches|PT_Transcranial Magnetic Stimulation,99.57019132267568,98.23394536605224,99.59685286268231,103.48239911920942,103.93208358517465,102.92699834000217,-3.9122077965337354
2027-10-01,RMD_Childhood Disintegrative Disorder,8,PT_Brain Computer Interface|PT_Cognitive Assistive Technologies|PT_Electroencephalography|PT_Narrative Exposure Therapy|PT_Psychophysiological Metrics For Treatment Response|PT_Resting State Fmri|PT_Traditional And Alternative Medicine Approaches|PT_Transcranial Magnetic Stimulation,99.81059093364539,104.36943867400228,99.71963014240349,104.39338800769454,105.09836345432483,103.63163806757564,-4.582797074049154
2027-11-01,RMD_Childhood Disintegrative Disorder,8,PT_Brain Computer Interface|PT_Cognitive Assistive Technologies|PT_Electroencephalography|PT_Narrative Exposure Therapy|PT_Psychophysiological Metrics For Treatment Response|PT_Resting State Fmri|PT_Traditional And Alternative Medicine Approaches|PT_Transcranial Magnetic Stimulation,100.08952818482639,111.45421129197373,99.86277739757716,105.32123794423728,106.2918744838214,104.34658078507124,-5.23170975941089
2027-12-01,RMD_Childhood Disintegrative Disorder,8,PT_Brain Computer Interface|PT_Cognitive Assistive Technologies|PT_Electroencephalography|PT_Narrative Exposure Therapy|PT_Psychophysiological Metrics For Treatment Response|PT_Resting State Fmri|PT_Traditional And Alternative Medicine Approaches|PT_Transcranial Magnetic Stimulation,100.13360912417669,112.93869495546949,99.87811460348863,106.20979509648593,107.45482312664659,105.0211962361095,-6.076185972309247
2028-01-01,RMD_Childhood Disintegrative Disorder,8,PT_Brain Computer Interface|PT_Cognitive Assistive Technologies|PT_Electroencephalography|PT_Narrative Exposure Therapy|PT_Psychophysiological Metrics For Treatment Response|PT_Resting State Fmri|PT_Traditional And Alternative Medicine Approaches|PT_Transcranial Magnetic Stimulation,99.93996841256386,108.7043544721093,99.76510025961764,107.03344725390659,108.55575190207486,105.63472177641977,-7.09347884134273
2028-02-01,RMD_Childhood Disintegrative Disorder,8,PT_Brain Computer Interface|PT_Cognitive Assistive Technologies|PT_Electroencephalography|PT_Narrative Exposure Therapy|PT_Psychophysiological Metrics For Treatment Response|PT_Resting State Fmri|PT_Traditional And Alternative Medicine Approaches|PT_Transcranial Magnetic Stimulation,99.78578662186432,105.35842926901303,99.67460596679423,107.89450075265827,109.70798709957229,106.27556222024457,-8.108714130793956
2028-03-01,RMD_Childhood Disintegrative Disorder,8,PT_Brain Computer Interface|PT_Cognitive Assistive Technologies|PT_Electroencephalography|PT_Narrative Exposure Therapy|PT_Psychophysiological Metrics For Treatment Response|PT_Resting State Fmri|PT_Traditional And Alternative Medicine Approaches|PT_Transcranial Magnetic Stimulation,99.6981244208326,103.55066780811667,99.62126020230778,108.63327764588418,110.69580182433087,106.82584141007568,-8.935153225051579
2028-04-01,RMD_Childhood Disintegrative Disorder,8,PT_Brain Computer Interface|PT_Cognitive Assistive Technologies|PT_Electroencephalography|PT_Narrative Exposure Therapy|PT_Psychophysiological Metrics For Treatment Response|PT_Resting State Fmri|PT_Traditional And Alternative Medicine Approaches|PT_Transcranial Magnetic Stimulation,99.87981190571051,108.13283125497638,99.71514683662564,109.43888984216751,111.74115171844217,107.44193809008924,-9.559077936457001
2028-05-01,RMD_Childhood Disintegrative Disorder,8,PT_Brain Computer Interface|PT_Cognitive Assistive Technologies|PT_Electroencephalography|PT_Narrative Exposure Therapy|PT_Psychophysiological Metrics For Treatment Response|PT_Resting State Fmri|PT_Traditional And Alternative Medicine Approaches|PT_Transcranial Magnetic Stimulation,99.88295050606808,108.49023281988039,99.7112209578539,110.36718672927343,112.96871323308895,108.14031124060809,-10.484236223205343
2028-06-01,RMD_Childhood Disintegrative Disorder,8,PT_Brain Computer Interface|PT_Cognitive Assistive Technologies|PT_Electroencephalography|PT_Narrative Exposure Therapy|PT_Psychophysiological Metrics For Treatment Response|PT_Resting State Fmri|PT_Traditional And Alternative Medicine Approaches|PT_Transcranial Magnetic Stimulation,100.06959573031678,113.23782669516301,99.80685950561958,111.3723591132475,114.28202844922649,108.90475991683515,-11.30276338293072
2028-07-01,RMD_Childhood Disintegrative Disorder,8,PT_Brain Computer Interface|PT_Cognitive Assistive Technologies|PT_Electroencephalography|PT_Narrative Exposure Therapy|PT_Psychophysiological Metrics For Treatment Response|PT_Resting State Fmri|PT_Traditional And Alternative Medicine Approaches|PT_Transcranial Magnetic Stimulation,100.36182909196778,120.50080121009664,99.96000859393179,112.4096082970607,115.62765932904857,109.698550918565,-12.047779205092922
2028-08-01,RMD_Childhood Disintegrative Disorder,8,PT_Brain Computer Interface|PT_Cognitive Assistive Technologies|PT_Electroencephalography|PT_Narrative Exposure Therapy|PT_Psychophysiological Metrics For Treatment Response|PT_Resting State Fmri|PT_Traditional And Alternative Medicine Approaches|PT_Transcranial Magnetic Stimulation,101.10070402241304,138.3658906003987,100.35716737255507,113.4787917747364,116.97295800901553,110.53806028613006,-12.378087752323353
2028-09-01,RMD_Childhood Disintegrative Disorder,8,PT_Brain Computer Interface|PT_Cognitive Assistive Technologies|PT_Electroencephalography|PT_Narrative Exposure Therapy|PT_Psychophysiological Metrics For Treatment Response|PT_Resting State Fmri|PT_Traditional And Alternative Medicine Approaches|PT_Transcranial Magnetic Stimulation,101.45455388660612,147.1588471354993,100.54263926397975,114.60350076295757,118.43786709237463,111.39620350487812,-13.148946876351445
2028-10-01,RMD_Childhood Disintegrative Disorder,8,PT_Brain Computer Interface|PT_Cognitive Assistive Technologies|PT_Electroencephalography|PT_Narrative Exposure Therapy|PT_Psychophysiological Metrics For Treatment Response|PT_Resting State Fmri|PT_Traditional And Alternative Medicine Approaches|PT_Transcranial Magnetic Stimulation,101.67462286242383,152.77909150956762,100.65496080571455,115.79183219221673,120.0,112.29564162330517,-14.1172093297929
2028-11-01,RMD_Childhood Disintegrative Disorder,8,PT_Brain Computer Interface|PT_Cognitive Assistive Technologies|PT_Electroencephalography|PT_Narrative Exposure Therapy|PT_Psychophysiological Metrics For Treatment Response|PT_Resting State Fmri|PT_Traditional And Alternative Medicine Approaches|PT_Transcranial Magnetic Stimulation,101.94945338776385,159.76169237922483,100.79595798529317,117.11928831997048,121.74755579342705,113.29929844748318,-15.169834932206626
2028-12-01,RMD_Childhood Disintegrative Disorder,8,PT_Brain Computer Interface|PT_Cognitive Assistive Technologies|PT_Electroencephalography|PT_Narrative Exposure Therapy|PT_Psychophysiological Metrics For Treatment Response|PT_Resting State Fmri|PT_Traditional And Alternative Medicine Approaches|PT_Transcranial Magnetic Stimulation,102.02108686607397,161.96836267777783,100.82499196906949,118.52034230712901,123.62295316443432,114.34319038257361,-16.49925544105504
2026-01-01,RMD_Chronic Traumatic Encephalopathy,8,PT_Dialectical Behavior Therapy|PT_Dietary Interventions And Supplements|PT_Emdr Therapy|PT_Emotion Regulation Training|PT_Neurofeedback Systems|PT_Neuroprotective Agents|PT_Psychoeducation Programs|PT_Virtual Reality Exposure Therapy,100.0,100.0,100.0,100.0,100.0,100.0,0.0
2026-02-01,RMD_Chronic Traumatic Encephalopathy,8,PT_Dialectical Behavior Therapy|PT_Dietary Interventions And Supplements|PT_Emdr Therapy|PT_Emotion Regulation Training|PT_Neurofeedback Systems|PT_Neuroprotective Agents|PT_Psychoeducation Programs|PT_Virtual Reality Exposure Therapy,97.21444510770661,96.99775109161098,97.38023526342629,99.66356171945077,98.92345639610885,99.85307927895913,-2.4491166117441594
2026-03-01,RMD_Chronic Traumatic Encephalopathy,8,PT_Dialectical Behavior Therapy|PT_Dietary Interventions And Supplements|PT_Emdr Therapy|PT_Emotion Regulation Training|PT_Neurofeedback Systems|PT_Neuroprotective Agents|PT_Psychoeducation Programs|PT_Virtual Reality Exposure Therapy,95.53814276768843,95.18623965195604,95.80737182824751,99.26303732836541,97.57974494347617,99.68953843159096,-3.7248945606769865
2026-04-01,RMD_Chronic Traumatic Encephalopathy,8,PT_Dialectical Behavior Therapy|PT_Dietary Interventions And Supplements|PT_Emdr Therapy|PT_Emotion Regulation Training|PT_Neurofeedback Systems|PT_Neuroprotective Agents|PT_Psychoeducation Programs|PT_Virtual Reality Exposure Therapy,95.12275093103224,94.72916597060687,95.42386935364253,98.95616208810165,96.49287763039507,99.57042354060344,-3.8334111570694063
2026-05-01,RMD_Chronic Traumatic Encephalopathy,8,PT_Dialectical Behavior Therapy|PT_Dietary Interventions And Supplements|PT_Emdr Therapy|PT_Emotion Regulation Training|PT_Neurofeedback Systems|PT_Neuroprotective Agents|PT_Psychoeducation Programs|PT_Virtual Reality Exposure Therapy,95.22121668077739,94.82638835952302,95.52329628879237,98.64471321130398,95.35937851879746,99.4535445946686,-3.4234965305265916
2026-06-01,RMD_Chronic Traumatic Encephalopathy,8,PT_Dialectical Behavior Therapy|PT_Dietary Interventions And Supplements|PT_Emdr Therapy|PT_Emotion Regulation Training|PT_Neurofeedback Systems|PT_Neuroprotective Agents|PT_Psychoeducation Programs|PT_Virtual Reality Exposure Therapy,95.35680111617013,94.96916630795934,95.65337721513056,98.40952578091887,94.4871392925701,99.36646230686875,-3.0527246647487374
2026-07-01,RMD_Chronic Traumatic Encephalopathy,8,PT_Dialectical Behavior Therapy|PT_Dietary Interventions And Supplements|PT_Emdr Therapy|PT_Emotion Regulation Training|PT_Neurofeedback Systems|PT_Neuroprotective Agents|PT_Psychoeducation Programs|PT_Virtual Reality Exposure Therapy,95.30239412148,94.9124327038574,95.60074526523395,98.32497658968369,94.13694780908203,99.33655803640501,-3.02258246820368
2026-08-01,RMD_Chronic Traumatic Encephalopathy,8,PT_Dialectical Behavior Therapy|PT_Dietary Interventions And Supplements|PT_Emdr Therapy|PT_Emotion Regulation Training|PT_Neurofeedback Systems|PT_Neuroprotective Agents|PT_Psychoeducation Programs|PT_Virtual Reality Exposure Therapy,95.40081487887892,95.02165705590546,95.69090055926658,98.27513183704448,93.89441677666696,99.32156405193419,-2.874316958165565
2026-09-01,RMD_Chronic Traumatic Encephalopathy,8,PT_Dialectical Behavior Therapy|PT_Dietary Interventions And Supplements|PT_Emdr Therapy|PT_Emotion Regulation Training|PT_Neurofeedback Systems|PT_Neuroprotective Agents|PT_Psychoeducation Programs|PT_Virtual Reality Exposure Therapy,95.28848023840544,94.91113519432962,95.57717901682683,98.34303456841234,94.06204001061606,99.35118135618796,-3.0545543300068942
2026-10-01,RMD_Chronic Traumatic Encephalopathy,8,PT_Dialectical Behavior Therapy|PT_Dietary Interventions And Supplements|PT_Emdr Therapy|PT_Emotion Regulation Training|PT_Neurofeedback Systems|PT_Neuroprotective Agents|PT_Psychoeducation Programs|PT_Virtual Reality Exposure Therapy,95.10037848686466,94.71836420378814,95.39264953424893,98.42483169214695,94.27536621378879,99.3863825446107,-3.324453205282296
2026-11-01,RMD_Chronic Traumatic Encephalopathy,8,PT_Dialectical Behavior Therapy|PT_Dietary Interventions And Supplements|PT_Emdr Therapy|PT_Emotion Regulation Training|PT_Neurofeedback Systems|PT_Neuroprotective Agents|PT_Psychoeducation Programs|PT_Virtual Reality Exposure Therapy,94.74447778002364,94.34521343869544,95.04994625128391,98.48104010803245,94.40972670035525,99.41084043554775,-3.7365623280088016
2026-12-01,RMD_Chronic Traumatic Encephalopathy,8,PT_Dialectical Behavior Therapy|PT_Dietary Interventions And Supplements|PT_Emdr Therapy|PT_Emotion Regulation Training|PT_Neurofeedback Systems|PT_Neuroprotective Agents|PT_Psychoeducation Programs|PT_Virtual Reality Exposure Therapy,94.38862206552888,93.9747290556823,94.70527745981651,98.47051285842426,94.30950449698031,99.41065510320381,-4.081890792895379
2027-01-01,RMD_Chronic Traumatic Encephalopathy,8,PT_Dialectical Behavior Therapy|PT_Dietary Interventions And Supplements|PT_Emdr Therapy|PT_Emotion Regulation Training|PT_Neurofeedback Systems|PT_Neuroprotective Agents|PT_Psychoeducation Programs|PT_Virtual Reality Exposure Therapy,93.92447539767892,93.48890905074528,94.25771727629362,98.50103793949789,94.34212772255474,99.42630671857248,-4.576562541818973
2027-02-01,RMD_Chronic Traumatic Encephalopathy,8,PT_Dialectical Behavior Therapy|PT_Dietary Interventions And Supplements|PT_Emdr Therapy|PT_Emotion Regulation Training|PT_Neurofeedback Systems|PT_Neuroprotective Agents|PT_Psychoeducation Programs|PT_Virtual Reality Exposure Therapy,93.36714395672367,92.90502327569904,93.72070660229195,98.60643660486343,94.64249741184001,99.4698478624724,-5.239292648139767
2027-03-01,RMD_Chronic Traumatic Encephalopathy,8,PT_Dialectical Behavior Therapy|PT_Dietary Interventions And Supplements|PT_Emdr Therapy|PT_Emotion Regulation Training|PT_Neurofeedback Systems|PT_Neuroprotective Agents|PT_Psychoeducation Programs|PT_Virtual Reality Exposure Therapy,93.21794933659348,92.75682822498426,93.57074227428592,98.7048880740456,94.90086422236357,99.5130601909234,-5.486938737452121
2027-04-01,RMD_Chronic Traumatic Encephalopathy,8,PT_Dialectical Behavior Therapy|PT_Dietary Interventions And Supplements|PT_Emdr Therapy|PT_Emotion Regulation Training|PT_Neurofeedback Systems|PT_Neuroprotective Agents|PT_Psychoeducation Programs|PT_Virtual Reality Exposure Therapy,93.31789983376453,92.87303317829176,93.65825703669415,98.84104838789169,95.27626352379257,99.57192413474307,-5.523148554127161
2027-05-01,RMD_Chronic Traumatic Encephalopathy,8,PT_Dialectical Behavior Therapy|PT_Dietary Interventions And Supplements|PT_Emdr Therapy|PT_Emotion Regulation Training|PT_Neurofeedback Systems|PT_Neuroprotective Agents|PT_Psychoeducation Programs|PT_Virtual Reality Exposure Therapy,93.75857174496403,93.3559013490531,94.06664602551845,98.9796926595105,95.64037221996443,99.63426156539589,-5.221120914546475
2027-06-01,RMD_Chronic Traumatic Encephalopathy,8,PT_Dialectical Behavior Therapy|PT_Dietary Interventions And Supplements|PT_Emdr Therapy|PT_Emotion Regulation Training|PT_Neurofeedback Systems|PT_Neuroprotective Agents|PT_Psychoeducation Programs|PT_Virtual Reality Exposure Therapy,93.95570008596913,93.57753543903992,94.2450208855132,99.1801914224601,96.23486103419508,99.71815135410985,-5.224491336490971
2027-07-01,RMD_Chronic Traumatic Encephalopathy,8,PT_Dialectical Behavior Therapy|PT_Dietary Interventions And Supplements|PT_Emdr Therapy|PT_Emotion Regulation Training|PT_Neurofeedback Systems|PT_Neuroprotective Agents|PT_Psychoeducation Programs|PT_Virtual Reality Exposure Therapy,94.06377732567968,93.7035495643774,94.33938514724785,99.38673842544677,96.85637725817816,99.80349390926176,-5.322961099767085
2027-08-01,RMD_Chronic Traumatic Encephalopathy,8,PT_Dialectical Behavior Therapy|PT_Dietary Interventions And Supplements|PT_Emdr Therapy|PT_Emotion Regulation Training|PT_Neurofeedback Systems|PT_Neuroprotective Agents|PT_Psychoeducation Programs|PT_Virtual Reality Exposure Therapy,94.54710760515752,94.22970914053293,94.7899432275774,99.59226030300341,97.45854033410751,99.89074957248013,-5.045152697845893
2027-09-01,RMD_Chronic Traumatic Encephalopathy,8,PT_Dialectical Behavior Therapy|PT_Dietary Interventions And Supplements|PT_Emdr Therapy|PT_Emotion Regulation Training|PT_Neurofeedback Systems|PT_Neuroprotective Agents|PT_Psychoeducation Programs|PT_Virtual Reality Exposure Therapy,94.85074970184135,94.56920899602281,95.06614680621247,99.96276429014992,98.64253121513559,100.03981656163305,-5.112014588308568
2027-10-01,RMD_Chronic Traumatic Encephalopathy,8,PT_Dialectical Behavior Therapy|PT_Dietary Interventions And Supplements|PT_Emdr Therapy|PT_Emotion Regulation Training|PT_Neurofeedback Systems|PT_Neuroprotective Agents|PT_Psychoeducation Programs|PT_Virtual Reality Exposure Therapy,95.02692848162867,94.76870108591817,95.22449928919073,100.3959901824526,100.05681085396412,100.21108756128223,-5.369061700823934
2027-11-01,RMD_Chronic Traumatic Encephalopathy,8,PT_Dialectical Behavior Therapy|PT_Dietary Interventions And Supplements|PT_Emdr Therapy|PT_Emotion Regulation Training|PT_Neurofeedback Systems|PT_Neuroprotective Agents|PT_Psychoeducation Programs|PT_Virtual Reality Exposure Therapy,95.26422936378235,95.0351641300896,95.43948422674464,100.8413835250515,101.52188679641752,100.38625651861682,-5.577154161269149
2027-12-01,RMD_Chronic Traumatic Encephalopathy,8,PT_Dialectical Behavior Therapy|PT_Dietary Interventions And Supplements|PT_Emdr Therapy|PT_Emotion Regulation Training|PT_Neurofeedback Systems|PT_Neuroprotective Agents|PT_Psychoeducation Programs|PT_Virtual Reality Exposure Therapy,95.16956546729445,94.94603820062676,95.34058341255755,101.27159712570601,102.95722497478837,100.55309149893691,-6.102031658411562
2028-01-01,RMD_Chronic Traumatic Encephalopathy,8,PT_Dialectical Behavior Therapy|PT_Dietary Interventions And Supplements|PT_Emdr Therapy|PT_Emotion Regulation Training|PT_Neurofeedback Systems|PT_Neuroprotective Agents|PT_Psychoeducation Programs|PT_Virtual Reality Exposure Therapy,94.72435495316803,94.47763077355248,94.91312502053609,101.66506392248475,104.29352101978756,100.7023737127473,-6.9407089693167165
2028-02-01,RMD_Chronic Traumatic Encephalopathy,8,PT_Dialectical Behavior Therapy|PT_Dietary Interventions And Supplements|PT_Emdr Therapy|PT_Emotion Regulation Training|PT_Neurofeedback Systems|PT_Neuroprotective Agents|PT_Psychoeducation Programs|PT_Virtual Reality Exposure Therapy,94.35353365950535,94.08805353783814,94.55664332443328,102.08098096618072,105.71223163114453,100.85982250661637,-7.727447306675373
2028-03-01,RMD_Chronic Traumatic Encephalopathy,8,PT_Dialectical Behavior Therapy|PT_Dietary Interventions And Supplements|PT_Emdr Therapy|PT_Emotion Regulation Training|PT_Neurofeedback Systems|PT_Neuroprotective Agents|PT_Psychoeducation Programs|PT_Virtual Reality Exposure Therapy,94.09724038319531,93.817938004346,94.31092498120607,102.43515391666914,106.92012844643251,100.99390746822387,-8.337913533473824
2028-04-01,RMD_Chronic Traumatic Encephalopathy,8,PT_Dialectical Behavior Therapy|PT_Dietary Interventions And Supplements|PT_Emdr Therapy|PT_Emotion Regulation Training|PT_Neurofeedback Systems|PT_Neuroprotective Agents|PT_Psychoeducation Programs|PT_Virtual Reality Exposure Therapy,94.20877640952304,93.94255730694113,94.41245640020692,102.80831534435343,108.16084643452126,101.13861017960019,-8.599538934830392
2028-05-01,RMD_Chronic Traumatic Encephalopathy,8,PT_Dialectical Behavior Therapy|PT_Dietary Interventions And Supplements|PT_Emdr Therapy|PT_Emotion Regulation Training|PT_Neurofeedback Systems|PT_Neuroprotective Agents|PT_Psychoeducation Programs|PT_Virtual Reality Exposure Therapy,94.05528502032698,93.78306094823942,94.263554240937,103.24775507387803,109.64767373180922,101.3063897570281,-9.192470053551048
2028-06-01,RMD_Chronic Traumatic Encephalopathy,8,PT_Dialectical Behavior Therapy|PT_Dietary Interventions And Supplements|PT_Emdr Therapy|PT_Emotion Regulation Training|PT_Neurofeedback Systems|PT_Neuroprotective Agents|PT_Psychoeducation Programs|PT_Virtual Reality Exposure Therapy,94.17128653701897,93.91513444307161,94.36725963146318,103.7251717577944,111.25010982264385,101.49066989152917,-9.553885220775427
2028-07-01,RMD_Chronic Traumatic Encephalopathy,8,PT_Dialectical Behavior Therapy|PT_Dietary Interventions And Supplements|PT_Emdr Therapy|PT_Emotion Regulation Training|PT_Neurofeedback Systems|PT_Neuroprotective Agents|PT_Psychoeducation Programs|PT_Virtual Reality Exposure Therapy,94.43837235238321,94.2091436145177,94.6137522659186,104.21375442331767,112.87860642716372,101.68064152252792,-9.775382070934455
2028-08-01,RMD_Chronic Traumatic Encephalopathy,8,PT_Dialectical Behavior Therapy|PT_Dietary Interventions And Supplements|PT_Emdr Therapy|PT_Emotion Regulation Training|PT_Neurofeedback Systems|PT_Neuroprotective Agents|PT_Psychoeducation Programs|PT_Virtual Reality Exposure Therapy,95.35054718004284,95.19599692360491,95.46878817168896,104.70914234458014,114.49279753790195,101.87790687803003,-9.358595164537306
2028-09-01,RMD_Chronic Traumatic Encephalopathy,8,PT_Dialectical Behavior Therapy|PT_Dietary Interventions And Supplements|PT_Emdr Therapy|PT_Emotion Regulation Training|PT_Neurofeedback Systems|PT_Neuroprotective Agents|PT_Psychoeducation Programs|PT_Virtual Reality Exposure Therapy,95.72576085150715,95.60953267274961,95.81468788767297,105.2489970527644,116.30080182330713,102.08767917751658,-9.523236201257248
2028-10-01,RMD_Chronic Traumatic Encephalopathy,8,PT_Dialectical Behavior Therapy|PT_Dietary Interventions And Supplements|PT_Emdr Therapy|PT_Emotion Regulation Training|PT_Neurofeedback Systems|PT_Neuroprotective Agents|PT_Psychoeducation Programs|PT_Virtual Reality Exposure Therapy,95.91083686776334,95.82002764344048,95.98031672283422,105.82002345960119,118.22565587910114,102.30815292524984,-9.909186591837852
2028-11-01,RMD_Chronic Traumatic Encephalopathy,8,PT_Dialectical Behavior Therapy|PT_Dietary Interventions And Supplements|PT_Emdr Therapy|PT_Emotion Regulation Training|PT_Neurofeedback Systems|PT_Neuroprotective Agents|PT_Psychoeducation Programs|PT_Virtual Reality Exposure Therapy,96.1732884714649,96.1199469707856,96.2141030396986,106.46332120925373,120.39880427693913,102.55651022305166,-10.290032737788835
2028-12-01,RMD_Chronic Traumatic Encephalopathy,8,PT_Dialectical Behavior Therapy|PT_Dietary Interventions And Supplements|PT_Emdr Therapy|PT_Emotion Regulation Training|PT_Neurofeedback Systems|PT_Neuroprotective Agents|PT_Psychoeducation Programs|PT_Virtual Reality Exposure Therapy,96.1533568620808,96.1178125676124,96.18055041980979,107.15491025224,122.76605515692876,102.82042348081882,-11.001553390159202
2026-01-01,RMD_Circadian Rhythm Sleep Wake Disorder,8,PT_Brain Computer Interface|PT_Cognitive Behavioral Therapy|PT_Electroencephalography|PT_Neurobiological Assessments For Mental Disorders|PT_Personalized Medicine|PT_Regenerative Medicine Approaches|PT_Traditional And Alternative Medicine Approaches|PT_Transcranial Magnetic Stimulation,100.0,100.0,100.0,100.0,100.0,100.0,0.0
2026-02-01,RMD_Circadian Rhythm Sleep Wake Disorder,8,PT_Brain Computer Interface|PT_Cognitive Behavioral Therapy|PT_Electroencephalography|PT_Neurobiological Assessments For Mental Disorders|PT_Personalized Medicine|PT_Regenerative Medicine Approaches|PT_Traditional And Alternative Medicine Approaches|PT_Transcranial Magnetic Stimulation,99.1211784401533,100.0,99.89944693909924,99.55851211738786,99.57622263686241,99.56161982927591,-0.4373336772345624
2026-03-01,RMD_Circadian Rhythm Sleep Wake Disorder,8,PT_Brain Computer Interface|PT_Cognitive Behavioral Therapy|PT_Electroencephalography|PT_Neurobiological Assessments For Mental Disorders|PT_Personalized Medicine|PT_Regenerative Medicine Approaches|PT_Traditional And Alternative Medicine Approaches|PT_Transcranial Magnetic Stimulation,98.70621549700455,100.0,99.85042493868437,98.99125842400473,98.94788724467337,99.05580333629084,-0.28504292700017686
2026-04-01,RMD_Circadian Rhythm Sleep Wake Disorder,8,PT_Brain Computer Interface|PT_Cognitive Behavioral Therapy|PT_Electroencephalography|PT_Neurobiological Assessments For Mental Disorders|PT_Personalized Medicine|PT_Regenerative Medicine Approaches|PT_Traditional And Alternative Medicine Approaches|PT_Transcranial Magnetic Stimulation,98.88719682330316,100.0,99.8671342110722,98.62538734724322,98.49382443949393,98.75968956372226,0.26180947605993765
2026-05-01,RMD_Circadian Rhythm Sleep Wake Disorder,8,PT_Brain Computer Interface|PT_Cognitive Behavioral Therapy|PT_Electroencephalography|PT_Neurobiological Assessments For Mental Disorders|PT_Personalized Medicine|PT_Regenerative Medicine Approaches|PT_Traditional And Alternative Medicine Approaches|PT_Transcranial Magnetic Stimulation,99.3143537072993,100.0,99.91103132283138,98.26190366119476,98.01387896029202,98.48424744810819,1.0524500461045392
2026-06-01,RMD_Circadian Rhythm Sleep Wake Disorder,8,PT_Brain Computer Interface|PT_Cognitive Behavioral Therapy|PT_Electroencephalography|PT_Neurobiological Assessments For Mental Disorders|PT_Personalized Medicine|PT_Regenerative Medicine Approaches|PT_Traditional And Alternative Medicine Approaches|PT_Transcranial Magnetic Stimulation,99.74016390796434,100.0,99.95494368723537,98.01745831208717,97.67361414123572,98.30927663745749,1.7227055958771729
2026-07-01,RMD_Circadian Rhythm Sleep Wake Disorder,8,PT_Brain Computer Interface|PT_Cognitive Behavioral Therapy|PT_Electroencephalography|PT_Neurobiological Assessments For Mental Disorders|PT_Personalized Medicine|PT_Regenerative Medicine Approaches|PT_Traditional And Alternative Medicine Approaches|PT_Transcranial Magnetic Stimulation,100.08883498056072,100.0,99.98993325442632,98.03575704090511,97.64851923882706,98.35102765462202,2.0530779396556085
2026-08-01,RMD_Circadian Rhythm Sleep Wake Disorder,8,PT_Brain Computer Interface|PT_Cognitive Behavioral Therapy|PT_Electroencephalography|PT_Neurobiological Assessments For Mental Disorders|PT_Personalized Medicine|PT_Regenerative Medicine Approaches|PT_Traditional And Alternative Medicine Approaches|PT_Transcranial Magnetic Stimulation,100.52243934160099,100.0,100.03424218759532,98.11575532971177,97.68555325769384,98.45146590256465,2.4066840118892117
2026-09-01,RMD_Circadian Rhythm Sleep Wake Disorder,8,PT_Brain Computer Interface|PT_Cognitive Behavioral Therapy|PT_Electroencephalography|PT_Neurobiological Assessments For Mental Disorders|PT_Personalized Medicine|PT_Regenerative Medicine Approaches|PT_Traditional And Alternative Medicine Approaches|PT_Transcranial Magnetic Stimulation,100.85954369572336,100.0,100.06733280050761,98.39241665349921,97.96375917961814,98.71086434412447,2.467127042224149
2026-10-01,RMD_Circadian Rhythm Sleep Wake Disorder,8,PT_Brain Computer Interface|PT_Cognitive Behavioral Therapy|PT_Electroencephalography|PT_Neurobiological Assessments For Mental Disorders|PT_Personalized Medicine|PT_Regenerative Medicine Approaches|PT_Traditional And Alternative Medicine Approaches|PT_Transcranial Magnetic Stimulation,101.14809365905852,100.0,100.09526039315217,98.69475967738485,98.27251313412224,98.99160660206003,2.4533339816736657
2026-11-01,RMD_Circadian Rhythm Sleep Wake Disorder,8,PT_Brain Computer Interface|PT_Cognitive Behavioral Therapy|PT_Electroencephalography|PT_Neurobiological Assessments For Mental Disorders|PT_Personalized Medicine|PT_Regenerative Medicine Approaches|PT_Traditional And Alternative Medicine Approaches|PT_Transcranial Magnetic Stimulation,101.34096453887626,100.0,100.11287719790612,98.9395845250162,98.5229107180792,99.21820146006249,2.401380013860063
2026-12-01,RMD_Circadian Rhythm Sleep Wake Disorder,8,PT_Brain Computer Interface|PT_Cognitive Behavioral Therapy|PT_Electroencephalography|PT_Neurobiological Assessments For Mental Disorders|PT_Personalized Medicine|PT_Regenerative Medicine Approaches|PT_Traditional And Alternative Medicine Approaches|PT_Transcranial Magnetic Stimulation,101.53404756743794,100.0,100.13050162898247,99.06207284853662,98.62391179198698,99.34590073108907,2.471974718901322
2027-01-01,RMD_Circadian Rhythm Sleep Wake Disorder,8,PT_Brain Computer Interface|PT_Cognitive Behavioral Therapy|PT_Electroencephalography|PT_Neurobiological Assessments For Mental Disorders|PT_Personalized Medicine|PT_Regenerative Medicine Approaches|PT_Traditional And Alternative Medicine Approaches|PT_Transcranial Magnetic Stimulation,101.73914005967836,100.0,100.14883530804241,99.28481088208567,98.83696024843165,99.5609807268754,2.4543291775926974
2027-02-01,RMD_Circadian Rhythm Sleep Wake Disorder,8,PT_Brain Computer Interface|PT_Cognitive Behavioral Therapy|PT_Electroencephalography|PT_Neurobiological Assessments For Mental Disorders|PT_Personalized Medicine|PT_Regenerative Medicine Approaches|PT_Traditional And Alternative Medicine Approaches|PT_Transcranial Magnetic Stimulation,101.89543834081235,100.0,100.16187631935378,99.62686325150194,99.1979347079131,99.87178283564887,2.268575089310403
2027-03-01,RMD_Circadian Rhythm Sleep Wake Disorder,8,PT_Brain Computer Interface|PT_Cognitive Behavioral Therapy|PT_Electroencephalography|PT_Neurobiological Assessments For Mental Disorders|PT_Personalized Medicine|PT_Regenerative Medicine Approaches|PT_Traditional And Alternative Medicine Approaches|PT_Transcranial Magnetic Stimulation,102.1994751624552,100.0,100.19162660305297,99.96029755444252,99.53144219712654,100.18652974889446,2.2391776080126817
2027-04-01,RMD_Circadian Rhythm Sleep Wake Disorder,8,PT_Brain Computer Interface|PT_Cognitive Behavioral Therapy|PT_Electroencephalography|PT_Neurobiological Assessments For Mental Disorders|PT_Personalized Medicine|PT_Regenerative Medicine Approaches|PT_Traditional And Alternative Medicine Approaches|PT_Transcranial Magnetic Stimulation,102.60336025162685,100.0,100.23257232804168,100.37089425722134,99.94525862585846,100.57261371284557,2.2324659944055156
2027-05-01,RMD_Circadian Rhythm Sleep Wake Disorder,8,PT_Brain Computer Interface|PT_Cognitive Behavioral Therapy|PT_Electroencephalography|PT_Neurobiological Assessments For Mental Disorders|PT_Personalized Medicine|PT_Regenerative Medicine Approaches|PT_Traditional And Alternative Medicine Approaches|PT_Transcranial Magnetic Stimulation,103.15833214191828,100.0,100.2903645992215,100.7940213112571,100.35503116030618,100.98135275499415,2.364310830661182
2027-06-01,RMD_Circadian Rhythm Sleep Wake Disorder,8,PT_Brain Computer Interface|PT_Cognitive Behavioral Therapy|PT_Electroencephalography|PT_Neurobiological Assessments For Mental Disorders|PT_Personalized Medicine|PT_Regenerative Medicine Approaches|PT_Traditional And Alternative Medicine Approaches|PT_Transcranial Magnetic Stimulation,103.5845389684959,100.0,100.33381938428123,101.31521078383005,100.89589764430903,101.46223323535233,2.269328184665852
2027-07-01,RMD_Circadian Rhythm Sleep Wake Disorder,8,PT_Brain Computer Interface|PT_Cognitive Behavioral Therapy|PT_Electroencephalography|PT_Neurobiological Assessments For Mental Disorders|PT_Personalized Medicine|PT_Regenerative Medicine Approaches|PT_Traditional And Alternative Medicine Approaches|PT_Transcranial Magnetic Stimulation,103.96623145427964,100.0,100.37264499164155,101.84660531670532,101.45354366368595,101.9484248770389,2.119626137574315
2027-08-01,RMD_Circadian Rhythm Sleep Wake Disorder,8,PT_Brain Computer Interface|PT_Cognitive Behavioral Therapy|PT_Electroencephalography|PT_Neurobiological Assessments For Mental Disorders|PT_Personalized Medicine|PT_Regenerative Medicine Approaches|PT_Traditional And Alternative Medicine Approaches|PT_Transcranial Magnetic Stimulation,104.52358310004658,100.0,100.4310092370017,102.37868294692333,101.99420882827638,102.446902711425,2.1449001531232454
2027-09-01,RMD_Circadian Rhythm Sleep Wake Disorder,8,PT_Brain Computer Interface|PT_Cognitive Behavioral Therapy|PT_Electroencephalography|PT_Neurobiological Assessments For Mental Disorders|PT_Personalized Medicine|PT_Regenerative Medicine Approaches|PT_Traditional And Alternative Medicine Approaches|PT_Transcranial Magnetic Stimulation,104.99946962814015,100.0,100.47977956877723,103.19194138334802,102.88171232838943,103.1714795485028,1.807528244792124
2027-10-01,RMD_Circadian Rhythm Sleep Wake Disorder,8,PT_Brain Computer Interface|PT_Cognitive Behavioral Therapy|PT_Electroencephalography|PT_Neurobiological Assessments For Mental Disorders|PT_Personalized Medicine|PT_Regenerative Medicine Approaches|PT_Traditional And Alternative Medicine Approaches|PT_Transcranial Magnetic Stimulation,105.39385414312662,100.0,100.51976437714299,104.11371569764593,103.91089217673638,103.97812594901197,1.280138445480688
2027-11-01,RMD_Circadian Rhythm Sleep Wake Disorder,8,PT_Brain Computer Interface|PT_Cognitive Behavioral Therapy|PT_Electroencephalography|PT_Neurobiological Assessments For Mental Disorders|PT_Personalized Medicine|PT_Regenerative Medicine Approaches|PT_Traditional And Alternative Medicine Approaches|PT_Transcranial Magnetic Stimulation,105.8071383440407,100.0,100.56215147706612,105.05355414167438,104.96650613923548,104.79670593399968,0.7535842023663122
2027-12-01,RMD_Circadian Rhythm Sleep Wake Disorder,8,PT_Brain Computer Interface|PT_Cognitive Behavioral Therapy|PT_Electroencephalography|PT_Neurobiological Assessments For Mental Disorders|PT_Personalized Medicine|PT_Regenerative Medicine Approaches|PT_Traditional And Alternative Medicine Approaches|PT_Transcranial Magnetic Stimulation,106.04354583565852,100.0,100.58506857589106,105.94764576365797,105.98969892331752,105.56325416838013,0.09590007200054629
2028-01-01,RMD_Circadian Rhythm Sleep Wake Disorder,8,PT_Brain Computer Interface|PT_Cognitive Behavioral Therapy|PT_Electroencephalography|PT_Neurobiological Assessments For Mental Disorders|PT_Personalized Medicine|PT_Regenerative Medicine Approaches|PT_Traditional And Alternative Medicine Approaches|PT_Transcranial Magnetic Stimulation,106.10743950301851,100.0,100.58937744804949,106.76717627568429,106.94778676002753,106.25249305031234,-0.6597367726657808
2028-02-01,RMD_Circadian Rhythm Sleep Wake Disorder,8,PT_Brain Computer Interface|PT_Cognitive Behavioral Therapy|PT_Electroencephalography|PT_Neurobiological Assessments For Mental Disorders|PT_Personalized Medicine|PT_Regenerative Medicine Approaches|PT_Traditional And Alternative Medicine Approaches|PT_Transcranial Magnetic Stimulation,106.18734578861684,100.0,100.5957835588691,107.62530523756263,107.95383238198241,106.97262922760729,-1.43795944894579
2028-03-01,RMD_Circadian Rhythm Sleep Wake Disorder,8,PT_Brain Computer Interface|PT_Cognitive Behavioral Therapy|PT_Electroencephalography|PT_Neurobiological Assessments For Mental Disorders|PT_Personalized Medicine|PT_Regenerative Medicine Approaches|PT_Traditional And Alternative Medicine Approaches|PT_Transcranial Magnetic Stimulation,106.28559832863685,100.0,100.60466059814772,108.36153237363906,108.81526064167849,107.5915337884624,-2.0759340450022137
2028-04-01,RMD_Circadian Rhythm Sleep Wake Disorder,8,PT_Brain Computer Interface|PT_Cognitive Behavioral Therapy|PT_Electroencephalography|PT_Neurobiological Assessments For Mental Disorders|PT_Personalized Medicine|PT_Regenerative Medicine Approaches|PT_Traditional And Alternative Medicine Approaches|PT_Transcranial Magnetic Stimulation,106.60134945048864,100.0,100.63737752126218,109.1694847307044,109.73245437861407,108.28850801324221,-2.568135280215756
2028-05-01,RMD_Circadian Rhythm Sleep Wake Disorder,8,PT_Brain Computer Interface|PT_Cognitive Behavioral Therapy|PT_Electroencephalography|PT_Neurobiological Assessments For Mental Disorders|PT_Personalized Medicine|PT_Regenerative Medicine Approaches|PT_Traditional And Alternative Medicine Approaches|PT_Transcranial Magnetic Stimulation,106.80042798703126,100.0,100.6570763120325,110.09712402218756,110.80724620340035,109.07505574515594,-3.2966960351563017
2028-06-01,RMD_Circadian Rhythm Sleep Wake Disorder,8,PT_Brain Computer Interface|PT_Cognitive Behavioral Therapy|PT_Electroencephalography|PT_Neurobiological Assessments For Mental Disorders|PT_Personalized Medicine|PT_Regenerative Medicine Approaches|PT_Traditional And Alternative Medicine Approaches|PT_Transcranial Magnetic Stimulation,107.128363825872,100.0,100.69103632569887,111.10756299157997,111.96463150538516,109.94070892764347,-3.9791991657079677
2028-07-01,RMD_Circadian Rhythm Sleep Wake Disorder,8,PT_Brain Computer Interface|PT_Cognitive Behavioral Therapy|PT_Electroencephalography|PT_Neurobiological Assessments For Mental Disorders|PT_Personalized Medicine|PT_Regenerative Medicine Approaches|PT_Traditional And Alternative Medicine Approaches|PT_Transcranial Magnetic Stimulation,107.52863316253823,100.0,100.73300397788977,112.1518256293983,113.15224973130424,110.84085160174489,-4.6231924668600755
2028-08-01,RMD_Circadian Rhythm Sleep Wake Disorder,8,PT_Brain Computer Interface|PT_Cognitive Behavioral Therapy|PT_Electroencephalography|PT_Neurobiological Assessments For Mental Disorders|PT_Personalized Medicine|PT_Regenerative Medicine Approaches|PT_Traditional And Alternative Medicine Approaches|PT_Transcranial Magnetic Stimulation,108.24670131762818,100.0,100.8101213500421,113.23875770123254,114.35108932621107,111.80185225098477,-4.992056383604364
2028-09-01,RMD_Circadian Rhythm Sleep Wake Disorder,8,PT_Brain Computer Interface|PT_Cognitive Behavioral Therapy|PT_Electroencephalography|PT_Neurobiological Assessments For Mental Disorders|PT_Personalized Medicine|PT_Regenerative Medicine Approaches|PT_Traditional And Alternative Medicine Approaches|PT_Transcranial Magnetic Stimulation,108.6753985859825,100.0,100.85522342074115,114.3760664771014,115.65064114543394,112.77899574534105,-5.700667891118897
2028-10-01,RMD_Circadian Rhythm Sleep Wake Disorder,8,PT_Brain Computer Interface|PT_Cognitive Behavioral Therapy|PT_Electroencephalography|PT_Neurobiological Assessments For Mental Disorders|PT_Personalized Medicine|PT_Regenerative Medicine Approaches|PT_Traditional And Alternative Medicine Approaches|PT_Transcranial Magnetic Stimulation,109.0059816721933,100.0,100.88953424523812,115.57535081188534,117.03427445490362,113.80096455978847,-6.569369139692043
2028-11-01,RMD_Circadian Rhythm Sleep Wake Disorder,8,PT_Brain Computer Interface|PT_Cognitive Behavioral Therapy|PT_Electroencephalography|PT_Neurobiological Assessments For Mental Disorders|PT_Personalized Medicine|PT_Regenerative Medicine Approaches|PT_Traditional And Alternative Medicine Approaches|PT_Transcranial Magnetic Stimulation,109.385432760378,100.0,100.92905384793723,116.91874798607033,118.58758501696904,114.94397716509161,-7.533315225692334
2028-12-01,RMD_Circadian Rhythm Sleep Wake Disorder,8,PT_Brain Computer Interface|PT_Cognitive Behavioral Therapy|PT_Electroencephalography|PT_Neurobiological Assessments For Mental Disorders|PT_Personalized Medicine|PT_Regenerative Medicine Approaches|PT_Traditional And Alternative Medicine Approaches|PT_Transcranial Magnetic Stimulation,109.60891762633227,100.0,100.95120068819934,118.33496747697652,120.25317929305551,116.1314404442511,-8.726049850644245
2026-01-01,RMD_Cotard Syndrome,8,PT_Antidepressants|PT_Anxiolytic Medications|PT_Biofeedback Devices|PT_Cbt For Insomnia|PT_Metaverse|PT_Mood Stabilizers|PT_Selective Serotonin Reuptake Inhibitors|PT_Smart Wearable Mental Health Trackers,100.0,100.0,100.0,100.0,100.0,100.0,0.0
2026-02-01,RMD_Cotard Syndrome,8,PT_Antidepressants|PT_Anxiolytic Medications|PT_Biofeedback Devices|PT_Cbt For Insomnia|PT_Metaverse|PT_Mood Stabilizers|PT_Selective Serotonin Reuptake Inhibitors|PT_Smart Wearable Mental Health Trackers,99.30076012304562,100.0,99.86475801494215,99.68100319573348,99.65292292423621,99.74461083651765,-0.38024307268786117
2026-03-01,RMD_Cotard Syndrome,8,PT_Antidepressants|PT_Anxiolytic Medications|PT_Biofeedback Devices|PT_Cbt For Insomnia|PT_Metaverse|PT_Mood Stabilizers|PT_Selective Serotonin Reuptake Inhibitors|PT_Smart Wearable Mental Health Trackers,98.9242380925822,100.0,99.79152459855656,99.20131821123624,99.00842373418318,99.41119250308337,-0.27708011865404103
2026-04-01,RMD_Cotard Syndrome,8,PT_Antidepressants|PT_Anxiolytic Medications|PT_Biofeedback Devices|PT_Cbt For Insomnia|PT_Metaverse|PT_Mood Stabilizers|PT_Selective Serotonin Reuptake Inhibitors|PT_Smart Wearable Mental Health Trackers,98.94675238413573,100.0,99.79439007210327,98.84726750425646,98.48190663629835,99.18637173982377,0.09948487987927024
2026-05-01,RMD_Cotard Syndrome,8,PT_Antidepressants|PT_Anxiolytic Medications|PT_Biofeedback Devices|PT_Cbt For Insomnia|PT_Metaverse|PT_Mood Stabilizers|PT_Selective Serotonin Reuptake Inhibitors|PT_Smart Wearable Mental Health Trackers,99.13524254005672,100.0,99.82897096940643,98.47635025138386,97.89857188840674,98.96402254838036,0.6588922886728596
2026-06-01,RMD_Cotard Syndrome,8,PT_Antidepressants|PT_Anxiolytic Medications|PT_Biofeedback Devices|PT_Cbt For Insomnia|PT_Metaverse|PT_Mood Stabilizers|PT_Selective Serotonin Reuptake Inhibitors|PT_Smart Wearable Mental Health Trackers,99.3376664000184,100.0,99.86598507904002,98.21513368388634,97.47012730548542,98.81489120042002,1.1225327161320706
2026-07-01,RMD_Cotard Syndrome,8,PT_Antidepressants|PT_Anxiolytic Medications|PT_Biofeedback Devices|PT_Cbt For Insomnia|PT_Metaverse|PT_Mood Stabilizers|PT_Selective Serotonin Reuptake Inhibitors|PT_Smart Wearable Mental Health Trackers,99.51267138260957,100.0,99.89696147555573,98.20143289116916,97.40586934335994,98.8248631688411,1.311238491440406
2026-08-01,RMD_Cotard Syndrome,8,PT_Antidepressants|PT_Anxiolytic Medications|PT_Biofeedback Devices|PT_Cbt For Insomnia|PT_Metaverse|PT_Mood Stabilizers|PT_Selective Serotonin Reuptake Inhibitors|PT_Smart Wearable Mental Health Trackers,99.74854978320366,100.0,99.93941371016844,98.23085762350054,97.3917819293697,98.86809919847914,1.5176921597031168
2026-09-01,RMD_Cotard Syndrome,8,PT_Antidepressants|PT_Anxiolytic Medications|PT_Biofeedback Devices|PT_Cbt For Insomnia|PT_Metaverse|PT_Mood Stabilizers|PT_Selective Serotonin Reuptake Inhibitors|PT_Smart Wearable Mental Health Trackers,99.94693686676727,100.0,99.97391791596549,98.44801571219907,97.65486597205773,99.03158543554797,1.4989211545682082
2026-10-01,RMD_Cotard Syndrome,8,PT_Antidepressants|PT_Anxiolytic Medications|PT_Biofeedback Devices|PT_Cbt For Insomnia|PT_Metaverse|PT_Mood Stabilizers|PT_Selective Serotonin Reuptake Inhibitors|PT_Smart Wearable Mental Health Trackers,100.1181683409863,100.0,100.0034162579997,98.68879115819814,97.95155040081707,99.21075132421875,1.4293771827881585
2026-11-01,RMD_Cotard Syndrome,8,PT_Antidepressants|PT_Anxiolytic Medications|PT_Biofeedback Devices|PT_Cbt For Insomnia|PT_Metaverse|PT_Mood Stabilizers|PT_Selective Serotonin Reuptake Inhibitors|PT_Smart Wearable Mental Health Trackers,100.22628374364793,100.0,100.02108319222677,98.8849420635721,98.19152029690177,99.3574638272283,1.3413416800758284
2026-12-01,RMD_Cotard Syndrome,8,PT_Antidepressants|PT_Anxiolytic Medications|PT_Biofeedback Devices|PT_Cbt For Insomnia|PT_Metaverse|PT_Mood Stabilizers|PT_Selective Serotonin Reuptake Inhibitors|PT_Smart Wearable Mental Health Trackers,100.33774362530602,100.0,100.0395240134701,98.96059517836923,98.24891699038899,99.42889554814553,1.3771484469367863
2027-01-01,RMD_Cotard Syndrome,8,PT_Antidepressants|PT_Anxiolytic Medications|PT_Biofeedback Devices|PT_Cbt For Insomnia|PT_Metaverse|PT_Mood Stabilizers|PT_Selective Serotonin Reuptake Inhibitors|PT_Smart Wearable Mental Health Trackers,100.45403983810772,100.0,100.05856442285214,99.12733183403822,98.43366358906378,99.56185293014066,1.326708004069502
2027-02-01,RMD_Cotard Syndrome,8,PT_Antidepressants|PT_Anxiolytic Medications|PT_Biofeedback Devices|PT_Cbt For Insomnia|PT_Metaverse|PT_Mood Stabilizers|PT_Selective Serotonin Reuptake Inhibitors|PT_Smart Wearable Mental Health Trackers,100.5575139229783,100.0,100.07512281621808,99.40282573870545,98.78316788818401,99.76272910564494,1.1546881842728567
2027-03-01,RMD_Cotard Syndrome,8,PT_Antidepressants|PT_Anxiolytic Medications|PT_Biofeedback Devices|PT_Cbt For Insomnia|PT_Metaverse|PT_Mood Stabilizers|PT_Selective Serotonin Reuptake Inhibitors|PT_Smart Wearable Mental Health Trackers,100.75719784533646,100.0,100.11057520790894,99.65612792326382,99.08780821572273,99.95439785227659,1.1010699220726394
2027-04-01,RMD_Cotard Syndrome,8,PT_Antidepressants|PT_Anxiolytic Medications|PT_Biofeedback Devices|PT_Cbt For Insomnia|PT_Metaverse|PT_Mood Stabilizers|PT_Selective Serotonin Reuptake Inhibitors|PT_Smart Wearable Mental Health Trackers,101.01665336025557,100.0,100.1576986524396,99.9737515034707,99.47918608379251,100.19077898077782,1.04290185678488
2027-05-01,RMD_Cotard Syndrome,8,PT_Antidepressants|PT_Anxiolytic Medications|PT_Biofeedback Devices|PT_Cbt For Insomnia|PT_Metaverse|PT_Mood Stabilizers|PT_Selective Serotonin Reuptake Inhibitors|PT_Smart Wearable Mental Health Trackers,101.37651149974239,100.0,100.22425293583801,100.28527419510725,99.84419764324544,100.43048190180004,1.0912373046351433
2027-06-01,RMD_Cotard Syndrome,8,PT_Antidepressants|PT_Anxiolytic Medications|PT_Biofeedback Devices|PT_Cbt For Insomnia|PT_Metaverse|PT_Mood Stabilizers|PT_Selective Serotonin Reuptake Inhibitors|PT_Smart Wearable Mental Health Trackers,101.66074346110479,100.0,100.27592209509481,100.70590006241356,100.38387409913129,100.73443909918524,0.9548433986912244
2027-07-01,RMD_Cotard Syndrome,8,PT_Antidepressants|PT_Anxiolytic Medications|PT_Biofeedback Devices|PT_Cbt For Insomnia|PT_Metaverse|PT_Mood Stabilizers|PT_Selective Serotonin Reuptake Inhibitors|PT_Smart Wearable Mental Health Trackers,101.90838116685849,100.0,100.32087028963385,101.14260627863199,100.95270896370413,101.04645691612032,0.7657748882265025
2027-08-01,RMD_Cotard Syndrome,8,PT_Antidepressants|PT_Anxiolytic Medications|PT_Biofeedback Devices|PT_Cbt For Insomnia|PT_Metaverse|PT_Mood Stabilizers|PT_Selective Serotonin Reuptake Inhibitors|PT_Smart Wearable Mental Health Trackers,102.26505083803087,100.0,100.38690167639963,101.56274994512346,101.48187538381461,101.3541840843825,0.7023008929074166
2027-09-01,RMD_Cotard Syndrome,8,PT_Antidepressants|PT_Anxiolytic Medications|PT_Biofeedback Devices|PT_Cbt For Insomnia|PT_Metaverse|PT_Mood Stabilizers|PT_Selective Serotonin Reuptake Inhibitors|PT_Smart Wearable Mental Health Trackers,102.59611525601157,100.0,100.44689535004757,102.24442465790473,102.40358569105825,101.82690020537773,0.3516905981068419
2027-10-01,RMD_Cotard Syndrome,8,PT_Antidepressants|PT_Anxiolytic Medications|PT_Biofeedback Devices|PT_Cbt For Insomnia|PT_Metaverse|PT_Mood Stabilizers|PT_Selective Serotonin Reuptake Inhibitors|PT_Smart Wearable Mental Health Trackers,102.87188363787268,100.0,100.49632651171683,103.03971007571182,103.50550543436272,102.36723853126416,-0.16782643783913898
2027-11-01,RMD_Cotard Syndrome,8,PT_Antidepressants|PT_Anxiolytic Medications|PT_Biofeedback Devices|PT_Cbt For Insomnia|PT_Metaverse|PT_Mood Stabilizers|PT_Selective Serotonin Reuptake Inhibitors|PT_Smart Wearable Mental Health Trackers,103.15745144070014,100.0,100.54771679276958,103.8492623480622,104.63490198063012,102.91406885245448,-0.6918109073620542
2027-12-01,RMD_Cotard Syndrome,8,PT_Antidepressants|PT_Anxiolytic Medications|PT_Biofeedback Devices|PT_Cbt For Insomnia|PT_Metaverse|PT_Mood Stabilizers|PT_Selective Serotonin Reuptake Inhibitors|PT_Smart Wearable Mental Health Trackers,103.33136434851694,100.0,100.57758464842418,104.64143442582566,105.7570882457505,103.44202295582721,-1.3100700773087226
2028-01-01,RMD_Cotard Syndrome,8,PT_Antidepressants|PT_Anxiolytic Medications|PT_Biofeedback Devices|PT_Cbt For Insomnia|PT_Metaverse|PT_Mood Stabilizers|PT_Selective Serotonin Reuptake Inhibitors|PT_Smart Wearable Mental Health Trackers,103.37823580780577,100.0,100.58355961394611,105.39145586279668,106.84228711704404,103.93246189445914,-2.01322005499091
2028-02-01,RMD_Cotard Syndrome,8,PT_Antidepressants|PT_Anxiolytic Medications|PT_Biofeedback Devices|PT_Cbt For Insomnia|PT_Metaverse|PT_Mood Stabilizers|PT_Selective Serotonin Reuptake Inhibitors|PT_Smart Wearable Mental Health Trackers,103.43708108694203,100.0,100.59207237112498,106.17684568127322,107.98339144656008,104.44404430612137,-2.7397645943311915
2028-03-01,RMD_Cotard Syndrome,8,PT_Antidepressants|PT_Anxiolytic Medications|PT_Biofeedback Devices|PT_Cbt For Insomnia|PT_Metaverse|PT_Mood Stabilizers|PT_Selective Serotonin Reuptake Inhibitors|PT_Smart Wearable Mental Health Trackers,103.50277133475329,100.0,100.60241178054042,106.8509938682925,108.96316474389859,104.88304159668549,-3.3482225335392144
2028-04-01,RMD_Cotard Syndrome,8,PT_Antidepressants|PT_Anxiolytic Medications|PT_Biofeedback Devices|PT_Cbt For Insomnia|PT_Metaverse|PT_Mood Stabilizers|PT_Selective Serotonin Reuptake Inhibitors|PT_Smart Wearable Mental Health Trackers,103.69760917530023,100.0,100.63739007928437,107.55740757940013,109.96403743381255,105.35380682366046,-3.859798404099905
2028-05-01,RMD_Cotard Syndrome,8,PT_Antidepressants|PT_Anxiolytic Medications|PT_Biofeedback Devices|PT_Cbt For Insomnia|PT_Metaverse|PT_Mood Stabilizers|PT_Selective Serotonin Reuptake Inhibitors|PT_Smart Wearable Mental Health Trackers,103.82304176366956,100.0,100.6587172899397,108.38927736337627,111.16333959916548,105.89951669896077,-4.566235599706701
2028-06-01,RMD_Cotard Syndrome,8,PT_Antidepressants|PT_Anxiolytic Medications|PT_Biofeedback Devices|PT_Cbt For Insomnia|PT_Metaverse|PT_Mood Stabilizers|PT_Selective Serotonin Reuptake Inhibitors|PT_Smart Wearable Mental Health Trackers,104.03800498220113,100.0,100.69704909908745,109.27907414089111,112.43246013047674,106.48886464624788,-5.241069158689982
2028-07-01,RMD_Cotard Syndrome,8,PT_Antidepressants|PT_Anxiolytic Medications|PT_Biofeedback Devices|PT_Cbt For Insomnia|PT_Metaverse|PT_Mood Stabilizers|PT_Selective Serotonin Reuptake Inhibitors|PT_Smart Wearable Mental Health Trackers,104.2989328479321,100.0,100.74415162775281,110.19357846885308,113.72656678457473,107.098710162464,-5.894645620920983
2028-08-01,RMD_Cotard Syndrome,8,PT_Antidepressants|PT_Anxiolytic Medications|PT_Biofeedback Devices|PT_Cbt For Insomnia|PT_Metaverse|PT_Mood Stabilizers|PT_Selective Serotonin Reuptake Inhibitors|PT_Smart Wearable Mental Health Trackers,104.76272335366802,100.0,100.83022041348016,111.10510573091476,114.98194098230205,107.72081467488846,-6.342382377246736
2028-09-01,RMD_Cotard Syndrome,8,PT_Antidepressants|PT_Anxiolytic Medications|PT_Biofeedback Devices|PT_Cbt For Insomnia|PT_Metaverse|PT_Mood Stabilizers|PT_Selective Serotonin Reuptake Inhibitors|PT_Smart Wearable Mental Health Trackers,105.05966043494998,100.0,100.8839253836266,112.1004206258673,116.3943152842572,108.38253024495386,-7.040760190917325
2028-10-01,RMD_Cotard Syndrome,8,PT_Antidepressants|PT_Anxiolytic Medications|PT_Biofeedback Devices|PT_Cbt For Insomnia|PT_Metaverse|PT_Mood Stabilizers|PT_Selective Serotonin Reuptake Inhibitors|PT_Smart Wearable Mental Health Trackers,105.29812276246554,100.0,100.92648219756583,113.1605391172832,117.9102987087013,109.0824793833013,-7.862416354817654
2028-11-01,RMD_Cotard Syndrome,8,PT_Antidepressants|PT_Anxiolytic Medications|PT_Biofeedback Devices|PT_Cbt For Insomnia|PT_Metaverse|PT_Mood Stabilizers|PT_Selective Serotonin Reuptake Inhibitors|PT_Smart Wearable Mental Health Trackers,105.5789517408257,100.0,100.97686154512887,114.34141746493614,119.60006656620395,109.86153200148347,-8.762465724110442
2028-12-01,RMD_Cotard Syndrome,8,PT_Antidepressants|PT_Anxiolytic Medications|PT_Biofeedback Devices|PT_Cbt For Insomnia|PT_Metaverse|PT_Mood Stabilizers|PT_Selective Serotonin Reuptake Inhibitors|PT_Smart Wearable Mental Health Trackers,105.77364332135821,100.0,101.01035481743622,115.60817997076185,121.43999705560356,110.68576495246575,-9.834536649403645
2026-01-01,RMD_Cyclothymic Disorder,8,PT_Cbt For Insomnia|PT_Fecal Microbiota Transplant|PT_Hypnotherapy|PT_Machine Learning Neuroimaging|PT_Motivational Interviewing|PT_Selective Serotonin Reuptake Inhibitors|PT_Smart Wearable Mental Health Trackers|PT_Vagus Nerve Stimulation,100.0,100.0,100.0,100.0,100.0,100.0,0.0
2026-02-01,RMD_Cyclothymic Disorder,8,PT_Cbt For Insomnia|PT_Fecal Microbiota Transplant|PT_Hypnotherapy|PT_Machine Learning Neuroimaging|PT_Motivational Interviewing|PT_Selective Serotonin Reuptake Inhibitors|PT_Smart Wearable Mental Health Trackers|PT_Vagus Nerve Stimulation,97.85677501675936,97.36549393322038,98.14811844220797,99.62821527393423,99.44499590456573,99.77486659006743,-1.7714402571748735
2026-03-01,RMD_Cyclothymic Disorder,8,PT_Cbt For Insomnia|PT_Fecal Microbiota Transplant|PT_Hypnotherapy|PT_Machine Learning Neuroimaging|PT_Motivational Interviewing|PT_Selective Serotonin Reuptake Inhibitors|PT_Smart Wearable Mental Health Trackers|PT_Vagus Nerve Stimulation,96.58152601107774,95.79553685183218,97.04764823972674,99.17065020426728,98.66552368325046,99.51695930676222,-2.5891241931895337
2026-04-01,RMD_Cyclothymic Disorder,8,PT_Cbt For Insomnia|PT_Fecal Microbiota Transplant|PT_Hypnotherapy|PT_Machine Learning Neuroimaging|PT_Motivational Interviewing|PT_Selective Serotonin Reuptake Inhibitors|PT_Smart Wearable Mental Health Trackers|PT_Vagus Nerve Stimulation,96.30496680547922,95.45677352121047,96.80797308718896,98.80888968225035,98.00645687443838,99.32582115678763,-2.503922876771128
2026-05-01,RMD_Cyclothymic Disorder,8,PT_Cbt For Insomnia|PT_Fecal Microbiota Transplant|PT_Hypnotherapy|PT_Machine Learning Neuroimaging|PT_Motivational Interviewing|PT_Selective Serotonin Reuptake Inhibitors|PT_Smart Wearable Mental Health Trackers|PT_Vagus Nerve Stimulation,96.43434709119221,95.61838312176198,96.91824555143711,98.43977248496076,97.30390712946257,99.1380550958638,-2.0054253937685473
2026-06-01,RMD_Cyclothymic Disorder,8,PT_Cbt For Insomnia|PT_Fecal Microbiota Transplant|PT_Hypnotherapy|PT_Machine Learning Neuroimaging|PT_Motivational Interviewing|PT_Selective Serotonin Reuptake Inhibitors|PT_Smart Wearable Mental Health Trackers|PT_Vagus Nerve Stimulation,96.58775145078259,95.81456264704555,97.04628256934191,98.15865857191918,96.76280586222022,98.99795851427703,-1.5709071211365853
2026-07-01,RMD_Cyclothymic Disorder,8,PT_Cbt For Insomnia|PT_Fecal Microbiota Transplant|PT_Hypnotherapy|PT_Machine Learning Neuroimaging|PT_Motivational Interviewing|PT_Selective Serotonin Reuptake Inhibitors|PT_Smart Wearable Mental Health Trackers|PT_Vagus Nerve Stimulation,96.58869717331699,95.82735616928315,97.04020208453326,98.05746863598516,96.56336637598784,98.95395319469593,-1.4687714626681725
2026-08-01,RMD_Cyclothymic Disorder,8,PT_Cbt For Insomnia|PT_Fecal Microbiota Transplant|PT_Hypnotherapy|PT_Machine Learning Neuroimaging|PT_Motivational Interviewing|PT_Selective Serotonin Reuptake Inhibitors|PT_Smart Wearable Mental Health Trackers|PT_Vagus Nerve Stimulation,96.71197448699145,95.9931784939429,97.13824854724103,97.9931375725119,96.42091340250383,98.93263203321747,-1.281163085520447
2026-09-01,RMD_Cyclothymic Disorder,8,PT_Cbt For Insomnia|PT_Fecal Microbiota Transplant|PT_Hypnotherapy|PT_Machine Learning Neuroimaging|PT_Motivational Interviewing|PT_Selective Serotonin Reuptake Inhibitors|PT_Smart Wearable Mental Health Trackers|PT_Vagus Nerve Stimulation,96.6679881835031,95.95833442230577,97.08884596300247,98.0688517697879,96.54547990398088,98.98547027897355,-1.4008635862847996
2026-10-01,RMD_Cyclothymic Disorder,8,PT_Cbt For Insomnia|PT_Fecal Microbiota Transplant|PT_Hypnotherapy|PT_Machine Learning Neuroimaging|PT_Motivational Interviewing|PT_Selective Serotonin Reuptake Inhibitors|PT_Smart Wearable Mental Health Trackers|PT_Vagus Nerve Stimulation,96.56029147848886,95.84526710041581,96.98432882394754,98.16062147045258,96.69998140374736,99.04738926847263,-1.6003299919637186
2026-11-01,RMD_Cyclothymic Disorder,8,PT_Cbt For Insomnia|PT_Fecal Microbiota Transplant|PT_Hypnotherapy|PT_Machine Learning Neuroimaging|PT_Motivational Interviewing|PT_Selective Serotonin Reuptake Inhibitors|PT_Smart Wearable Mental Health Trackers|PT_Vagus Nerve Stimulation,96.31745850744437,95.56492447526912,96.76374054083583,98.22602625620054,96.81106207315567,99.09306735663797,-1.9085677487561696
2026-12-01,RMD_Cyclothymic Disorder,8,PT_Cbt For Insomnia|PT_Fecal Microbiota Transplant|PT_Hypnotherapy|PT_Machine Learning Neuroimaging|PT_Motivational Interviewing|PT_Selective Serotonin Reuptake Inhibitors|PT_Smart Wearable Mental Health Trackers|PT_Vagus Nerve Stimulation,96.08109591143737,95.29590411730271,96.54673985214775,98.21096059053383,96.76119111127515,99.09727140466715,-2.129864679096457
2027-01-01,RMD_Cyclothymic Disorder,8,PT_Cbt For Insomnia|PT_Fecal Microbiota Transplant|PT_Hypnotherapy|PT_Machine Learning Neuroimaging|PT_Motivational Interviewing|PT_Selective Serotonin Reuptake Inhibitors|PT_Smart Wearable Mental Health Trackers|PT_Vagus Nerve Stimulation,95.76836792171758,94.9338382997482,96.26327653806459,98.24014402642162,96.79798436495217,99.1261244500884,-2.471776104704034
2027-02-01,RMD_Cyclothymic Disorder,8,PT_Cbt For Insomnia|PT_Fecal Microbiota Transplant|PT_Hypnotherapy|PT_Machine Learning Neuroimaging|PT_Motivational Interviewing|PT_Selective Serotonin Reuptake Inhibitors|PT_Smart Wearable Mental Health Trackers|PT_Vagus Nerve Stimulation,95.3792269119703,94.48125831236261,95.9117573164707,98.35582082460864,97.00135426145195,99.20002718912747,-2.976593912638336
2027-03-01,RMD_Cyclothymic Disorder,8,PT_Cbt For Insomnia|PT_Fecal Microbiota Transplant|PT_Hypnotherapy|PT_Machine Learning Neuroimaging|PT_Motivational Interviewing|PT_Selective Serotonin Reuptake Inhibitors|PT_Smart Wearable Mental Health Trackers|PT_Vagus Nerve Stimulation,95.30603207006348,94.41311452998701,95.83557241857407,98.46346148264605,97.1735647880666,99.2732661311093,-3.157429412582573
2027-04-01,RMD_Cyclothymic Disorder,8,PT_Cbt For Insomnia|PT_Fecal Microbiota Transplant|PT_Hypnotherapy|PT_Machine Learning Neuroimaging|PT_Motivational Interviewing|PT_Selective Serotonin Reuptake Inhibitors|PT_Smart Wearable Mental Health Trackers|PT_Vagus Nerve Stimulation,95.43082662204851,94.58606467417914,95.9317979874354,98.61224751378768,97.41884723107476,99.37010969644649,-3.1814208917391653
2027-05-01,RMD_Cyclothymic Disorder,8,PT_Cbt For Insomnia|PT_Fecal Microbiota Transplant|PT_Hypnotherapy|PT_Machine Learning Neuroimaging|PT_Motivational Interviewing|PT_Selective Serotonin Reuptake Inhibitors|PT_Smart Wearable Mental Health Trackers|PT_Vagus Nerve Stimulation,95.82249863023317,95.08758902235375,96.25832327325612,98.75998498802045,97.64372348082102,99.47090949224481,-2.9374863577872787
2027-06-01,RMD_Cyclothymic Disorder,8,PT_Cbt For Insomnia|PT_Fecal Microbiota Transplant|PT_Hypnotherapy|PT_Machine Learning Neuroimaging|PT_Motivational Interviewing|PT_Selective Serotonin Reuptake Inhibitors|PT_Smart Wearable Mental Health Trackers|PT_Vagus Nerve Stimulation,96.0169840881163,95.34562522765616,96.41512607847315,98.98701014147466,98.03221303923809,99.61035112740177,-2.970026053358353
2027-07-01,RMD_Cyclothymic Disorder,8,PT_Cbt For Insomnia|PT_Fecal Microbiota Transplant|PT_Hypnotherapy|PT_Machine Learning Neuroimaging|PT_Motivational Interviewing|PT_Selective Serotonin Reuptake Inhibitors|PT_Smart Wearable Mental Health Trackers|PT_Vagus Nerve Stimulation,96.14030902810545,95.51555061766211,96.51082055329594,99.2219791620705,98.4414015754291,99.75274887212029,-3.081670133965048
2027-08-01,RMD_Cyclothymic Disorder,8,PT_Cbt For Insomnia|PT_Fecal Microbiota Transplant|PT_Hypnotherapy|PT_Machine Learning Neuroimaging|PT_Motivational Interviewing|PT_Selective Serotonin Reuptake Inhibitors|PT_Smart Wearable Mental Health Trackers|PT_Vagus Nerve Stimulation,96.56569366332563,96.05528190617633,96.86838774373693,99.45273717812029,98.82421288876459,99.89693444357964,-2.887043514794655
2027-09-01,RMD_Cyclothymic Disorder,8,PT_Cbt For Insomnia|PT_Fecal Microbiota Transplant|PT_Hypnotherapy|PT_Machine Learning Neuroimaging|PT_Motivational Interviewing|PT_Selective Serotonin Reuptake Inhibitors|PT_Smart Wearable Mental Health Trackers|PT_Vagus Nerve Stimulation,96.85498950622194,96.43432655538618,97.1044536245434,99.87830029092841,99.58275545359952,100.14293763299175,-3.0233107847064673
2027-10-01,RMD_Cyclothymic Disorder,8,PT_Cbt For Insomnia|PT_Fecal Microbiota Transplant|PT_Hypnotherapy|PT_Machine Learning Neuroimaging|PT_Motivational Interviewing|PT_Selective Serotonin Reuptake Inhibitors|PT_Smart Wearable Mental Health Trackers|PT_Vagus Nerve Stimulation,97.03918768013378,96.67988907650691,97.25227118572055,100.38116301905873,100.50161971940952,100.42691886470524,-3.3419753389249536
2027-11-01,RMD_Cyclothymic Disorder,8,PT_Cbt For Insomnia|PT_Fecal Microbiota Transplant|PT_Hypnotherapy|PT_Machine Learning Neuroimaging|PT_Motivational Interviewing|PT_Selective Serotonin Reuptake Inhibitors|PT_Smart Wearable Mental Health Trackers|PT_Vagus Nerve Stimulation,97.27043384919209,96.98505113479456,97.43968234940395,100.90054261561765,101.45458894474073,100.7184850841261,-3.6301087664255647
2027-12-01,RMD_Cyclothymic Disorder,8,PT_Cbt For Insomnia|PT_Fecal Microbiota Transplant|PT_Hypnotherapy|PT_Machine Learning Neuroimaging|PT_Motivational Interviewing|PT_Selective Serotonin Reuptake Inhibitors|PT_Smart Wearable Mental Health Trackers|PT_Vagus Nerve Stimulation,97.23624495900974,96.96175778609194,97.39902655882062,101.4107200767443,102.40507393784877,101.00074929411821,-4.174475117734559
2028-01-01,RMD_Cyclothymic Disorder,8,PT_Cbt For Insomnia|PT_Fecal Microbiota Transplant|PT_Hypnotherapy|PT_Machine Learning Neuroimaging|PT_Motivational Interviewing|PT_Selective Serotonin Reuptake Inhibitors|PT_Smart Wearable Mental Health Trackers|PT_Vagus Nerve Stimulation,96.91925781600553,96.58531753248047,97.11729742935312,101.88424837679196,103.31167674318576,101.25707231511349,-4.964990560786433
2028-02-01,RMD_Cyclothymic Disorder,8,PT_Cbt For Insomnia|PT_Fecal Microbiota Transplant|PT_Hypnotherapy|PT_Machine Learning Neuroimaging|PT_Motivational Interviewing|PT_Selective Serotonin Reuptake Inhibitors|PT_Smart Wearable Mental Health Trackers|PT_Vagus Nerve Stimulation,96.65604758603642,96.27251591377093,96.88349682720086,102.38487138736494,104.27130903422989,101.5272023148993,-5.728823801328517
2028-03-01,RMD_Cyclothymic Disorder,8,PT_Cbt For Insomnia|PT_Fecal Microbiota Transplant|PT_Hypnotherapy|PT_Machine Learning Neuroimaging|PT_Motivational Interviewing|PT_Selective Serotonin Reuptake Inhibitors|PT_Smart Wearable Mental Health Trackers|PT_Vagus Nerve Stimulation,96.47721757816515,96.05906513346659,96.72519828775282,102.81425963577662,105.09398915171278,101.75897369540424,-6.33704205761147
2028-04-01,RMD_Cyclothymic Disorder,8,PT_Cbt For Insomnia|PT_Fecal Microbiota Transplant|PT_Hypnotherapy|PT_Machine Learning Neuroimaging|PT_Motivational Interviewing|PT_Selective Serotonin Reuptake Inhibitors|PT_Smart Wearable Mental Health Trackers|PT_Vagus Nerve Stimulation,96.59829047384576,96.21648942460037,96.82470796873005,103.25835284627837,105.92177968976908,102.00536631242325,-6.660062372432606
2028-05-01,RMD_Cyclothymic Disorder,8,PT_Cbt For Insomnia|PT_Fecal Microbiota Transplant|PT_Hypnotherapy|PT_Machine Learning Neuroimaging|PT_Motivational Interviewing|PT_Selective Serotonin Reuptake Inhibitors|PT_Smart Wearable Mental Health Trackers|PT_Vagus Nerve Stimulation,96.50934492929771,96.11617907202735,96.74250761794785,103.78715267810662,106.92572003696537,102.29333032648017,-7.277807748808911
2028-06-01,RMD_Cyclothymic Disorder,8,PT_Cbt For Insomnia|PT_Fecal Microbiota Transplant|PT_Hypnotherapy|PT_Machine Learning Neuroimaging|PT_Motivational Interviewing|PT_Selective Serotonin Reuptake Inhibitors|PT_Smart Wearable Mental Health Trackers|PT_Vagus Nerve Stimulation,96.6357519722227,96.28391128679257,96.84441264142546,104.35818838222433,107.99477388518305,102.60764265839569,-7.72243641000162
2028-07-01,RMD_Cyclothymic Disorder,8,PT_Cbt For Insomnia|PT_Fecal Microbiota Transplant|PT_Hypnotherapy|PT_Machine Learning Neuroimaging|PT_Motivational Interviewing|PT_Selective Serotonin Reuptake Inhibitors|PT_Smart Wearable Mental Health Trackers|PT_Vagus Nerve Stimulation,96.8823542258863,96.60091649138018,97.04926319915008,104.94345929493691,109.08162548282827,102.93211551060067,-8.061105069050612
2028-08-01,RMD_Cyclothymic Disorder,8,PT_Cbt For Insomnia|PT_Fecal Microbiota Transplant|PT_Hypnotherapy|PT_Machine Learning Neuroimaging|PT_Motivational Interviewing|PT_Selective Serotonin Reuptake Inhibitors|PT_Smart Wearable Mental Health Trackers|PT_Vagus Nerve Stimulation,97.64344994953991,97.55221539027828,97.69755560175231,105.52857921545463,110.1342833983729,103.26502301074626,-7.885129265914713
2028-09-01,RMD_Cyclothymic Disorder,8,PT_Cbt For Insomnia|PT_Fecal Microbiota Transplant|PT_Hypnotherapy|PT_Machine Learning Neuroimaging|PT_Motivational Interviewing|PT_Selective Serotonin Reuptake Inhibitors|PT_Smart Wearable Mental Health Trackers|PT_Vagus Nerve Stimulation,97.97220079227054,97.97390815969021,97.97118825679546,106.17876838350944,111.34094596723936,103.62404871243727,-8.206567591238894
2028-10-01,RMD_Cyclothymic Disorder,8,PT_Cbt For Insomnia|PT_Fecal Microbiota Transplant|PT_Hypnotherapy|PT_Machine Learning Neuroimaging|PT_Motivational Interviewing|PT_Selective Serotonin Reuptake Inhibitors|PT_Smart Wearable Mental Health Trackers|PT_Vagus Nerve Stimulation,98.14716626489334,98.20766408743167,98.11128869643294,106.86935635214937,112.63378477747668,104.00260774886593,-8.722190087256024
2028-11-01,RMD_Cyclothymic Disorder,8,PT_Cbt For Insomnia|PT_Fecal Microbiota Transplant|PT_Hypnotherapy|PT_Machine Learning Neuroimaging|PT_Motivational Interviewing|PT_Selective Serotonin Reuptake Inhibitors|PT_Smart Wearable Mental Health Trackers|PT_Vagus Nerve Stimulation,98.385161763118,98.52538207397251,98.30200564953994,107.64577499512211,114.08588948999422,104.4276679818109,-9.260613232004104
2028-12-01,RMD_Cyclothymic Disorder,8,PT_Cbt For Insomnia|PT_Fecal Microbiota Transplant|PT_Hypnotherapy|PT_Machine Learning Neuroimaging|PT_Motivational Interviewing|PT_Selective Serotonin Reuptake Inhibitors|PT_Smart Wearable Mental Health Trackers|PT_Vagus Nerve Stimulation,98.40200787099691,98.5718042832347,98.30131197569366,108.48952776855513,115.68478571012842,104.88315667185962,-10.087519897558224
2026-01-01,RMD_Delusional Disorder,8,PT_Antidepressants|PT_Anxiolytic Medications|PT_Cognitive Behavioral Therapy|PT_Digital Health Tools|PT_Metaverse|PT_Mindfulness Based Stress Reduction|PT_Reality Testing Techniques|PT_Selective Serotonin Reuptake Inhibitors,100.0,100.0,100.0,100.0,100.0,100.0,0.0
2026-02-01,RMD_Delusional Disorder,8,PT_Antidepressants|PT_Anxiolytic Medications|PT_Cognitive Behavioral Therapy|PT_Digital Health Tools|PT_Metaverse|PT_Mindfulness Based Stress Reduction|PT_Reality Testing Techniques|PT_Selective Serotonin Reuptake Inhibitors,100.81005993270186,100.0,100.04604997876527,99.64263928992065,99.61408058265825,99.67816875385556,1.1674206427812095
2026-03-01,RMD_Delusional Disorder,8,PT_Antidepressants|PT_Anxiolytic Medications|PT_Cognitive Behavioral Therapy|PT_Digital Health Tools|PT_Metaverse|PT_Mindfulness Based Stress Reduction|PT_Reality Testing Techniques|PT_Selective Serotonin Reuptake Inhibitors,101.75986978434105,100.0,100.10349830851035,99.14805622663592,98.97430145913253,99.2843257803316,2.6118135577051333
2026-04-01,RMD_Delusional Disorder,8,PT_Antidepressants|PT_Anxiolytic Medications|PT_Cognitive Behavioral Therapy|PT_Digital Health Tools|PT_Metaverse|PT_Mindfulness Based Stress Reduction|PT_Reality Testing Techniques|PT_Selective Serotonin Reuptake Inhibitors,103.12959936781844,100.0,100.18929432913215,98.80149412785516,98.47962124873034,99.03096704072045,4.3281052399632784
2026-05-01,RMD_Delusional Disorder,8,PT_Antidepressants|PT_Anxiolytic Medications|PT_Cognitive Behavioral Therapy|PT_Digital Health Tools|PT_Metaverse|PT_Mindfulness Based Stress Reduction|PT_Reality Testing Techniques|PT_Selective Serotonin Reuptake Inhibitors,104.6465087214858,100.0,100.2857677930822,98.44551324033063,97.94085936825701,98.7856762023932,6.200995481155175
2026-06-01,RMD_Delusional Disorder,8,PT_Antidepressants|PT_Anxiolytic Medications|PT_Cognitive Behavioral Therapy|PT_Digital Health Tools|PT_Metaverse|PT_Mindfulness Based Stress Reduction|PT_Reality Testing Techniques|PT_Selective Serotonin Reuptake Inhibitors,106.13424839324098,100.0,100.38019067526778,98.19787841950192,97.54940048441074,98.62315746450219,7.936369973739062
2026-07-01,RMD_Delusional Disorder,8,PT_Antidepressants|PT_Anxiolytic Medications|PT_Cognitive Behavioral Therapy|PT_Digital Health Tools|PT_Metaverse|PT_Mindfulness Based Stress Reduction|PT_Reality Testing Techniques|PT_Selective Serotonin Reuptake Inhibitors,107.66907528414886,100.0,100.47633572573213,98.19026606511736,97.50106668864248,98.63588724270721,9.478809219031504
2026-08-01,RMD_Delusional Disorder,8,PT_Antidepressants|PT_Anxiolytic Medications|PT_Cognitive Behavioral Therapy|PT_Digital Health Tools|PT_Metaverse|PT_Mindfulness Based Stress Reduction|PT_Reality Testing Techniques|PT_Selective Serotonin Reuptake Inhibitors,109.29474391707771,100.0,100.57873665259508,98.23146743328807,97.50842988795746,98.69109718510163,11.063276483789636
2026-09-01,RMD_Delusional Disorder,8,PT_Antidepressants|PT_Anxiolytic Medications|PT_Cognitive Behavioral Therapy|PT_Digital Health Tools|PT_Metaverse|PT_Mindfulness Based Stress Reduction|PT_Reality Testing Techniques|PT_Selective Serotonin Reuptake Inhibitors,110.96014722271731,100.0,100.68230705187058,98.45479871288552,97.77905428238309,98.87785768298248,12.50534850983179
2026-10-01,RMD_Delusional Disorder,8,PT_Antidepressants|PT_Anxiolytic Medications|PT_Cognitive Behavioral Therapy|PT_Digital Health Tools|PT_Metaverse|PT_Mindfulness Based Stress Reduction|PT_Reality Testing Techniques|PT_Selective Serotonin Reuptake Inhibitors,112.53598861042455,100.0,100.78033447231402,98.70013382945619,98.07916073181424,99.08163878864268,13.835854780968361
2026-11-01,RMD_Delusional Disorder,8,PT_Antidepressants|PT_Anxiolytic Medications|PT_Cognitive Behavioral Therapy|PT_Digital Health Tools|PT_Metaverse|PT_Mindfulness Based Stress Reduction|PT_Reality Testing Techniques|PT_Selective Serotonin Reuptake Inhibitors,113.97146164070871,100.0,100.86961487991842,98.897908395647,98.32055663836304,99.24617450185467,15.073553245061717
2026-12-01,RMD_Delusional Disorder,8,PT_Antidepressants|PT_Anxiolytic Medications|PT_Cognitive Behavioral Therapy|PT_Digital Health Tools|PT_Metaverse|PT_Mindfulness Based Stress Reduction|PT_Reality Testing Techniques|PT_Selective Serotonin Reuptake Inhibitors,115.41229447120288,100.0,100.95979241704475,98.9818509339699,98.39286228037795,99.33071621271402,16.43044353723299
2027-01-01,RMD_Delusional Disorder,8,PT_Antidepressants|PT_Anxiolytic Medications|PT_Cognitive Behavioral Therapy|PT_Digital Health Tools|PT_Metaverse|PT_Mindfulness Based Stress Reduction|PT_Reality Testing Techniques|PT_Selective Serotonin Reuptake Inhibitors,117.16235513400574,100.0,101.06892181532237,99.15562858616381,98.58635350476096,99.48436787042037,18.00672654784192
2027-02-01,RMD_Delusional Disorder,8,PT_Antidepressants|PT_Anxiolytic Medications|PT_Cognitive Behavioral Therapy|PT_Digital Health Tools|PT_Metaverse|PT_Mindfulness Based Stress Reduction|PT_Reality Testing Techniques|PT_Selective Serotonin Reuptake Inhibitors,118.86872139990423,100.0,101.17520763341878,99.43723237191698,98.93584702880278,99.71582530253679,19.431489027987254
2027-03-01,RMD_Delusional Disorder,8,PT_Antidepressants|PT_Anxiolytic Medications|PT_Cognitive Behavioral Therapy|PT_Digital Health Tools|PT_Metaverse|PT_Mindfulness Based Stress Reduction|PT_Reality Testing Techniques|PT_Selective Serotonin Reuptake Inhibitors,120.45266261389038,100.0,101.2747489599305,99.70227162120284,99.24882688630781,99.94146014551906,20.750390992687542
2027-04-01,RMD_Delusional Disorder,8,PT_Antidepressants|PT_Anxiolytic Medications|PT_Cognitive Behavioral Therapy|PT_Digital Health Tools|PT_Metaverse|PT_Mindfulness Based Stress Reduction|PT_Reality Testing Techniques|PT_Selective Serotonin Reuptake Inhibitors,122.12065992540086,100.0,101.37951286187361,100.03441557415717,99.64892655769457,100.22040212398917,22.086244351243693
2027-05-01,RMD_Delusional Disorder,8,PT_Antidepressants|PT_Anxiolytic Medications|PT_Cognitive Behavioral Therapy|PT_Digital Health Tools|PT_Metaverse|PT_Mindfulness Based Stress Reduction|PT_Reality Testing Techniques|PT_Selective Serotonin Reuptake Inhibitors,123.81718271206749,100.0,101.48691208178745,100.36791935223796,100.03199822112907,100.50959071765124,23.44926335982953
2027-06-01,RMD_Delusional Disorder,8,PT_Antidepressants|PT_Anxiolytic Medications|PT_Cognitive Behavioral Therapy|PT_Digital Health Tools|PT_Metaverse|PT_Mindfulness Based Stress Reduction|PT_Reality Testing Techniques|PT_Selective Serotonin Reuptake Inhibitors,125.47811092810868,100.0,101.59077084412358,100.80047705865026,100.57178412269919,100.86374113910394,24.67763386945842
2027-07-01,RMD_Delusional Disorder,8,PT_Antidepressants|PT_Anxiolytic Medications|PT_Cognitive Behavioral Therapy|PT_Digital Health Tools|PT_Metaverse|PT_Mindfulness Based Stress Reduction|PT_Reality Testing Techniques|PT_Selective Serotonin Reuptake Inhibitors,127.11338253641378,100.0,101.69269116588549,101.24527319120095,101.13339630250364,101.22469409524767,25.86810934521283
2027-08-01,RMD_Delusional Disorder,8,PT_Antidepressants|PT_Anxiolytic Medications|PT_Cognitive Behavioral Therapy|PT_Digital Health Tools|PT_Metaverse|PT_Mindfulness Based Stress Reduction|PT_Reality Testing Techniques|PT_Selective Serotonin Reuptake Inhibitors,128.81393376266135,100.0,101.79967386137842,101.6811904655728,101.66589702541377,101.58727395129651,27.132743297088552
2027-09-01,RMD_Delusional Disorder,8,PT_Antidepressants|PT_Anxiolytic Medications|PT_Cognitive Behavioral Therapy|PT_Digital Health Tools|PT_Metaverse|PT_Mindfulness Based Stress Reduction|PT_Reality Testing Techniques|PT_Selective Serotonin Reuptake Inhibitors,130.62517688843843,100.0,101.91151867847695,102.37485459369925,102.57455483120962,102.13428336676566,28.250322294739178
2027-10-01,RMD_Delusional Disorder,8,PT_Antidepressants|PT_Anxiolytic Medications|PT_Cognitive Behavioral Therapy|PT_Digital Health Tools|PT_Metaverse|PT_Mindfulness Based Stress Reduction|PT_Reality Testing Techniques|PT_Selective Serotonin Reuptake Inhibitors,132.3716729405247,100.0,102.01847734371484,103.17323858818422,103.64524203226252,102.75176323601998,29.19843435234047
2027-11-01,RMD_Delusional Disorder,8,PT_Antidepressants|PT_Anxiolytic Medications|PT_Cognitive Behavioral Therapy|PT_Digital Health Tools|PT_Metaverse|PT_Mindfulness Based Stress Reduction|PT_Reality Testing Techniques|PT_Selective Serotonin Reuptake Inhibitors,134.0626469596662,100.0,102.12204774299033,103.98633402411117,104.741841843355,103.37760594162873,30.076312935555038
2027-12-01,RMD_Delusional Disorder,8,PT_Antidepressants|PT_Anxiolytic Medications|PT_Cognitive Behavioral Therapy|PT_Digital Health Tools|PT_Metaverse|PT_Mindfulness Based Stress Reduction|PT_Reality Testing Techniques|PT_Selective Serotonin Reuptake Inhibitors,135.59865919100517,100.0,102.21482054766233,104.7714330603751,105.81883896488047,103.97305130690486,30.827226130630066
2028-01-01,RMD_Delusional Disorder,8,PT_Antidepressants|PT_Anxiolytic Medications|PT_Cognitive Behavioral Therapy|PT_Digital Health Tools|PT_Metaverse|PT_Mindfulness Based Stress Reduction|PT_Reality Testing Techniques|PT_Selective Serotonin Reuptake Inhibitors,137.00746206159047,100.0,102.29829364362908,105.5032256185188,106.84380606210736,104.51774881198251,31.504236443071676
2028-02-01,RMD_Delusional Disorder,8,PT_Antidepressants|PT_Anxiolytic Medications|PT_Cognitive Behavioral Therapy|PT_Digital Health Tools|PT_Metaverse|PT_Mindfulness Based Stress Reduction|PT_Reality Testing Techniques|PT_Selective Serotonin Reuptake Inhibitors,138.34086697345225,100.0,102.37736920292124,106.26930043463078,107.92017901839289,105.08633605777226,32.07156653882147
2028-03-01,RMD_Delusional Disorder,8,PT_Antidepressants|PT_Anxiolytic Medications|PT_Cognitive Behavioral Therapy|PT_Digital Health Tools|PT_Metaverse|PT_Mindfulness Based Stress Reduction|PT_Reality Testing Techniques|PT_Selective Serotonin Reuptake Inhibitors,139.46472431171875,100.0,102.44424540273185,106.92562269825434,108.84173949000824,105.57373053285824,32.53910161346441
2028-04-01,RMD_Delusional Disorder,8,PT_Antidepressants|PT_Anxiolytic Medications|PT_Cognitive Behavioral Therapy|PT_Digital Health Tools|PT_Metaverse|PT_Mindfulness Based Stress Reduction|PT_Reality Testing Techniques|PT_Selective Serotonin Reuptake Inhibitors,140.87879249885654,100.0,102.53016958471393,107.62759909075693,109.80090591733028,106.10794357188063,33.25119340809961
2028-05-01,RMD_Delusional Disorder,8,PT_Antidepressants|PT_Anxiolytic Medications|PT_Cognitive Behavioral Therapy|PT_Digital Health Tools|PT_Metaverse|PT_Mindfulness Based Stress Reduction|PT_Reality Testing Techniques|PT_Selective Serotonin Reuptake Inhibitors,142.2992855747076,100.0,102.61559714142494,108.44545391462658,110.93946133564535,106.71998141338214,33.85383166008101
2028-06-01,RMD_Delusional Disorder,8,PT_Antidepressants|PT_Anxiolytic Medications|PT_Cognitive Behavioral Therapy|PT_Digital Health Tools|PT_Metaverse|PT_Mindfulness Based Stress Reduction|PT_Reality Testing Techniques|PT_Selective Serotonin Reuptake Inhibitors,143.82949994524242,100.0,102.70804954269623,109.32730050915453,112.15331643861067,107.38659175696436,34.50219943608789
2028-07-01,RMD_Delusional Disorder,8,PT_Antidepressants|PT_Anxiolytic Medications|PT_Cognitive Behavioral Therapy|PT_Digital Health Tools|PT_Metaverse|PT_Mindfulness Based Stress Reduction|PT_Reality Testing Techniques|PT_Selective Serotonin Reuptake Inhibitors,145.41199813609512,100.0,102.80420260324559,110.23489712556298,113.39306464645183,108.0772630938803,35.17710101053214
2028-08-01,RMD_Delusional Disorder,8,PT_Antidepressants|PT_Anxiolytic Medications|PT_Cognitive Behavioral Therapy|PT_Digital Health Tools|PT_Metaverse|PT_Mindfulness Based Stress Reduction|PT_Reality Testing Techniques|PT_Selective Serotonin Reuptake Inhibitors,147.1590868583969,100.0,102.91257905353156,111.15662525799182,114.61641876416257,108.7960579168755,36.002461600405084
2028-09-01,RMD_Delusional Disorder,8,PT_Antidepressants|PT_Anxiolytic Medications|PT_Cognitive Behavioral Therapy|PT_Digital Health Tools|PT_Metaverse|PT_Mindfulness Based Stress Reduction|PT_Reality Testing Techniques|PT_Selective Serotonin Reuptake Inhibitors,148.67846996600736,100.0,103.00483921276243,112.14507147714137,115.97016490153062,109.54638225031273,36.533398488865984
2028-10-01,RMD_Delusional Disorder,8,PT_Antidepressants|PT_Anxiolytic Medications|PT_Cognitive Behavioral Therapy|PT_Digital Health Tools|PT_Metaverse|PT_Mindfulness Based Stress Reduction|PT_Reality Testing Techniques|PT_Selective Serotonin Reuptake Inhibitors,150.16504147617832,100.0,103.0942477817271,113.19277674224428,117.4157023394981,110.33639913582121,36.97226473393404
2028-11-01,RMD_Delusional Disorder,8,PT_Antidepressants|PT_Anxiolytic Medications|PT_Cognitive Behavioral Therapy|PT_Digital Health Tools|PT_Metaverse|PT_Mindfulness Based Stress Reduction|PT_Reality Testing Techniques|PT_Selective Serotonin Reuptake Inhibitors,151.78028254908318,100.0,103.19160235502908,114.36379948205328,119.03145158891502,111.21931105450895,37.4164830670299
2028-12-01,RMD_Delusional Disorder,8,PT_Antidepressants|PT_Anxiolytic Medications|PT_Cognitive Behavioral Therapy|PT_Digital Health Tools|PT_Metaverse|PT_Mindfulness Based Stress Reduction|PT_Reality Testing Techniques|PT_Selective Serotonin Reuptake Inhibitors,153.28793250431082,100.0,103.28081067186831,115.61129238779893,120.77984570440216,112.14651080394734,37.67664011651189
2026-01-01,RMD_Diogenes Syndrome,8,PT_Anticonvulsant Therapy|PT_Emdr Therapy|PT_Focused Ultrasound Therapy|PT_Meditation And Relaxation Techniques|PT_Metaverse|PT_Mindfulness Based Stress Reduction|PT_Psilocybin Assisted Therapy|PT_Stem Cell Therapy For Neurological Disorders,100.0,100.0,100.0,100.0,100.0,100.0,0.0
2026-02-01,RMD_Diogenes Syndrome,8,PT_Anticonvulsant Therapy|PT_Emdr Therapy|PT_Focused Ultrasound Therapy|PT_Meditation And Relaxation Techniques|PT_Metaverse|PT_Mindfulness Based Stress Reduction|PT_Psilocybin Assisted Therapy|PT_Stem Cell Therapy For Neurological Disorders,98.90296407475365,100.0,99.80281199140396,99.72017819789797,98.9750347398032,99.90512033399418,-0.8172141231443106
2026-03-01,RMD_Diogenes Syndrome,8,PT_Anticonvulsant Therapy|PT_Emdr Therapy|PT_Focused Ultrasound Therapy|PT_Meditation And Relaxation Techniques|PT_Metaverse|PT_Mindfulness Based Stress Reduction|PT_Psilocybin Assisted Therapy|PT_Stem Cell Therapy For Neurological Disorders,98.27334407314711,100.0,99.6891181317199,99.36184467099528,97.6317874277649,99.7945671876903,-1.0885005978481672
2026-04-01,RMD_Diogenes Syndrome,8,PT_Anticonvulsant Therapy|PT_Emdr Therapy|PT_Focused Ultrasound Therapy|PT_Meditation And Relaxation Techniques|PT_Metaverse|PT_Mindfulness Based Stress Reduction|PT_Psilocybin Assisted Therapy|PT_Stem Cell Therapy For Neurological Disorders,98.21162282296869,100.0,99.67646900122578,99.11941435290177,96.62935507727772,99.72485798031435,-0.9077915299330783
2026-05-01,RMD_Diogenes Syndrome,8,PT_Anticonvulsant Therapy|PT_Emdr Therapy|PT_Focused Ultrasound Therapy|PT_Meditation And Relaxation Techniques|PT_Metaverse|PT_Mindfulness Based Stress Reduction|PT_Psilocybin Assisted Therapy|PT_Stem Cell Therapy For Neurological Disorders,98.38446340673049,100.0,99.70553869475664,98.87587763320525,95.5874117649124,99.65829594677976,-0.49141422647475963
2026-06-01,RMD_Diogenes Syndrome,8,PT_Anticonvulsant Therapy|PT_Emdr Therapy|PT_Focused Ultrasound Therapy|PT_Meditation And Relaxation Techniques|PT_Metaverse|PT_Mindfulness Based Stress Reduction|PT_Psilocybin Assisted Therapy|PT_Stem Cell Therapy For Neurological Disorders,98.5667914584958,100.0,99.73602797244679,98.70707497979747,94.81868468496936,99.61354230290355,-0.14028352130166866
2026-07-01,RMD_Diogenes Syndrome,8,PT_Anticonvulsant Therapy|PT_Emdr Therapy|PT_Focused Ultrasound Therapy|PT_Meditation And Relaxation Techniques|PT_Metaverse|PT_Mindfulness Based Stress Reduction|PT_Psilocybin Assisted Therapy|PT_Stem Cell Therapy For Neurological Disorders,98.66862361506686,100.0,99.75162927298364,98.6985110646273,94.63501074984056,99.61420778459689,-0.029887449560433765
2026-08-01,RMD_Diogenes Syndrome,8,PT_Anticonvulsant Therapy|PT_Emdr Therapy|PT_Focused Ultrasound Therapy|PT_Meditation And Relaxation Techniques|PT_Metaverse|PT_Mindfulness Based Stress Reduction|PT_Psilocybin Assisted Therapy|PT_Stem Cell Therapy For Neurological Disorders,98.8431086932826,100.0,99.78005626920853,98.7280415958101,94.57364399407047,99.62735798014106,0.11506709747250454
2026-09-01,RMD_Diogenes Syndrome,8,PT_Anticonvulsant Therapy|PT_Emdr Therapy|PT_Focused Ultrasound Therapy|PT_Meditation And Relaxation Techniques|PT_Metaverse|PT_Mindfulness Based Stress Reduction|PT_Psilocybin Assisted Therapy|PT_Stem Cell Therapy For Neurological Disorders,98.92162276182724,100.0,99.7907561199615,98.88030935233328,94.96516740685458,99.67505776693042,0.041313409493952236
2026-10-01,RMD_Diogenes Syndrome,8,PT_Anticonvulsant Therapy|PT_Emdr Therapy|PT_Focused Ultrasound Therapy|PT_Meditation And Relaxation Techniques|PT_Metaverse|PT_Mindfulness Based Stress Reduction|PT_Psilocybin Assisted Therapy|PT_Stem Cell Therapy For Neurological Disorders,98.96212370857113,100.0,99.7947676811679,99.0463673962397,95.40614535269081,99.7268890858992,-0.08424368766857526
2026-11-01,RMD_Diogenes Syndrome,8,PT_Anticonvulsant Therapy|PT_Emdr Therapy|PT_Focused Ultrasound Therapy|PT_Meditation And Relaxation Techniques|PT_Metaverse|PT_Mindfulness Based Stress Reduction|PT_Psilocybin Assisted Therapy|PT_Stem Cell Therapy For Neurological Disorders,98.9208215978625,100.0,99.78441389819506,99.17873214934099,95.74050263561062,99.76817667928933,-0.2579105514784885
2026-12-01,RMD_Diogenes Syndrome,8,PT_Anticonvulsant Therapy|PT_Emdr Therapy|PT_Focused Ultrasound Therapy|PT_Meditation And Relaxation Techniques|PT_Metaverse|PT_Mindfulness Based Stress Reduction|PT_Psilocybin Assisted Therapy|PT_Stem Cell Therapy For Neurological Disorders,98.87629374803267,100.0,99.7733256040154,99.23798881861983,95.80691014246767,99.78923640204272,-0.3616950705871602
2027-01-01,RMD_Diogenes Syndrome,8,PT_Anticonvulsant Therapy|PT_Emdr Therapy|PT_Focused Ultrasound Therapy|PT_Meditation And Relaxation Techniques|PT_Metaverse|PT_Mindfulness Based Stress Reduction|PT_Psilocybin Assisted Therapy|PT_Stem Cell Therapy For Neurological Disorders,98.799793131031,100.0,99.7561281541253,99.35368419508366,96.05427058200111,99.8268014572108,-0.5538910640526638
2027-02-01,RMD_Diogenes Syndrome,8,PT_Anticonvulsant Therapy|PT_Emdr Therapy|PT_Focused Ultrasound Therapy|PT_Meditation And Relaxation Techniques|PT_Metaverse|PT_Mindfulness Based Stress Reduction|PT_Psilocybin Assisted Therapy|PT_Stem Cell Therapy For Neurological Disorders,98.67754183499017,100.0,99.73060388968885,99.54312949055402,96.58303533967766,99.88500337697299,-0.8655876555638571
2027-03-01,RMD_Diogenes Syndrome,8,PT_Anticonvulsant Therapy|PT_Emdr Therapy|PT_Focused Ultrasound Therapy|PT_Meditation And Relaxation Techniques|PT_Metaverse|PT_Mindfulness Based Stress Reduction|PT_Psilocybin Assisted Therapy|PT_Stem Cell Therapy For Neurological Disorders,98.72985995021398,100.0,99.73662123149845,99.72618699776397,97.07374368056585,99.9433716671585,-0.9963270475499968
2027-04-01,RMD_Diogenes Syndrome,8,PT_Anticonvulsant Therapy|PT_Emdr Therapy|PT_Focused Ultrasound Therapy|PT_Meditation And Relaxation Techniques|PT_Metaverse|PT_Mindfulness Based Stress Reduction|PT_Psilocybin Assisted Therapy|PT_Stem Cell Therapy For Neurological Disorders,98.88863799806835,100.0,99.76205368203405,99.95516934057243,97.71329210951922,100.01597849274081,-1.0665313425040779
2027-05-01,RMD_Diogenes Syndrome,8,PT_Anticonvulsant Therapy|PT_Emdr Therapy|PT_Focused Ultrasound Therapy|PT_Meditation And Relaxation Techniques|PT_Metaverse|PT_Mindfulness Based Stress Reduction|PT_Psilocybin Assisted Therapy|PT_Stem Cell Therapy For Neurological Disorders,99.20117627736634,100.0,99.81488198806193,100.19015437053083,98.35173709047346,100.09263366529085,-0.9889780931644907
2027-06-01,RMD_Diogenes Syndrome,8,PT_Anticonvulsant Therapy|PT_Emdr Therapy|PT_Focused Ultrasound Therapy|PT_Meditation And Relaxation Techniques|PT_Metaverse|PT_Mindfulness Based Stress Reduction|PT_Psilocybin Assisted Therapy|PT_Stem Cell Therapy For Neurological Disorders,99.39850507020832,100.0,99.84714398029928,100.4865783093939,99.23158639960215,100.1850455033506,-1.08807323918559
2027-07-01,RMD_Diogenes Syndrome,8,PT_Anticonvulsant Therapy|PT_Emdr Therapy|PT_Focused Ultrasound Therapy|PT_Meditation And Relaxation Techniques|PT_Metaverse|PT_Mindfulness Based Stress Reduction|PT_Psilocybin Assisted Therapy|PT_Stem Cell Therapy For Neurological Disorders,99.55481637638177,100.0,99.87211029872289,100.78892547009843,100.13533538925758,100.27857340966686,-1.2341090937166683
2027-08-01,RMD_Diogenes Syndrome,8,PT_Anticonvulsant Therapy|PT_Emdr Therapy|PT_Focused Ultrasound Therapy|PT_Meditation And Relaxation Techniques|PT_Metaverse|PT_Mindfulness Based Stress Reduction|PT_Psilocybin Assisted Therapy|PT_Stem Cell Therapy For Neurological Disorders,99.88200752292963,100.0,99.92774246003059,101.09120539092653,101.02095272201812,100.37445823031365,-1.209197867996906
2027-09-01,RMD_Diogenes Syndrome,8,PT_Anticonvulsant Therapy|PT_Emdr Therapy|PT_Focused Ultrasound Therapy|PT_Meditation And Relaxation Techniques|PT_Metaverse|PT_Mindfulness Based Stress Reduction|PT_Psilocybin Assisted Therapy|PT_Stem Cell Therapy For Neurological Disorders,100.12357954156133,100.0,99.96756144256871,101.56585167861296,102.5489021820935,100.51850035641397,-1.4422721370516314
2027-10-01,RMD_Diogenes Syndrome,8,PT_Anticonvulsant Therapy|PT_Emdr Therapy|PT_Focused Ultrasound Therapy|PT_Meditation And Relaxation Techniques|PT_Metaverse|PT_Mindfulness Based Stress Reduction|PT_Psilocybin Assisted Therapy|PT_Stem Cell Therapy For Neurological Disorders,100.29993048848442,100.0,99.99611556573325,102.10408243853358,104.32113998215925,100.67947760518926,-1.8041519500491603
2027-11-01,RMD_Diogenes Syndrome,8,PT_Anticonvulsant Therapy|PT_Emdr Therapy|PT_Focused Ultrasound Therapy|PT_Meditation And Relaxation Techniques|PT_Metaverse|PT_Mindfulness Based Stress Reduction|PT_Psilocybin Assisted Therapy|PT_Stem Cell Therapy For Neurological Disorders,100.5020978900082,100.0,100.02926038394031,102.65302878967,106.14161601464176,100.84306132393007,-2.1509308996618017
2027-12-01,RMD_Diogenes Syndrome,8,PT_Anticonvulsant Therapy|PT_Emdr Therapy|PT_Focused Ultrasound Therapy|PT_Meditation And Relaxation Techniques|PT_Metaverse|PT_Mindfulness Based Stress Reduction|PT_Psilocybin Assisted Therapy|PT_Stem Cell Therapy For Neurological Disorders,100.54655194842022,100.0,100.03419714676296,103.17637508603647,107.89810460235621,100.99698862601669,-2.629823137616256
2028-01-01,RMD_Diogenes Syndrome,8,PT_Anticonvulsant Therapy|PT_Emdr Therapy|PT_Focused Ultrasound Therapy|PT_Meditation And Relaxation Techniques|PT_Metaverse|PT_Mindfulness Based Stress Reduction|PT_Psilocybin Assisted Therapy|PT_Stem Cell Therapy For Neurological Disorders,100.43092079671962,100.0,100.01098235506328,103.65440170569228,109.52102582544806,101.13495823166541,-3.223480908972661
2028-02-01,RMD_Diogenes Syndrome,8,PT_Anticonvulsant Therapy|PT_Emdr Therapy|PT_Focused Ultrasound Therapy|PT_Meditation And Relaxation Techniques|PT_Metaverse|PT_Mindfulness Based Stress Reduction|PT_Psilocybin Assisted Therapy|PT_Stem Cell Therapy For Neurological Disorders,100.34191780521553,100.0,99.99271138879402,104.15371280259473,111.22728245083826,101.27888251204921,-3.811794997379195
2028-03-01,RMD_Diogenes Syndrome,8,PT_Anticonvulsant Therapy|PT_Emdr Therapy|PT_Focused Ultrasound Therapy|PT_Meditation And Relaxation Techniques|PT_Metaverse|PT_Mindfulness Based Stress Reduction|PT_Psilocybin Assisted Therapy|PT_Stem Cell Therapy For Neurological Disorders,100.2951445879582,100.0,99.98245648232978,104.57984246308226,112.68032283879052,101.40211447103113,-4.284697875124053
2028-04-01,RMD_Diogenes Syndrome,8,PT_Anticonvulsant Therapy|PT_Emdr Therapy|PT_Focused Ultrasound Therapy|PT_Meditation And Relaxation Techniques|PT_Metaverse|PT_Mindfulness Based Stress Reduction|PT_Psilocybin Assisted Therapy|PT_Stem Cell Therapy For Neurological Disorders,100.43000367481261,100.0,100.00449181853392,105.0443599802926,114.2195450233116,101.53971667532832,-4.614356305479987
2028-05-01,RMD_Diogenes Syndrome,8,PT_Anticonvulsant Therapy|PT_Emdr Therapy|PT_Focused Ultrasound Therapy|PT_Meditation And Relaxation Techniques|PT_Metaverse|PT_Mindfulness Based Stress Reduction|PT_Psilocybin Assisted Therapy|PT_Stem Cell Therapy For Neurological Disorders,100.44683865970329,100.0,100.00526870538727,105.5786969400966,116.02447247035172,101.69564042249492,-5.131858280393317
2028-06-01,RMD_Diogenes Syndrome,8,PT_Anticonvulsant Therapy|PT_Emdr Therapy|PT_Focused Ultrasound Therapy|PT_Meditation And Relaxation Techniques|PT_Metaverse|PT_Mindfulness Based Stress Reduction|PT_Psilocybin Assisted Therapy|PT_Stem Cell Therapy For Neurological Disorders,100.58727426941752,100.0,100.02789023803531,106.1588303684623,117.97413969300572,101.86664842137691,-5.571556099044784
2028-07-01,RMD_Diogenes Syndrome,8,PT_Anticonvulsant Therapy|PT_Emdr Therapy|PT_Focused Ultrasound Therapy|PT_Meditation And Relaxation Techniques|PT_Metaverse|PT_Mindfulness Based Stress Reduction|PT_Psilocybin Assisted Therapy|PT_Stem Cell Therapy For Neurological Disorders,100.79704218697522,100.0,100.06287133425938,106.75538255210785,119.9658257138995,102.04371507650856,-5.958340365132628
2028-08-01,RMD_Diogenes Syndrome,8,PT_Anticonvulsant Therapy|PT_Emdr Therapy|PT_Focused Ultrasound Therapy|PT_Meditation And Relaxation Techniques|PT_Metaverse|PT_Mindfulness Based Stress Reduction|PT_Psilocybin Assisted Therapy|PT_Stem Cell Therapy For Neurological Disorders,101.30530693118571,100.0,100.15102680429146,107.37155655423751,121.97739887714135,102.2310135126751,-6.066249623051803
2028-09-01,RMD_Diogenes Syndrome,8,PT_Anticonvulsant Therapy|PT_Emdr Therapy|PT_Focused Ultrasound Therapy|PT_Meditation And Relaxation Techniques|PT_Metaverse|PT_Mindfulness Based Stress Reduction|PT_Psilocybin Assisted Therapy|PT_Stem Cell Therapy For Neurological Disorders,101.55495383925151,100.0,100.19283744221727,108.02038468544575,124.16193751424764,102.42335851834937,-6.465430846194238
2028-10-01,RMD_Diogenes Syndrome,8,PT_Anticonvulsant Therapy|PT_Emdr Therapy|PT_Focused Ultrasound Therapy|PT_Meditation And Relaxation Techniques|PT_Metaverse|PT_Mindfulness Based Stress Reduction|PT_Psilocybin Assisted Therapy|PT_Stem Cell Therapy For Neurological Disorders,101.71517609056863,100.0,100.21872896225715,108.70262492252132,126.47174257761942,102.62444490334953,-6.98744883195269
2028-11-01,RMD_Diogenes Syndrome,8,PT_Anticonvulsant Therapy|PT_Emdr Therapy|PT_Focused Ultrasound Therapy|PT_Meditation And Relaxation Techniques|PT_Metaverse|PT_Mindfulness Based Stress Reduction|PT_Psilocybin Assisted Therapy|PT_Stem Cell Therapy For Neurological Disorders,101.91267354950845,100.0,100.2508073266928,109.46671442735465,129.06621214640447,102.84947476510749,-7.554040877846191
2028-12-01,RMD_Diogenes Syndrome,8,PT_Anticonvulsant Therapy|PT_Emdr Therapy|PT_Focused Ultrasound Therapy|PT_Meditation And Relaxation Techniques|PT_Metaverse|PT_Mindfulness Based Stress Reduction|PT_Psilocybin Assisted Therapy|PT_Stem Cell Therapy For Neurological Disorders,101.97221268204606,100.0,100.25815243876083,110.27403306001342,131.8496848025869,103.08410558671189,-8.30182037796736
2026-01-01,RMD_Disinhibited Social Engagement Disorder,8,PT_Acceptance And Commitment Therapy|PT_Anticonvulsant Therapy|PT_Light Therapy|PT_Lithium Therapy|PT_Memory Retrieval Techniques|PT_Narrative Exposure Therapy|PT_Psychoeducation Programs|PT_Speech Language Therapy,100.0,100.0,100.0,100.0,100.0,100.0,0.0
2026-02-01,RMD_Disinhibited Social Engagement Disorder,8,PT_Acceptance And Commitment Therapy|PT_Anticonvulsant Therapy|PT_Light Therapy|PT_Lithium Therapy|PT_Memory Retrieval Techniques|PT_Narrative Exposure Therapy|PT_Psychoeducation Programs|PT_Speech Language Therapy,99.93768325053166,100.0,99.98374782127837,99.81176032177957,99.44015769471443,99.92483273238817,0.12592292875208955
2026-03-01,RMD_Disinhibited Social Engagement Disorder,8,PT_Acceptance And Commitment Therapy|PT_Anticonvulsant Therapy|PT_Light Therapy|PT_Lithium Therapy|PT_Memory Retrieval Techniques|PT_Narrative Exposure Therapy|PT_Psychoeducation Programs|PT_Speech Language Therapy,99.97509326189711,100.0,99.98910553104338,99.47284336284987,98.35560878837313,99.80494794449628,0.5022498990472428
2026-04-01,RMD_Disinhibited Social Engagement Disorder,8,PT_Acceptance And Commitment Therapy|PT_Anticonvulsant Therapy|PT_Light Therapy|PT_Lithium Therapy|PT_Memory Retrieval Techniques|PT_Narrative Exposure Therapy|PT_Psychoeducation Programs|PT_Speech Language Therapy,100.19367370666886,100.0,100.03185013838454,99.22591708732988,97.49457318218016,99.72674457593276,0.967756619338985
2026-05-01,RMD_Disinhibited Social Engagement Disorder,8,PT_Acceptance And Commitment Therapy|PT_Anticonvulsant Therapy|PT_Light Therapy|PT_Lithium Therapy|PT_Memory Retrieval Techniques|PT_Narrative Exposure Therapy|PT_Psychoeducation Programs|PT_Speech Language Therapy,100.47133166393161,100.0,100.08716263816935,98.96377060271935,96.54617752578127,99.64823062501719,1.5075610612122574
2026-06-01,RMD_Disinhibited Social Engagement Disorder,8,PT_Acceptance And Commitment Therapy|PT_Anticonvulsant Therapy|PT_Light Therapy|PT_Lithium Therapy|PT_Memory Retrieval Techniques|PT_Narrative Exposure Therapy|PT_Psychoeducation Programs|PT_Speech Language Therapy,100.75539550720553,100.0,100.1435425479973,98.78666947702823,95.86078210390795,99.59965300979019,1.968726030177308
2026-07-01,RMD_Disinhibited Social Engagement Disorder,8,PT_Acceptance And Commitment Therapy|PT_Anticonvulsant Therapy|PT_Light Therapy|PT_Lithium Therapy|PT_Memory Retrieval Techniques|PT_Narrative Exposure Therapy|PT_Psychoeducation Programs|PT_Speech Language Therapy,101.06647113894294,100.0,100.204295395744,98.81145694033631,95.8302180665951,99.62010707611816,2.2550141986066308
2026-08-01,RMD_Disinhibited Social Engagement Disorder,8,PT_Acceptance And Commitment Therapy|PT_Anticonvulsant Therapy|PT_Light Therapy|PT_Lithium Therapy|PT_Memory Retrieval Techniques|PT_Narrative Exposure Therapy|PT_Psychoeducation Programs|PT_Speech Language Therapy,101.42177097523899,100.0,100.27411089908293,98.86854434645473,95.88441675929005,99.65361827806298,2.553226628784259
2026-09-01,RMD_Disinhibited Social Engagement Disorder,8,PT_Acceptance And Commitment Therapy|PT_Anticonvulsant Therapy|PT_Light Therapy|PT_Lithium Therapy|PT_Memory Retrieval Techniques|PT_Narrative Exposure Therapy|PT_Psychoeducation Programs|PT_Speech Language Therapy,101.80604247447218,100.0,100.34860234706252,99.07854046283754,96.43842228228539,99.73870516569441,2.727502011634641
2026-10-01,RMD_Disinhibited Social Engagement Disorder,8,PT_Acceptance And Commitment Therapy|PT_Anticonvulsant Therapy|PT_Light Therapy|PT_Lithium Therapy|PT_Memory Retrieval Techniques|PT_Narrative Exposure Therapy|PT_Psychoeducation Programs|PT_Speech Language Therapy,102.16668659810614,100.0,100.41854869421319,99.30714112313613,97.05251120130276,99.83035865162637,2.8595454749700053
2026-11-01,RMD_Disinhibited Social Engagement Disorder,8,PT_Acceptance And Commitment Therapy|PT_Anticonvulsant Therapy|PT_Light Therapy|PT_Lithium Therapy|PT_Memory Retrieval Techniques|PT_Narrative Exposure Therapy|PT_Psychoeducation Programs|PT_Speech Language Therapy,102.48708070708642,100.0,100.48032074638819,99.50289328085879,97.5747259084415,99.90899937084889,2.984187426227635
2026-12-01,RMD_Disinhibited Social Engagement Disorder,8,PT_Acceptance And Commitment Therapy|PT_Anticonvulsant Therapy|PT_Light Therapy|PT_Lithium Therapy|PT_Memory Retrieval Techniques|PT_Narrative Exposure Therapy|PT_Psychoeducation Programs|PT_Speech Language Therapy,102.81200248904058,100.0,100.54332548500014,99.59910508517692,97.7699082915949,99.95423030277216,3.212897403863664
2027-01-01,RMD_Disinhibited Social Engagement Disorder,8,PT_Acceptance And Commitment Therapy|PT_Anticonvulsant Therapy|PT_Light Therapy|PT_Lithium Therapy|PT_Memory Retrieval Techniques|PT_Narrative Exposure Therapy|PT_Psychoeducation Programs|PT_Speech Language Therapy,103.20146402623183,100.0,100.61891188908852,99.76176700212181,98.16067559461142,100.02420640821398,3.4396970241100178
2027-02-01,RMD_Disinhibited Social Engagement Disorder,8,PT_Acceptance And Commitment Therapy|PT_Anticonvulsant Therapy|PT_Light Therapy|PT_Lithium Therapy|PT_Memory Retrieval Techniques|PT_Narrative Exposure Therapy|PT_Psychoeducation Programs|PT_Speech Language Therapy,103.59768531565865,100.0,100.69556570322007,100.00580171684331,98.82116166152203,100.12118416303824,3.5918835988153432
2027-03-01,RMD_Disinhibited Social Engagement Disorder,8,PT_Acceptance And Commitment Therapy|PT_Anticonvulsant Therapy|PT_Light Therapy|PT_Lithium Therapy|PT_Memory Retrieval Techniques|PT_Narrative Exposure Therapy|PT_Psychoeducation Programs|PT_Speech Language Therapy,103.96870951520872,100.0,100.76827354345014,100.23280318596073,99.41633135518488,100.213908841164,3.7359063292479817
2027-04-01,RMD_Disinhibited Social Engagement Disorder,8,PT_Acceptance And Commitment Therapy|PT_Anticonvulsant Therapy|PT_Light Therapy|PT_Lithium Therapy|PT_Memory Retrieval Techniques|PT_Narrative Exposure Therapy|PT_Psychoeducation Programs|PT_Speech Language Therapy,104.35483200700038,100.0,100.8445899182777,100.50664608048933,100.14760637775329,100.32418459138835,3.84818592651105
2027-05-01,RMD_Disinhibited Social Engagement Disorder,8,PT_Acceptance And Commitment Therapy|PT_Anticonvulsant Therapy|PT_Light Therapy|PT_Lithium Therapy|PT_Memory Retrieval Techniques|PT_Narrative Exposure Therapy|PT_Psychoeducation Programs|PT_Speech Language Therapy,104.75920129308163,100.0,100.92519659282715,100.77198164983905,100.83182294211973,100.43444132636665,3.9872196432425824
2027-06-01,RMD_Disinhibited Social Engagement Disorder,8,PT_Acceptance And Commitment Therapy|PT_Anticonvulsant Therapy|PT_Light Therapy|PT_Lithium Therapy|PT_Memory Retrieval Techniques|PT_Narrative Exposure Therapy|PT_Psychoeducation Programs|PT_Speech Language Therapy,105.14632186909598,100.0,101.00147853507268,101.13043291499918,101.83763758489091,100.57393083292989,4.015888954096809
2027-07-01,RMD_Disinhibited Social Engagement Disorder,8,PT_Acceptance And Commitment Therapy|PT_Anticonvulsant Therapy|PT_Light Therapy|PT_Lithium Therapy|PT_Memory Retrieval Techniques|PT_Narrative Exposure Therapy|PT_Psychoeducation Programs|PT_Speech Language Therapy,105.51987757317454,100.0,101.07483370784504,101.5039184367869,102.89490983704835,100.7180663979432,4.015959136387636
2027-08-01,RMD_Disinhibited Social Engagement Disorder,8,PT_Acceptance And Commitment Therapy|PT_Anticonvulsant Therapy|PT_Light Therapy|PT_Lithium Therapy|PT_Memory Retrieval Techniques|PT_Narrative Exposure Therapy|PT_Psychoeducation Programs|PT_Speech Language Therapy,105.93330220520357,100.0,101.15675570702831,101.8631878927839,103.89156197757084,100.8595841974178,4.070114312419676
2027-09-01,RMD_Disinhibited Social Engagement Disorder,8,PT_Acceptance And Commitment Therapy|PT_Anticonvulsant Therapy|PT_Light Therapy|PT_Lithium Therapy|PT_Memory Retrieval Techniques|PT_Narrative Exposure Therapy|PT_Psychoeducation Programs|PT_Speech Language Therapy,106.4077370037185,100.0,101.24914521115092,102.42959909485779,105.571922719469,101.07033016932316,3.9781379088607025
2027-10-01,RMD_Disinhibited Social Engagement Disorder,8,PT_Acceptance And Commitment Therapy|PT_Anticonvulsant Therapy|PT_Light Therapy|PT_Lithium Therapy|PT_Memory Retrieval Techniques|PT_Narrative Exposure Therapy|PT_Psychoeducation Programs|PT_Speech Language Therapy,106.8599508180389,100.0,101.33667972120627,103.08629951530561,107.5617383490302,101.3099602999693,3.7736513027332848
2027-11-01,RMD_Disinhibited Social Engagement Disorder,8,PT_Acceptance And Commitment Therapy|PT_Anticonvulsant Therapy|PT_Light Therapy|PT_Lithium Therapy|PT_Memory Retrieval Techniques|PT_Narrative Exposure Therapy|PT_Psychoeducation Programs|PT_Speech Language Therapy,107.31129357703767,100.0,101.42369774253106,103.75824803771339,109.61056394338762,101.55386886097536,3.5530455393242875
2027-12-01,RMD_Disinhibited Social Engagement Disorder,8,PT_Acceptance And Commitment Therapy|PT_Anticonvulsant Therapy|PT_Light Therapy|PT_Lithium Therapy|PT_Memory Retrieval Techniques|PT_Narrative Exposure Therapy|PT_Psychoeducation Programs|PT_Speech Language Therapy,107.71782235443713,100.0,101.50086804539316,104.42276775922727,111.66469918862975,101.79167986641663,3.295054595209862
2028-01-01,RMD_Disinhibited Social Engagement Disorder,8,PT_Acceptance And Commitment Therapy|PT_Anticonvulsant Therapy|PT_Light Therapy|PT_Lithium Therapy|PT_Memory Retrieval Techniques|PT_Narrative Exposure Therapy|PT_Psychoeducation Programs|PT_Speech Language Therapy,108.05726172508514,100.0,101.56416201769422,105.0546435258744,113.6412694436013,102.01473504092777,3.002618199210744
2028-02-01,RMD_Disinhibited Social Engagement Disorder,8,PT_Acceptance And Commitment Therapy|PT_Anticonvulsant Therapy|PT_Light Therapy|PT_Lithium Therapy|PT_Memory Retrieval Techniques|PT_Narrative Exposure Therapy|PT_Psychoeducation Programs|PT_Speech Language Therapy,108.38346286954295,100.0,101.6249906171214,105.70930776685317,115.69616184122592,102.24510474675051,2.674155102689781
2028-03-01,RMD_Disinhibited Social Engagement Disorder,8,PT_Acceptance And Commitment Therapy|PT_Anticonvulsant Therapy|PT_Light Therapy|PT_Lithium Therapy|PT_Memory Retrieval Techniques|PT_Narrative Exposure Therapy|PT_Psychoeducation Programs|PT_Speech Language Therapy,108.65859839577016,100.0,101.67631582390626,106.27284600337485,117.46813802140365,102.44333868675893,2.385752392395304
2028-04-01,RMD_Disinhibited Social Engagement Disorder,8,PT_Acceptance And Commitment Therapy|PT_Anticonvulsant Therapy|PT_Light Therapy|PT_Lithium Therapy|PT_Memory Retrieval Techniques|PT_Narrative Exposure Therapy|PT_Psychoeducation Programs|PT_Speech Language Therapy,109.0168108232979,100.0,101.74487109474262,106.86384941867077,119.28534207617508,102.65584039971569,2.152961404627135
2028-05-01,RMD_Disinhibited Social Engagement Disorder,8,PT_Acceptance And Commitment Therapy|PT_Anticonvulsant Therapy|PT_Light Therapy|PT_Lithium Therapy|PT_Memory Retrieval Techniques|PT_Narrative Exposure Therapy|PT_Psychoeducation Programs|PT_Speech Language Therapy,109.37506861829031,100.0,101.81247602631476,107.55782401031217,121.45152628981627,102.90136525663547,1.8172446079781395
2028-06-01,RMD_Disinhibited Social Engagement Disorder,8,PT_Acceptance And Commitment Therapy|PT_Anticonvulsant Therapy|PT_Light Therapy|PT_Lithium Therapy|PT_Memory Retrieval Techniques|PT_Narrative Exposure Therapy|PT_Psychoeducation Programs|PT_Speech Language Therapy,109.77620774088717,100.0,101.88895079101971,108.29576706181255,123.73641091177345,103.16449823139196,1.4804406790746185
2028-07-01,RMD_Disinhibited Social Engagement Disorder,8,PT_Acceptance And Commitment Therapy|PT_Anticonvulsant Therapy|PT_Light Therapy|PT_Lithium Therapy|PT_Memory Retrieval Techniques|PT_Narrative Exposure Therapy|PT_Psychoeducation Programs|PT_Speech Language Therapy,110.19687302027727,100.0,101.96949548692147,109.05500167031799,126.0725902115915,103.43687895414118,1.141871349959274
2028-08-01,RMD_Disinhibited Social Engagement Disorder,8,PT_Acceptance And Commitment Therapy|PT_Anticonvulsant Therapy|PT_Light Therapy|PT_Lithium Therapy|PT_Memory Retrieval Techniques|PT_Narrative Exposure Therapy|PT_Psychoeducation Programs|PT_Speech Language Therapy,110.68620649418925,100.0,102.06505278859152,109.80642627538053,128.34117209680701,103.71189645767517,0.8797802188087189
2028-09-01,RMD_Disinhibited Social Engagement Disorder,8,PT_Acceptance And Commitment Therapy|PT_Anticonvulsant Therapy|PT_Light Therapy|PT_Lithium Therapy|PT_Memory Retrieval Techniques|PT_Narrative Exposure Therapy|PT_Psychoeducation Programs|PT_Speech Language Therapy,111.11027433342946,100.0,102.14618283838792,110.62615122007595,130.87611827333603,104.00419881986312,0.48412311335350466
2028-10-01,RMD_Disinhibited Social Engagement Disorder,8,PT_Acceptance And Commitment Therapy|PT_Anticonvulsant Therapy|PT_Light Therapy|PT_Lithium Therapy|PT_Memory Retrieval Techniques|PT_Narrative Exposure Therapy|PT_Psychoeducation Programs|PT_Speech Language Therapy,111.5187720587955,100.0,102.22382831088214,111.49588807967542,133.58099244659033,104.3122331289448,0.02288397912008122
2028-11-01,RMD_Disinhibited Social Engagement Disorder,8,PT_Acceptance And Commitment Therapy|PT_Anticonvulsant Therapy|PT_Light Therapy|PT_Lithium Therapy|PT_Memory Retrieval Techniques|PT_Narrative Exposure Therapy|PT_Psychoeducation Programs|PT_Speech Language Therapy,111.97777284583029,100.0,102.31116999847808,112.45784806326326,136.57700608721763,104.65227643553382,-0.48007521743296877
2028-12-01,RMD_Disinhibited Social Engagement Disorder,8,PT_Acceptance And Commitment Therapy|PT_Anticonvulsant Therapy|PT_Light Therapy|PT_Lithium Therapy|PT_Memory Retrieval Techniques|PT_Narrative Exposure Therapy|PT_Psychoeducation Programs|PT_Speech Language Therapy,112.41408082703799,100.0,102.39300247294804,113.48876851772737,139.82966563288213,105.01188009188674,-1.0746876906893732
2026-01-01,RMD_Dissociative Amnesia,8,PT_Focused Ultrasound Therapy|PT_Metaverse|PT_Mindfulness Based Stress Reduction|PT_Mood Stabilizers|PT_Privacy Preserving Ai In Digital Mental Health|PT_Psilocybin Assisted Therapy|PT_Reality Testing Techniques|PT_Resting State Fmri,100.0,100.0,100.0,100.0,100.0,100.0,0.0
2026-02-01,RMD_Dissociative Amnesia,8,PT_Focused Ultrasound Therapy|PT_Metaverse|PT_Mindfulness Based Stress Reduction|PT_Mood Stabilizers|PT_Privacy Preserving Ai In Digital Mental Health|PT_Psilocybin Assisted Therapy|PT_Reality Testing Techniques|PT_Resting State Fmri,98.85355626438698,100.0,99.76894523361366,99.71406814736518,99.3729042611645,99.86473967150286,-0.8605118829782015
2026-03-01,RMD_Dissociative Amnesia,8,PT_Focused Ultrasound Therapy|PT_Metaverse|PT_Mindfulness Based Stress Reduction|PT_Mood Stabilizers|PT_Privacy Preserving Ai In Digital Mental Health|PT_Psilocybin Assisted Therapy|PT_Reality Testing Techniques|PT_Resting State Fmri,98.23436899292142,100.0,99.6432497873559,99.32254485837879,98.34869135978165,99.70139527969975,-1.088175865457373
2026-04-01,RMD_Dissociative Amnesia,8,PT_Focused Ultrasound Therapy|PT_Metaverse|PT_Mindfulness Based Stress Reduction|PT_Mood Stabilizers|PT_Privacy Preserving Ai In Digital Mental Health|PT_Psilocybin Assisted Therapy|PT_Reality Testing Techniques|PT_Resting State Fmri,98.27408841976509,100.0,99.64846470858889,99.06067715805332,97.58424682788467,99.60252706863447,-0.7865887382882306
2026-05-01,RMD_Dissociative Amnesia,8,PT_Focused Ultrasound Therapy|PT_Metaverse|PT_Mindfulness Based Stress Reduction|PT_Mood Stabilizers|PT_Privacy Preserving Ai In Digital Mental Health|PT_Psilocybin Assisted Therapy|PT_Reality Testing Techniques|PT_Resting State Fmri,98.58203862035651,100.0,99.70695862693672,98.79550239586078,96.76095487040811,99.5088543501066,-0.2134637755042661
2026-06-01,RMD_Dissociative Amnesia,8,PT_Focused Ultrasound Therapy|PT_Metaverse|PT_Mindfulness Based Stress Reduction|PT_Mood Stabilizers|PT_Privacy Preserving Ai In Digital Mental Health|PT_Psilocybin Assisted Therapy|PT_Reality Testing Techniques|PT_Resting State Fmri,98.89330338957575,100.0,99.76570054682273,98.61631906032534,96.17959630254212,99.4488043976353,0.2769843292504106
2026-07-01,RMD_Dissociative Amnesia,8,PT_Focused Ultrasound Therapy|PT_Metaverse|PT_Mindfulness Based Stress Reduction|PT_Mood Stabilizers|PT_Privacy Preserving Ai In Digital Mental Health|PT_Psilocybin Assisted Therapy|PT_Reality Testing Techniques|PT_Resting State Fmri,99.1074946920738,100.0,99.80467812190363,98.62308954632272,96.13134232876789,99.46015400434007,0.48440514575108296
2026-08-01,RMD_Dissociative Amnesia,8,PT_Focused Ultrasound Therapy|PT_Metaverse|PT_Mindfulness Based Stress Reduction|PT_Mood Stabilizers|PT_Privacy Preserving Ai In Digital Mental Health|PT_Psilocybin Assisted Therapy|PT_Reality Testing Techniques|PT_Resting State Fmri,99.40444864966875,100.0,99.86005824316123,98.67291438149734,96.18548790910772,99.49079439199245,0.7315342681714156
2026-09-01,RMD_Dissociative Amnesia,8,PT_Focused Ultrasound Therapy|PT_Metaverse|PT_Mindfulness Based Stress Reduction|PT_Mood Stabilizers|PT_Privacy Preserving Ai In Digital Mental Health|PT_Psilocybin Assisted Therapy|PT_Reality Testing Techniques|PT_Resting State Fmri,99.58873497226288,100.0,99.89227088739565,98.8630587116844,96.6462229825509,99.57472704136701,0.7256762605784814
2026-10-01,RMD_Dissociative Amnesia,8,PT_Focused Ultrasound Therapy|PT_Metaverse|PT_Mindfulness Based Stress Reduction|PT_Mood Stabilizers|PT_Privacy Preserving Ai In Digital Mental Health|PT_Psilocybin Assisted Therapy|PT_Reality Testing Techniques|PT_Resting State Fmri,99.72419834526393,100.0,99.91499747279543,99.07058270742823,97.15675643148937,99.66535820731602,0.6536156378356992
2026-11-01,RMD_Dissociative Amnesia,8,PT_Focused Ultrasound Therapy|PT_Metaverse|PT_Mindfulness Based Stress Reduction|PT_Mood Stabilizers|PT_Privacy Preserving Ai In Digital Mental Health|PT_Psilocybin Assisted Therapy|PT_Reality Testing Techniques|PT_Resting State Fmri,99.76227433696624,100.0,99.91863482868845,99.23814832680651,97.56775032950097,99.7386395052471,0.5241260101597334
2026-12-01,RMD_Dissociative Amnesia,8,PT_Focused Ultrasound Therapy|PT_Metaverse|PT_Mindfulness Based Stress Reduction|PT_Mood Stabilizers|PT_Privacy Preserving Ai In Digital Mental Health|PT_Psilocybin Assisted Therapy|PT_Reality Testing Techniques|PT_Resting State Fmri,99.79928855877385,100.0,99.92204484983817,99.31890161764579,97.72739570740977,99.7789607878781,0.48038694112806013
2027-01-01,RMD_Dissociative Amnesia,8,PT_Focused Ultrasound Therapy|PT_Metaverse|PT_Mindfulness Based Stress Reduction|PT_Mood Stabilizers|PT_Privacy Preserving Ai In Digital Mental Health|PT_Psilocybin Assisted Therapy|PT_Reality Testing Techniques|PT_Resting State Fmri,99.81292537733455,100.0,99.9202881722762,99.4707919201364,98.08448426534926,99.84748448216443,0.3421334571981447
2027-02-01,RMD_Dissociative Amnesia,8,PT_Focused Ultrasound Therapy|PT_Metaverse|PT_Mindfulness Based Stress Reduction|PT_Mood Stabilizers|PT_Privacy Preserving Ai In Digital Mental Health|PT_Psilocybin Assisted Therapy|PT_Reality Testing Techniques|PT_Resting State Fmri,99.76987291629966,100.0,99.90717164648015,99.70747747797051,98.69298998346804,99.94750067221862,0.06239543832914762
2027-03-01,RMD_Dissociative Amnesia,8,PT_Focused Ultrasound Therapy|PT_Metaverse|PT_Mindfulness Based Stress Reduction|PT_Mood Stabilizers|PT_Privacy Preserving Ai In Digital Mental Health|PT_Psilocybin Assisted Therapy|PT_Reality Testing Techniques|PT_Resting State Fmri,99.91674800747339,100.0,99.93235758046669,99.9355787475539,99.2484826825091,100.04801392534019,-0.018830740080517216
2027-04-01,RMD_Dissociative Amnesia,8,PT_Focused Ultrasound Therapy|PT_Metaverse|PT_Mindfulness Based Stress Reduction|PT_Mood Stabilizers|PT_Privacy Preserving Ai In Digital Mental Health|PT_Psilocybin Assisted Therapy|PT_Reality Testing Techniques|PT_Resting State Fmri,100.18397240801657,100.0,99.98186144305619,100.21936061906948,99.94795938200593,100.17210216965663,-0.03538821105290424
2027-05-01,RMD_Dissociative Amnesia,8,PT_Focused Ultrasound Therapy|PT_Metaverse|PT_Mindfulness Based Stress Reduction|PT_Mood Stabilizers|PT_Privacy Preserving Ai In Digital Mental Health|PT_Psilocybin Assisted Therapy|PT_Reality Testing Techniques|PT_Resting State Fmri,100.62612109051709,100.0,100.06611996564628,100.50956897960333,100.63762055056434,100.30235636297533,0.11655211091375861
2027-06-01,RMD_Dissociative Amnesia,8,PT_Focused Ultrasound Therapy|PT_Metaverse|PT_Mindfulness Based Stress Reduction|PT_Mood Stabilizers|PT_Privacy Preserving Ai In Digital Mental Health|PT_Psilocybin Assisted Therapy|PT_Reality Testing Techniques|PT_Resting State Fmri,100.93169846621338,100.0,100.12315343049161,100.87170398121776,101.5546405324914,100.45745187482721,0.05999448499561311
2027-07-01,RMD_Dissociative Amnesia,8,PT_Focused Ultrasound Therapy|PT_Metaverse|PT_Mindfulness Based Stress Reduction|PT_Mood Stabilizers|PT_Privacy Preserving Ai In Digital Mental Health|PT_Psilocybin Assisted Therapy|PT_Reality Testing Techniques|PT_Resting State Fmri,101.19182285763456,100.0,100.17121061744186,101.24340835334118,102.5113459186439,100.61465398729791,-0.05158549570661819
2027-08-01,RMD_Dissociative Amnesia,8,PT_Focused Ultrasound Therapy|PT_Metaverse|PT_Mindfulness Based Stress Reduction|PT_Mood Stabilizers|PT_Privacy Preserving Ai In Digital Mental Health|PT_Psilocybin Assisted Therapy|PT_Reality Testing Techniques|PT_Resting State Fmri,101.6521324217254,100.0,100.25941649784765,101.61380710056673,103.43734631057873,100.77509884454139,0.03832532115866627
2027-09-01,RMD_Dissociative Amnesia,8,PT_Focused Ultrasound Therapy|PT_Metaverse|PT_Mindfulness Based Stress Reduction|PT_Mood Stabilizers|PT_Privacy Preserving Ai In Digital Mental Health|PT_Psilocybin Assisted Therapy|PT_Reality Testing Techniques|PT_Resting State Fmri,102.01492534557379,100.0,100.32740336396175,102.18226992661137,104.9461009519349,101.00980729101575,-0.16734458103758243
2027-10-01,RMD_Dissociative Amnesia,8,PT_Focused Ultrasound Therapy|PT_Metaverse|PT_Mindfulness Based Stress Reduction|PT_Mood Stabilizers|PT_Privacy Preserving Ai In Digital Mental Health|PT_Psilocybin Assisted Therapy|PT_Reality Testing Techniques|PT_Resting State Fmri,102.29571270242413,100.0,100.3795801320181,102.82770989483856,106.69545050141004,101.27160567466133,-0.5319971924144369
2027-11-01,RMD_Dissociative Amnesia,8,PT_Focused Ultrasound Therapy|PT_Metaverse|PT_Mindfulness Based Stress Reduction|PT_Mood Stabilizers|PT_Privacy Preserving Ai In Digital Mental Health|PT_Psilocybin Assisted Therapy|PT_Reality Testing Techniques|PT_Resting State Fmri,102.6067928160095,100.0,100.43769515912709,103.48493957771244,108.48463417527633,101.53715570098201,-0.8781467617029364
2027-12-01,RMD_Dissociative Amnesia,8,PT_Focused Ultrasound Therapy|PT_Metaverse|PT_Mindfulness Based Stress Reduction|PT_Mood Stabilizers|PT_Privacy Preserving Ai In Digital Mental Health|PT_Psilocybin Assisted Therapy|PT_Reality Testing Techniques|PT_Resting State Fmri,102.73209089636646,100.0,100.45883040132367,104.11238224944316,110.22177723114855,101.78684704848685,-1.3802913530767
2028-01-01,RMD_Dissociative Amnesia,8,PT_Focused Ultrasound Therapy|PT_Metaverse|PT_Mindfulness Based Stress Reduction|PT_Mood Stabilizers|PT_Privacy Preserving Ai In Digital Mental Health|PT_Psilocybin Assisted Therapy|PT_Reality Testing Techniques|PT_Resting State Fmri,102.67114530441035,100.0,100.44333719412025,104.69005481279137,111.85541105167007,102.0122296450307,-2.0189095083810287
2028-02-01,RMD_Dissociative Amnesia,8,PT_Focused Ultrasound Therapy|PT_Metaverse|PT_Mindfulness Based Stress Reduction|PT_Mood Stabilizers|PT_Privacy Preserving Ai In Digital Mental Health|PT_Psilocybin Assisted Therapy|PT_Reality Testing Techniques|PT_Resting State Fmri,102.635266714751,100.0,100.43318290891888,105.293980600134,113.56763775977552,102.24729313655317,-2.6587138853830083
2028-03-01,RMD_Dissociative Amnesia,8,PT_Focused Ultrasound Therapy|PT_Metaverse|PT_Mindfulness Based Stress Reduction|PT_Mood Stabilizers|PT_Privacy Preserving Ai In Digital Mental Health|PT_Psilocybin Assisted Therapy|PT_Reality Testing Techniques|PT_Resting State Fmri,102.6371409694347,100.0,100.43122645234007,105.80995261441613,115.0250038638643,102.44891138454314,-3.1728116449814365
2028-04-01,RMD_Dissociative Amnesia,8,PT_Focused Ultrasound Therapy|PT_Metaverse|PT_Mindfulness Based Stress Reduction|PT_Mood Stabilizers|PT_Privacy Preserving Ai In Digital Mental Health|PT_Psilocybin Assisted Therapy|PT_Reality Testing Techniques|PT_Resting State Fmri,102.86600316204307,100.0,100.47409627378377,106.37501456123576,116.58006767682743,102.6750277408531,-3.509011399192687
2028-05-01,RMD_Dissociative Amnesia,8,PT_Focused Ultrasound Therapy|PT_Metaverse|PT_Mindfulness Based Stress Reduction|PT_Mood Stabilizers|PT_Privacy Preserving Ai In Digital Mental Health|PT_Psilocybin Assisted Therapy|PT_Reality Testing Techniques|PT_Resting State Fmri,102.95865412633326,100.0,100.48969970389305,107.02527830528325,118.40129482640296,102.93092054186502,-4.0666241789499935
2028-06-01,RMD_Dissociative Amnesia,8,PT_Focused Ultrasound Therapy|PT_Metaverse|PT_Mindfulness Based Stress Reduction|PT_Mood Stabilizers|PT_Privacy Preserving Ai In Digital Mental Health|PT_Psilocybin Assisted Therapy|PT_Reality Testing Techniques|PT_Resting State Fmri,103.19615820260638,100.0,100.53389908913857,107.73026884145726,120.35276652112302,103.2112404421873,-4.534110638850876
2028-07-01,RMD_Dissociative Amnesia,8,PT_Focused Ultrasound Therapy|PT_Metaverse|PT_Mindfulness Based Stress Reduction|PT_Mood Stabilizers|PT_Privacy Preserving Ai In Digital Mental Health|PT_Psilocybin Assisted Therapy|PT_Reality Testing Techniques|PT_Resting State Fmri,103.51649879622993,100.0,100.59450102056077,108.45616501222362,122.34574258209554,103.50188031857482,-4.939666215993697
2028-08-01,RMD_Dissociative Amnesia,8,PT_Focused Ultrasound Therapy|PT_Metaverse|PT_Mindfulness Based Stress Reduction|PT_Mood Stabilizers|PT_Privacy Preserving Ai In Digital Mental Health|PT_Psilocybin Assisted Therapy|PT_Reality Testing Techniques|PT_Resting State Fmri,104.18727885179649,100.0,100.72492916283844,109.20582824699922,124.34501065007987,103.80958602694176,-5.018549395202726
2028-09-01,RMD_Dissociative Amnesia,8,PT_Focused Ultrasound Therapy|PT_Metaverse|PT_Mindfulness Based Stress Reduction|PT_Mood Stabilizers|PT_Privacy Preserving Ai In Digital Mental Health|PT_Psilocybin Assisted Therapy|PT_Reality Testing Techniques|PT_Resting State Fmri,104.54700649212278,100.0,100.79303314078999,109.99208025136798,126.50400417606225,104.12380089452417,-5.445073759245204
2028-10-01,RMD_Dissociative Amnesia,8,PT_Focused Ultrasound Therapy|PT_Metaverse|PT_Mindfulness Based Stress Reduction|PT_Mood Stabilizers|PT_Privacy Preserving Ai In Digital Mental Health|PT_Psilocybin Assisted Therapy|PT_Reality Testing Techniques|PT_Resting State Fmri,104.79744569554792,100.0,100.83949209560542,110.82012007058192,128.7955302497389,104.45198086733245,-6.022674375034001
2028-11-01,RMD_Dissociative Amnesia,8,PT_Focused Ultrasound Therapy|PT_Metaverse|PT_Mindfulness Based Stress Reduction|PT_Mood Stabilizers|PT_Privacy Preserving Ai In Digital Mental Health|PT_Psilocybin Assisted Therapy|PT_Reality Testing Techniques|PT_Resting State Fmri,105.09476896441058,100.0,100.89467932677778,111.74579248694961,131.3595803071163,104.81826900863848,-6.651023522539035
2028-12-01,RMD_Dissociative Amnesia,8,PT_Focused Ultrasound Therapy|PT_Metaverse|PT_Mindfulness Based Stress Reduction|PT_Mood Stabilizers|PT_Privacy Preserving Ai In Digital Mental Health|PT_Psilocybin Assisted Therapy|PT_Reality Testing Techniques|PT_Resting State Fmri,105.22544052371292,100.0,100.91652412893076,112.72009356717831,134.09413231450105,105.1985222551704,-7.494653043465391
2026-01-01,RMD_Dissociative Fugue,8,PT_Cbt For Insomnia|PT_Closed Loop Neurostimulation|PT_Digital Phenotyping|PT_Hypnotherapy|PT_Motivational Interviewing|PT_Neuroprotective Agents|PT_Transcranial Direct Current Stimulation|PT_Vocal And Speech Biomarkers,100.0,100.0,100.0,100.0,100.0,100.0,0.0
2026-02-01,RMD_Dissociative Fugue,8,PT_Cbt For Insomnia|PT_Closed Loop Neurostimulation|PT_Digital Phenotyping|PT_Hypnotherapy|PT_Motivational Interviewing|PT_Neuroprotective Agents|PT_Transcranial Direct Current Stimulation|PT_Vocal And Speech Biomarkers,98.37330710128916,89.67417358775546,99.08990552631418,99.63633919580901,99.28512719606263,99.76859889454609,-1.2630320945198577
2026-03-01,RMD_Dissociative Fugue,8,PT_Cbt For Insomnia|PT_Closed Loop Neurostimulation|PT_Digital Phenotyping|PT_Hypnotherapy|PT_Motivational Interviewing|PT_Neuroprotective Agents|PT_Transcranial Direct Current Stimulation|PT_Vocal And Speech Biomarkers,97.33506726657019,83.0693077553831,98.5102249925287,99.19287377827992,98.3427875364641,99.50212337321422,-1.8578065117097253
2026-04-01,RMD_Dissociative Fugue,8,PT_Cbt For Insomnia|PT_Closed Loop Neurostimulation|PT_Digital Phenotyping|PT_Hypnotherapy|PT_Motivational Interviewing|PT_Neuroprotective Agents|PT_Transcranial Direct Current Stimulation|PT_Vocal And Speech Biomarkers,96.97028905445605,80.71848212980119,98.30904910314038,98.83836564506842,97.54746848195964,99.29933022190113,-1.8680765906123753
2026-05-01,RMD_Dissociative Fugue,8,PT_Cbt For Insomnia|PT_Closed Loop Neurostimulation|PT_Digital Phenotyping|PT_Hypnotherapy|PT_Motivational Interviewing|PT_Neuroprotective Agents|PT_Transcranial Direct Current Stimulation|PT_Vocal And Speech Biomarkers,96.88251238220197,80.1085872094207,98.26428235982947,98.47716539239373,96.7120113783578,99.0986816439743,-1.594653010191763
2026-06-01,RMD_Dissociative Fugue,8,PT_Cbt For Insomnia|PT_Closed Loop Neurostimulation|PT_Digital Phenotyping|PT_Hypnotherapy|PT_Motivational Interviewing|PT_Neuroprotective Agents|PT_Transcranial Direct Current Stimulation|PT_Vocal And Speech Biomarkers,96.83068596955188,79.7349687278462,98.23895621519752,98.19975454002602,96.06253081772901,98.94676072012483,-1.3690685704741412
2026-07-01,RMD_Dissociative Fugue,8,PT_Cbt For Insomnia|PT_Closed Loop Neurostimulation|PT_Digital Phenotyping|PT_Hypnotherapy|PT_Motivational Interviewing|PT_Neuroprotective Agents|PT_Transcranial Direct Current Stimulation|PT_Vocal And Speech Biomarkers,96.68040486866815,78.75663804448624,98.15689401747977,98.08958860812552,95.79394082028847,98.88982311525969,-1.4091837394573759
2026-08-01,RMD_Dissociative Fugue,8,PT_Cbt For Insomnia|PT_Closed Loop Neurostimulation|PT_Digital Phenotyping|PT_Hypnotherapy|PT_Motivational Interviewing|PT_Neuroprotective Agents|PT_Transcranial Direct Current Stimulation|PT_Vocal And Speech Biomarkers,96.61523797958978,78.30712975491294,98.12337995011009,98.01425508544828,95.59445059679601,98.85504337358746,-1.3990171058585048
2026-09-01,RMD_Dissociative Fugue,8,PT_Cbt For Insomnia|PT_Closed Loop Neurostimulation|PT_Digital Phenotyping|PT_Hypnotherapy|PT_Motivational Interviewing|PT_Neuroprotective Agents|PT_Transcranial Direct Current Stimulation|PT_Vocal And Speech Biomarkers,96.43640234257076,77.16350736778978,98.02402705521435,98.07147198103212,95.69724054046841,98.89529095885513,-1.6350696384613599
2026-10-01,RMD_Dissociative Fugue,8,PT_Cbt For Insomnia|PT_Closed Loop Neurostimulation|PT_Digital Phenotyping|PT_Hypnotherapy|PT_Motivational Interviewing|PT_Neuroprotective Agents|PT_Transcranial Direct Current Stimulation|PT_Vocal And Speech Biomarkers,96.22275750042579,75.80197942830912,97.90493623483633,98.14392397287762,95.83250272109466,98.94483715239289,-1.92116647245183
2026-11-01,RMD_Dissociative Fugue,8,PT_Cbt For Insomnia|PT_Closed Loop Neurostimulation|PT_Digital Phenotyping|PT_Hypnotherapy|PT_Motivational Interviewing|PT_Neuroprotective Agents|PT_Transcranial Direct Current Stimulation|PT_Vocal And Speech Biomarkers,95.92576637656178,73.91648789372465,97.73879916565525,98.19390437919378,95.92254019222919,98.98013257392516,-2.268138002632
2026-12-01,RMD_Dissociative Fugue,8,PT_Cbt For Insomnia|PT_Closed Loop Neurostimulation|PT_Digital Phenotyping|PT_Hypnotherapy|PT_Motivational Interviewing|PT_Neuroprotective Agents|PT_Transcranial Direct Current Stimulation|PT_Vocal And Speech Biomarkers,95.6276623724044,72.03483712381329,97.57114496740078,98.1694004797277,95.8365774226429,98.97449283704303,-2.5417381073232974
2027-01-01,RMD_Dissociative Fugue,8,PT_Cbt For Insomnia|PT_Closed Loop Neurostimulation|PT_Digital Phenotyping|PT_Hypnotherapy|PT_Motivational Interviewing|PT_Neuroprotective Agents|PT_Transcranial Direct Current Stimulation|PT_Vocal And Speech Biomarkers,95.25505173695962,69.67049941046577,97.36260452180701,98.17863299161185,95.82733546220817,98.98853078878882,-2.923581254652234
2027-02-01,RMD_Dissociative Fugue,8,PT_Cbt For Insomnia|PT_Closed Loop Neurostimulation|PT_Digital Phenotyping|PT_Hypnotherapy|PT_Motivational Interviewing|PT_Neuroprotective Agents|PT_Transcranial Direct Current Stimulation|PT_Vocal And Speech Biomarkers,94.84251828187624,67.06757154465375,97.13050664487287,98.26815642052611,96.00418646479073,99.04726918046683,-3.425638138649873
2027-03-01,RMD_Dissociative Fugue,8,PT_Cbt For Insomnia|PT_Closed Loop Neurostimulation|PT_Digital Phenotyping|PT_Hypnotherapy|PT_Motivational Interviewing|PT_Neuroprotective Agents|PT_Transcranial Direct Current Stimulation|PT_Vocal And Speech Biomarkers,94.65871694481396,65.90696649927719,97.0271665213069,98.35275148814374,96.1545116080635,99.1067442576592,-3.694034543329778
2027-04-01,RMD_Dissociative Fugue,8,PT_Cbt For Insomnia|PT_Closed Loop Neurostimulation|PT_Digital Phenotyping|PT_Hypnotherapy|PT_Motivational Interviewing|PT_Neuroprotective Agents|PT_Transcranial Direct Current Stimulation|PT_Vocal And Speech Biomarkers,94.61262397873864,65.61354133310628,97.00145156470136,98.47381207439808,96.38099337104268,99.18870461382863,-3.8611880956594433
2027-05-01,RMD_Dissociative Fugue,8,PT_Cbt For Insomnia|PT_Closed Loop Neurostimulation|PT_Digital Phenotyping|PT_Hypnotherapy|PT_Motivational Interviewing|PT_Neuroprotective Agents|PT_Transcranial Direct Current Stimulation|PT_Vocal And Speech Biomarkers,94.75491065473001,66.5111234097846,97.0815163362019,98.59439361522448,96.58900912392842,99.27454484704035,-3.8394829604944647
2027-06-01,RMD_Dissociative Fugue,8,PT_Cbt For Insomnia|PT_Closed Loop Neurostimulation|PT_Digital Phenotyping|PT_Hypnotherapy|PT_Motivational Interviewing|PT_Neuroprotective Agents|PT_Transcranial Direct Current Stimulation|PT_Vocal And Speech Biomarkers,94.77075159004532,66.61288053648542,97.0902836650179,98.79011996386255,96.98053868808222,99.40001876092444,-4.01936837381723
2027-07-01,RMD_Dissociative Fugue,8,PT_Cbt For Insomnia|PT_Closed Loop Neurostimulation|PT_Digital Phenotyping|PT_Hypnotherapy|PT_Motivational Interviewing|PT_Neuroprotective Agents|PT_Transcranial Direct Current Stimulation|PT_Vocal And Speech Biomarkers,94.73890067430685,66.40964392872282,97.07255078951702,98.99385217775865,97.39428656990907,99.52920065856411,-4.254951503451807
2027-08-01,RMD_Dissociative Fugue,8,PT_Cbt For Insomnia|PT_Closed Loop Neurostimulation|PT_Digital Phenotyping|PT_Hypnotherapy|PT_Motivational Interviewing|PT_Neuroprotective Agents|PT_Transcranial Direct Current Stimulation|PT_Vocal And Speech Biomarkers,94.91062937324976,67.481680015252,97.17011209982861,99.19572627605544,97.78832364270797,99.660879101558,-4.285096902805677
2027-09-01,RMD_Dissociative Fugue,8,PT_Cbt For Insomnia|PT_Closed Loop Neurostimulation|PT_Digital Phenotyping|PT_Hypnotherapy|PT_Motivational Interviewing|PT_Neuroprotective Agents|PT_Transcranial Direct Current Stimulation|PT_Vocal And Speech Biomarkers,94.99308816815255,68.01670316164343,97.21529052640567,99.5799134510077,98.60389978490949,99.89441659500353,-4.586825282855145
2027-10-01,RMD_Dissociative Fugue,8,PT_Cbt For Insomnia|PT_Closed Loop Neurostimulation|PT_Digital Phenotyping|PT_Hypnotherapy|PT_Motivational Interviewing|PT_Neuroprotective Agents|PT_Transcranial Direct Current Stimulation|PT_Vocal And Speech Biomarkers,95.0142751550038,68.1646420129679,97.22603241014632,100.03528242159496,99.59448211976184,100.16552504968125,-5.021007266591155
2027-11-01,RMD_Dissociative Fugue,8,PT_Cbt For Insomnia|PT_Closed Loop Neurostimulation|PT_Digital Phenotyping|PT_Hypnotherapy|PT_Motivational Interviewing|PT_Neuroprotective Agents|PT_Transcranial Direct Current Stimulation|PT_Vocal And Speech Biomarkers,95.07256754302938,68.5543176673324,97.25703063533402,100.50875350274751,100.62929511603586,100.44611219131035,-5.436185959718131
2027-12-01,RMD_Dissociative Fugue,8,PT_Cbt For Insomnia|PT_Closed Loop Neurostimulation|PT_Digital Phenotyping|PT_Hypnotherapy|PT_Motivational Interviewing|PT_Neuroprotective Agents|PT_Transcranial Direct Current Stimulation|PT_Vocal And Speech Biomarkers,94.95770139224142,67.85738083911916,97.19010923329328,100.97633087348345,101.66589023452549,100.71965170818544,-6.01862948124203
2028-01-01,RMD_Dissociative Fugue,8,PT_Cbt For Insomnia|PT_Closed Loop Neurostimulation|PT_Digital Phenotyping|PT_Hypnotherapy|PT_Motivational Interviewing|PT_Neuroprotective Agents|PT_Transcranial Direct Current Stimulation|PT_Vocal And Speech Biomarkers,94.65467394931774,65.96383758100312,97.01810186568757,101.40803790323558,102.6444186171054,100.96734993429584,-6.753363953917841
2028-02-01,RMD_Dissociative Fugue,8,PT_Cbt For Insomnia|PT_Closed Loop Neurostimulation|PT_Digital Phenotyping|PT_Hypnotherapy|PT_Motivational Interviewing|PT_Neuroprotective Agents|PT_Transcranial Direct Current Stimulation|PT_Vocal And Speech Biomarkers,94.4010147214341,64.37542688017,96.87439391074707,101.86358107216029,103.68000177674898,101.22799745466969,-7.462566350726192
2028-03-01,RMD_Dissociative Fugue,8,PT_Cbt For Insomnia|PT_Closed Loop Neurostimulation|PT_Digital Phenotyping|PT_Hypnotherapy|PT_Motivational Interviewing|PT_Neuroprotective Agents|PT_Transcranial Direct Current Stimulation|PT_Vocal And Speech Biomarkers,94.21302951795238,63.195849382793746,96.76809576667623,102.25399583767589,104.56764192633263,101.45138505880632,-8.040966319723509
2028-04-01,RMD_Dissociative Fugue,8,PT_Cbt For Insomnia|PT_Closed Loop Neurostimulation|PT_Digital Phenotyping|PT_Hypnotherapy|PT_Motivational Interviewing|PT_Neuroprotective Agents|PT_Transcranial Direct Current Stimulation|PT_Vocal And Speech Biomarkers,94.21287455993685,63.19358194340842,96.76811863796878,102.65815049705681,105.46253594021097,101.68858142363985,-8.445275937119959
2028-05-01,RMD_Dissociative Fugue,8,PT_Cbt For Insomnia|PT_Closed Loop Neurostimulation|PT_Digital Phenotyping|PT_Hypnotherapy|PT_Motivational Interviewing|PT_Neuroprotective Agents|PT_Transcranial Direct Current Stimulation|PT_Vocal And Speech Biomarkers,94.07324330084803,62.31807269503218,96.68910594592616,103.13999035667037,106.5490931684539,101.96654105360108,-9.066747055822333
2028-06-01,RMD_Dissociative Fugue,8,PT_Cbt For Insomnia|PT_Closed Loop Neurostimulation|PT_Digital Phenotyping|PT_Hypnotherapy|PT_Motivational Interviewing|PT_Neuroprotective Agents|PT_Transcranial Direct Current Stimulation|PT_Vocal And Speech Biomarkers,94.07872317976101,62.3582850384169,96.69172089704259,103.66154743721947,107.71181597179124,102.27038290130002,-9.582824257458455
2028-07-01,RMD_Dissociative Fugue,8,PT_Cbt For Insomnia|PT_Closed Loop Neurostimulation|PT_Digital Phenotyping|PT_Hypnotherapy|PT_Motivational Interviewing|PT_Neuroprotective Agents|PT_Transcranial Direct Current Stimulation|PT_Vocal And Speech Biomarkers,94.16271746772682,62.89076309978399,96.73876714584566,104.196619405448,108.8953063199427,102.58430915515105,-10.033901937721183
2028-08-01,RMD_Dissociative Fugue,8,PT_Cbt For Insomnia|PT_Closed Loop Neurostimulation|PT_Digital Phenotyping|PT_Hypnotherapy|PT_Motivational Interviewing|PT_Neuroprotective Agents|PT_Transcranial Direct Current Stimulation|PT_Vocal And Speech Biomarkers,94.58760530277598,65.5621768898876,96.97859551966626,104.7314663674907,110.04707668373385,102.90547129783197,-10.143861064714713
2028-09-01,RMD_Dissociative Fugue,8,PT_Cbt For Insomnia|PT_Closed Loop Neurostimulation|PT_Digital Phenotyping|PT_Hypnotherapy|PT_Motivational Interviewing|PT_Neuroprotective Agents|PT_Transcranial Direct Current Stimulation|PT_Vocal And Speech Biomarkers,94.7375130957132,66.52093355569664,97.06187751965406,105.32697790054567,111.36637549118065,103.25391536072789,-10.589464804832474
2028-10-01,RMD_Dissociative Fugue,8,PT_Cbt For Insomnia|PT_Closed Loop Neurostimulation|PT_Digital Phenotyping|PT_Hypnotherapy|PT_Motivational Interviewing|PT_Neuroprotective Agents|PT_Transcranial Direct Current Stimulation|PT_Vocal And Speech Biomarkers,94.78974099049445,66.86572316508625,97.09000920950714,105.95815654319077,112.77461025703576,103.6209648255586,-11.168415552696317
2028-11-01,RMD_Dissociative Fugue,8,PT_Cbt For Insomnia|PT_Closed Loop Neurostimulation|PT_Digital Phenotyping|PT_Hypnotherapy|PT_Motivational Interviewing|PT_Neuroprotective Agents|PT_Transcranial Direct Current Stimulation|PT_Vocal And Speech Biomarkers,94.88293414974608,67.47529416555454,97.14066149877105,106.66851558846484,114.35946318538495,104.03386068556608,-11.785581438718765
2028-12-01,RMD_Dissociative Fugue,8,PT_Cbt For Insomnia|PT_Closed Loop Neurostimulation|PT_Digital Phenotyping|PT_Hypnotherapy|PT_Motivational Interviewing|PT_Neuroprotective Agents|PT_Transcranial Direct Current Stimulation|PT_Vocal And Speech Biomarkers,94.83226992221249,67.18834739762742,97.10946505571447,107.4417094257051,116.10617579677431,104.47778737651718,-12.60943950349261
2026-01-01,RMD_Ekbom Syndrome,8,PT_Augmentative Communication Devices|PT_Memory Retrieval Techniques|PT_Naltrexone|PT_Neurofeedback Systems|PT_Neuroprotective Agents|PT_Occupational Therapy|PT_Secure Data Storage For Patient Records|PT_Vocal And Speech Biomarkers,100.0,100.0,100.0,100.0,100.0,100.0,0.0
2026-02-01,RMD_Ekbom Syndrome,8,PT_Augmentative Communication Devices|PT_Memory Retrieval Techniques|PT_Naltrexone|PT_Neurofeedback Systems|PT_Neuroprotective Agents|PT_Occupational Therapy|PT_Secure Data Storage For Patient Records|PT_Vocal And Speech Biomarkers,98.09655551106789,95.65118605084398,98.65194033310341,99.60830659883423,99.29101653672345,99.80631231793927,-1.511751087766342
2026-03-01,RMD_Ekbom Syndrome,8,PT_Augmentative Communication Devices|PT_Memory Retrieval Techniques|PT_Naltrexone|PT_Neurofeedback Systems|PT_Neuroprotective Agents|PT_Occupational Therapy|PT_Secure Data Storage For Patient Records|PT_Vocal And Speech Biomarkers,97.17412343419322,93.61335747493693,97.98284059007455,99.1288667261881,98.35175713032395,99.5852140550251,-1.9547432919948733
2026-04-01,RMD_Ekbom Syndrome,8,PT_Augmentative Communication Devices|PT_Memory Retrieval Techniques|PT_Naltrexone|PT_Neurofeedback Systems|PT_Neuroprotective Agents|PT_Occupational Therapy|PT_Secure Data Storage For Patient Records|PT_Vocal And Speech Biomarkers,97.46891037007379,94.45964042493145,98.15237281096685,98.74330336828885,97.54850606677591,99.41706903784844,-1.2743929982150632
2026-05-01,RMD_Ekbom Syndrome,8,PT_Augmentative Communication Devices|PT_Memory Retrieval Techniques|PT_Naltrexone|PT_Neurofeedback Systems|PT_Neuroprotective Agents|PT_Occupational Therapy|PT_Secure Data Storage For Patient Records|PT_Vocal And Speech Biomarkers,98.25734256134531,96.47918602562608,98.66119407912986,98.3477519419461,96.69732995646488,99.2502923777191,-0.09040938060078929
2026-06-01,RMD_Ekbom Syndrome,8,PT_Augmentative Communication Devices|PT_Memory Retrieval Techniques|PT_Naltrexone|PT_Neurofeedback Systems|PT_Neuroprotective Agents|PT_Occupational Therapy|PT_Secure Data Storage For Patient Records|PT_Vocal And Speech Biomarkers,99.03362123205399,98.47575119973526,99.16032362056856,98.04256515751379,96.02580324775289,99.12440352936207,0.9910560745401966
2026-07-01,RMD_Ekbom Syndrome,8,PT_Augmentative Communication Devices|PT_Memory Retrieval Techniques|PT_Naltrexone|PT_Neurofeedback Systems|PT_Neuroprotective Agents|PT_Occupational Therapy|PT_Secure Data Storage For Patient Records|PT_Vocal And Speech Biomarkers,99.62465938340102,100.04812415314532,99.5284857030747,97.92023492037679,95.73479002168479,99.07753187050173,1.704424463024239
2026-08-01,RMD_Ekbom Syndrome,8,PT_Augmentative Communication Devices|PT_Memory Retrieval Techniques|PT_Naltrexone|PT_Neurofeedback Systems|PT_Neuroprotective Agents|PT_Occupational Therapy|PT_Secure Data Storage For Patient Records|PT_Vocal And Speech Biomarkers,100.37261339587027,102.000446752349,100.00289741077042,97.83431990946166,95.50748042575027,99.04895927215568,2.5382934864086195
2026-09-01,RMD_Ekbom Syndrome,8,PT_Augmentative Communication Devices|PT_Memory Retrieval Techniques|PT_Naltrexone|PT_Neurofeedback Systems|PT_Neuroprotective Agents|PT_Occupational Therapy|PT_Secure Data Storage For Patient Records|PT_Vocal And Speech Biomarkers,100.90719441743408,103.46398717447434,100.3264977648385,97.89140357725157,95.57673933555147,99.08241885995659,3.015790840182518
2026-10-01,RMD_Ekbom Syndrome,8,PT_Augmentative Communication Devices|PT_Memory Retrieval Techniques|PT_Naltrexone|PT_Neurofeedback Systems|PT_Neuroprotective Agents|PT_Occupational Therapy|PT_Secure Data Storage For Patient Records|PT_Vocal And Speech Biomarkers,101.34160956357604,104.68574482974397,100.58208757772192,97.96553682123145,95.68052175928224,99.12345871140079,3.37607274234459
2026-11-01,RMD_Ekbom Syndrome,8,PT_Augmentative Communication Devices|PT_Memory Retrieval Techniques|PT_Naltrexone|PT_Neurofeedback Systems|PT_Neuroprotective Agents|PT_Occupational Therapy|PT_Secure Data Storage For Patient Records|PT_Vocal And Speech Biomarkers,101.5840576560087,105.43883281684032,100.70856292693291,98.01455828632689,95.73991491615766,99.15209646960624,3.5694993696818074
2026-12-01,RMD_Ekbom Syndrome,8,PT_Augmentative Communication Devices|PT_Memory Retrieval Techniques|PT_Naltrexone|PT_Neurofeedback Systems|PT_Neuroprotective Agents|PT_Occupational Therapy|PT_Secure Data Storage For Patient Records|PT_Vocal And Speech Biomarkers,101.83524566721958,106.22312177042492,100.83867688501839,97.98069829374589,95.61947989604542,99.14660132146366,3.854547373473693
2027-01-01,RMD_Ekbom Syndrome,8,PT_Augmentative Communication Devices|PT_Memory Retrieval Techniques|PT_Naltrexone|PT_Neurofeedback Systems|PT_Neuroprotective Agents|PT_Occupational Therapy|PT_Secure Data Storage For Patient Records|PT_Vocal And Speech Biomarkers,102.09165017445518,107.05572030286694,100.96422012146215,97.98842063777876,95.58088427604244,99.15983963289804,4.103229536676423
2027-02-01,RMD_Ekbom Syndrome,8,PT_Augmentative Communication Devices|PT_Memory Retrieval Techniques|PT_Naltrexone|PT_Neurofeedback Systems|PT_Neuroprotective Agents|PT_Occupational Therapy|PT_Secure Data Storage For Patient Records|PT_Vocal And Speech Biomarkers,102.23724532402906,107.63282692747246,101.01180279368796,98.084663575799,95.72998295012498,99.21079464294732,4.152581748230062
2027-03-01,RMD_Ekbom Syndrome,8,PT_Augmentative Communication Devices|PT_Memory Retrieval Techniques|PT_Naltrexone|PT_Neurofeedback Systems|PT_Neuroprotective Agents|PT_Occupational Therapy|PT_Secure Data Storage For Patient Records|PT_Vocal And Speech Biomarkers,102.70912772407482,108.94781663078267,101.29220028250879,98.17330374968579,95.85292744698813,99.2606202154337,4.535823974389032
2027-04-01,RMD_Ekbom Syndrome,8,PT_Augmentative Communication Devices|PT_Memory Retrieval Techniques|PT_Naltrexone|PT_Neurofeedback Systems|PT_Neuroprotective Agents|PT_Occupational Therapy|PT_Secure Data Storage For Patient Records|PT_Vocal And Speech Biomarkers,103.40429445747297,110.77463074632736,101.73036066475139,98.30324933831406,96.05463905580109,99.32977654620817,5.101045119158911
2027-05-01,RMD_Ekbom Syndrome,8,PT_Augmentative Communication Devices|PT_Memory Retrieval Techniques|PT_Naltrexone|PT_Neurofeedback Systems|PT_Neuroprotective Agents|PT_Occupational Therapy|PT_Secure Data Storage For Patient Records|PT_Vocal And Speech Biomarkers,104.42609620774466,113.37103573734473,102.39454154763511,98.43108654450468,96.23616890963567,99.40148497147572,5.995009663239983
2027-06-01,RMD_Ekbom Syndrome,8,PT_Augmentative Communication Devices|PT_Memory Retrieval Techniques|PT_Naltrexone|PT_Neurofeedback Systems|PT_Neuroprotective Agents|PT_Occupational Therapy|PT_Secure Data Storage For Patient Records|PT_Vocal And Speech Biomarkers,105.17702453812275,115.31815405489566,102.87378227328153,98.64134576981071,96.60222144973598,99.5062294454581,6.535678768312039
2027-07-01,RMD_Ekbom Syndrome,8,PT_Augmentative Communication Devices|PT_Memory Retrieval Techniques|PT_Naltrexone|PT_Neurofeedback Systems|PT_Neuroprotective Agents|PT_Occupational Therapy|PT_Secure Data Storage For Patient Records|PT_Vocal And Speech Biomarkers,105.84550477606818,117.06936392676278,103.29635503479027,98.86112103764135,96.99118372481833,99.61444911194171,6.984383738426828
2027-08-01,RMD_Ekbom Syndrome,8,PT_Augmentative Communication Devices|PT_Memory Retrieval Techniques|PT_Naltrexone|PT_Neurofeedback Systems|PT_Neuroprotective Agents|PT_Occupational Therapy|PT_Secure Data Storage For Patient Records|PT_Vocal And Speech Biomarkers,106.90659497797861,119.75007580821196,103.98959986757261,99.07717674123124,97.35882537948387,99.7240588554258,7.829418236747372
2027-09-01,RMD_Ekbom Syndrome,8,PT_Augmentative Communication Devices|PT_Memory Retrieval Techniques|PT_Naltrexone|PT_Neurofeedback Systems|PT_Neuroprotective Agents|PT_Occupational Therapy|PT_Secure Data Storage For Patient Records|PT_Vocal And Speech Biomarkers,107.7841011268089,122.01412375287302,104.55220291937718,99.49114347208923,98.14230520931618,99.9186587755181,8.292957654719672
2027-10-01,RMD_Ekbom Syndrome,8,PT_Augmentative Communication Devices|PT_Memory Retrieval Techniques|PT_Naltrexone|PT_Neurofeedback Systems|PT_Neuroprotective Agents|PT_Occupational Therapy|PT_Secure Data Storage For Patient Records|PT_Vocal And Speech Biomarkers,108.49513699021907,123.87143421720002,105.00289628774298,99.98548677641416,99.1047193391932,100.14568658563749,8.509650213804903
2027-11-01,RMD_Ekbom Syndrome,8,PT_Augmentative Communication Devices|PT_Memory Retrieval Techniques|PT_Naltrexone|PT_Neurofeedback Systems|PT_Neuroprotective Agents|PT_Occupational Therapy|PT_Secure Data Storage For Patient Records|PT_Vocal And Speech Biomarkers,109.25804495795916,125.84346138874216,105.49119984475269,100.49708105465443,100.1090993362136,100.37904576209506,8.760963903304727
2027-12-01,RMD_Ekbom Syndrome,8,PT_Augmentative Communication Devices|PT_Memory Retrieval Techniques|PT_Naltrexone|PT_Neurofeedback Systems|PT_Neuroprotective Agents|PT_Occupational Therapy|PT_Secure Data Storage For Patient Records|PT_Vocal And Speech Biomarkers,109.64792770119544,126.93022912560775,105.72280179172289,101.0016641745796,101.11377729221499,100.60632335167547,8.64626352661584
2028-01-01,RMD_Ekbom Syndrome,8,PT_Augmentative Communication Devices|PT_Memory Retrieval Techniques|PT_Naltrexone|PT_Neurofeedback Systems|PT_Neuroprotective Agents|PT_Occupational Therapy|PT_Secure Data Storage For Patient Records|PT_Vocal And Speech Biomarkers,109.67537379168336,127.14319673680414,105.70811259293333,101.4707572390839,102.06780884276043,100.81329278507683,8.204616552599461
2028-02-01,RMD_Ekbom Syndrome,8,PT_Augmentative Communication Devices|PT_Memory Retrieval Techniques|PT_Naltrexone|PT_Neurofeedback Systems|PT_Neuroprotective Agents|PT_Occupational Therapy|PT_Secure Data Storage For Patient Records|PT_Vocal And Speech Biomarkers,109.74104673111022,127.43703468190158,105.72195952115008,101.96698864708435,103.08048534207346,101.03155659410719,7.774058084025867
2028-03-01,RMD_Ekbom Syndrome,8,PT_Augmentative Communication Devices|PT_Memory Retrieval Techniques|PT_Naltrexone|PT_Neurofeedback Systems|PT_Neuroprotective Agents|PT_Occupational Therapy|PT_Secure Data Storage For Patient Records|PT_Vocal And Speech Biomarkers,109.86266430246525,127.83389515263812,105.78107568508604,102.39247281036302,103.95081690420619,101.21817443142321,7.470191492102231
2028-04-01,RMD_Ekbom Syndrome,8,PT_Augmentative Communication Devices|PT_Memory Retrieval Techniques|PT_Naltrexone|PT_Neurofeedback Systems|PT_Neuroprotective Agents|PT_Occupational Therapy|PT_Secure Data Storage For Patient Records|PT_Vocal And Speech Biomarkers,110.45110335754732,129.3550040775114,106.15768293386873,102.82995272566018,104.81904288953999,101.41531558603202,7.621150631887147
2028-05-01,RMD_Ekbom Syndrome,8,PT_Augmentative Communication Devices|PT_Memory Retrieval Techniques|PT_Naltrexone|PT_Neurofeedback Systems|PT_Neuroprotective Agents|PT_Occupational Therapy|PT_Secure Data Storage For Patient Records|PT_Vocal And Speech Biomarkers,110.7733272321684,130.25120362920148,106.34955217035159,103.3529889121741,105.87606892784427,101.64702404605151,7.4203383199943005
2028-06-01,RMD_Ekbom Syndrome,8,PT_Augmentative Communication Devices|PT_Memory Retrieval Techniques|PT_Naltrexone|PT_Neurofeedback Systems|PT_Neuroprotective Agents|PT_Occupational Therapy|PT_Secure Data Storage For Patient Records|PT_Vocal And Speech Biomarkers,111.37841331579249,131.82620962772327,106.73434628910185,103.91776477727488,107.00460512158382,101.89959452105494,7.460648538517603
2028-07-01,RMD_Ekbom Syndrome,8,PT_Augmentative Communication Devices|PT_Memory Retrieval Techniques|PT_Naltrexone|PT_Neurofeedback Systems|PT_Neuroprotective Agents|PT_Occupational Therapy|PT_Secure Data Storage For Patient Records|PT_Vocal And Speech Biomarkers,112.14963107018247,133.79827388440785,107.23283570490523,104.49636156128048,108.15189948850374,102.15991901932674,7.653269508901985
2028-08-01,RMD_Ekbom Syndrome,8,PT_Augmentative Communication Devices|PT_Memory Retrieval Techniques|PT_Naltrexone|PT_Neurofeedback Systems|PT_Neuroprotective Agents|PT_Occupational Therapy|PT_Secure Data Storage For Patient Records|PT_Vocal And Speech Biomarkers,113.62554252702625,137.44647532298995,108.21537240375712,105.07213877713063,109.26327986624952,102.42491330752206,8.553403749895622
2028-09-01,RMD_Ekbom Syndrome,8,PT_Augmentative Communication Devices|PT_Memory Retrieval Techniques|PT_Naltrexone|PT_Neurofeedback Systems|PT_Neuroprotective Agents|PT_Occupational Therapy|PT_Secure Data Storage For Patient Records|PT_Vocal And Speech Biomarkers,114.45958702739804,139.5693277687489,108.75670531603002,105.7152898258023,110.54202049295658,102.7130393458037,8.744297201595742
2028-10-01,RMD_Ekbom Syndrome,8,PT_Augmentative Communication Devices|PT_Memory Retrieval Techniques|PT_Naltrexone|PT_Neurofeedback Systems|PT_Neuroprotective Agents|PT_Occupational Therapy|PT_Secure Data Storage For Patient Records|PT_Vocal And Speech Biomarkers,115.07004518675285,141.16131876249847,109.14423962171045,106.39873300690958,111.91062554832729,103.0167603104346,8.67131217984327
2028-11-01,RMD_Ekbom Syndrome,8,PT_Augmentative Communication Devices|PT_Memory Retrieval Techniques|PT_Naltrexone|PT_Neurofeedback Systems|PT_Neuroprotective Agents|PT_Occupational Therapy|PT_Secure Data Storage For Patient Records|PT_Vocal And Speech Biomarkers,115.77675227363724,142.99983942133332,109.593888574566,107.16681358211156,113.4481336180497,103.35817625372728,8.609938691525684
2028-12-01,RMD_Ekbom Syndrome,8,PT_Augmentative Communication Devices|PT_Memory Retrieval Techniques|PT_Naltrexone|PT_Neurofeedback Systems|PT_Neuroprotective Agents|PT_Occupational Therapy|PT_Secure Data Storage For Patient Records|PT_Vocal And Speech Biomarkers,116.13409140307728,144.00676284657146,109.80370378938653,108.00297917585281,115.14558606876231,103.72509142199773,8.131112227224463
2026-01-01,RMD_Erotomania,8,PT_Cbt For Insomnia|PT_Closed Loop Neurostimulation|PT_Digital Phenotyping|PT_Hypnotherapy|PT_Machine Learning Neuroimaging|PT_Motivational Interviewing|PT_Occupational Therapy|PT_Transcranial Direct Current Stimulation,100.0,100.0,100.0,100.0,100.0,100.0,0.0
2026-02-01,RMD_Erotomania,8,PT_Cbt For Insomnia|PT_Closed Loop Neurostimulation|PT_Digital Phenotyping|PT_Hypnotherapy|PT_Machine Learning Neuroimaging|PT_Motivational Interviewing|PT_Occupational Therapy|PT_Transcranial Direct Current Stimulation,98.57600122061358,95.26876750988336,99.13319102009297,99.61279112905781,99.37089350764644,99.73064343866196,-1.0367899084442342
2026-03-01,RMD_Erotomania,8,PT_Cbt For Insomnia|PT_Closed Loop Neurostimulation|PT_Digital Phenotyping|PT_Hypnotherapy|PT_Machine Learning Neuroimaging|PT_Motivational Interviewing|PT_Occupational Therapy|PT_Transcranial Direct Current Stimulation,97.66694879400448,92.2386074604252,98.58149450915894,99.14582645883785,98.53977040959275,99.42470141117923,-1.4788776648333624
2026-04-01,RMD_Erotomania,8,PT_Cbt For Insomnia|PT_Closed Loop Neurostimulation|PT_Digital Phenotyping|PT_Hypnotherapy|PT_Machine Learning Neuroimaging|PT_Motivational Interviewing|PT_Occupational Therapy|PT_Transcranial Direct Current Stimulation,97.32791337178918,91.08680143454515,98.37939149913132,98.77098002807591,97.83392660379394,99.1913725234997,-1.4430666562867316
2026-05-01,RMD_Erotomania,8,PT_Cbt For Insomnia|PT_Closed Loop Neurostimulation|PT_Digital Phenotyping|PT_Hypnotherapy|PT_Machine Learning Neuroimaging|PT_Motivational Interviewing|PT_Occupational Therapy|PT_Transcranial Direct Current Stimulation,97.22426122991239,90.70951347981244,98.32184384583562,98.38941057376637,97.09066846372926,98.9609970755226,-1.165149343853983
2026-06-01,RMD_Erotomania,8,PT_Cbt For Insomnia|PT_Closed Loop Neurostimulation|PT_Digital Phenotyping|PT_Hypnotherapy|PT_Machine Learning Neuroimaging|PT_Motivational Interviewing|PT_Occupational Therapy|PT_Transcranial Direct Current Stimulation,97.1572763384942,90.45841161992861,98.2858748639528,98.09472775133622,96.50896610417922,98.78600756094866,-0.937451412842023
2026-07-01,RMD_Erotomania,8,PT_Cbt For Insomnia|PT_Closed Loop Neurostimulation|PT_Digital Phenotyping|PT_Hypnotherapy|PT_Machine Learning Neuroimaging|PT_Motivational Interviewing|PT_Occupational Therapy|PT_Transcranial Direct Current Stimulation,97.02387057774702,90.00195993742719,98.20689801366835,97.9732239566147,96.2632892460828,98.71797118000643,-0.9493533788676842
2026-08-01,RMD_Erotomania,8,PT_Cbt For Insomnia|PT_Closed Loop Neurostimulation|PT_Digital Phenotyping|PT_Hypnotherapy|PT_Machine Learning Neuroimaging|PT_Motivational Interviewing|PT_Occupational Therapy|PT_Transcranial Direct Current Stimulation,96.96020004293545,89.77592188641154,98.1705757286012,97.88735102152673,96.07604628610734,98.67494249552783,-0.9271509785912713
2026-09-01,RMD_Erotomania,8,PT_Cbt For Insomnia|PT_Closed Loop Neurostimulation|PT_Digital Phenotyping|PT_Hypnotherapy|PT_Machine Learning Neuroimaging|PT_Motivational Interviewing|PT_Occupational Therapy|PT_Transcranial Direct Current Stimulation,96.82200300176045,89.32636628004279,98.0848385577702,97.93821063640584,96.15413555636633,98.71614762764777,-1.1162076346453915
2026-10-01,RMD_Erotomania,8,PT_Cbt For Insomnia|PT_Closed Loop Neurostimulation|PT_Digital Phenotyping|PT_Hypnotherapy|PT_Machine Learning Neuroimaging|PT_Motivational Interviewing|PT_Occupational Therapy|PT_Transcranial Direct Current Stimulation,96.65475591566137,88.78068905108782,97.98134790192603,98.00498645607873,96.26161306433185,98.76779349091925,-1.350230540417357
2026-11-01,RMD_Erotomania,8,PT_Cbt For Insomnia|PT_Closed Loop Neurostimulation|PT_Digital Phenotyping|PT_Hypnotherapy|PT_Machine Learning Neuroimaging|PT_Motivational Interviewing|PT_Occupational Therapy|PT_Transcranial Direct Current Stimulation,96.41663393012685,88.00058556155231,97.83453684024792,98.0490531372867,96.33049556986387,98.80357087307753,-1.632419207159856
2026-12-01,RMD_Erotomania,8,PT_Cbt For Insomnia|PT_Closed Loop Neurostimulation|PT_Digital Phenotyping|PT_Hypnotherapy|PT_Machine Learning Neuroimaging|PT_Motivational Interviewing|PT_Occupational Therapy|PT_Transcranial Direct Current Stimulation,96.18769329385877,87.25145392271797,97.69323594938714,98.01606721066064,96.24210451103332,98.79370223678363,-1.8283739168018656
2027-01-01,RMD_Erotomania,8,PT_Cbt For Insomnia|PT_Closed Loop Neurostimulation|PT_Digital Phenotyping|PT_Hypnotherapy|PT_Machine Learning Neuroimaging|PT_Motivational Interviewing|PT_Occupational Therapy|PT_Transcranial Direct Current Stimulation,95.89953033822486,86.30546149065744,97.5159049280155,98.01685952539415,96.22057719869164,98.80540872780763,-2.1173291871692896
2027-02-01,RMD_Erotomania,8,PT_Cbt For Insomnia|PT_Closed Loop Neurostimulation|PT_Digital Phenotyping|PT_Hypnotherapy|PT_Machine Learning Neuroimaging|PT_Motivational Interviewing|PT_Occupational Therapy|PT_Transcranial Direct Current Stimulation,95.58903908545156,85.29339174430801,97.32361287564537,98.10104296582979,96.36231243587382,98.86788863744525,-2.5120038803782307
2027-03-01,RMD_Erotomania,8,PT_Cbt For Insomnia|PT_Closed Loop Neurostimulation|PT_Digital Phenotyping|PT_Hypnotherapy|PT_Machine Learning Neuroimaging|PT_Motivational Interviewing|PT_Occupational Therapy|PT_Transcranial Direct Current Stimulation,95.46452394093514,84.8890639121077,97.24623947827448,98.18069389992226,96.48212884380898,98.93111227039778,-2.7161699589871233
2027-04-01,RMD_Erotomania,8,PT_Cbt For Insomnia|PT_Closed Loop Neurostimulation|PT_Digital Phenotyping|PT_Hypnotherapy|PT_Machine Learning Neuroimaging|PT_Motivational Interviewing|PT_Occupational Therapy|PT_Transcranial Direct Current Stimulation,95.44972562941958,84.83984367280982,97.23723704136576,98.29773509842413,96.66913934062191,99.01926493677101,-2.848009469004552
2027-05-01,RMD_Erotomania,8,PT_Cbt For Insomnia|PT_Closed Loop Neurostimulation|PT_Digital Phenotyping|PT_Hypnotherapy|PT_Machine Learning Neuroimaging|PT_Motivational Interviewing|PT_Occupational Therapy|PT_Transcranial Direct Current Stimulation,95.59150450159403,85.30409880988245,97.3246863737824,98.41443839799554,96.83892921105183,99.1119657572623,-2.8229338964015085
2027-06-01,RMD_Erotomania,8,PT_Cbt For Insomnia|PT_Closed Loop Neurostimulation|PT_Digital Phenotyping|PT_Hypnotherapy|PT_Machine Learning Neuroimaging|PT_Motivational Interviewing|PT_Occupational Therapy|PT_Transcranial Direct Current Stimulation,95.62818919603477,85.4290952307786,97.34649605112351,98.6092313055669,97.1719021041342,99.24918986004772,-2.981042109532126
2027-07-01,RMD_Erotomania,8,PT_Cbt For Insomnia|PT_Closed Loop Neurostimulation|PT_Digital Phenotyping|PT_Hypnotherapy|PT_Machine Learning Neuroimaging|PT_Motivational Interviewing|PT_Occupational Therapy|PT_Transcranial Direct Current Stimulation,95.62340373026765,85.41530307851323,97.34322120237634,98.8125998549598,97.52434072835358,99.39095496576549,-3.1891961246921454
2027-08-01,RMD_Erotomania,8,PT_Cbt For Insomnia|PT_Closed Loop Neurostimulation|PT_Digital Phenotyping|PT_Hypnotherapy|PT_Machine Learning Neuroimaging|PT_Motivational Interviewing|PT_Occupational Therapy|PT_Transcranial Direct Current Stimulation,95.78464427184981,85.94200601612069,97.44289346611282,99.01468671875438,97.85901427299348,99.53599531454311,-3.2300424469045623
2027-09-01,RMD_Erotomania,8,PT_Cbt For Insomnia|PT_Closed Loop Neurostimulation|PT_Digital Phenotyping|PT_Hypnotherapy|PT_Machine Learning Neuroimaging|PT_Motivational Interviewing|PT_Occupational Therapy|PT_Transcranial Direct Current Stimulation,95.89201198192245,86.30862723320956,97.50658315938247,99.40499493850706,98.56318189704133,99.79560480974449,-3.512982956584608
2027-10-01,RMD_Erotomania,8,PT_Cbt For Insomnia|PT_Closed Loop Neurostimulation|PT_Digital Phenotyping|PT_Hypnotherapy|PT_Machine Learning Neuroimaging|PT_Motivational Interviewing|PT_Occupational Therapy|PT_Transcranial Direct Current Stimulation,95.94211109862897,86.48096864463068,97.53608397527503,99.86952440609019,99.42305701783042,100.0977281040526,-3.9274133074612223
2027-11-01,RMD_Erotomania,8,PT_Cbt For Insomnia|PT_Closed Loop Neurostimulation|PT_Digital Phenotyping|PT_Hypnotherapy|PT_Machine Learning Neuroimaging|PT_Motivational Interviewing|PT_Occupational Therapy|PT_Transcranial Direct Current Stimulation,96.02304536109857,86.75550103219338,97.5844049800258,100.35299951715407,100.32172901695733,100.41057817694107,-4.329954156055507
2027-12-01,RMD_Erotomania,8,PT_Cbt For Insomnia|PT_Closed Loop Neurostimulation|PT_Digital Phenotyping|PT_Hypnotherapy|PT_Machine Learning Neuroimaging|PT_Motivational Interviewing|PT_Occupational Therapy|PT_Transcranial Direct Current Stimulation,95.96364278725063,86.57380354087296,97.54560957266825,100.83116145882853,101.22303152029195,100.71596956312334,-4.867518671577898
2028-01-01,RMD_Erotomania,8,PT_Cbt For Insomnia|PT_Closed Loop Neurostimulation|PT_Digital Phenotyping|PT_Hypnotherapy|PT_Machine Learning Neuroimaging|PT_Motivational Interviewing|PT_Occupational Therapy|PT_Transcranial Direct Current Stimulation,95.74004582417815,85.84503750699186,97.40711472440618,101.27279536095062,102.07572475284884,100.99246300781017,-5.532749536772471
2028-02-01,RMD_Erotomania,8,PT_Cbt For Insomnia|PT_Closed Loop Neurostimulation|PT_Digital Phenotyping|PT_Hypnotherapy|PT_Machine Learning Neuroimaging|PT_Motivational Interviewing|PT_Occupational Therapy|PT_Transcranial Direct Current Stimulation,95.55387783211772,85.23665034595315,97.29208736073485,101.73951534573818,102.9787951997091,101.28390243065228,-6.185637513620463
2028-03-01,RMD_Erotomania,8,PT_Cbt For Insomnia|PT_Closed Loop Neurostimulation|PT_Digital Phenotyping|PT_Hypnotherapy|PT_Machine Learning Neuroimaging|PT_Motivational Interviewing|PT_Occupational Therapy|PT_Transcranial Direct Current Stimulation,95.417582184996,84.79070408937315,97.20796043710942,102.13984401653235,103.75418219581766,101.5336647431169,-6.722261831536358
2028-04-01,RMD_Erotomania,8,PT_Cbt For Insomnia|PT_Closed Loop Neurostimulation|PT_Digital Phenotyping|PT_Hypnotherapy|PT_Machine Learning Neuroimaging|PT_Motivational Interviewing|PT_Occupational Therapy|PT_Transcranial Direct Current Stimulation,95.42928709701204,84.81875216510578,97.21690851968208,102.55276816125189,104.53199170277799,101.79814419579374,-7.123481064239854
2028-05-01,RMD_Erotomania,8,PT_Cbt For Insomnia|PT_Closed Loop Neurostimulation|PT_Digital Phenotyping|PT_Hypnotherapy|PT_Machine Learning Neuroimaging|PT_Motivational Interviewing|PT_Occupational Therapy|PT_Transcranial Direct Current Stimulation,95.32819922050984,84.48007820392301,97.15584821741898,103.04584426261599,105.4782268884512,102.10849135368012,-7.717645042106142
2028-06-01,RMD_Erotomania,8,PT_Cbt For Insomnia|PT_Closed Loop Neurostimulation|PT_Digital Phenotyping|PT_Hypnotherapy|PT_Machine Learning Neuroimaging|PT_Motivational Interviewing|PT_Occupational Therapy|PT_Transcranial Direct Current Stimulation,95.34943436143513,84.54367535047996,97.16994637333262,103.57961970757061,106.49013903499403,102.44788662796206,-8.230185346135485
2028-07-01,RMD_Erotomania,8,PT_Cbt For Insomnia|PT_Closed Loop Neurostimulation|PT_Digital Phenotyping|PT_Hypnotherapy|PT_Machine Learning Neuroimaging|PT_Motivational Interviewing|PT_Occupational Therapy|PT_Transcranial Direct Current Stimulation,95.43510757238613,84.81933692009949,97.22361448589257,104.12733057048526,107.5205870600237,102.7985235661962,-8.692222998099126
2028-08-01,RMD_Erotomania,8,PT_Cbt For Insomnia|PT_Closed Loop Neurostimulation|PT_Digital Phenotyping|PT_Hypnotherapy|PT_Machine Learning Neuroimaging|PT_Motivational Interviewing|PT_Occupational Therapy|PT_Transcranial Direct Current Stimulation,95.79876808272262,86.0024777480561,97.44921215767894,104.67414425348106,108.52099839747237,103.15702680872259,-8.875376170758443
2028-09-01,RMD_Erotomania,8,PT_Cbt For Insomnia|PT_Closed Loop Neurostimulation|PT_Digital Phenotyping|PT_Hypnotherapy|PT_Machine Learning Neuroimaging|PT_Motivational Interviewing|PT_Occupational Therapy|PT_Transcranial Direct Current Stimulation,95.94675701253897,86.49413571397173,97.53929767539414,105.28445963203039,109.67085907862858,103.5467235233606,-9.337702619491424
2028-10-01,RMD_Erotomania,8,PT_Cbt For Insomnia|PT_Closed Loop Neurostimulation|PT_Digital Phenotyping|PT_Hypnotherapy|PT_Machine Learning Neuroimaging|PT_Motivational Interviewing|PT_Occupational Therapy|PT_Transcranial Direct Current Stimulation,96.01324765779651,86.72049638843218,97.57885404345643,105.93160599400078,110.89954924169292,103.95733030504455,-9.918358336204264
2028-11-01,RMD_Erotomania,8,PT_Cbt For Insomnia|PT_Closed Loop Neurostimulation|PT_Digital Phenotyping|PT_Hypnotherapy|PT_Machine Learning Neuroimaging|PT_Motivational Interviewing|PT_Occupational Therapy|PT_Transcranial Direct Current Stimulation,96.1199408672264,87.08586743967244,97.64196622190552,106.66008113302871,112.28106558177332,104.41966876422862,-10.540140265802307
2028-12-01,RMD_Erotomania,8,PT_Cbt For Insomnia|PT_Closed Loop Neurostimulation|PT_Digital Phenotyping|PT_Hypnotherapy|PT_Machine Learning Neuroimaging|PT_Motivational Interviewing|PT_Occupational Therapy|PT_Transcranial Direct Current Stimulation,96.11970828079788,87.11070944492234,97.6375091663492,107.45405040613122,113.80643991475698,104.91723396427054,-11.334342125333336
2026-01-01,RMD_Factitious Disorder,8,PT_Acceptance And Commitment Therapy|PT_Animal Assisted Therapy|PT_Art Therapy|PT_Cognitive Enhancement Programs|PT_Ketamine Therapy|PT_Naltrexone|PT_Neuroprotective Agents|PT_Speech Language Therapy,100.0,100.0,100.0,100.0,100.0,100.0,0.0
2026-02-01,RMD_Factitious Disorder,8,PT_Acceptance And Commitment Therapy|PT_Animal Assisted Therapy|PT_Art Therapy|PT_Cognitive Enhancement Programs|PT_Ketamine Therapy|PT_Naltrexone|PT_Neuroprotective Agents|PT_Speech Language Therapy,98.3044020168448,97.848290277695,98.56492122803888,99.68209679603835,98.92441439145755,99.84544371206988,-1.377694779193547
2026-03-01,RMD_Factitious Disorder,8,PT_Acceptance And Commitment Therapy|PT_Animal Assisted Therapy|PT_Art Therapy|PT_Cognitive Enhancement Programs|PT_Ketamine Therapy|PT_Naltrexone|PT_Neuroprotective Agents|PT_Speech Language Therapy,97.30002938697778,96.57429692461683,97.71455831127923,99.296325678238,97.57281004597411,99.66859401784747,-1.9962962912602222
2026-04-01,RMD_Factitious Disorder,8,PT_Acceptance And Commitment Therapy|PT_Animal Assisted Therapy|PT_Art Therapy|PT_Cognitive Enhancement Programs|PT_Ketamine Therapy|PT_Naltrexone|PT_Neuroprotective Agents|PT_Speech Language Therapy,97.0919743663064,96.30514180716527,97.54140286959404,99.0028692300649,96.46320680976605,99.54322414272877,-1.9108948637585002
2026-05-01,RMD_Factitious Disorder,8,PT_Acceptance And Commitment Therapy|PT_Animal Assisted Therapy|PT_Art Therapy|PT_Cognitive Enhancement Programs|PT_Ketamine Therapy|PT_Naltrexone|PT_Neuroprotective Agents|PT_Speech Language Therapy,97.20938031135253,96.4473908673678,97.64461875103383,98.70728464440909,95.30843892665736,99.42208141182368,-1.4979043330565531
2026-06-01,RMD_Factitious Disorder,8,PT_Acceptance And Commitment Therapy|PT_Animal Assisted Therapy|PT_Art Therapy|PT_Cognitive Enhancement Programs|PT_Ketamine Therapy|PT_Naltrexone|PT_Neuroprotective Agents|PT_Speech Language Therapy,97.35062908530735,96.62603973765829,97.76450507738315,98.48545164680881,94.40536078921801,99.33458589918155,-1.1348225615014655
2026-07-01,RMD_Factitious Disorder,8,PT_Acceptance And Commitment Therapy|PT_Animal Assisted Therapy|PT_Art Therapy|PT_Cognitive Enhancement Programs|PT_Ketamine Therapy|PT_Naltrexone|PT_Neuroprotective Agents|PT_Speech Language Therapy,97.38719655778591,96.6784299781519,97.79203479098373,98.42077891977887,94.04619161974782,99.31668957254863,-1.0335823619929556
2026-08-01,RMD_Factitious Disorder,8,PT_Acceptance And Commitment Therapy|PT_Animal Assisted Therapy|PT_Art Therapy|PT_Cognitive Enhancement Programs|PT_Ketamine Therapy|PT_Naltrexone|PT_Neuroprotective Agents|PT_Speech Language Therapy,97.52524735907606,96.86001796354265,97.90521772011942,98.387825575229,93.78112771205508,99.31521325836349,-0.8625782161529401
2026-09-01,RMD_Factitious Disorder,8,PT_Acceptance And Commitment Therapy|PT_Animal Assisted Therapy|PT_Art Therapy|PT_Cognitive Enhancement Programs|PT_Ketamine Therapy|PT_Naltrexone|PT_Neuroprotective Agents|PT_Speech Language Therapy,97.5495683895047,96.9052762254363,97.91757967680233,98.47763655370012,93.94298559683018,99.36778703689936,-0.9280681641954232
2026-10-01,RMD_Factitious Disorder,8,PT_Acceptance And Commitment Therapy|PT_Animal Assisted Therapy|PT_Art Therapy|PT_Cognitive Enhancement Programs|PT_Ketamine Therapy|PT_Naltrexone|PT_Neuroprotective Agents|PT_Speech Language Therapy,97.5244628097074,96.88803204663122,97.88798376721297,98.5805978719102,94.15039250847954,99.42635103989872,-1.0561350622027987
2026-11-01,RMD_Factitious Disorder,8,PT_Acceptance And Commitment Therapy|PT_Animal Assisted Therapy|PT_Art Therapy|PT_Cognitive Enhancement Programs|PT_Ketamine Therapy|PT_Naltrexone|PT_Neuroprotective Agents|PT_Speech Language Therapy,97.38954273399315,96.72933010784291,97.76664758174653,98.65956548320763,94.28993939684452,99.47259472307957,-1.2700227492144762
2026-12-01,RMD_Factitious Disorder,8,PT_Acceptance And Commitment Therapy|PT_Animal Assisted Therapy|PT_Art Therapy|PT_Cognitive Enhancement Programs|PT_Ketamine Therapy|PT_Naltrexone|PT_Neuroprotective Agents|PT_Speech Language Therapy,97.26795252564747,96.58906443650176,97.65572455447355,98.66662946896949,94.17852007831402,99.48767649389188,-1.398676943322016
2027-01-01,RMD_Factitious Disorder,8,PT_Acceptance And Commitment Therapy|PT_Animal Assisted Therapy|PT_Art Therapy|PT_Cognitive Enhancement Programs|PT_Ketamine Therapy|PT_Naltrexone|PT_Neuroprotective Agents|PT_Speech Language Therapy,97.09372279061371,96.38710817793361,97.49733184833323,98.71093884126311,94.17718040105302,99.52076080099073,-1.6172160506494038
2027-02-01,RMD_Factitious Disorder,8,PT_Acceptance And Commitment Therapy|PT_Animal Assisted Therapy|PT_Art Therapy|PT_Cognitive Enhancement Programs|PT_Ketamine Therapy|PT_Naltrexone|PT_Neuroprotective Agents|PT_Speech Language Therapy,96.87045498408897,96.1283632828477,97.29432809243504,98.82612651795218,94.43455670927331,99.58427417384821,-1.9556715338632102
2027-03-01,RMD_Factitious Disorder,8,PT_Acceptance And Commitment Therapy|PT_Animal Assisted Therapy|PT_Art Therapy|PT_Cognitive Enhancement Programs|PT_Ketamine Therapy|PT_Naltrexone|PT_Neuroprotective Agents|PT_Speech Language Therapy,96.88317962765885,96.16063188919331,97.29588947917657,98.9352159183253,94.66105260873036,99.64685290175395,-2.05203629066645
2027-04-01,RMD_Factitious Disorder,8,PT_Acceptance And Commitment Therapy|PT_Animal Assisted Therapy|PT_Art Therapy|PT_Cognitive Enhancement Programs|PT_Ketamine Therapy|PT_Naltrexone|PT_Neuroprotective Agents|PT_Speech Language Therapy,97.04399730443781,96.37510507850315,97.42605982647007,99.07838532426854,94.99510141639499,99.72578791631528,-2.034388019830729
2027-05-01,RMD_Factitious Disorder,8,PT_Acceptance And Commitment Therapy|PT_Animal Assisted Therapy|PT_Art Therapy|PT_Cognitive Enhancement Programs|PT_Ketamine Therapy|PT_Naltrexone|PT_Neuroprotective Agents|PT_Speech Language Therapy,97.41254123834318,96.85139587414011,97.73306015717881,99.2209764967781,95.30949031893815,99.80716575290961,-1.8084352584349261
2027-06-01,RMD_Factitious Disorder,8,PT_Acceptance And Commitment Therapy|PT_Animal Assisted Therapy|PT_Art Therapy|PT_Cognitive Enhancement Programs|PT_Ketamine Therapy|PT_Naltrexone|PT_Neuroprotective Agents|PT_Speech Language Therapy,97.62475063471912,97.13148532189476,97.90649735286249,99.43324181746041,95.88263477548931,99.91693342991331,-1.8084911827412924
2027-07-01,RMD_Factitious Disorder,8,PT_Acceptance And Commitment Therapy|PT_Animal Assisted Therapy|PT_Art Therapy|PT_Cognitive Enhancement Programs|PT_Ketamine Therapy|PT_Naltrexone|PT_Neuroprotective Agents|PT_Speech Language Therapy,97.77892579351004,97.33886763910955,98.03028127619065,99.65207634684278,96.48371461188815,100.02872971130093,-1.873150553332735
2027-08-01,RMD_Factitious Disorder,8,PT_Acceptance And Commitment Therapy|PT_Animal Assisted Therapy|PT_Art Therapy|PT_Cognitive Enhancement Programs|PT_Ketamine Therapy|PT_Naltrexone|PT_Neuroprotective Agents|PT_Speech Language Therapy,98.17114070265288,97.84312113470396,98.35850120490923,99.8693848168538,97.06473885789856,100.14234217776522,-1.698244114200918
2027-09-01,RMD_Factitious Disorder,8,PT_Acceptance And Commitment Therapy|PT_Animal Assisted Therapy|PT_Art Therapy|PT_Cognitive Enhancement Programs|PT_Ketamine Therapy|PT_Naltrexone|PT_Neuroprotective Agents|PT_Speech Language Therapy,98.47317726579165,98.24134040091174,98.6055994615681,100.25386236089015,98.23769695799427,100.32855956343585,-1.7806850950985051
2027-10-01,RMD_Factitious Disorder,8,PT_Acceptance And Commitment Therapy|PT_Animal Assisted Therapy|PT_Art Therapy|PT_Cognitive Enhancement Programs|PT_Ketamine Therapy|PT_Naltrexone|PT_Neuroprotective Agents|PT_Speech Language Therapy,98.68225593659167,98.52045356917506,98.77467534015045,100.70428832221218,99.65584426008778,100.54183916884574,-2.0220323856205056
2027-11-01,RMD_Factitious Disorder,8,PT_Acceptance And Commitment Therapy|PT_Animal Assisted Therapy|PT_Art Therapy|PT_Cognitive Enhancement Programs|PT_Ketamine Therapy|PT_Naltrexone|PT_Neuroprotective Agents|PT_Speech Language Therapy,98.92838775328896,98.84511274486631,98.97595335280802,101.16928338159497,101.13559410560093,100.76039739403994,-2.2408956283060064
2027-12-01,RMD_Factitious Disorder,8,PT_Acceptance And Commitment Therapy|PT_Animal Assisted Therapy|PT_Art Therapy|PT_Cognitive Enhancement Programs|PT_Ketamine Therapy|PT_Naltrexone|PT_Neuroprotective Agents|PT_Speech Language Therapy,98.96399882272763,98.90606341500511,98.99708490269332,101.62710119299692,102.61443952764675,100.97255117712159,-2.6631023702692858
2028-01-01,RMD_Factitious Disorder,8,PT_Acceptance And Commitment Therapy|PT_Animal Assisted Therapy|PT_Art Therapy|PT_Cognitive Enhancement Programs|PT_Ketamine Therapy|PT_Naltrexone|PT_Neuroprotective Agents|PT_Speech Language Therapy,98.76375193624916,98.66796426200465,98.81846460741278,102.05078534830398,104.00600808509358,101.16532169841982,-3.287033412054811
2028-02-01,RMD_Factitious Disorder,8,PT_Acceptance And Commitment Therapy|PT_Animal Assisted Therapy|PT_Art Therapy|PT_Cognitive Enhancement Programs|PT_Ketamine Therapy|PT_Naltrexone|PT_Neuroprotective Agents|PT_Speech Language Therapy,98.59845112022069,98.47316053528891,98.6700154694685,102.4944751881822,105.47407956258463,101.366334088838,-3.8960240679615055
2028-03-01,RMD_Factitious Disorder,8,PT_Acceptance And Commitment Therapy|PT_Animal Assisted Therapy|PT_Art Therapy|PT_Cognitive Enhancement Programs|PT_Ketamine Therapy|PT_Naltrexone|PT_Neuroprotective Agents|PT_Speech Language Therapy,98.4894062298749,98.34525764529609,98.57174202275188,102.87666960433096,106.74014805864373,101.5393920984266,-4.3872633744560545
2028-04-01,RMD_Factitious Disorder,8,PT_Acceptance And Commitment Therapy|PT_Animal Assisted Therapy|PT_Art Therapy|PT_Cognitive Enhancement Programs|PT_Ketamine Therapy|PT_Naltrexone|PT_Neuroprotective Agents|PT_Speech Language Therapy,98.61756423722113,98.51256112023447,98.67754064917764,103.27299199200345,108.01492163057603,101.72346404909435,-4.655427754782323
2028-05-01,RMD_Factitious Disorder,8,PT_Acceptance And Commitment Therapy|PT_Animal Assisted Therapy|PT_Art Therapy|PT_Cognitive Enhancement Programs|PT_Ketamine Therapy|PT_Naltrexone|PT_Neuroprotective Agents|PT_Speech Language Therapy,98.58385103006475,98.47928540451883,98.64357755261199,103.7414683743271,109.5535833596935,101.93726408180693,-5.1576173442623485
2028-06-01,RMD_Factitious Disorder,8,PT_Acceptance And Commitment Therapy|PT_Animal Assisted Therapy|PT_Art Therapy|PT_Cognitive Enhancement Programs|PT_Ketamine Therapy|PT_Naltrexone|PT_Neuroprotective Agents|PT_Speech Language Therapy,98.72480839996835,98.66668996035277,98.75800489524093,104.24671324962898,111.1997358179052,102.17009688444602,-5.521904849660629
2028-07-01,RMD_Factitious Disorder,8,PT_Acceptance And Commitment Therapy|PT_Animal Assisted Therapy|PT_Art Therapy|PT_Cognitive Enhancement Programs|PT_Ketamine Therapy|PT_Naltrexone|PT_Neuroprotective Agents|PT_Speech Language Therapy,98.96275848753527,98.97533815238593,98.95557314691862,104.76644376661974,112.878402299768,102.41145832226982,-5.803685279084476
2028-08-01,RMD_Factitious Disorder,8,PT_Acceptance And Commitment Therapy|PT_Animal Assisted Therapy|PT_Art Therapy|PT_Cognitive Enhancement Programs|PT_Ketamine Therapy|PT_Naltrexone|PT_Neuroprotective Agents|PT_Speech Language Therapy,99.60678385642477,99.79237104375582,99.50077887370952,105.28746189620507,114.52107272763038,102.65905426676042,-5.680678039780304
2028-09-01,RMD_Factitious Disorder,8,PT_Acceptance And Commitment Therapy|PT_Animal Assisted Therapy|PT_Art Therapy|PT_Cognitive Enhancement Programs|PT_Ketamine Therapy|PT_Naltrexone|PT_Neuroprotective Agents|PT_Speech Language Therapy,99.91501462362663,100.19301559375263,99.75622409257309,105.86080717095298,116.38828889184836,102.92427039278454,-5.945792547326349
2028-10-01,RMD_Factitious Disorder,8,PT_Acceptance And Commitment Therapy|PT_Animal Assisted Therapy|PT_Art Therapy|PT_Cognitive Enhancement Programs|PT_Ketamine Therapy|PT_Naltrexone|PT_Neuroprotective Agents|PT_Speech Language Therapy,100.10482326755248,100.44557395985127,99.91019091298745,106.46687926581284,118.37700304361107,103.20281583033645,-6.3620559982603595
2028-11-01,RMD_Factitious Disorder,8,PT_Acceptance And Commitment Therapy|PT_Animal Assisted Therapy|PT_Art Therapy|PT_Cognitive Enhancement Programs|PT_Ketamine Therapy|PT_Naltrexone|PT_Neuroprotective Agents|PT_Speech Language Therapy,100.35488530299185,100.77868052229925,100.11281899688767,107.14403234482837,120.60716434527542,103.51354279293153,-6.789147041836529
2028-12-01,RMD_Factitious Disorder,8,PT_Acceptance And Commitment Therapy|PT_Animal Assisted Therapy|PT_Art Therapy|PT_Cognitive Enhancement Programs|PT_Ketamine Therapy|PT_Naltrexone|PT_Neuroprotective Agents|PT_Speech Language Therapy,100.43706871733426,100.90304825287078,100.1709072795724,107.87623086226169,123.0566144218914,103.84510808956448,-7.439162144927437
2026-01-01,RMD_Fregoli Delusion,8,PT_Biofeedback Devices|PT_Cbt For Insomnia|PT_Cultural Psychiatry Interventions|PT_Hypnotherapy|PT_Mentalization Based Treatment|PT_Metabolic And Enzyme Targeted Therapy|PT_Selective Serotonin Reuptake Inhibitors|PT_Smart Wearable Mental Health Trackers,100.0,100.0,100.0,100.0,100.0,100.0,0.0
2026-02-01,RMD_Fregoli Delusion,8,PT_Biofeedback Devices|PT_Cbt For Insomnia|PT_Cultural Psychiatry Interventions|PT_Hypnotherapy|PT_Mentalization Based Treatment|PT_Metabolic And Enzyme Targeted Therapy|PT_Selective Serotonin Reuptake Inhibitors|PT_Smart Wearable Mental Health Trackers,99.99840599679683,100.0,99.99726465876854,99.64266863966672,99.38218340901754,99.83518433322007,0.3557373571301099
2026-03-01,RMD_Fregoli Delusion,8,PT_Biofeedback Devices|PT_Cbt For Insomnia|PT_Cultural Psychiatry Interventions|PT_Hypnotherapy|PT_Mentalization Based Treatment|PT_Metabolic And Enzyme Targeted Therapy|PT_Selective Serotonin Reuptake Inhibitors|PT_Smart Wearable Mental Health Trackers,100.15244942110246,100.0,100.00802471865596,99.2003046682815,98.54531414942791,99.64741774306806,0.9521447528209563
2026-04-01,RMD_Fregoli Delusion,8,PT_Biofeedback Devices|PT_Cbt For Insomnia|PT_Cultural Psychiatry Interventions|PT_Hypnotherapy|PT_Mentalization Based Treatment|PT_Metabolic And Enzyme Targeted Therapy|PT_Selective Serotonin Reuptake Inhibitors|PT_Smart Wearable Mental Health Trackers,100.57420698993923,100.0,100.04089611039994,98.85402578016758,97.84037031629346,99.51053477505141,1.7201812097716527
2026-05-01,RMD_Fregoli Delusion,8,PT_Biofeedback Devices|PT_Cbt For Insomnia|PT_Cultural Psychiatry Interventions|PT_Hypnotherapy|PT_Mentalization Based Treatment|PT_Metabolic And Enzyme Targeted Therapy|PT_Selective Serotonin Reuptake Inhibitors|PT_Smart Wearable Mental Health Trackers,101.09956170138153,100.0,100.08259626923105,98.50059702494839,97.0932949554265,99.37661770122115,2.598964676433141
2026-06-01,RMD_Fregoli Delusion,8,PT_Biofeedback Devices|PT_Cbt For Insomnia|PT_Cultural Psychiatry Interventions|PT_Hypnotherapy|PT_Mentalization Based Treatment|PT_Metabolic And Enzyme Targeted Therapy|PT_Selective Serotonin Reuptake Inhibitors|PT_Smart Wearable Mental Health Trackers,101.61987962401385,100.0,100.12382345839676,98.23343056956239,96.51454817537316,99.27795537742684,3.386449054451461
2026-07-01,RMD_Fregoli Delusion,8,PT_Biofeedback Devices|PT_Cbt For Insomnia|PT_Cultural Psychiatry Interventions|PT_Hypnotherapy|PT_Mentalization Based Treatment|PT_Metabolic And Enzyme Targeted Therapy|PT_Selective Serotonin Reuptake Inhibitors|PT_Smart Wearable Mental Health Trackers,102.16003766028551,100.0,100.1661305949651,98.1443333584671,96.29035149331945,99.25048609963018,4.015704301818417
2026-08-01,RMD_Fregoli Delusion,8,PT_Biofeedback Devices|PT_Cbt For Insomnia|PT_Cultural Psychiatry Interventions|PT_Hypnotherapy|PT_Mentalization Based Treatment|PT_Metabolic And Enzyme Targeted Therapy|PT_Selective Serotonin Reuptake Inhibitors|PT_Smart Wearable Mental Health Trackers,102.75555464386701,100.0,100.21298612314885,98.09258334197307,96.1272327693245,99.24064998961357,4.662971301893947
2026-09-01,RMD_Fregoli Delusion,8,PT_Biofeedback Devices|PT_Cbt For Insomnia|PT_Cultural Psychiatry Interventions|PT_Hypnotherapy|PT_Mentalization Based Treatment|PT_Metabolic And Enzyme Targeted Therapy|PT_Selective Serotonin Reuptake Inhibitors|PT_Smart Wearable Mental Health Trackers,103.36156983706935,100.0,100.26018061292612,98.17897081970612,96.24171793259055,99.28554389575531,5.182599017363231
2026-10-01,RMD_Fregoli Delusion,8,PT_Biofeedback Devices|PT_Cbt For Insomnia|PT_Cultural Psychiatry Interventions|PT_Hypnotherapy|PT_Mentalization Based Treatment|PT_Metabolic And Enzyme Targeted Therapy|PT_Selective Serotonin Reuptake Inhibitors|PT_Smart Wearable Mental Health Trackers,103.92687915339093,100.0,100.30420620594533,98.28029864796086,96.3828038181913,99.33706472171977,5.646580505430066
2026-11-01,RMD_Fregoli Delusion,8,PT_Biofeedback Devices|PT_Cbt For Insomnia|PT_Cultural Psychiatry Interventions|PT_Hypnotherapy|PT_Mentalization Based Treatment|PT_Metabolic And Enzyme Targeted Therapy|PT_Selective Serotonin Reuptake Inhibitors|PT_Smart Wearable Mental Health Trackers,104.41997489836923,100.0,100.34249310035794,98.35417569911121,96.47708329663936,99.37605001053703,6.065799199258024
2026-12-01,RMD_Fregoli Delusion,8,PT_Biofeedback Devices|PT_Cbt For Insomnia|PT_Cultural Psychiatry Interventions|PT_Hypnotherapy|PT_Mentalization Based Treatment|PT_Metabolic And Enzyme Targeted Therapy|PT_Selective Serotonin Reuptake Inhibitors|PT_Smart Wearable Mental Health Trackers,104.9061981377339,100.0,100.3803543220717,98.348977134563,96.40783253001676,99.3847507391854,6.557221003170895
2027-01-01,RMD_Fregoli Delusion,8,PT_Biofeedback Devices|PT_Cbt For Insomnia|PT_Cultural Psychiatry Interventions|PT_Hypnotherapy|PT_Mentalization Based Treatment|PT_Metabolic And Enzyme Targeted Therapy|PT_Selective Serotonin Reuptake Inhibitors|PT_Smart Wearable Mental Health Trackers,105.48867565248953,100.0,100.42558598773763,98.39259058756444,96.4308612494142,99.41386516141358,7.0960850649250915
2027-02-01,RMD_Fregoli Delusion,8,PT_Biofeedback Devices|PT_Cbt For Insomnia|PT_Cultural Psychiatry Interventions|PT_Hypnotherapy|PT_Mentalization Based Treatment|PT_Metabolic And Enzyme Targeted Therapy|PT_Selective Serotonin Reuptake Inhibitors|PT_Smart Wearable Mental Health Trackers,106.05329249200973,100.0,100.4692410878523,98.52245161358731,96.629477781401,99.47677455763282,7.530840878422424
2027-03-01,RMD_Fregoli Delusion,8,PT_Biofeedback Devices|PT_Cbt For Insomnia|PT_Cultural Psychiatry Interventions|PT_Hypnotherapy|PT_Mentalization Based Treatment|PT_Metabolic And Enzyme Targeted Therapy|PT_Selective Serotonin Reuptake Inhibitors|PT_Smart Wearable Mental Health Trackers,106.6056995283057,100.0,100.51258087485672,98.64299793117749,96.79752652788311,99.53858332905635,7.962701597128216
2027-04-01,RMD_Fregoli Delusion,8,PT_Biofeedback Devices|PT_Cbt For Insomnia|PT_Cultural Psychiatry Interventions|PT_Hypnotherapy|PT_Mentalization Based Treatment|PT_Metabolic And Enzyme Targeted Therapy|PT_Selective Serotonin Reuptake Inhibitors|PT_Smart Wearable Mental Health Trackers,107.19644756787775,100.0,100.55911320710246,98.8060090104525,97.0443239474155,99.61855820237153,8.390438557425256
2027-05-01,RMD_Fregoli Delusion,8,PT_Biofeedback Devices|PT_Cbt For Insomnia|PT_Cultural Psychiatry Interventions|PT_Hypnotherapy|PT_Mentalization Based Treatment|PT_Metabolic And Enzyme Targeted Therapy|PT_Selective Serotonin Reuptake Inhibitors|PT_Smart Wearable Mental Health Trackers,107.82213302191911,100.0,100.608822318934,98.96813648102244,97.27319550888943,99.70156848301811,8.853996540896674
2027-06-01,RMD_Fregoli Delusion,8,PT_Biofeedback Devices|PT_Cbt For Insomnia|PT_Cultural Psychiatry Interventions|PT_Hypnotherapy|PT_Mentalization Based Treatment|PT_Metabolic And Enzyme Targeted Therapy|PT_Selective Serotonin Reuptake Inhibitors|PT_Smart Wearable Mental Health Trackers,108.41457958949452,100.0,100.65546501076834,99.20749135241614,97.67151498850292,99.81224499537217,9.20708823707838
2027-07-01,RMD_Fregoli Delusion,8,PT_Biofeedback Devices|PT_Cbt For Insomnia|PT_Cultural Psychiatry Interventions|PT_Hypnotherapy|PT_Mentalization Based Treatment|PT_Metabolic And Enzyme Targeted Therapy|PT_Selective Serotonin Reuptake Inhibitors|PT_Smart Wearable Mental Health Trackers,108.97693608021024,100.0,100.69958519772064,99.45381936917407,98.08899488940206,99.9245434811094,9.523116711036167
2027-08-01,RMD_Fregoli Delusion,8,PT_Biofeedback Devices|PT_Cbt For Insomnia|PT_Cultural Psychiatry Interventions|PT_Hypnotherapy|PT_Mentalization Based Treatment|PT_Metabolic And Enzyme Targeted Therapy|PT_Selective Serotonin Reuptake Inhibitors|PT_Smart Wearable Mental Health Trackers,109.59126752782907,100.0,100.74823801063283,99.69465428514877,98.48195636460964,100.03758344039323,9.896613242680303
2027-09-01,RMD_Fregoli Delusion,8,PT_Biofeedback Devices|PT_Cbt For Insomnia|PT_Cultural Psychiatry Interventions|PT_Hypnotherapy|PT_Mentalization Based Treatment|PT_Metabolic And Enzyme Targeted Therapy|PT_Selective Serotonin Reuptake Inhibitors|PT_Smart Wearable Mental Health Trackers,110.23969365871555,100.0,100.79878270220655,100.12998620392275,99.2727105724538,100.22641589876847,10.109707454792797
2027-10-01,RMD_Fregoli Delusion,8,PT_Biofeedback Devices|PT_Cbt For Insomnia|PT_Cultural Psychiatry Interventions|PT_Hypnotherapy|PT_Mentalization Based Treatment|PT_Metabolic And Enzyme Targeted Therapy|PT_Selective Serotonin Reuptake Inhibitors|PT_Smart Wearable Mental Health Trackers,110.85189541353016,100.0,100.846197911161,100.64077094270445,100.22673165188017,100.44276397703703,10.211124470825709
2027-11-01,RMD_Fregoli Delusion,8,PT_Biofeedback Devices|PT_Cbt For Insomnia|PT_Cultural Psychiatry Interventions|PT_Hypnotherapy|PT_Mentalization Based Treatment|PT_Metabolic And Enzyme Targeted Therapy|PT_Selective Serotonin Reuptake Inhibitors|PT_Smart Wearable Mental Health Trackers,111.44892800671467,100.0,100.89232821919117,101.16674638780762,101.21676905585377,100.66411700174513,10.282181618907046
2027-12-01,RMD_Fregoli Delusion,8,PT_Biofeedback Devices|PT_Cbt For Insomnia|PT_Cultural Psychiatry Interventions|PT_Hypnotherapy|PT_Mentalization Based Treatment|PT_Metabolic And Enzyme Targeted Therapy|PT_Selective Serotonin Reuptake Inhibitors|PT_Smart Wearable Mental Health Trackers,111.96602525894059,100.0,100.93174235797292,101.68108765162725,102.20266655780563,100.876989422764,10.284937607313339
2028-01-01,RMD_Fregoli Delusion,8,PT_Biofeedback Devices|PT_Cbt For Insomnia|PT_Cultural Psychiatry Interventions|PT_Hypnotherapy|PT_Mentalization Based Treatment|PT_Metabolic And Enzyme Targeted Therapy|PT_Selective Serotonin Reuptake Inhibitors|PT_Smart Wearable Mental Health Trackers,112.39350556058872,100.0,100.96373875583595,102.15880333462144,103.13961774301102,101.07025913689466,10.234702225967283
2028-02-01,RMD_Fregoli Delusion,8,PT_Biofeedback Devices|PT_Cbt For Insomnia|PT_Cultural Psychiatry Interventions|PT_Hypnotherapy|PT_Mentalization Based Treatment|PT_Metabolic And Enzyme Targeted Therapy|PT_Selective Serotonin Reuptake Inhibitors|PT_Smart Wearable Mental Health Trackers,112.80157038059832,100.0,100.99427683056406,102.66416860667867,104.13565512426867,101.27387472410523,10.137401773919649
2028-03-01,RMD_Fregoli Delusion,8,PT_Biofeedback Devices|PT_Cbt For Insomnia|PT_Cultural Psychiatry Interventions|PT_Hypnotherapy|PT_Mentalization Based Treatment|PT_Metabolic And Enzyme Targeted Therapy|PT_Selective Serotonin Reuptake Inhibitors|PT_Smart Wearable Mental Health Trackers,113.15316567729587,100.0,101.02075524899765,103.09718105260181,104.98913337447446,101.4483758890876,10.055984624694062
2028-04-01,RMD_Fregoli Delusion,8,PT_Biofeedback Devices|PT_Cbt For Insomnia|PT_Cultural Psychiatry Interventions|PT_Hypnotherapy|PT_Mentalization Based Treatment|PT_Metabolic And Enzyme Targeted Therapy|PT_Selective Serotonin Reuptake Inhibitors|PT_Smart Wearable Mental Health Trackers,113.62425895183053,100.0,101.05698472536582,103.54683479580392,105.849854395613,101.63464794662225,10.07742415602661
2028-05-01,RMD_Fregoli Delusion,8,PT_Biofeedback Devices|PT_Cbt For Insomnia|PT_Cultural Psychiatry Interventions|PT_Hypnotherapy|PT_Mentalization Based Treatment|PT_Metabolic And Enzyme Targeted Therapy|PT_Selective Serotonin Reuptake Inhibitors|PT_Smart Wearable Mental Health Trackers,114.08094086953659,100.0,101.09160610487172,104.08059336091763,106.89215497620339,101.85166798529241,10.000347508618958
2028-06-01,RMD_Fregoli Delusion,8,PT_Biofeedback Devices|PT_Cbt For Insomnia|PT_Cultural Psychiatry Interventions|PT_Hypnotherapy|PT_Mentalization Based Treatment|PT_Metabolic And Enzyme Targeted Therapy|PT_Selective Serotonin Reuptake Inhibitors|PT_Smart Wearable Mental Health Trackers,114.59414457295479,100.0,101.13089411840937,104.65660314894579,108.0049079649575,102.0884181716166,9.937541424008998
2028-07-01,RMD_Fregoli Delusion,8,PT_Biofeedback Devices|PT_Cbt For Insomnia|PT_Cultural Psychiatry Interventions|PT_Hypnotherapy|PT_Mentalization Based Treatment|PT_Metabolic And Enzyme Targeted Therapy|PT_Selective Serotonin Reuptake Inhibitors|PT_Smart Wearable Mental Health Trackers,115.13814389563407,100.0,101.17275981662335,105.24564616537386,109.13440986149352,102.33216601453682,9.892497730260217
2028-08-01,RMD_Fregoli Delusion,8,PT_Biofeedback Devices|PT_Cbt For Insomnia|PT_Cultural Psychiatry Interventions|PT_Hypnotherapy|PT_Mentalization Based Treatment|PT_Metabolic And Enzyme Targeted Therapy|PT_Selective Serotonin Reuptake Inhibitors|PT_Smart Wearable Mental Health Trackers,115.79527824893783,100.0,101.22436868994419,105.8357789658715,110.2333604333679,102.58288834300474,9.959499283066336
2028-09-01,RMD_Fregoli Delusion,8,PT_Biofeedback Devices|PT_Cbt For Insomnia|PT_Cultural Psychiatry Interventions|PT_Hypnotherapy|PT_Mentalization Based Treatment|PT_Metabolic And Enzyme Targeted Therapy|PT_Selective Serotonin Reuptake Inhibitors|PT_Smart Wearable Mental Health Trackers,116.33901625961661,100.0,101.26621073967489,106.48899406450579,111.49128159679395,102.85210116804096,9.850022195110824
2028-10-01,RMD_Fregoli Delusion,8,PT_Biofeedback Devices|PT_Cbt For Insomnia|PT_Cultural Psychiatry Interventions|PT_Hypnotherapy|PT_Mentalization Based Treatment|PT_Metabolic And Enzyme Targeted Therapy|PT_Selective Serotonin Reuptake Inhibitors|PT_Smart Wearable Mental Health Trackers,116.85523811664079,100.0,101.30560911280114,107.18240599581523,112.83619831562778,103.13592333905002,9.67283212082556
2028-11-01,RMD_Fregoli Delusion,8,PT_Biofeedback Devices|PT_Cbt For Insomnia|PT_Cultural Psychiatry Interventions|PT_Hypnotherapy|PT_Mentalization Based Treatment|PT_Metabolic And Enzyme Targeted Therapy|PT_Selective Serotonin Reuptake Inhibitors|PT_Smart Wearable Mental Health Trackers,117.42440178497002,100.0,101.34896466546107,107.96250730449863,114.35112262126415,103.45504660219169,9.461894480471386
2028-12-01,RMD_Fregoli Delusion,8,PT_Biofeedback Devices|PT_Cbt For Insomnia|PT_Cultural Psychiatry Interventions|PT_Hypnotherapy|PT_Mentalization Based Treatment|PT_Metabolic And Enzyme Targeted Therapy|PT_Selective Serotonin Reuptake Inhibitors|PT_Smart Wearable Mental Health Trackers,117.94221764519736,100.0,101.38774817802232,108.80904126099209,116.02179119321853,103.79628663096548,9.133176384205271
2026-01-01,RMD_Ganser Syndrome,8,PT_Deep Brain Stimulation|PT_Fecal Microbiota Transplant|PT_Immunotherapy For Neuropsychiatric Disorders|PT_Machine Learning Neuroimaging|PT_Pharmacogenomic Testing|PT_Psilocybin Assisted Therapy|PT_Social Skills Training|PT_Transcranial Direct Current Stimulation,100.0,100.0,100.0,100.0,100.0,100.0,0.0
2026-02-01,RMD_Ganser Syndrome,8,PT_Deep Brain Stimulation|PT_Fecal Microbiota Transplant|PT_Immunotherapy For Neuropsychiatric Disorders|PT_Machine Learning Neuroimaging|PT_Pharmacogenomic Testing|PT_Psilocybin Assisted Therapy|PT_Social Skills Training|PT_Transcranial Direct Current Stimulation,99.83238454585124,100.0,99.92036122722483,99.73687666221882,99.467386122569,99.86949345378369,0.09550788363242191
2026-03-01,RMD_Ganser Syndrome,8,PT_Deep Brain Stimulation|PT_Fecal Microbiota Transplant|PT_Immunotherapy For Neuropsychiatric Disorders|PT_Machine Learning Neuroimaging|PT_Pharmacogenomic Testing|PT_Psilocybin Assisted Therapy|PT_Social Skills Training|PT_Transcranial Direct Current Stimulation,99.75750547920079,100.0,99.88470951846683,99.35454834864356,98.26727135779564,99.69500947299804,0.40295713055722615
2026-04-01,RMD_Ganser Syndrome,8,PT_Deep Brain Stimulation|PT_Fecal Microbiota Transplant|PT_Immunotherapy For Neuropsychiatric Disorders|PT_Machine Learning Neuroimaging|PT_Pharmacogenomic Testing|PT_Psilocybin Assisted Therapy|PT_Social Skills Training|PT_Transcranial Direct Current Stimulation,99.85437772317671,100.0,99.9244322188044,99.0429464896005,97.21788684698049,99.56031407337589,0.811431233576215
2026-05-01,RMD_Ganser Syndrome,8,PT_Deep Brain Stimulation|PT_Fecal Microbiota Transplant|PT_Immunotherapy For Neuropsychiatric Disorders|PT_Machine Learning Neuroimaging|PT_Pharmacogenomic Testing|PT_Psilocybin Assisted Therapy|PT_Social Skills Training|PT_Transcranial Direct Current Stimulation,100.00913901306167,100.0,99.99035174995645,98.7185399705506,96.04068114977626,99.42456869730638,1.2905990425110758
2026-06-01,RMD_Ganser Syndrome,8,PT_Deep Brain Stimulation|PT_Fecal Microbiota Transplant|PT_Immunotherapy For Neuropsychiatric Disorders|PT_Machine Learning Neuroimaging|PT_Pharmacogenomic Testing|PT_Psilocybin Assisted Therapy|PT_Social Skills Training|PT_Transcranial Direct Current Stimulation,100.17841787114587,100.0,100.06257114057786,98.47735066221935,95.1742619697958,99.32597038270647,1.701067208926517
2026-07-01,RMD_Ganser Syndrome,8,PT_Deep Brain Stimulation|PT_Fecal Microbiota Transplant|PT_Immunotherapy For Neuropsychiatric Disorders|PT_Machine Learning Neuroimaging|PT_Pharmacogenomic Testing|PT_Psilocybin Assisted Therapy|PT_Social Skills Training|PT_Transcranial Direct Current Stimulation,100.38339842614803,100.0,100.14641321215892,98.40097393892007,94.99995336995346,99.29759891386016,1.9824244872279593
2026-08-01,RMD_Ganser Syndrome,8,PT_Deep Brain Stimulation|PT_Fecal Microbiota Transplant|PT_Immunotherapy For Neuropsychiatric Disorders|PT_Machine Learning Neuroimaging|PT_Pharmacogenomic Testing|PT_Psilocybin Assisted Therapy|PT_Social Skills Training|PT_Transcranial Direct Current Stimulation,100.6310643856415,100.0,100.24852385845325,98.3553140123788,94.92297539195297,99.28451289161082,2.275750373262696
2026-09-01,RMD_Ganser Syndrome,8,PT_Deep Brain Stimulation|PT_Fecal Microbiota Transplant|PT_Immunotherapy For Neuropsychiatric Disorders|PT_Machine Learning Neuroimaging|PT_Pharmacogenomic Testing|PT_Psilocybin Assisted Therapy|PT_Social Skills Training|PT_Transcranial Direct Current Stimulation,100.91811483131077,100.0,100.36429268149702,98.44183375287452,95.39317083767861,99.32772771170785,2.4762810784362586
2026-10-01,RMD_Ganser Syndrome,8,PT_Deep Brain Stimulation|PT_Fecal Microbiota Transplant|PT_Immunotherapy For Neuropsychiatric Disorders|PT_Machine Learning Neuroimaging|PT_Pharmacogenomic Testing|PT_Psilocybin Assisted Therapy|PT_Social Skills Training|PT_Transcranial Direct Current Stimulation,101.18316562726574,100.0,100.47127834020787,98.54297617967018,95.916722028418,99.3780602668797,2.64018944759556
2026-11-01,RMD_Ganser Syndrome,8,PT_Deep Brain Stimulation|PT_Fecal Microbiota Transplant|PT_Immunotherapy For Neuropsychiatric Disorders|PT_Machine Learning Neuroimaging|PT_Pharmacogenomic Testing|PT_Psilocybin Assisted Therapy|PT_Social Skills Training|PT_Transcranial Direct Current Stimulation,101.42155018114275,100.0,100.56698735224336,98.62370177881448,96.35539556268478,99.41878830065401,2.7978484023282704
2026-12-01,RMD_Ganser Syndrome,8,PT_Deep Brain Stimulation|PT_Fecal Microbiota Transplant|PT_Immunotherapy For Neuropsychiatric Disorders|PT_Machine Learning Neuroimaging|PT_Pharmacogenomic Testing|PT_Psilocybin Assisted Therapy|PT_Social Skills Training|PT_Transcranial Direct Current Stimulation,101.6615139979001,100.0,100.66464026275808,98.6268931343218,96.44845816379654,99.42777388856678,3.034620863578297
2027-01-01,RMD_Ganser Syndrome,8,PT_Deep Brain Stimulation|PT_Fecal Microbiota Transplant|PT_Immunotherapy For Neuropsychiatric Disorders|PT_Machine Learning Neuroimaging|PT_Pharmacogenomic Testing|PT_Psilocybin Assisted Therapy|PT_Social Skills Training|PT_Transcranial Direct Current Stimulation,101.92233185154463,100.0,100.77100509525306,98.6612656026548,96.72574784994342,99.45054179889922,3.2610662488898328
2027-02-01,RMD_Ganser Syndrome,8,PT_Deep Brain Stimulation|PT_Fecal Microbiota Transplant|PT_Immunotherapy For Neuropsychiatric Disorders|PT_Machine Learning Neuroimaging|PT_Pharmacogenomic Testing|PT_Psilocybin Assisted Therapy|PT_Social Skills Training|PT_Transcranial Direct Current Stimulation,102.1903146396504,100.0,100.88023997681164,98.76862070922905,97.30488205615464,99.50445532637579,3.421693930421341
2027-03-01,RMD_Ganser Syndrome,8,PT_Deep Brain Stimulation|PT_Fecal Microbiota Transplant|PT_Immunotherapy For Neuropsychiatric Disorders|PT_Machine Learning Neuroimaging|PT_Pharmacogenomic Testing|PT_Psilocybin Assisted Therapy|PT_Social Skills Training|PT_Transcranial Direct Current Stimulation,102.45587028193596,100.0,100.98990231248605,98.8708617993961,97.8114928252816,99.55860095390914,3.5850084825398625
2027-04-01,RMD_Ganser Syndrome,8,PT_Deep Brain Stimulation|PT_Fecal Microbiota Transplant|PT_Immunotherapy For Neuropsychiatric Disorders|PT_Machine Learning Neuroimaging|PT_Pharmacogenomic Testing|PT_Psilocybin Assisted Therapy|PT_Social Skills Training|PT_Transcranial Direct Current Stimulation,102.72954229984428,100.0,101.1045210804086,99.01073864969563,98.47367240143095,99.63001040471397,3.718803650148658
2027-05-01,RMD_Ganser Syndrome,8,PT_Deep Brain Stimulation|PT_Fecal Microbiota Transplant|PT_Immunotherapy For Neuropsychiatric Disorders|PT_Machine Learning Neuroimaging|PT_Pharmacogenomic Testing|PT_Psilocybin Assisted Therapy|PT_Social Skills Training|PT_Transcranial Direct Current Stimulation,103.02169298793042,100.0,101.22879827585365,99.14700560606065,99.0711075294359,99.70304455591634,3.8746873818697765
2027-06-01,RMD_Ganser Syndrome,8,PT_Deep Brain Stimulation|PT_Fecal Microbiota Transplant|PT_Immunotherapy For Neuropsychiatric Disorders|PT_Machine Learning Neuroimaging|PT_Pharmacogenomic Testing|PT_Psilocybin Assisted Therapy|PT_Social Skills Training|PT_Transcranial Direct Current Stimulation,103.32005716931627,100.0,101.35278032440918,99.36467174685122,100.03632754919607,99.80806430542069,3.9553854224650564
2027-07-01,RMD_Ganser Syndrome,8,PT_Deep Brain Stimulation|PT_Fecal Microbiota Transplant|PT_Immunotherapy For Neuropsychiatric Disorders|PT_Machine Learning Neuroimaging|PT_Pharmacogenomic Testing|PT_Psilocybin Assisted Therapy|PT_Social Skills Training|PT_Transcranial Direct Current Stimulation,103.6080396389805,100.0,101.47205020021137,99.59533873753638,101.06543621859946,99.91806867995413,4.01270090144412
2027-08-01,RMD_Ganser Syndrome,8,PT_Deep Brain Stimulation|PT_Fecal Microbiota Transplant|PT_Immunotherapy For Neuropsychiatric Disorders|PT_Machine Learning Neuroimaging|PT_Pharmacogenomic Testing|PT_Psilocybin Assisted Therapy|PT_Social Skills Training|PT_Transcranial Direct Current Stimulation,103.94970410179877,100.0,101.61466721272234,99.81921755810556,102.01677694215515,100.02747622577013,4.130486543693209
2027-09-01,RMD_Ganser Syndrome,8,PT_Deep Brain Stimulation|PT_Fecal Microbiota Transplant|PT_Immunotherapy For Neuropsychiatric Disorders|PT_Machine Learning Neuroimaging|PT_Pharmacogenomic Testing|PT_Psilocybin Assisted Therapy|PT_Social Skills Training|PT_Transcranial Direct Current Stimulation,104.36796281431377,100.0,101.78595418343237,100.22330333023179,103.73868741356299,100.21210629475249,4.144659484081984
2027-10-01,RMD_Ganser Syndrome,8,PT_Deep Brain Stimulation|PT_Fecal Microbiota Transplant|PT_Immunotherapy For Neuropsychiatric Disorders|PT_Machine Learning Neuroimaging|PT_Pharmacogenomic Testing|PT_Psilocybin Assisted Therapy|PT_Social Skills Training|PT_Transcranial Direct Current Stimulation,104.77088196524508,100.0,101.94985230442549,100.70020170936326,105.79691572414542,100.42546150885815,4.070680255881825
2027-11-01,RMD_Ganser Syndrome,8,PT_Deep Brain Stimulation|PT_Fecal Microbiota Transplant|PT_Immunotherapy For Neuropsychiatric Disorders|PT_Machine Learning Neuroimaging|PT_Pharmacogenomic Testing|PT_Psilocybin Assisted Therapy|PT_Social Skills Training|PT_Transcranial Direct Current Stimulation,105.1872701573813,100.0,102.11889005228781,101.19830167569707,107.93393235571155,100.64729390122838,3.988968481684239
2027-12-01,RMD_Ganser Syndrome,8,PT_Deep Brain Stimulation|PT_Fecal Microbiota Transplant|PT_Immunotherapy For Neuropsychiatric Disorders|PT_Machine Learning Neuroimaging|PT_Pharmacogenomic Testing|PT_Psilocybin Assisted Therapy|PT_Social Skills Training|PT_Transcranial Direct Current Stimulation,105.58029302575505,100.0,102.27573518036935,101.69705560832337,110.09672168829294,100.86617530716232,3.883237417431687
2028-01-01,RMD_Ganser Syndrome,8,PT_Deep Brain Stimulation|PT_Fecal Microbiota Transplant|PT_Immunotherapy For Neuropsychiatric Disorders|PT_Machine Learning Neuroimaging|PT_Pharmacogenomic Testing|PT_Psilocybin Assisted Therapy|PT_Social Skills Training|PT_Transcranial Direct Current Stimulation,105.90086397329854,100.0,102.40158988505148,102.1641771913822,112.18646093855861,101.06747237069871,3.7366867819163474
2028-02-01,RMD_Ganser Syndrome,8,PT_Deep Brain Stimulation|PT_Fecal Microbiota Transplant|PT_Immunotherapy For Neuropsychiatric Disorders|PT_Machine Learning Neuroimaging|PT_Pharmacogenomic Testing|PT_Psilocybin Assisted Therapy|PT_Social Skills Training|PT_Transcranial Direct Current Stimulation,106.20632189286825,100.0,102.52130756992742,102.65202950591276,114.36659664845169,101.27719135058139,3.554292386955481
2028-03-01,RMD_Ganser Syndrome,8,PT_Deep Brain Stimulation|PT_Fecal Microbiota Transplant|PT_Immunotherapy For Neuropsychiatric Disorders|PT_Machine Learning Neuroimaging|PT_Pharmacogenomic Testing|PT_Psilocybin Assisted Therapy|PT_Social Skills Training|PT_Transcranial Direct Current Stimulation,106.46906204600238,100.0,102.62405939739554,103.06948888872031,116.22888001759873,101.45657153732688,3.399573157282063
2028-04-01,RMD_Ganser Syndrome,8,PT_Deep Brain Stimulation|PT_Fecal Microbiota Transplant|PT_Immunotherapy For Neuropsychiatric Disorders|PT_Machine Learning Neuroimaging|PT_Pharmacogenomic Testing|PT_Psilocybin Assisted Therapy|PT_Social Skills Training|PT_Transcranial Direct Current Stimulation,106.80805341222398,100.0,102.76065134236876,103.50565824715584,118.13860534468108,101.64859565097545,3.3023951650681482
2028-05-01,RMD_Ganser Syndrome,8,PT_Deep Brain Stimulation|PT_Fecal Microbiota Transplant|PT_Immunotherapy For Neuropsychiatric Disorders|PT_Machine Learning Neuroimaging|PT_Pharmacogenomic Testing|PT_Psilocybin Assisted Therapy|PT_Social Skills Training|PT_Transcranial Direct Current Stimulation,107.1547210316263,100.0,102.89832210011056,104.02469167451208,120.43896977220948,101.87351165838585,3.1300293571142106
2028-06-01,RMD_Ganser Syndrome,8,PT_Deep Brain Stimulation|PT_Fecal Microbiota Transplant|PT_Immunotherapy For Neuropsychiatric Disorders|PT_Machine Learning Neuroimaging|PT_Pharmacogenomic Testing|PT_Psilocybin Assisted Therapy|PT_Social Skills Training|PT_Transcranial Direct Current Stimulation,107.54791218211024,100.0,103.05604249138172,104.58234181143955,122.86621181342056,102.11764776097496,2.96557037067069
2028-07-01,RMD_Ganser Syndrome,8,PT_Deep Brain Stimulation|PT_Fecal Microbiota Transplant|PT_Immunotherapy For Neuropsychiatric Disorders|PT_Machine Learning Neuroimaging|PT_Pharmacogenomic Testing|PT_Psilocybin Assisted Therapy|PT_Social Skills Training|PT_Transcranial Direct Current Stimulation,107.96680518873292,100.0,103.22475455991767,105.15651113691517,125.33748359033804,102.37071418955854,2.810294051817749
2028-08-01,RMD_Ganser Syndrome,8,PT_Deep Brain Stimulation|PT_Fecal Microbiota Transplant|PT_Immunotherapy For Neuropsychiatric Disorders|PT_Machine Learning Neuroimaging|PT_Pharmacogenomic Testing|PT_Psilocybin Assisted Therapy|PT_Social Skills Training|PT_Transcranial Direct Current Stimulation,108.45173597883166,100.0,103.42362249857922,105.72513482823052,127.71215985438259,102.62697475701887,2.726601150601141
2028-09-01,RMD_Ganser Syndrome,8,PT_Deep Brain Stimulation|PT_Fecal Microbiota Transplant|PT_Immunotherapy For Neuropsychiatric Disorders|PT_Machine Learning Neuroimaging|PT_Pharmacogenomic Testing|PT_Psilocybin Assisted Therapy|PT_Social Skills Training|PT_Transcranial Direct Current Stimulation,108.88893290113309,100.0,103.59934685011098,106.35907667283924,130.41223704082432,102.90571587283658,2.529856228293852
2028-10-01,RMD_Ganser Syndrome,8,PT_Deep Brain Stimulation|PT_Fecal Microbiota Transplant|PT_Immunotherapy For Neuropsychiatric Disorders|PT_Machine Learning Neuroimaging|PT_Pharmacogenomic Testing|PT_Psilocybin Assisted Therapy|PT_Social Skills Training|PT_Transcranial Direct Current Stimulation,109.30557351643462,100.0,103.76588093815187,107.0311709109515,133.29416043698387,103.19975348763492,2.274402605483118
2028-11-01,RMD_Ganser Syndrome,8,PT_Deep Brain Stimulation|PT_Fecal Microbiota Transplant|PT_Immunotherapy For Neuropsychiatric Disorders|PT_Machine Learning Neuroimaging|PT_Pharmacogenomic Testing|PT_Psilocybin Assisted Therapy|PT_Social Skills Training|PT_Transcranial Direct Current Stimulation,109.77469226056336,100.0,103.95397092660653,107.78520712551209,137.15410791509382,103.52954556356215,1.9894851350512681
2028-12-01,RMD_Ganser Syndrome,8,PT_Deep Brain Stimulation|PT_Fecal Microbiota Transplant|PT_Immunotherapy For Neuropsychiatric Disorders|PT_Machine Learning Neuroimaging|PT_Pharmacogenomic Testing|PT_Psilocybin Assisted Therapy|PT_Social Skills Training|PT_Transcranial Direct Current Stimulation,110.24208934925696,100.0,104.13836649020276,108.60446339842217,141.5440579880287,103.88312236911823,1.6376259508347886
2026-01-01,RMD_Hallucinogen Persisting Perception Disorder,8,PT_Acceptance And Commitment Therapy|PT_Anticonvulsant Therapy|PT_Emotion Regulation Training|PT_Memory Retrieval Techniques|PT_Narrative Exposure Therapy|PT_Neurofeedback Systems|PT_Personalized Medicine|PT_Virtual Reality Exposure Therapy,100.0,100.0,100.0,100.0,100.0,100.0,0.0
2026-02-01,RMD_Hallucinogen Persisting Perception Disorder,8,PT_Acceptance And Commitment Therapy|PT_Anticonvulsant Therapy|PT_Emotion Regulation Training|PT_Memory Retrieval Techniques|PT_Narrative Exposure Therapy|PT_Neurofeedback Systems|PT_Personalized Medicine|PT_Virtual Reality Exposure Therapy,97.84991454981956,97.14662031754331,98.24168844928896,99.5198866722633,99.47185900290825,99.61710830876271,-1.6699721224437383
2026-03-01,RMD_Hallucinogen Persisting Perception Disorder,8,PT_Acceptance And Commitment Therapy|PT_Anticonvulsant Therapy|PT_Emotion Regulation Training|PT_Memory Retrieval Techniques|PT_Narrative Exposure Therapy|PT_Neurofeedback Systems|PT_Personalized Medicine|PT_Virtual Reality Exposure Therapy,96.51094649545567,95.3667833637735,97.14830882711796,98.9353525356265,98.75621460146982,99.1912465042045,-2.4244060401708367
2026-04-01,RMD_Hallucinogen Persisting Perception Disorder,8,PT_Acceptance And Commitment Therapy|PT_Anticonvulsant Therapy|PT_Emotion Regulation Training|PT_Memory Retrieval Techniques|PT_Narrative Exposure Therapy|PT_Neurofeedback Systems|PT_Personalized Medicine|PT_Virtual Reality Exposure Therapy,96.09478814986352,94.80654893329894,96.81241213263635,98.56273192291243,98.24362412595067,98.94886990337255,-2.4679437730489155
2026-05-01,RMD_Hallucinogen Persisting Perception Disorder,8,PT_Acceptance And Commitment Therapy|PT_Anticonvulsant Therapy|PT_Emotion Regulation Training|PT_Memory Retrieval Techniques|PT_Narrative Exposure Therapy|PT_Neurofeedback Systems|PT_Personalized Medicine|PT_Virtual Reality Exposure Therapy,96.05699846793804,94.74347243958186,96.78870532769443,98.19776707623815,97.71360339548202,98.72636237058805,-2.1407686083001067
2026-06-01,RMD_Hallucinogen Persisting Perception Disorder,8,PT_Acceptance And Commitment Therapy|PT_Anticonvulsant Therapy|PT_Emotion Regulation Training|PT_Memory Retrieval Techniques|PT_Narrative Exposure Therapy|PT_Neurofeedback Systems|PT_Personalized Medicine|PT_Virtual Reality Exposure Therapy,96.05861622020777,94.73499982925247,96.79594725150623,97.94954266197625,97.33365160637102,98.58468680513846,-1.8909264417684852
2026-07-01,RMD_Hallucinogen Persisting Perception Disorder,8,PT_Acceptance And Commitment Therapy|PT_Anticonvulsant Therapy|PT_Emotion Regulation Training|PT_Memory Retrieval Techniques|PT_Narrative Exposure Therapy|PT_Neurofeedback Systems|PT_Personalized Medicine|PT_Virtual Reality Exposure Therapy,95.92604479202151,94.55453146288244,96.69005379489927,97.96130230260164,97.28481057948122,98.62417549332662,-2.0352575105801236
2026-08-01,RMD_Hallucinogen Persisting Perception Disorder,8,PT_Acceptance And Commitment Therapy|PT_Anticonvulsant Therapy|PT_Emotion Regulation Training|PT_Memory Retrieval Techniques|PT_Narrative Exposure Therapy|PT_Neurofeedback Systems|PT_Personalized Medicine|PT_Virtual Reality Exposure Therapy,95.90570492754702,94.51933391976279,96.67799048159318,98.0346760602996,97.30405648598797,98.71216553102796,-2.128971132752582
2026-09-01,RMD_Hallucinogen Persisting Perception Disorder,8,PT_Acceptance And Commitment Therapy|PT_Anticonvulsant Therapy|PT_Emotion Regulation Training|PT_Memory Retrieval Techniques|PT_Narrative Exposure Therapy|PT_Neurofeedback Systems|PT_Personalized Medicine|PT_Virtual Reality Exposure Therapy,95.73277395054852,94.28998465627345,96.53648433986453,98.30203588978321,97.57434292104159,98.93328483198383,-2.5692619392346927
2026-10-01,RMD_Hallucinogen Persisting Perception Disorder,8,PT_Acceptance And Commitment Therapy|PT_Anticonvulsant Therapy|PT_Emotion Regulation Training|PT_Memory Retrieval Techniques|PT_Narrative Exposure Therapy|PT_Neurofeedback Systems|PT_Personalized Medicine|PT_Virtual Reality Exposure Therapy,95.51029088449678,93.99496235900081,96.35441292924799,98.5953069274203,97.87864612203528,99.17202816982673,-3.085016042923513
2026-11-01,RMD_Hallucinogen Persisting Perception Disorder,8,PT_Acceptance And Commitment Therapy|PT_Anticonvulsant Therapy|PT_Emotion Regulation Training|PT_Memory Retrieval Techniques|PT_Narrative Exposure Therapy|PT_Neurofeedback Systems|PT_Personalized Medicine|PT_Virtual Reality Exposure Therapy,95.16950968372184,93.5438473776123,96.07509376454617,98.83232368418821,98.1217298246401,99.36613117792989,-3.662814000466369
2026-12-01,RMD_Hallucinogen Persisting Perception Disorder,8,PT_Acceptance And Commitment Therapy|PT_Anticonvulsant Therapy|PT_Emotion Regulation Training|PT_Memory Retrieval Techniques|PT_Narrative Exposure Therapy|PT_Neurofeedback Systems|PT_Personalized Medicine|PT_Virtual Reality Exposure Therapy,94.83036308680278,93.09650061763504,95.79622066036899,98.94981609362019,98.2120211085514,99.47741748100563,-4.119453006817409
2027-01-01,RMD_Hallucinogen Persisting Perception Disorder,8,PT_Acceptance And Commitment Therapy|PT_Anticonvulsant Therapy|PT_Emotion Regulation Training|PT_Memory Retrieval Techniques|PT_Narrative Exposure Therapy|PT_Neurofeedback Systems|PT_Personalized Medicine|PT_Virtual Reality Exposure Therapy,94.39930793906028,92.52427264494993,95.44380660704849,99.16200160923083,98.41180686166764,99.6600892676448,-4.762693670170549
2027-02-01,RMD_Hallucinogen Persisting Perception Disorder,8,PT_Acceptance And Commitment Therapy|PT_Anticonvulsant Therapy|PT_Emotion Regulation Training|PT_Memory Retrieval Techniques|PT_Narrative Exposure Therapy|PT_Neurofeedback Systems|PT_Personalized Medicine|PT_Virtual Reality Exposure Therapy,93.90825271885598,91.87610912298179,95.04026614594785,99.49161553622922,98.76732211687883,99.92158659280406,-5.583362817373242
2027-03-01,RMD_Hallucinogen Persisting Perception Disorder,8,PT_Acceptance And Commitment Therapy|PT_Anticonvulsant Therapy|PT_Emotion Regulation Training|PT_Memory Retrieval Techniques|PT_Narrative Exposure Therapy|PT_Neurofeedback Systems|PT_Personalized Medicine|PT_Virtual Reality Exposure Therapy,93.72475579734586,91.63339444917435,94.88976007716322,99.81596562409052,99.09881737001804,100.18864769083903,-6.0912098267446595
2027-04-01,RMD_Hallucinogen Persisting Perception Disorder,8,PT_Acceptance And Commitment Therapy|PT_Anticonvulsant Therapy|PT_Emotion Regulation Training|PT_Memory Retrieval Techniques|PT_Narrative Exposure Therapy|PT_Neurofeedback Systems|PT_Personalized Medicine|PT_Virtual Reality Exposure Therapy,93.72644938175323,91.63424818683784,94.89192478265045,100.21400945987091,99.51187809929051,100.51343971093543,-6.487560078117681
2027-05-01,RMD_Hallucinogen Persisting Perception Disorder,8,PT_Acceptance And Commitment Therapy|PT_Anticonvulsant Therapy|PT_Emotion Regulation Training|PT_Memory Retrieval Techniques|PT_Narrative Exposure Therapy|PT_Neurofeedback Systems|PT_Personalized Medicine|PT_Virtual Reality Exposure Therapy,93.98287996808983,91.97198091866883,95.10306228421823,100.62626086146807,99.9267651604235,100.85698370627965,-6.643380893378236
2027-06-01,RMD_Hallucinogen Persisting Perception Disorder,8,PT_Acceptance And Commitment Therapy|PT_Anticonvulsant Therapy|PT_Emotion Regulation Training|PT_Memory Retrieval Techniques|PT_Narrative Exposure Therapy|PT_Neurofeedback Systems|PT_Personalized Medicine|PT_Virtual Reality Exposure Therapy,94.06241945468436,92.07889242552169,95.16735403718886,101.1329973756002,100.47379961401384,101.25998306790991,-7.070577920915838
2027-07-01,RMD_Hallucinogen Persisting Perception Disorder,8,PT_Acceptance And Commitment Therapy|PT_Anticonvulsant Therapy|PT_Emotion Regulation Training|PT_Memory Retrieval Techniques|PT_Narrative Exposure Therapy|PT_Neurofeedback Systems|PT_Personalized Medicine|PT_Virtual Reality Exposure Therapy,94.07643997435525,92.09864026085512,95.17818412433859,101.64775764452638,101.03905466499627,101.66435981580767,-7.571317670171126
2027-08-01,RMD_Hallucinogen Persisting Perception Disorder,8,PT_Acceptance And Commitment Therapy|PT_Anticonvulsant Therapy|PT_Emotion Regulation Training|PT_Memory Retrieval Techniques|PT_Narrative Exposure Therapy|PT_Neurofeedback Systems|PT_Personalized Medicine|PT_Virtual Reality Exposure Therapy,94.36505709022482,92.47688137285726,95.41687242301651,102.16631779732812,101.59357601118441,102.07985326389571,-7.801260707103296
2027-09-01,RMD_Hallucinogen Persisting Perception Disorder,8,PT_Acceptance And Commitment Therapy|PT_Anticonvulsant Therapy|PT_Emotion Regulation Training|PT_Memory Retrieval Techniques|PT_Narrative Exposure Therapy|PT_Neurofeedback Systems|PT_Personalized Medicine|PT_Virtual Reality Exposure Therapy,94.52723675526416,92.69684540989417,95.54686626738128,102.96082951704996,102.50705167023922,102.6838534105277,-8.433592761785803
2027-10-01,RMD_Hallucinogen Persisting Perception Disorder,8,PT_Acceptance And Commitment Therapy|PT_Anticonvulsant Therapy|PT_Emotion Regulation Training|PT_Memory Retrieval Techniques|PT_Narrative Exposure Therapy|PT_Neurofeedback Systems|PT_Personalized Medicine|PT_Virtual Reality Exposure Therapy,94.60152697277516,92.80040084455263,95.60485413558456,103.85958605105029,103.56394244170957,103.35485743401398,-9.258059078275124
2027-11-01,RMD_Hallucinogen Persisting Perception Disorder,8,PT_Acceptance And Commitment Therapy|PT_Anticonvulsant Therapy|PT_Emotion Regulation Training|PT_Memory Retrieval Techniques|PT_Narrative Exposure Therapy|PT_Neurofeedback Systems|PT_Personalized Medicine|PT_Virtual Reality Exposure Therapy,94.72311959258931,92.9688756687121,95.70033076699845,104.77692601714092,104.65163520783337,104.03526455902707,-10.05380642455161
2027-12-01,RMD_Hallucinogen Persisting Perception Disorder,8,PT_Acceptance And Commitment Therapy|PT_Anticonvulsant Therapy|PT_Emotion Regulation Training|PT_Memory Retrieval Techniques|PT_Narrative Exposure Therapy|PT_Neurofeedback Systems|PT_Personalized Medicine|PT_Virtual Reality Exposure Therapy,94.60630439744668,92.82477652680677,95.59871424365716,105.64792339946091,105.70362372009916,104.67108558210622,-11.04161900201423
2028-01-01,RMD_Hallucinogen Persisting Perception Disorder,8,PT_Acceptance And Commitment Therapy|PT_Anticonvulsant Therapy|PT_Emotion Regulation Training|PT_Memory Retrieval Techniques|PT_Narrative Exposure Therapy|PT_Neurofeedback Systems|PT_Personalized Medicine|PT_Virtual Reality Exposure Therapy,94.2327131584515,92.34048942130717,95.28678674266139,106.44161114436343,106.68160841095244,105.23992441945337,-12.208897985911932
2028-02-01,RMD_Hallucinogen Persisting Perception Disorder,8,PT_Acceptance And Commitment Therapy|PT_Anticonvulsant Therapy|PT_Emotion Regulation Training|PT_Memory Retrieval Techniques|PT_Narrative Exposure Therapy|PT_Neurofeedback Systems|PT_Personalized Medicine|PT_Virtual Reality Exposure Therapy,93.9202594739828,91.93442823716714,95.02647762796558,107.27255375075738,107.71084787723632,105.83286209370088,-13.352294276774586
2028-03-01,RMD_Hallucinogen Persisting Perception Disorder,8,PT_Acceptance And Commitment Therapy|PT_Anticonvulsant Therapy|PT_Emotion Regulation Training|PT_Memory Retrieval Techniques|PT_Narrative Exposure Therapy|PT_Neurofeedback Systems|PT_Personalized Medicine|PT_Virtual Reality Exposure Therapy,93.69540876007798,91.64300930161905,94.83871238594627,107.9869799178937,108.59331861587542,106.34391578118083,-14.291571157815724
2028-04-01,RMD_Hallucinogen Persisting Perception Disorder,8,PT_Acceptance And Commitment Therapy|PT_Anticonvulsant Therapy|PT_Emotion Regulation Training|PT_Memory Retrieval Techniques|PT_Narrative Exposure Therapy|PT_Neurofeedback Systems|PT_Personalized Medicine|PT_Virtual Reality Exposure Therapy,93.72963433153423,91.69065963893374,94.8654563382839,108.77084396300849,109.53572721651004,106.91823162691443,-15.04120963147426
2028-05-01,RMD_Hallucinogen Persisting Perception Disorder,8,PT_Acceptance And Commitment Therapy|PT_Anticonvulsant Therapy|PT_Emotion Regulation Training|PT_Memory Retrieval Techniques|PT_Narrative Exposure Therapy|PT_Neurofeedback Systems|PT_Personalized Medicine|PT_Virtual Reality Exposure Therapy,93.57147376978997,91.48704615011417,94.73261557821776,109.66906451338848,110.63704804961641,107.56503920344993,-16.097590743598502
2028-06-01,RMD_Hallucinogen Persisting Perception Disorder,8,PT_Acceptance And Commitment Therapy|PT_Anticonvulsant Therapy|PT_Emotion Regulation Training|PT_Memory Retrieval Techniques|PT_Narrative Exposure Therapy|PT_Neurofeedback Systems|PT_Personalized Medicine|PT_Virtual Reality Exposure Therapy,93.61027454688401,91.54312199499061,94.76179318430015,110.6499145386117,111.82808343025708,108.27765764511199,-17.039639991727682
2028-07-01,RMD_Hallucinogen Persisting Perception Disorder,8,PT_Acceptance And Commitment Therapy|PT_Anticonvulsant Therapy|PT_Emotion Regulation Training|PT_Memory Retrieval Techniques|PT_Narrative Exposure Therapy|PT_Neurofeedback Systems|PT_Personalized Medicine|PT_Virtual Reality Exposure Therapy,93.75732148756703,91.74208408550565,94.87992050676674,111.66501951700356,113.05258020106739,109.01950487410365,-17.90769802943653
2028-08-01,RMD_Hallucinogen Persisting Perception Disorder,8,PT_Acceptance And Commitment Therapy|PT_Anticonvulsant Therapy|PT_Emotion Regulation Training|PT_Memory Retrieval Techniques|PT_Narrative Exposure Therapy|PT_Neurofeedback Systems|PT_Personalized Medicine|PT_Virtual Reality Exposure Therapy,94.36995247599934,92.55196907232276,95.38267007631833,112.72599509358994,114.29803172690892,109.8132372676908,-18.356042617590603
2028-09-01,RMD_Hallucinogen Persisting Perception Disorder,8,PT_Acceptance And Commitment Therapy|PT_Anticonvulsant Therapy|PT_Emotion Regulation Training|PT_Memory Retrieval Techniques|PT_Narrative Exposure Therapy|PT_Neurofeedback Systems|PT_Personalized Medicine|PT_Virtual Reality Exposure Therapy,94.60199881718717,92.86713369060783,95.56841492654958,113.8340812304776,115.6422440171611,110.61925768207365,-19.232082413290428
2028-10-01,RMD_Hallucinogen Persisting Perception Disorder,8,PT_Acceptance And Commitment Therapy|PT_Anticonvulsant Therapy|PT_Emotion Regulation Training|PT_Memory Retrieval Techniques|PT_Narrative Exposure Therapy|PT_Neurofeedback Systems|PT_Personalized Medicine|PT_Virtual Reality Exposure Therapy,94.69877747640588,93.00453835166219,95.64256592905748,115.00081357513714,117.07163172605449,111.46048278798598,-20.302036098731264
2028-11-01,RMD_Hallucinogen Persisting Perception Disorder,8,PT_Acceptance And Commitment Therapy|PT_Anticonvulsant Therapy|PT_Emotion Regulation Training|PT_Memory Retrieval Techniques|PT_Narrative Exposure Therapy|PT_Neurofeedback Systems|PT_Personalized Medicine|PT_Virtual Reality Exposure Therapy,94.8504249001059,93.2174723006287,95.76007007873231,116.30760563957165,118.67886784513134,112.39965415674568,-21.45718073946574
2028-12-01,RMD_Hallucinogen Persisting Perception Disorder,8,PT_Acceptance And Commitment Therapy|PT_Anticonvulsant Therapy|PT_Emotion Regulation Training|PT_Memory Retrieval Techniques|PT_Narrative Exposure Therapy|PT_Neurofeedback Systems|PT_Personalized Medicine|PT_Virtual Reality Exposure Therapy,94.8031983299404,93.1717001861737,95.71203329605667,117.68533153626825,120.40000939866688,113.37598241804389,-22.88213320632785
2026-01-01,RMD_Histrionic Personality Disorder,8,PT_Acceptance And Commitment Therapy|PT_Art Therapy|PT_Lithium Therapy|PT_Music Therapy|PT_Neurobiological Assessments For Mental Disorders|PT_Personalized Medicine|PT_Speech Language Therapy|PT_Virtual Reality Exposure Therapy,100.0,100.0,100.0,100.0,100.0,100.0,0.0
2026-02-01,RMD_Histrionic Personality Disorder,8,PT_Acceptance And Commitment Therapy|PT_Art Therapy|PT_Lithium Therapy|PT_Music Therapy|PT_Neurobiological Assessments For Mental Disorders|PT_Personalized Medicine|PT_Speech Language Therapy|PT_Virtual Reality Exposure Therapy,99.75614984779708,100.0,99.87222039286766,99.50935752362413,99.47486530674864,99.61267276259653,0.24679232417294372
2026-03-01,RMD_Histrionic Personality Disorder,8,PT_Acceptance And Commitment Therapy|PT_Art Therapy|PT_Lithium Therapy|PT_Music Therapy|PT_Neurobiological Assessments For Mental Disorders|PT_Personalized Medicine|PT_Speech Language Therapy|PT_Virtual Reality Exposure Therapy,99.61006478092162,100.0,99.79953390312062,98.91775724586786,98.7785844430149,99.18600438747673,0.6923075350537573
2026-04-01,RMD_Histrionic Personality Disorder,8,PT_Acceptance And Commitment Therapy|PT_Art Therapy|PT_Lithium Therapy|PT_Music Therapy|PT_Neurobiological Assessments For Mental Disorders|PT_Personalized Medicine|PT_Speech Language Therapy|PT_Virtual Reality Exposure Therapy,99.6602532690326,100.0,99.82692565470657,98.54251762138611,98.28520737883683,98.94455190866805,1.1177356476464837
2026-05-01,RMD_Histrionic Personality Disorder,8,PT_Acceptance And Commitment Therapy|PT_Art Therapy|PT_Lithium Therapy|PT_Music Therapy|PT_Neurobiological Assessments For Mental Disorders|PT_Personalized Medicine|PT_Speech Language Therapy|PT_Virtual Reality Exposure Therapy,99.76893806744586,100.0,99.88558844184644,98.17624188875587,97.77783395609896,98.72396569346013,1.592696178689991
2026-06-01,RMD_Histrionic Personality Disorder,8,PT_Acceptance And Commitment Therapy|PT_Art Therapy|PT_Lithium Therapy|PT_Music Therapy|PT_Neurobiological Assessments For Mental Disorders|PT_Personalized Medicine|PT_Speech Language Therapy|PT_Virtual Reality Exposure Therapy,99.90510799465648,100.0,99.95658115972014,97.92721817349882,97.41464472630771,98.58365230576106,1.9778898211576603
2026-07-01,RMD_Histrionic Personality Disorder,8,PT_Acceptance And Commitment Therapy|PT_Art Therapy|PT_Lithium Therapy|PT_Music Therapy|PT_Neurobiological Assessments For Mental Disorders|PT_Personalized Medicine|PT_Speech Language Therapy|PT_Virtual Reality Exposure Therapy,100.10545007199778,100.0,100.05516596778847,97.93894337523614,97.36821804547255,98.62320477557144,2.166506696761644
2026-08-01,RMD_Histrionic Personality Disorder,8,PT_Acceptance And Commitment Therapy|PT_Art Therapy|PT_Lithium Therapy|PT_Music Therapy|PT_Neurobiological Assessments For Mental Disorders|PT_Personalized Medicine|PT_Speech Language Therapy|PT_Virtual Reality Exposure Therapy,100.3550865671054,100.0,100.17845616882644,98.01311729994642,97.38865923890405,98.71141924071938,2.341969267158987
2026-09-01,RMD_Histrionic Personality Disorder,8,PT_Acceptance And Commitment Therapy|PT_Art Therapy|PT_Lithium Therapy|PT_Music Therapy|PT_Neurobiological Assessments For Mental Disorders|PT_Personalized Medicine|PT_Speech Language Therapy|PT_Virtual Reality Exposure Therapy,100.6635207445416,100.0,100.32646086913445,98.28172724328235,97.64916510636202,98.93160503722281,2.381793501259253
2026-10-01,RMD_Histrionic Personality Disorder,8,PT_Acceptance And Commitment Therapy|PT_Art Therapy|PT_Lithium Therapy|PT_Music Therapy|PT_Neurobiological Assessments For Mental Disorders|PT_Personalized Medicine|PT_Speech Language Therapy|PT_Virtual Reality Exposure Therapy,100.95634385101613,100.0,100.46697108421797,98.57641622442866,97.94250274203854,99.16932027478956,2.379927626587474
2026-11-01,RMD_Histrionic Personality Disorder,8,PT_Acceptance And Commitment Therapy|PT_Art Therapy|PT_Lithium Therapy|PT_Music Therapy|PT_Neurobiological Assessments For Mental Disorders|PT_Personalized Medicine|PT_Speech Language Therapy|PT_Virtual Reality Exposure Therapy,101.21145527126798,100.0,100.58862215118498,98.81417910237361,98.17604663196076,99.36233321309649,2.397276168894365
2026-12-01,RMD_Histrionic Personality Disorder,8,PT_Acceptance And Commitment Therapy|PT_Art Therapy|PT_Lithium Therapy|PT_Music Therapy|PT_Neurobiological Assessments For Mental Disorders|PT_Personalized Medicine|PT_Speech Language Therapy|PT_Virtual Reality Exposure Therapy,101.45778671982066,100.0,100.70695852480847,98.93220229638159,98.26425624055857,99.47326031698258,2.5255844234390707
2027-01-01,RMD_Histrionic Personality Disorder,8,PT_Acceptance And Commitment Therapy|PT_Art Therapy|PT_Lithium Therapy|PT_Music Therapy|PT_Neurobiological Assessments For Mental Disorders|PT_Personalized Medicine|PT_Speech Language Therapy|PT_Virtual Reality Exposure Therapy,101.74993676210315,100.0,100.8468312988644,99.14507192424492,98.45742768846449,99.65501704059656,2.60486483785823
2027-02-01,RMD_Histrionic Personality Disorder,8,PT_Acceptance And Commitment Therapy|PT_Art Therapy|PT_Lithium Therapy|PT_Music Therapy|PT_Neurobiological Assessments For Mental Disorders|PT_Personalized Medicine|PT_Speech Language Therapy|PT_Virtual Reality Exposure Therapy,102.06538286201763,100.0,100.99670279075325,99.47588182389742,98.80034932306991,99.91506674368053,2.589501038120204
2027-03-01,RMD_Histrionic Personality Disorder,8,PT_Acceptance And Commitment Therapy|PT_Art Therapy|PT_Lithium Therapy|PT_Music Therapy|PT_Neurobiological Assessments For Mental Disorders|PT_Personalized Medicine|PT_Speech Language Therapy|PT_Virtual Reality Exposure Therapy,102.36725717501497,100.0,101.14244002226309,99.80226367706638,99.12128907981321,100.18144528684383,2.564993497948592
2027-04-01,RMD_Histrionic Personality Disorder,8,PT_Acceptance And Commitment Therapy|PT_Art Therapy|PT_Lithium Therapy|PT_Music Therapy|PT_Neurobiological Assessments For Mental Disorders|PT_Personalized Medicine|PT_Speech Language Therapy|PT_Virtual Reality Exposure Therapy,102.68389871730038,100.0,101.29650041233329,100.20289408494254,99.52083629218885,100.50531728232711,2.4810046323578376
2027-05-01,RMD_Histrionic Personality Disorder,8,PT_Acceptance And Commitment Therapy|PT_Art Therapy|PT_Lithium Therapy|PT_Music Therapy|PT_Neurobiological Assessments For Mental Disorders|PT_Personalized Medicine|PT_Speech Language Therapy|PT_Virtual Reality Exposure Therapy,103.02194771918637,100.0,101.46298179614126,100.61866608997028,99.92418096618924,100.84848723481853,2.403281629216096
2027-06-01,RMD_Histrionic Personality Disorder,8,PT_Acceptance And Commitment Therapy|PT_Art Therapy|PT_Lithium Therapy|PT_Music Therapy|PT_Neurobiological Assessments For Mental Disorders|PT_Personalized Medicine|PT_Speech Language Therapy|PT_Virtual Reality Exposure Therapy,103.36306067000628,100.0,101.62784225847906,101.12828117000598,100.45155073685403,101.2499959680061,2.2347795000003003
2027-07-01,RMD_Histrionic Personality Disorder,8,PT_Acceptance And Commitment Therapy|PT_Art Therapy|PT_Lithium Therapy|PT_Music Therapy|PT_Neurobiological Assessments For Mental Disorders|PT_Personalized Medicine|PT_Speech Language Therapy|PT_Virtual Reality Exposure Therapy,103.6940173835403,100.0,101.7867654129598,101.64540071084242,100.99548829009308,101.6523722750534,2.048616672697875
2027-08-01,RMD_Histrionic Personality Disorder,8,PT_Acceptance And Commitment Therapy|PT_Art Therapy|PT_Lithium Therapy|PT_Music Therapy|PT_Neurobiological Assessments For Mental Disorders|PT_Personalized Medicine|PT_Speech Language Therapy|PT_Virtual Reality Exposure Therapy,104.0698885747253,100.0,101.96932852326405,102.16713072704377,101.53104972797698,102.06647195194887,1.902757847681528
2027-09-01,RMD_Histrionic Personality Disorder,8,PT_Acceptance And Commitment Therapy|PT_Art Therapy|PT_Lithium Therapy|PT_Music Therapy|PT_Neurobiological Assessments For Mental Disorders|PT_Personalized Medicine|PT_Speech Language Therapy|PT_Virtual Reality Exposure Therapy,104.54122437810375,100.0,102.1931978121567,102.96550584958209,102.4104007916948,102.66751155013314,1.5757185285216622
2027-10-01,RMD_Histrionic Personality Disorder,8,PT_Acceptance And Commitment Therapy|PT_Art Therapy|PT_Lithium Therapy|PT_Music Therapy|PT_Neurobiological Assessments For Mental Disorders|PT_Personalized Medicine|PT_Speech Language Therapy|PT_Virtual Reality Exposure Therapy,105.00418203915144,100.0,102.41150315150844,103.86784055782108,103.42558163278481,103.33458686633323,1.136341481330362
2027-11-01,RMD_Histrionic Personality Disorder,8,PT_Acceptance And Commitment Therapy|PT_Art Therapy|PT_Lithium Therapy|PT_Music Therapy|PT_Neurobiological Assessments For Mental Disorders|PT_Personalized Medicine|PT_Speech Language Therapy|PT_Virtual Reality Exposure Therapy,105.47607035791142,100.0,102.63350564882026,104.78876642751347,104.47030672531538,104.01094967192917,0.6873039303979596
2027-12-01,RMD_Histrionic Personality Disorder,8,PT_Acceptance And Commitment Therapy|PT_Art Therapy|PT_Lithium Therapy|PT_Music Therapy|PT_Neurobiological Assessments For Mental Disorders|PT_Personalized Medicine|PT_Speech Language Therapy|PT_Virtual Reality Exposure Therapy,105.91282874414057,100.0,102.83564730497218,105.66191251473735,105.4779902921691,104.64209853214288,0.25091622940321656
2028-01-01,RMD_Histrionic Personality Disorder,8,PT_Acceptance And Commitment Therapy|PT_Art Therapy|PT_Lithium Therapy|PT_Music Therapy|PT_Neurobiological Assessments For Mental Disorders|PT_Personalized Medicine|PT_Speech Language Therapy|PT_Virtual Reality Exposure Therapy,106.273189321706,100.0,102.9993785860611,106.4561083574485,106.41182950525693,105.20563224500641,-0.18291903574250057
2028-02-01,RMD_Histrionic Personality Disorder,8,PT_Acceptance And Commitment Therapy|PT_Art Therapy|PT_Lithium Therapy|PT_Music Therapy|PT_Neurobiological Assessments For Mental Disorders|PT_Personalized Medicine|PT_Speech Language Therapy|PT_Virtual Reality Exposure Therapy,106.62730145259307,100.0,103.15997729981437,107.2876440752821,107.39485127133048,105.79306872997977,-0.6603426226890292
2028-03-01,RMD_Histrionic Personality Disorder,8,PT_Acceptance And Commitment Therapy|PT_Art Therapy|PT_Lithium Therapy|PT_Music Therapy|PT_Neurobiological Assessments For Mental Disorders|PT_Personalized Medicine|PT_Speech Language Therapy|PT_Virtual Reality Exposure Therapy,106.92832187818262,100.0,103.29703622704848,108.0026077379366,108.2375948049857,106.29950940922781,-1.074285859753985
2028-04-01,RMD_Histrionic Personality Disorder,8,PT_Acceptance And Commitment Therapy|PT_Art Therapy|PT_Lithium Therapy|PT_Music Therapy|PT_Neurobiological Assessments For Mental Disorders|PT_Personalized Medicine|PT_Speech Language Therapy|PT_Virtual Reality Exposure Therapy,107.30539855747276,100.0,103.47292441916373,108.78808845545261,109.14045758110592,106.86949431233037,-1.4826898979798528
2028-05-01,RMD_Histrionic Personality Disorder,8,PT_Acceptance And Commitment Therapy|PT_Art Therapy|PT_Lithium Therapy|PT_Music Therapy|PT_Neurobiological Assessments For Mental Disorders|PT_Personalized Medicine|PT_Speech Language Therapy|PT_Virtual Reality Exposure Therapy,107.6964588987826,100.0,103.65253708814025,109.68729699604312,110.1936238883338,107.51070925386534,-1.9908380972605215
2028-06-01,RMD_Histrionic Personality Disorder,8,PT_Acceptance And Commitment Therapy|PT_Art Therapy|PT_Lithium Therapy|PT_Music Therapy|PT_Neurobiological Assessments For Mental Disorders|PT_Personalized Medicine|PT_Speech Language Therapy|PT_Virtual Reality Exposure Therapy,108.13952600609535,100.0,103.85788416203096,110.6700911331769,111.33477195646199,108.2178709314818,-2.5305651270815446
2028-07-01,RMD_Histrionic Personality Disorder,8,PT_Acceptance And Commitment Therapy|PT_Art Therapy|PT_Lithium Therapy|PT_Music Therapy|PT_Neurobiological Assessments For Mental Disorders|PT_Personalized Medicine|PT_Speech Language Therapy|PT_Virtual Reality Exposure Therapy,108.60723529942416,100.0,104.07575239896377,111.68753846554424,112.5088385919316,108.95432991097691,-3.080303166120075
2028-08-01,RMD_Histrionic Personality Disorder,8,PT_Acceptance And Commitment Therapy|PT_Art Therapy|PT_Lithium Therapy|PT_Music Therapy|PT_Neurobiological Assessments For Mental Disorders|PT_Personalized Medicine|PT_Speech Language Therapy|PT_Virtual Reality Exposure Therapy,109.14552592130936,100.0,104.331739609347,112.75292313259578,113.70739342993569,109.74394447349334,-3.6073972112864254
2028-09-01,RMD_Histrionic Personality Disorder,8,PT_Acceptance And Commitment Therapy|PT_Art Therapy|PT_Lithium Therapy|PT_Music Therapy|PT_Neurobiological Assessments For Mental Disorders|PT_Personalized Medicine|PT_Speech Language Therapy|PT_Virtual Reality Exposure Therapy,109.63805822386999,100.0,104.56089055246832,113.86393160442718,114.99725009528916,110.54445932296538,-4.225873380557189
2028-10-01,RMD_Histrionic Personality Disorder,8,PT_Acceptance And Commitment Therapy|PT_Art Therapy|PT_Lithium Therapy|PT_Music Therapy|PT_Neurobiological Assessments For Mental Disorders|PT_Personalized Medicine|PT_Speech Language Therapy|PT_Virtual Reality Exposure Therapy,110.12084616424735,100.0,104.78417703813572,115.03327585717942,116.36823139083768,111.37961039037599,-4.912429692932065
2028-11-01,RMD_Histrionic Personality Disorder,8,PT_Acceptance And Commitment Therapy|PT_Art Therapy|PT_Lithium Therapy|PT_Music Therapy|PT_Neurobiological Assessments For Mental Disorders|PT_Personalized Medicine|PT_Speech Language Therapy|PT_Virtual Reality Exposure Therapy,110.66596788539505,100.0,105.03649440946006,116.34331423855761,117.91095560083818,112.3122411668468,-5.677346353162562
2028-12-01,RMD_Histrionic Personality Disorder,8,PT_Acceptance And Commitment Therapy|PT_Art Therapy|PT_Lithium Therapy|PT_Music Therapy|PT_Neurobiological Assessments For Mental Disorders|PT_Personalized Medicine|PT_Speech Language Therapy|PT_Virtual Reality Exposure Therapy,111.20608683090639,100.0,105.28314766193917,117.72362920036281,119.5610069262445,113.28106534510698,-6.517542369456422
2026-01-01,RMD_Hypergraphia,8,PT_Cbt For Insomnia|PT_Deep Brain Stimulation|PT_Digital Phenotyping|PT_Machine Learning Neuroimaging|PT_Motivational Interviewing|PT_Oxytocin Therapy|PT_Selective Serotonin Reuptake Inhibitors|PT_Transcranial Direct Current Stimulation,100.0,100.0,100.0,100.0,100.0,100.0,0.0
2026-02-01,RMD_Hypergraphia,8,PT_Cbt For Insomnia|PT_Deep Brain Stimulation|PT_Digital Phenotyping|PT_Machine Learning Neuroimaging|PT_Motivational Interviewing|PT_Oxytocin Therapy|PT_Selective Serotonin Reuptake Inhibitors|PT_Transcranial Direct Current Stimulation,99.79336741251215,100.0,99.95204149938293,99.70621455905118,99.59223946728633,99.80725773515358,0.08715285346097801
2026-03-01,RMD_Hypergraphia,8,PT_Cbt For Insomnia|PT_Deep Brain Stimulation|PT_Digital Phenotyping|PT_Machine Learning Neuroimaging|PT_Motivational Interviewing|PT_Oxytocin Therapy|PT_Selective Serotonin Reuptake Inhibitors|PT_Transcranial Direct Current Stimulation,99.66839169508589,100.0,99.92329492148544,99.27406565236517,98.86056207757656,99.55050737291133,0.3943260427207207
2026-04-01,RMD_Hypergraphia,8,PT_Cbt For Insomnia|PT_Deep Brain Stimulation|PT_Digital Phenotyping|PT_Machine Learning Neuroimaging|PT_Motivational Interviewing|PT_Oxytocin Therapy|PT_Selective Serotonin Reuptake Inhibitors|PT_Transcranial Direct Current Stimulation,99.68893022252318,100.0,99.92696209655386,98.92974153401337,98.22898428819613,99.35977710121378,0.7591886885098091
2026-05-01,RMD_Hypergraphia,8,PT_Cbt For Insomnia|PT_Deep Brain Stimulation|PT_Digital Phenotyping|PT_Machine Learning Neuroimaging|PT_Motivational Interviewing|PT_Oxytocin Therapy|PT_Selective Serotonin Reuptake Inhibitors|PT_Transcranial Direct Current Stimulation,99.7524252022986,100.0,99.94075474945011,98.56855602674108,97.5326028180885,99.16770271791054,1.1838691755575184
2026-06-01,RMD_Hypergraphia,8,PT_Cbt For Insomnia|PT_Deep Brain Stimulation|PT_Digital Phenotyping|PT_Machine Learning Neuroimaging|PT_Motivational Interviewing|PT_Oxytocin Therapy|PT_Selective Serotonin Reuptake Inhibitors|PT_Transcranial Direct Current Stimulation,99.83747847226056,100.0,99.95871711622046,98.30280719380848,97.01060231543264,99.03031113595631,1.5346712784520804
2026-07-01,RMD_Hypergraphia,8,PT_Cbt For Insomnia|PT_Deep Brain Stimulation|PT_Digital Phenotyping|PT_Machine Learning Neuroimaging|PT_Motivational Interviewing|PT_Oxytocin Therapy|PT_Selective Serotonin Reuptake Inhibitors|PT_Transcranial Direct Current Stimulation,99.96613713449196,100.0,99.98533809079125,98.23859138258689,96.87255812064248,99.00567465553175,1.727545751905069
2026-08-01,RMD_Hypergraphia,8,PT_Cbt For Insomnia|PT_Deep Brain Stimulation|PT_Digital Phenotyping|PT_Machine Learning Neuroimaging|PT_Motivational Interviewing|PT_Oxytocin Therapy|PT_Selective Serotonin Reuptake Inhibitors|PT_Transcranial Direct Current Stimulation,100.12987226418092,100.0,100.01968729726549,98.21103241283595,96.79043227558404,99.00493163731494,1.9188398513449698
2026-09-01,RMD_Hypergraphia,8,PT_Cbt For Insomnia|PT_Deep Brain Stimulation|PT_Digital Phenotyping|PT_Machine Learning Neuroimaging|PT_Motivational Interviewing|PT_Oxytocin Therapy|PT_Selective Serotonin Reuptake Inhibitors|PT_Transcranial Direct Current Stimulation,100.33371525274315,100.0,100.06181906416273,98.3400099075823,97.00756437845418,99.09114679602196,1.9937053451608477
2026-10-01,RMD_Hypergraphia,8,PT_Cbt For Insomnia|PT_Deep Brain Stimulation|PT_Digital Phenotyping|PT_Machine Learning Neuroimaging|PT_Motivational Interviewing|PT_Oxytocin Therapy|PT_Selective Serotonin Reuptake Inhibitors|PT_Transcranial Direct Current Stimulation,100.52512724911413,100.0,100.10143813703161,98.48779725210915,97.25822379694733,99.18871594096328,2.0373299970049885
2026-11-01,RMD_Hypergraphia,8,PT_Cbt For Insomnia|PT_Deep Brain Stimulation|PT_Digital Phenotyping|PT_Machine Learning Neuroimaging|PT_Motivational Interviewing|PT_Oxytocin Therapy|PT_Selective Serotonin Reuptake Inhibitors|PT_Transcranial Direct Current Stimulation,100.6870335480875,100.0,100.13489092293356,98.60669127236616,97.45999697052524,99.2680519197754,2.0803422757213355
2026-12-01,RMD_Hypergraphia,8,PT_Cbt For Insomnia|PT_Deep Brain Stimulation|PT_Digital Phenotyping|PT_Machine Learning Neuroimaging|PT_Motivational Interviewing|PT_Oxytocin Therapy|PT_Selective Serotonin Reuptake Inhibitors|PT_Transcranial Direct Current Stimulation,100.84357977178384,100.0,100.16737937761384,98.63093710049918,97.47344343809844,99.29623652089818,2.212642671284655
2027-01-01,RMD_Hypergraphia,8,PT_Cbt For Insomnia|PT_Deep Brain Stimulation|PT_Digital Phenotyping|PT_Machine Learning Neuroimaging|PT_Motivational Interviewing|PT_Oxytocin Therapy|PT_Selective Serotonin Reuptake Inhibitors|PT_Transcranial Direct Current Stimulation,101.03757067229755,100.0,100.20718860030108,98.70966401711371,97.59560404595662,99.35620393495769,2.3279066551838383
2027-02-01,RMD_Hypergraphia,8,PT_Cbt For Insomnia|PT_Deep Brain Stimulation|PT_Digital Phenotyping|PT_Machine Learning Neuroimaging|PT_Motivational Interviewing|PT_Oxytocin Therapy|PT_Selective Serotonin Reuptake Inhibitors|PT_Transcranial Direct Current Stimulation,101.2505409588551,100.0,100.25071253551133,98.87960467927803,97.89558128258484,99.46607879733234,2.370936279577066
2027-03-01,RMD_Hypergraphia,8,PT_Cbt For Insomnia|PT_Deep Brain Stimulation|PT_Digital Phenotyping|PT_Machine Learning Neuroimaging|PT_Motivational Interviewing|PT_Oxytocin Therapy|PT_Selective Serotonin Reuptake Inhibitors|PT_Transcranial Direct Current Stimulation,101.452588827867,100.0,100.29320422885047,99.03665668983945,98.15152112635533,99.57277287385755,2.415932138027557
2027-04-01,RMD_Hypergraphia,8,PT_Cbt For Insomnia|PT_Deep Brain Stimulation|PT_Digital Phenotyping|PT_Machine Learning Neuroimaging|PT_Motivational Interviewing|PT_Oxytocin Therapy|PT_Selective Serotonin Reuptake Inhibitors|PT_Transcranial Direct Current Stimulation,101.66850884138518,100.0,100.33888093164718,99.24079776811011,98.49184622792312,99.7076682485441,2.427711073275063
2027-05-01,RMD_Hypergraphia,8,PT_Cbt For Insomnia|PT_Deep Brain Stimulation|PT_Digital Phenotyping|PT_Machine Learning Neuroimaging|PT_Motivational Interviewing|PT_Oxytocin Therapy|PT_Selective Serotonin Reuptake Inhibitors|PT_Transcranial Direct Current Stimulation,101.90211036108451,100.0,100.38896503559096,99.4386309886551,98.79896557822772,99.84409140226072,2.463479372429404
2027-06-01,RMD_Hypergraphia,8,PT_Cbt For Insomnia|PT_Deep Brain Stimulation|PT_Digital Phenotyping|PT_Machine Learning Neuroimaging|PT_Motivational Interviewing|PT_Oxytocin Therapy|PT_Selective Serotonin Reuptake Inhibitors|PT_Transcranial Direct Current Stimulation,102.13463312349538,100.0,100.43811197257278,99.73002065671774,99.29883737559479,100.02853523893295,2.4046124667776354
2027-07-01,RMD_Hypergraphia,8,PT_Cbt For Insomnia|PT_Deep Brain Stimulation|PT_Digital Phenotyping|PT_Machine Learning Neuroimaging|PT_Motivational Interviewing|PT_Oxytocin Therapy|PT_Selective Serotonin Reuptake Inhibitors|PT_Transcranial Direct Current Stimulation,102.35970571838283,100.0,100.48517405261758,100.03477661464858,99.82902930720651,100.21915697987973,2.3249291037342488
2027-08-01,RMD_Hypergraphia,8,PT_Cbt For Insomnia|PT_Deep Brain Stimulation|PT_Digital Phenotyping|PT_Machine Learning Neuroimaging|PT_Motivational Interviewing|PT_Oxytocin Therapy|PT_Selective Serotonin Reuptake Inhibitors|PT_Transcranial Direct Current Stimulation,102.6151773565474,100.0,100.5393056312665,100.327568871268,100.31692706327964,100.40715728576949,2.2876084852794065
2027-09-01,RMD_Hypergraphia,8,PT_Cbt For Insomnia|PT_Deep Brain Stimulation|PT_Digital Phenotyping|PT_Machine Learning Neuroimaging|PT_Motivational Interviewing|PT_Oxytocin Therapy|PT_Selective Serotonin Reuptake Inhibitors|PT_Transcranial Direct Current Stimulation,102.93914165473782,100.0,100.60660508483704,100.8362612053558,101.22558332197985,100.71308877514866,2.1028804493820275
2027-10-01,RMD_Hypergraphia,8,PT_Cbt For Insomnia|PT_Deep Brain Stimulation|PT_Digital Phenotyping|PT_Machine Learning Neuroimaging|PT_Motivational Interviewing|PT_Oxytocin Therapy|PT_Selective Serotonin Reuptake Inhibitors|PT_Transcranial Direct Current Stimulation,103.25761946078148,100.0,100.67210490619807,101.43470404395849,102.3205522783258,101.06541298622194,1.822915416822994
2027-11-01,RMD_Hypergraphia,8,PT_Cbt For Insomnia|PT_Deep Brain Stimulation|PT_Digital Phenotyping|PT_Machine Learning Neuroimaging|PT_Motivational Interviewing|PT_Oxytocin Therapy|PT_Selective Serotonin Reuptake Inhibitors|PT_Transcranial Direct Current Stimulation,103.58004990095239,100.0,100.73844002854692,102.05179751958659,103.45338120693259,101.42671185553188,1.528252381365803
2027-12-01,RMD_Hypergraphia,8,PT_Cbt For Insomnia|PT_Deep Brain Stimulation|PT_Digital Phenotyping|PT_Machine Learning Neuroimaging|PT_Motivational Interviewing|PT_Oxytocin Therapy|PT_Selective Serotonin Reuptake Inhibitors|PT_Transcranial Direct Current Stimulation,103.87437365708412,100.0,100.79799766808412,102.66253006657064,104.59055125439718,101.77929487070314,1.2118435905134817
2028-01-01,RMD_Hypergraphia,8,PT_Cbt For Insomnia|PT_Deep Brain Stimulation|PT_Digital Phenotyping|PT_Machine Learning Neuroimaging|PT_Motivational Interviewing|PT_Oxytocin Therapy|PT_Selective Serotonin Reuptake Inhibitors|PT_Transcranial Direct Current Stimulation,104.11561918350715,100.0,100.84568452610353,103.23811450247757,105.68948899192112,102.10535464009033,0.8775046810295777
2028-02-01,RMD_Hypergraphia,8,PT_Cbt For Insomnia|PT_Deep Brain Stimulation|PT_Digital Phenotyping|PT_Machine Learning Neuroimaging|PT_Motivational Interviewing|PT_Oxytocin Therapy|PT_Selective Serotonin Reuptake Inhibitors|PT_Transcranial Direct Current Stimulation,104.35542355761513,100.0,100.89303183087586,103.84098497198386,106.84392196817697,102.44585734784907,0.5144385856312681
2028-03-01,RMD_Hypergraphia,8,PT_Cbt For Insomnia|PT_Deep Brain Stimulation|PT_Digital Phenotyping|PT_Machine Learning Neuroimaging|PT_Motivational Interviewing|PT_Oxytocin Therapy|PT_Selective Serotonin Reuptake Inhibitors|PT_Transcranial Direct Current Stimulation,104.5579855218973,100.0,100.93328926384923,104.35721337647948,107.83198769931701,102.73743773256888,0.2007721454178153
2028-04-01,RMD_Hypergraphia,8,PT_Cbt For Insomnia|PT_Deep Brain Stimulation|PT_Digital Phenotyping|PT_Machine Learning Neuroimaging|PT_Motivational Interviewing|PT_Oxytocin Therapy|PT_Selective Serotonin Reuptake Inhibitors|PT_Transcranial Direct Current Stimulation,104.81224355811236,100.0,100.98498285018415,104.89394231858351,108.83257751605072,103.04794421051893,-0.08169876047115565
2028-05-01,RMD_Hypergraphia,8,PT_Cbt For Insomnia|PT_Deep Brain Stimulation|PT_Digital Phenotyping|PT_Machine Learning Neuroimaging|PT_Motivational Interviewing|PT_Oxytocin Therapy|PT_Selective Serotonin Reuptake Inhibitors|PT_Transcranial Direct Current Stimulation,105.07488724668693,100.0,101.03745061792239,105.53150600558094,110.04339426413804,103.41062058551171,-0.4566187588940096
2028-06-01,RMD_Hypergraphia,8,PT_Cbt For Insomnia|PT_Deep Brain Stimulation|PT_Digital Phenotyping|PT_Machine Learning Neuroimaging|PT_Motivational Interviewing|PT_Oxytocin Therapy|PT_Selective Serotonin Reuptake Inhibitors|PT_Transcranial Direct Current Stimulation,105.37369458779884,100.0,101.09784355844741,106.21386154767838,111.32305117189054,103.80254182357709,-0.8401669598795394
2028-07-01,RMD_Hypergraphia,8,PT_Cbt For Insomnia|PT_Deep Brain Stimulation|PT_Digital Phenotyping|PT_Machine Learning Neuroimaging|PT_Motivational Interviewing|PT_Oxytocin Therapy|PT_Selective Serotonin Reuptake Inhibitors|PT_Transcranial Direct Current Stimulation,105.68750339745337,100.0,101.16165919570294,106.91353337228233,112.6240921095722,104.2071027198474,-1.2260299748289611
2028-08-01,RMD_Hypergraphia,8,PT_Cbt For Insomnia|PT_Deep Brain Stimulation|PT_Digital Phenotyping|PT_Machine Learning Neuroimaging|PT_Motivational Interviewing|PT_Oxytocin Therapy|PT_Selective Serotonin Reuptake Inhibitors|PT_Transcranial Direct Current Stimulation,106.05057264735045,100.0,101.23726412169697,107.60551749528314,113.8737165985599,104.61678960696173,-1.5549448479326884
2028-09-01,RMD_Hypergraphia,8,PT_Cbt For Insomnia|PT_Deep Brain Stimulation|PT_Digital Phenotyping|PT_Machine Learning Neuroimaging|PT_Motivational Interviewing|PT_Oxytocin Therapy|PT_Selective Serotonin Reuptake Inhibitors|PT_Transcranial Direct Current Stimulation,106.38075665553215,100.0,101.3046111127221,108.37385550669156,115.30402640889616,105.0598288286393,-1.9930988511594023
2028-10-01,RMD_Hypergraphia,8,PT_Cbt For Insomnia|PT_Deep Brain Stimulation|PT_Digital Phenotyping|PT_Machine Learning Neuroimaging|PT_Motivational Interviewing|PT_Oxytocin Therapy|PT_Selective Serotonin Reuptake Inhibitors|PT_Transcranial Direct Current Stimulation,106.70423214182624,100.0,101.37014488940785,109.19112490483248,116.83826074299984,105.52820580636177,-2.4868927630062387
2028-11-01,RMD_Hypergraphia,8,PT_Cbt For Insomnia|PT_Deep Brain Stimulation|PT_Digital Phenotyping|PT_Machine Learning Neuroimaging|PT_Motivational Interviewing|PT_Oxytocin Therapy|PT_Selective Serotonin Reuptake Inhibitors|PT_Transcranial Direct Current Stimulation,107.07155742633795,100.0,101.44458175223194,110.1053624523859,118.55451742921142,106.0517998906678,-3.0338050260479577
2028-12-01,RMD_Hypergraphia,8,PT_Cbt For Insomnia|PT_Deep Brain Stimulation|PT_Digital Phenotyping|PT_Machine Learning Neuroimaging|PT_Motivational Interviewing|PT_Oxytocin Therapy|PT_Selective Serotonin Reuptake Inhibitors|PT_Transcranial Direct Current Stimulation,107.43286526784996,100.0,101.51711032580745,111.09624956917787,120.44084781289693,106.61186865575148,-3.663384301327909
2026-01-01,RMD_Hyperthymesia,8,PT_Augmentative Communication Devices|PT_Closed Loop Neurostimulation|PT_Fecal Microbiota Transplant|PT_Hypnotherapy|PT_Motivational Interviewing|PT_Stimulant And Wake Promoting Agents|PT_Transference Focused Psychotherapy|PT_Vagus Nerve Stimulation,100.0,100.0,100.0,100.0,100.0,100.0,0.0
2026-02-01,RMD_Hyperthymesia,8,PT_Augmentative Communication Devices|PT_Closed Loop Neurostimulation|PT_Fecal Microbiota Transplant|PT_Hypnotherapy|PT_Motivational Interviewing|PT_Stimulant And Wake Promoting Agents|PT_Transference Focused Psychotherapy|PT_Vagus Nerve Stimulation,98.43567209308837,95.86374044977045,99.00753986228237,99.5674321343905,99.20393093173999,99.7370439662048,-1.1317600413021296
2026-03-01,RMD_Hyperthymesia,8,PT_Augmentative Communication Devices|PT_Closed Loop Neurostimulation|PT_Fecal Microbiota Transplant|PT_Hypnotherapy|PT_Motivational Interviewing|PT_Stimulant And Wake Promoting Agents|PT_Transference Focused Psychotherapy|PT_Vagus Nerve Stimulation,97.43463421798542,93.21260087404262,98.37339494831772,99.10375677910315,98.31160262559933,99.4674380021068,-1.6691225611177316
2026-04-01,RMD_Hyperthymesia,8,PT_Augmentative Communication Devices|PT_Closed Loop Neurostimulation|PT_Fecal Microbiota Transplant|PT_Hypnotherapy|PT_Motivational Interviewing|PT_Stimulant And Wake Promoting Agents|PT_Transference Focused Psychotherapy|PT_Vagus Nerve Stimulation,97.06620989475628,92.22289760477302,98.1431148817491,98.73979299910799,97.57793597687044,99.26545801712632,-1.6735831043517067
2026-05-01,RMD_Hyperthymesia,8,PT_Augmentative Communication Devices|PT_Closed Loop Neurostimulation|PT_Fecal Microbiota Transplant|PT_Hypnotherapy|PT_Motivational Interviewing|PT_Stimulant And Wake Promoting Agents|PT_Transference Focused Psychotherapy|PT_Vagus Nerve Stimulation,96.95724914279802,91.91083557919093,98.07931360025243,98.3791429432975,96.8327879840986,99.0708141336009,-1.4218938004994754
2026-06-01,RMD_Hyperthymesia,8,PT_Augmentative Communication Devices|PT_Closed Loop Neurostimulation|PT_Fecal Microbiota Transplant|PT_Hypnotherapy|PT_Motivational Interviewing|PT_Stimulant And Wake Promoting Agents|PT_Transference Focused Psychotherapy|PT_Vagus Nerve Stimulation,96.88311669386349,91.69294721797148,98.03714202830693,98.09533130860429,96.23950048616042,98.9193905614193,-1.2122146147408017
2026-07-01,RMD_Hyperthymesia,8,PT_Augmentative Communication Devices|PT_Closed Loop Neurostimulation|PT_Fecal Microbiota Transplant|PT_Hypnotherapy|PT_Motivational Interviewing|PT_Stimulant And Wake Promoting Agents|PT_Transference Focused Psychotherapy|PT_Vagus Nerve Stimulation,96.72240270740613,91.25473854612629,97.93812885199681,97.95836916794154,95.94254560153216,98.84878270272651,-1.2359664605354084
2026-08-01,RMD_Hyperthymesia,8,PT_Augmentative Communication Devices|PT_Closed Loop Neurostimulation|PT_Fecal Microbiota Transplant|PT_Hypnotherapy|PT_Motivational Interviewing|PT_Stimulant And Wake Promoting Agents|PT_Transference Focused Psychotherapy|PT_Vagus Nerve Stimulation,96.63704942444303,91.00956943480209,97.88831690323632,97.85678929803943,95.70915879960883,98.79990359718873,-1.2197398735963958
2026-09-01,RMD_Hyperthymesia,8,PT_Augmentative Communication Devices|PT_Closed Loop Neurostimulation|PT_Fecal Microbiota Transplant|PT_Hypnotherapy|PT_Motivational Interviewing|PT_Stimulant And Wake Promoting Agents|PT_Transference Focused Psychotherapy|PT_Vagus Nerve Stimulation,96.45843206643733,90.53153401503259,97.77627500776124,97.87241992743022,95.71342705498968,98.81518573001198,-1.41398786099289
2026-10-01,RMD_Hyperthymesia,8,PT_Augmentative Communication Devices|PT_Closed Loop Neurostimulation|PT_Fecal Microbiota Transplant|PT_Hypnotherapy|PT_Motivational Interviewing|PT_Stimulant And Wake Promoting Agents|PT_Transference Focused Psychotherapy|PT_Vagus Nerve Stimulation,96.2472139179145,89.96978231334752,97.64299782685036,97.90091334234523,95.74305067549743,98.83797338926617,-1.6536994244307408
2026-11-01,RMD_Hyperthymesia,8,PT_Augmentative Communication Devices|PT_Closed Loop Neurostimulation|PT_Fecal Microbiota Transplant|PT_Hypnotherapy|PT_Motivational Interviewing|PT_Stimulant And Wake Promoting Agents|PT_Transference Focused Psychotherapy|PT_Vagus Nerve Stimulation,95.95891759130122,89.20589269924497,97.46044307823847,97.90887089346154,95.73759046378845,98.8477830953689,-1.9499533021603241
2026-12-01,RMD_Hyperthymesia,8,PT_Augmentative Communication Devices|PT_Closed Loop Neurostimulation|PT_Fecal Microbiota Transplant|PT_Hypnotherapy|PT_Motivational Interviewing|PT_Stimulant And Wake Promoting Agents|PT_Transference Focused Psychotherapy|PT_Vagus Nerve Stimulation,95.67544060249425,88.45723853289361,97.2804011929421,97.85525929545764,95.60371448649381,98.82485142488522,-2.1798186929633943
2027-01-01,RMD_Hyperthymesia,8,PT_Augmentative Communication Devices|PT_Closed Loop Neurostimulation|PT_Fecal Microbiota Transplant|PT_Hypnotherapy|PT_Motivational Interviewing|PT_Stimulant And Wake Promoting Agents|PT_Transference Focused Psychotherapy|PT_Vagus Nerve Stimulation,95.32141183906243,87.52106676173204,97.05581482932887,97.82457467081495,95.51252106300768,98.81487229380663,-2.503162831752519
2027-02-01,RMD_Hyperthymesia,8,PT_Augmentative Communication Devices|PT_Closed Loop Neurostimulation|PT_Fecal Microbiota Transplant|PT_Hypnotherapy|PT_Motivational Interviewing|PT_Stimulant And Wake Promoting Agents|PT_Transference Focused Psychotherapy|PT_Vagus Nerve Stimulation,94.93539641239335,86.50496968861177,96.80989775509062,97.86832966927187,95.57419603860326,98.84517395074053,-2.9329332568785276
2027-03-01,RMD_Hyperthymesia,8,PT_Augmentative Communication Devices|PT_Closed Loop Neurostimulation|PT_Fecal Microbiota Transplant|PT_Hypnotherapy|PT_Motivational Interviewing|PT_Stimulant And Wake Promoting Agents|PT_Transference Focused Psychotherapy|PT_Vagus Nerve Stimulation,94.7613381687703,86.04420110962698,96.69958623637964,97.91310723226839,95.62845634468712,98.87903353216767,-3.1517690634980937
2027-04-01,RMD_Hyperthymesia,8,PT_Augmentative Communication Devices|PT_Closed Loop Neurostimulation|PT_Fecal Microbiota Transplant|PT_Hypnotherapy|PT_Motivational Interviewing|PT_Stimulant And Wake Promoting Agents|PT_Transference Focused Psychotherapy|PT_Vagus Nerve Stimulation,94.71501839935739,85.91699585009292,96.67125131686761,97.98881545047351,95.73841431595642,98.93148750469625,-3.2737970511161194
2027-05-01,RMD_Hyperthymesia,8,PT_Augmentative Communication Devices|PT_Closed Loop Neurostimulation|PT_Fecal Microbiota Transplant|PT_Hypnotherapy|PT_Motivational Interviewing|PT_Stimulant And Wake Promoting Agents|PT_Transference Focused Psychotherapy|PT_Vagus Nerve Stimulation,94.84372490470358,86.24918583340832,96.75471654901801,98.06965955674211,95.84624254172768,98.9905066950397,-3.225934652038532
2027-06-01,RMD_Hyperthymesia,8,PT_Augmentative Communication Devices|PT_Closed Loop Neurostimulation|PT_Fecal Microbiota Transplant|PT_Hypnotherapy|PT_Motivational Interviewing|PT_Stimulant And Wake Promoting Agents|PT_Transference Focused Psychotherapy|PT_Vagus Nerve Stimulation,94.8541130237764,86.27260407563249,96.76220424553028,98.21172683164758,96.08669343777208,99.0804205297326,-3.357613807871175
2027-07-01,RMD_Hyperthymesia,8,PT_Augmentative Communication Devices|PT_Closed Loop Neurostimulation|PT_Fecal Microbiota Transplant|PT_Hypnotherapy|PT_Motivational Interviewing|PT_Stimulant And Wake Promoting Agents|PT_Transference Focused Psychotherapy|PT_Vagus Nerve Stimulation,94.81907654201375,86.17634179589736,96.74078447139534,98.35658501578517,96.33566331580866,99.17102053557777,-3.5375084737714246
2027-08-01,RMD_Hyperthymesia,8,PT_Augmentative Communication Devices|PT_Closed Loop Neurostimulation|PT_Fecal Microbiota Transplant|PT_Hypnotherapy|PT_Motivational Interviewing|PT_Stimulant And Wake Promoting Agents|PT_Transference Focused Psychotherapy|PT_Vagus Nerve Stimulation,94.97255631729313,86.56944495904811,96.8409809200515,98.50710190293879,96.58444914176515,99.2683128279697,-3.5345455856456596
2027-09-01,RMD_Hyperthymesia,8,PT_Augmentative Communication Devices|PT_Closed Loop Neurostimulation|PT_Fecal Microbiota Transplant|PT_Hypnotherapy|PT_Motivational Interviewing|PT_Stimulant And Wake Promoting Agents|PT_Transference Focused Psychotherapy|PT_Vagus Nerve Stimulation,95.05393338634258,86.78369970174286,96.89281588282296,98.81903021824296,97.16210097728148,99.45321477538272,-3.7650968319003795
2027-10-01,RMD_Hyperthymesia,8,PT_Augmentative Communication Devices|PT_Closed Loop Neurostimulation|PT_Fecal Microbiota Transplant|PT_Hypnotherapy|PT_Motivational Interviewing|PT_Stimulant And Wake Promoting Agents|PT_Transference Focused Psychotherapy|PT_Vagus Nerve Stimulation,95.07431408488425,86.83671619880013,96.90593366549781,99.189436923683,97.86663481104951,99.66779997856774,-4.115122838798754
2027-11-01,RMD_Hyperthymesia,8,PT_Augmentative Communication Devices|PT_Closed Loop Neurostimulation|PT_Fecal Microbiota Transplant|PT_Hypnotherapy|PT_Motivational Interviewing|PT_Stimulant And Wake Promoting Agents|PT_Transference Focused Psychotherapy|PT_Vagus Nerve Stimulation,95.12910672897179,86.98067329806815,96.94090381649863,99.57614315411493,98.60755837036432,99.89055993683837,-4.447036425143139
2027-12-01,RMD_Hyperthymesia,8,PT_Augmentative Communication Devices|PT_Closed Loop Neurostimulation|PT_Fecal Microbiota Transplant|PT_Hypnotherapy|PT_Motivational Interviewing|PT_Stimulant And Wake Promoting Agents|PT_Transference Focused Psychotherapy|PT_Vagus Nerve Stimulation,95.0264433838663,86.71531900667169,96.8744179063459,99.95361554986985,99.34230303841939,100.10477240507647,-4.927172166003558
2028-01-01,RMD_Hyperthymesia,8,PT_Augmentative Communication Devices|PT_Closed Loop Neurostimulation|PT_Fecal Microbiota Transplant|PT_Hypnotherapy|PT_Motivational Interviewing|PT_Stimulant And Wake Promoting Agents|PT_Transference Focused Psychotherapy|PT_Vagus Nerve Stimulation,94.74416342280821,85.97692194458102,96.69355536442244,100.29176918580951,100.01546913911129,100.29213948588838,-5.5476057630013
2028-02-01,RMD_Hyperthymesia,8,PT_Augmentative Communication Devices|PT_Closed Loop Neurostimulation|PT_Fecal Microbiota Transplant|PT_Hypnotherapy|PT_Motivational Interviewing|PT_Stimulant And Wake Promoting Agents|PT_Transference Focused Psychotherapy|PT_Vagus Nerve Stimulation,94.50671475317965,85.35369914525562,96.5418802070345,100.65234235706816,100.73499883521326,100.49146796999653,-6.145627603888514
2028-03-01,RMD_Hyperthymesia,8,PT_Augmentative Communication Devices|PT_Closed Loop Neurostimulation|PT_Fecal Microbiota Transplant|PT_Hypnotherapy|PT_Motivational Interviewing|PT_Stimulant And Wake Promoting Agents|PT_Transference Focused Psychotherapy|PT_Vagus Nerve Stimulation,94.32891970119273,84.88540582869607,96.42868048593051,100.96187187435466,101.35380822158889,100.66245165564204,-6.632952173161925
2028-04-01,RMD_Hyperthymesia,8,PT_Augmentative Communication Devices|PT_Closed Loop Neurostimulation|PT_Fecal Microbiota Transplant|PT_Hypnotherapy|PT_Motivational Interviewing|PT_Stimulant And Wake Promoting Agents|PT_Transference Focused Psychotherapy|PT_Vagus Nerve Stimulation,94.31961411156236,84.85284631782116,96.42454539439866,101.28165010240254,101.97349404644108,100.84460891844601,-6.962035990840178
2028-05-01,RMD_Hyperthymesia,8,PT_Augmentative Communication Devices|PT_Closed Loop Neurostimulation|PT_Fecal Microbiota Transplant|PT_Hypnotherapy|PT_Motivational Interviewing|PT_Stimulant And Wake Promoting Agents|PT_Transference Focused Psychotherapy|PT_Vagus Nerve Stimulation,94.18153956296413,84.48582223565676,96.33737766490745,101.66295134883951,102.72719607874414,101.05767776809702,-7.48141178587538
2028-06-01,RMD_Hyperthymesia,8,PT_Augmentative Communication Devices|PT_Closed Loop Neurostimulation|PT_Fecal Microbiota Transplant|PT_Hypnotherapy|PT_Motivational Interviewing|PT_Stimulant And Wake Promoting Agents|PT_Transference Focused Psychotherapy|PT_Vagus Nerve Stimulation,94.17833361038454,84.47165970676126,96.33660154003532,102.08211823706183,103.5465433529416,101.29476260807725,-7.903784626677293
2028-07-01,RMD_Hyperthymesia,8,PT_Augmentative Communication Devices|PT_Closed Loop Neurostimulation|PT_Fecal Microbiota Transplant|PT_Hypnotherapy|PT_Motivational Interviewing|PT_Stimulant And Wake Promoting Agents|PT_Transference Focused Psychotherapy|PT_Vagus Nerve Stimulation,94.24688686911563,84.64534381112509,96.38178218628015,102.51277936578548,104.38224496911168,101.54028481185568,-8.26589249666985
2028-08-01,RMD_Hyperthymesia,8,PT_Augmentative Communication Devices|PT_Closed Loop Neurostimulation|PT_Fecal Microbiota Transplant|PT_Hypnotherapy|PT_Motivational Interviewing|PT_Stimulant And Wake Promoting Agents|PT_Transference Focused Psychotherapy|PT_Vagus Nerve Stimulation,94.62742719495076,85.63158512888688,96.62764836708416,102.95174402610877,105.2110051925474,101.79731097149552,-8.324316831158015
2028-09-01,RMD_Hyperthymesia,8,PT_Augmentative Communication Devices|PT_Closed Loop Neurostimulation|PT_Fecal Microbiota Transplant|PT_Hypnotherapy|PT_Motivational Interviewing|PT_Stimulant And Wake Promoting Agents|PT_Transference Focused Psychotherapy|PT_Vagus Nerve Stimulation,94.761005082788,85.98058417427521,96.71332746362391,103.43899987344803,106.16010041881489,102.07419373830703,-8.677994790660023
2028-10-01,RMD_Hyperthymesia,8,PT_Augmentative Communication Devices|PT_Closed Loop Neurostimulation|PT_Fecal Microbiota Transplant|PT_Hypnotherapy|PT_Motivational Interviewing|PT_Stimulant And Wake Promoting Agents|PT_Transference Focused Psychotherapy|PT_Vagus Nerve Stimulation,94.80216201947533,86.08850550557581,96.73963936912499,103.95312687165831,107.1694069684221,102.36416458450431,-9.15096485218298
2028-11-01,RMD_Hyperthymesia,8,PT_Augmentative Communication Devices|PT_Closed Loop Neurostimulation|PT_Fecal Microbiota Transplant|PT_Hypnotherapy|PT_Motivational Interviewing|PT_Stimulant And Wake Promoting Agents|PT_Transference Focused Psychotherapy|PT_Vagus Nerve Stimulation,94.88198815691972,86.29969885313558,96.79025288947473,104.53575800556551,108.31382527357589,102.69240006150126,-9.653769848645794
2028-12-01,RMD_Hyperthymesia,8,PT_Augmentative Communication Devices|PT_Closed Loop Neurostimulation|PT_Fecal Microbiota Transplant|PT_Hypnotherapy|PT_Motivational Interviewing|PT_Stimulant And Wake Promoting Agents|PT_Transference Focused Psychotherapy|PT_Vagus Nerve Stimulation,94.83541857302009,86.18508250817528,96.75881347047418,105.17105505748889,109.57863116787004,103.04543935496523,-10.335636484468793
2026-01-01,RMD_Impulse Control Disorders,8,PT_Brain Computer Interface|PT_Emotion Regulation Training|PT_Music Therapy|PT_Narrative Exposure Therapy|PT_Neurobiological Assessments For Mental Disorders|PT_Neurocognitive Training|PT_Personalized Medicine|PT_Psychoeducation Programs,100.0,100.0,100.0,100.0,100.0,100.0,0.0
2026-02-01,RMD_Impulse Control Disorders,8,PT_Brain Computer Interface|PT_Emotion Regulation Training|PT_Music Therapy|PT_Narrative Exposure Therapy|PT_Neurobiological Assessments For Mental Disorders|PT_Neurocognitive Training|PT_Personalized Medicine|PT_Psychoeducation Programs,99.10028599288768,98.80369603654508,99.24098300737407,99.52152870478017,99.48553955648143,99.60657901209093,-0.4212427118924893
2026-03-01,RMD_Impulse Control Disorders,8,PT_Brain Computer Interface|PT_Emotion Regulation Training|PT_Music Therapy|PT_Narrative Exposure Therapy|PT_Neurobiological Assessments For Mental Disorders|PT_Neurocognitive Training|PT_Personalized Medicine|PT_Psychoeducation Programs,98.69076741914118,98.27191100316497,98.88946547336067,98.94368299857426,98.79069980856146,99.1741639229964,-0.2529155794330791
2026-04-01,RMD_Impulse Control Disorders,8,PT_Brain Computer Interface|PT_Emotion Regulation Training|PT_Music Therapy|PT_Narrative Exposure Therapy|PT_Neurobiological Assessments For Mental Disorders|PT_Neurocognitive Training|PT_Personalized Medicine|PT_Psychoeducation Programs,98.94726314635501,98.66528343201595,99.08102932118595,98.58067481380736,98.30104421557749,98.93198412314503,0.36658833254765
2026-05-01,RMD_Impulse Control Disorders,8,PT_Brain Computer Interface|PT_Emotion Regulation Training|PT_Music Therapy|PT_Narrative Exposure Therapy|PT_Neurobiological Assessments For Mental Disorders|PT_Neurocognitive Training|PT_Personalized Medicine|PT_Psychoeducation Programs,99.4698103041052,99.42097629729372,99.49297629073708,98.22700322900566,97.79640766938526,98.71148018587358,1.2428070750995346
2026-06-01,RMD_Impulse Control Disorders,8,PT_Brain Computer Interface|PT_Emotion Regulation Training|PT_Music Therapy|PT_Narrative Exposure Therapy|PT_Neurobiological Assessments For Mental Disorders|PT_Neurocognitive Training|PT_Personalized Medicine|PT_Psychoeducation Programs,100.01127653972597,100.20076041201307,99.92139248284089,97.98880211790609,97.4378256126847,98.57307714994656,2.0224744218198794
2026-07-01,RMD_Impulse Control Disorders,8,PT_Brain Computer Interface|PT_Emotion Regulation Training|PT_Music Therapy|PT_Narrative Exposure Therapy|PT_Neurobiological Assessments For Mental Disorders|PT_Neurocognitive Training|PT_Personalized Medicine|PT_Psychoeducation Programs,100.57126707310123,101.02279662989926,100.35706946041991,98.00746059133813,97.40300077904878,98.61765350011093,2.563806481763095
2026-08-01,RMD_Impulse Control Disorders,8,PT_Brain Computer Interface|PT_Emotion Regulation Training|PT_Music Therapy|PT_Narrative Exposure Therapy|PT_Neurobiological Assessments For Mental Disorders|PT_Neurocognitive Training|PT_Personalized Medicine|PT_Psychoeducation Programs,101.24953980279417,102.0081704178648,100.8896588953129,98.08778627668542,97.43553140911747,98.71201085670887,3.161753526108754
2026-09-01,RMD_Impulse Control Disorders,8,PT_Brain Computer Interface|PT_Emotion Regulation Training|PT_Music Therapy|PT_Narrative Exposure Therapy|PT_Neurobiological Assessments For Mental Disorders|PT_Neurocognitive Training|PT_Personalized Medicine|PT_Psychoeducation Programs,101.92215401748997,102.9975082899696,101.41202502486054,98.35916618860772,97.71281630351254,98.94028095755061,3.5629878288822567
2026-10-01,RMD_Impulse Control Disorders,8,PT_Brain Computer Interface|PT_Emotion Regulation Training|PT_Music Therapy|PT_Narrative Exposure Therapy|PT_Neurobiological Assessments For Mental Disorders|PT_Neurocognitive Training|PT_Personalized Medicine|PT_Psychoeducation Programs,102.54126034260638,103.90659705399334,101.89356509342683,98.65589040422103,98.02343577965371,99.18596114387323,3.8853699383853524
2026-11-01,RMD_Impulse Control Disorders,8,PT_Brain Computer Interface|PT_Emotion Regulation Training|PT_Music Therapy|PT_Narrative Exposure Therapy|PT_Neurobiological Assessments For Mental Disorders|PT_Neurocognitive Training|PT_Personalized Medicine|PT_Psychoeducation Programs,103.03700294273148,104.6359177484002,102.27850611987952,98.89540953692452,98.27207254232462,99.3852280425247,4.141593405806958
2026-12-01,RMD_Impulse Control Disorders,8,PT_Brain Computer Interface|PT_Emotion Regulation Training|PT_Music Therapy|PT_Narrative Exposure Therapy|PT_Neurobiological Assessments For Mental Disorders|PT_Neurocognitive Training|PT_Personalized Medicine|PT_Psychoeducation Programs,103.52298738819245,105.34384497284917,102.65920857886056,99.01656443899662,98.37086055575807,99.50078161690914,4.506422949195823
2027-01-01,RMD_Impulse Control Disorders,8,PT_Brain Computer Interface|PT_Emotion Regulation Training|PT_Music Therapy|PT_Narrative Exposure Therapy|PT_Neurobiological Assessments For Mental Disorders|PT_Neurocognitive Training|PT_Personalized Medicine|PT_Psychoeducation Programs,104.07441422981891,106.14884506723213,103.09034103603425,99.23355202919734,98.58011349052484,99.69010864260727,4.840862200621572
2027-02-01,RMD_Impulse Control Disorders,8,PT_Brain Computer Interface|PT_Emotion Regulation Training|PT_Music Therapy|PT_Narrative Exposure Therapy|PT_Neurobiological Assessments For Mental Disorders|PT_Neurocognitive Training|PT_Personalized Medicine|PT_Psychoeducation Programs,104.61272222451105,106.93311237234705,103.51196656546341,99.56643716155286,98.94111720654637,99.9590567040157,5.046285062958191
2027-03-01,RMD_Impulse Control Disorders,8,PT_Brain Computer Interface|PT_Emotion Regulation Training|PT_Music Therapy|PT_Narrative Exposure Therapy|PT_Neurobiological Assessments For Mental Disorders|PT_Neurocognitive Training|PT_Personalized Medicine|PT_Psychoeducation Programs,105.27017283372257,107.87128681721796,104.03625049754663,99.89443309645024,99.27953184129052,100.23358701440301,5.375739737272326
2027-04-01,RMD_Impulse Control Disorders,8,PT_Brain Computer Interface|PT_Emotion Regulation Training|PT_Music Therapy|PT_Narrative Exposure Therapy|PT_Neurobiological Assessments For Mental Disorders|PT_Neurocognitive Training|PT_Personalized Medicine|PT_Psychoeducation Programs,106.02472922892257,108.94321764080364,104.64024636225693,100.29662849337392,99.69930246407267,100.56752184271774,5.728100735548651
2027-05-01,RMD_Impulse Control Disorders,8,PT_Brain Computer Interface|PT_Emotion Regulation Training|PT_Music Therapy|PT_Narrative Exposure Therapy|PT_Neurobiological Assessments For Mental Disorders|PT_Neurocognitive Training|PT_Personalized Medicine|PT_Psychoeducation Programs,106.93263239280176,110.22162691046833,105.3723917325846,100.71427198708545,100.12288695517813,100.9213670325642,6.218360405716311
2027-06-01,RMD_Impulse Control Disorders,8,PT_Brain Computer Interface|PT_Emotion Regulation Training|PT_Music Therapy|PT_Narrative Exposure Therapy|PT_Neurobiological Assessments For Mental Disorders|PT_Neurocognitive Training|PT_Personalized Medicine|PT_Psychoeducation Programs,107.74796468074385,111.38412604529124,106.02303422628309,101.2239487323467,100.67386837428617,101.33415750596137,6.52401594839715
2027-07-01,RMD_Impulse Control Disorders,8,PT_Brain Computer Interface|PT_Emotion Regulation Training|PT_Music Therapy|PT_Narrative Exposure Therapy|PT_Neurobiological Assessments For Mental Disorders|PT_Neurocognitive Training|PT_Personalized Medicine|PT_Psychoeducation Programs,108.4905157113882,112.44602081458783,106.61409052057817,101.74131270975596,101.24211514588096,101.74821342519654,6.749203001632239
2027-08-01,RMD_Impulse Control Disorders,8,PT_Brain Computer Interface|PT_Emotion Regulation Training|PT_Music Therapy|PT_Narrative Exposure Therapy|PT_Neurobiological Assessments For Mental Disorders|PT_Neurocognitive Training|PT_Personalized Medicine|PT_Psychoeducation Programs,109.41223617933018,113.75449105564189,107.35234748731303,102.26331553415108,101.80091058312183,102.17426046426759,7.148920645179103
2027-09-01,RMD_Impulse Control Disorders,8,PT_Brain Computer Interface|PT_Emotion Regulation Training|PT_Music Therapy|PT_Narrative Exposure Therapy|PT_Neurobiological Assessments For Mental Disorders|PT_Neurocognitive Training|PT_Personalized Medicine|PT_Psychoeducation Programs,110.36731050579735,115.13285187538933,108.10661847833339,103.05772176210505,102.70989560589426,102.79069587070735,7.309588743692302
2027-10-01,RMD_Impulse Control Disorders,8,PT_Brain Computer Interface|PT_Emotion Regulation Training|PT_Music Therapy|PT_Narrative Exposure Therapy|PT_Neurobiological Assessments For Mental Disorders|PT_Neurocognitive Training|PT_Personalized Medicine|PT_Psychoeducation Programs,111.23552308415994,116.39821270142896,108.78643097246618,103.95484531617461,103.75883685055656,103.47439380552017,7.280677767985324
2027-11-01,RMD_Impulse Control Disorders,8,PT_Brain Computer Interface|PT_Emotion Regulation Training|PT_Music Therapy|PT_Narrative Exposure Therapy|PT_Neurobiological Assessments For Mental Disorders|PT_Neurocognitive Training|PT_Personalized Medicine|PT_Psychoeducation Programs,112.1138076167661,117.68081414737584,109.47291473300682,104.86969221102984,104.83691644138045,104.16719478619986,7.2441154057362525
2027-12-01,RMD_Impulse Control Disorders,8,PT_Brain Computer Interface|PT_Emotion Regulation Training|PT_Music Therapy|PT_Narrative Exposure Therapy|PT_Neurobiological Assessments For Mental Disorders|PT_Neurocognitive Training|PT_Personalized Medicine|PT_Psychoeducation Programs,112.79752628754751,118.70096018926928,109.99704195748986,105.73647917846168,105.8769553918588,104.81317427087357,7.061047109085834
2028-01-01,RMD_Impulse Control Disorders,8,PT_Brain Computer Interface|PT_Emotion Regulation Training|PT_Music Therapy|PT_Narrative Exposure Therapy|PT_Neurobiological Assessments For Mental Disorders|PT_Neurocognitive Training|PT_Personalized Medicine|PT_Psychoeducation Programs,113.23696716957942,119.37960510171337,110.32300869040652,106.52548078151464,106.8425503778671,105.39048290841907,6.71148638806477
2028-02-01,RMD_Impulse Control Disorders,8,PT_Brain Computer Interface|PT_Emotion Regulation Training|PT_Music Therapy|PT_Narrative Exposure Therapy|PT_Neurobiological Assessments For Mental Disorders|PT_Neurocognitive Training|PT_Personalized Medicine|PT_Psychoeducation Programs,113.6733915266218,120.05169039873653,110.64763967758829,107.35133544673312,107.85783349925458,105.99235548251347,6.322056079888682
2028-03-01,RMD_Impulse Control Disorders,8,PT_Brain Computer Interface|PT_Emotion Regulation Training|PT_Music Therapy|PT_Narrative Exposure Therapy|PT_Neurobiological Assessments For Mental Disorders|PT_Neurocognitive Training|PT_Personalized Medicine|PT_Psychoeducation Programs,114.07673533445012,120.66768862433696,110.95010027047732,108.06130729629515,108.72858179590648,106.51098417192593,6.015428038154965
2028-04-01,RMD_Impulse Control Disorders,8,PT_Brain Computer Interface|PT_Emotion Regulation Training|PT_Music Therapy|PT_Narrative Exposure Therapy|PT_Neurobiological Assessments For Mental Disorders|PT_Neurocognitive Training|PT_Personalized Medicine|PT_Psychoeducation Programs,114.73697977217543,121.64091060675656,111.46187744361251,108.8422240517442,109.66151869609234,107.09532419803901,5.894755720431235
2028-05-01,RMD_Impulse Control Disorders,8,PT_Brain Computer Interface|PT_Emotion Regulation Training|PT_Music Therapy|PT_Narrative Exposure Therapy|PT_Neurobiological Assessments For Mental Disorders|PT_Neurocognitive Training|PT_Personalized Medicine|PT_Psychoeducation Programs,115.31133422823575,122.50651242394306,111.89806931759213,109.73531254526097,110.7488437312064,107.75227428171151,5.576021682974783
2028-06-01,RMD_Impulse Control Disorders,8,PT_Brain Computer Interface|PT_Emotion Regulation Training|PT_Music Therapy|PT_Narrative Exposure Therapy|PT_Neurobiological Assessments For Mental Disorders|PT_Neurocognitive Training|PT_Personalized Medicine|PT_Psychoeducation Programs,116.0510408175309,123.60350978751251,112.4682835010627,110.7111786861033,111.92574074832999,108.4766399718826,5.3398621314276085
2028-07-01,RMD_Impulse Control Disorders,8,PT_Brain Computer Interface|PT_Emotion Regulation Training|PT_Music Therapy|PT_Narrative Exposure Therapy|PT_Neurobiological Assessments For Mental Disorders|PT_Neurocognitive Training|PT_Personalized Medicine|PT_Psychoeducation Programs,116.87882386298013,124.82375556072914,113.10988918981722,111.72144592713285,113.13672727743334,109.2307436392467,5.157377935847279
2028-08-01,RMD_Impulse Control Disorders,8,PT_Brain Computer Interface|PT_Emotion Regulation Training|PT_Music Therapy|PT_Narrative Exposure Therapy|PT_Neurobiological Assessments For Mental Disorders|PT_Neurocognitive Training|PT_Personalized Medicine|PT_Psychoeducation Programs,118.06921750633192,126.54125793603353,114.05023180038974,112.77964055710049,114.37197942119009,110.0393941453536,5.2895769492314315
2028-09-01,RMD_Impulse Control Disorders,8,PT_Brain Computer Interface|PT_Emotion Regulation Training|PT_Music Therapy|PT_Narrative Exposure Therapy|PT_Neurobiological Assessments For Mental Disorders|PT_Neurocognitive Training|PT_Personalized Medicine|PT_Psychoeducation Programs,118.97100663969542,127.8681879101726,114.75034165987974,113.88103537003015,115.6990585333686,110.85811719212263,5.08997126966527
2028-10-01,RMD_Impulse Control Disorders,8,PT_Brain Computer Interface|PT_Emotion Regulation Training|PT_Music Therapy|PT_Narrative Exposure Therapy|PT_Neurobiological Assessments For Mental Disorders|PT_Neurocognitive Training|PT_Personalized Medicine|PT_Psychoeducation Programs,119.77871663462706,129.07076047493504,115.37073212447598,115.03981934709923,117.10905251549617,111.71204820777152,4.738897287527834
2028-11-01,RMD_Impulse Control Disorders,8,PT_Brain Computer Interface|PT_Emotion Regulation Training|PT_Music Therapy|PT_Narrative Exposure Therapy|PT_Neurobiological Assessments For Mental Disorders|PT_Neurocognitive Training|PT_Personalized Medicine|PT_Psychoeducation Programs,120.69380682113231,130.4309840366961,116.0746626645038,116.33737111828832,118.6932589044021,112.66562287795449,4.356435702843996
2028-12-01,RMD_Impulse Control Disorders,8,PT_Brain Computer Interface|PT_Emotion Regulation Training|PT_Music Therapy|PT_Narrative Exposure Therapy|PT_Neurobiological Assessments For Mental Disorders|PT_Neurocognitive Training|PT_Personalized Medicine|PT_Psychoeducation Programs,121.47431747832277,131.6178025131035,116.66242809919501,117.70245124774307,120.38506736232671,113.6549974191028,3.771866230579704
2026-01-01,RMD_Intermetamorphosis Syndrome,8,PT_Cognitive Assistive Technologies|PT_Focused Ultrasound Therapy|PT_Pharmacogenomic Testing|PT_Prolonged Exposure Therapy|PT_Psilocybin Assisted Therapy|PT_Resting State Fmri|PT_Trauma Focused Cbt|PT_Vagus Nerve Stimulation,100.0,100.0,100.0,100.0,100.0,100.0,0.0
2026-02-01,RMD_Intermetamorphosis Syndrome,8,PT_Cognitive Assistive Technologies|PT_Focused Ultrasound Therapy|PT_Pharmacogenomic Testing|PT_Prolonged Exposure Therapy|PT_Psilocybin Assisted Therapy|PT_Resting State Fmri|PT_Trauma Focused Cbt|PT_Vagus Nerve Stimulation,147.29857864915226,100.0,100.02490167469101,99.68783627691596,99.28384550508848,99.89624698798444,47.6107423722363
2026-03-01,RMD_Intermetamorphosis Syndrome,8,PT_Cognitive Assistive Technologies|PT_Focused Ultrasound Therapy|PT_Pharmacogenomic Testing|PT_Prolonged Exposure Therapy|PT_Psilocybin Assisted Therapy|PT_Resting State Fmri|PT_Trauma Focused Cbt|PT_Vagus Nerve Stimulation,209.16478577067738,100.0,100.05434801179562,99.33718548814272,98.04366545316381,99.78720724196161,109.82760028253466
2026-04-01,RMD_Intermetamorphosis Syndrome,8,PT_Cognitive Assistive Technologies|PT_Focused Ultrasound Therapy|PT_Pharmacogenomic Testing|PT_Prolonged Exposure Therapy|PT_Psilocybin Assisted Therapy|PT_Resting State Fmri|PT_Trauma Focused Cbt|PT_Vagus Nerve Stimulation,316.5597198236616,100.0,100.09851324615327,99.09672949282417,97.31925115438133,99.71821227752433,217.46299033083744
2026-05-01,RMD_Intermetamorphosis Syndrome,8,PT_Cognitive Assistive Technologies|PT_Focused Ultrasound Therapy|PT_Pharmacogenomic Testing|PT_Prolonged Exposure Therapy|PT_Psilocybin Assisted Therapy|PT_Resting State Fmri|PT_Trauma Focused Cbt|PT_Vagus Nerve Stimulation,476.9926903169237,100.0,100.15169946454992,98.86273894836972,96.54979142520261,99.65436005044819,378.129951368554
2026-06-01,RMD_Intermetamorphosis Syndrome,8,PT_Cognitive Assistive Technologies|PT_Focused Ultrasound Therapy|PT_Pharmacogenomic Testing|PT_Prolonged Exposure Therapy|PT_Psilocybin Assisted Therapy|PT_Resting State Fmri|PT_Trauma Focused Cbt|PT_Vagus Nerve Stimulation,671.0891267340055,100.0,100.20766202746616,98.69367328595608,96.09491222630919,99.6099267996478,572.3954534480495
2026-07-01,RMD_Intermetamorphosis Syndrome,8,PT_Cognitive Assistive Technologies|PT_Focused Ultrasound Therapy|PT_Pharmacogenomic Testing|PT_Prolonged Exposure Therapy|PT_Psilocybin Assisted Therapy|PT_Resting State Fmri|PT_Trauma Focused Cbt|PT_Vagus Nerve Stimulation,918.6649851021239,100.0,100.2680154860226,98.65312903135556,96.36368034441023,99.60306981649958,820.0118560707683
2026-08-01,RMD_Intermetamorphosis Syndrome,8,PT_Cognitive Assistive Technologies|PT_Focused Ultrasound Therapy|PT_Pharmacogenomic Testing|PT_Prolonged Exposure Therapy|PT_Psilocybin Assisted Therapy|PT_Resting State Fmri|PT_Trauma Focused Cbt|PT_Vagus Nerve Stimulation,1215.7932092909678,100.0,100.3281212092219,98.65006088103641,96.81212869600411,99.60881596837778,1117.1431484099314
2026-09-01,RMD_Intermetamorphosis Syndrome,8,PT_Cognitive Assistive Technologies|PT_Focused Ultrasound Therapy|PT_Pharmacogenomic Testing|PT_Prolonged Exposure Therapy|PT_Psilocybin Assisted Therapy|PT_Resting State Fmri|PT_Trauma Focused Cbt|PT_Vagus Nerve Stimulation,1536.1301323170846,100.0,100.38922641644827,98.74828871270992,97.81649134741295,99.64369058466959,1437.3818436043748
2026-10-01,RMD_Intermetamorphosis Syndrome,8,PT_Cognitive Assistive Technologies|PT_Focused Ultrasound Therapy|PT_Pharmacogenomic Testing|PT_Prolonged Exposure Therapy|PT_Psilocybin Assisted Therapy|PT_Resting State Fmri|PT_Trauma Focused Cbt|PT_Vagus Nerve Stimulation,1854.142047020637,100.0,100.44453974187684,98.8549686519676,98.8776991490337,99.6810131439453,1755.2870783686694
2026-11-01,RMD_Intermetamorphosis Syndrome,8,PT_Cognitive Assistive Technologies|PT_Focused Ultrasound Therapy|PT_Pharmacogenomic Testing|PT_Prolonged Exposure Therapy|PT_Psilocybin Assisted Therapy|PT_Resting State Fmri|PT_Trauma Focused Cbt|PT_Vagus Nerve Stimulation,2149.0762079266215,100.0,100.49302753108651,98.93402348298775,99.7559817942123,99.70918848770128,2050.1421844436336
2026-12-01,RMD_Intermetamorphosis Syndrome,8,PT_Cognitive Assistive Technologies|PT_Focused Ultrasound Therapy|PT_Pharmacogenomic Testing|PT_Prolonged Exposure Therapy|PT_Psilocybin Assisted Therapy|PT_Resting State Fmri|PT_Trauma Focused Cbt|PT_Vagus Nerve Stimulation,2438.4190444163414,100.0,100.53957615043174,98.95860395163655,100.30112884969546,99.72170933892991,2339.460440464705
2027-01-01,RMD_Intermetamorphosis Syndrome,8,PT_Cognitive Assistive Technologies|PT_Focused Ultrasound Therapy|PT_Pharmacogenomic Testing|PT_Prolonged Exposure Therapy|PT_Psilocybin Assisted Therapy|PT_Resting State Fmri|PT_Trauma Focused Cbt|PT_Vagus Nerve Stimulation,2797.3928698699133,100.0,100.59696532730112,99.02482192385015,101.19743556689247,99.74686075311755,2698.368047946063
2027-02-01,RMD_Intermetamorphosis Syndrome,8,PT_Cognitive Assistive Technologies|PT_Focused Ultrasound Therapy|PT_Pharmacogenomic Testing|PT_Prolonged Exposure Therapy|PT_Psilocybin Assisted Therapy|PT_Resting State Fmri|PT_Trauma Focused Cbt|PT_Vagus Nerve Stimulation,3147.4536837681608,100.0,100.65272286785283,99.15671712147783,102.43959207188625,99.79091686984479,3048.296966646683
2027-03-01,RMD_Intermetamorphosis Syndrome,8,PT_Cognitive Assistive Technologies|PT_Focused Ultrasound Therapy|PT_Pharmacogenomic Testing|PT_Prolonged Exposure Therapy|PT_Psilocybin Assisted Therapy|PT_Resting State Fmri|PT_Trauma Focused Cbt|PT_Vagus Nerve Stimulation,3472.5540132100523,100.0,100.70503774120027,99.28762486842807,103.60502089877876,99.83675580219057,3373.2663883416244
2027-04-01,RMD_Intermetamorphosis Syndrome,8,PT_Cognitive Assistive Technologies|PT_Focused Ultrasound Therapy|PT_Pharmacogenomic Testing|PT_Prolonged Exposure Therapy|PT_Psilocybin Assisted Therapy|PT_Resting State Fmri|PT_Trauma Focused Cbt|PT_Vagus Nerve Stimulation,3823.7816481390228,100.0,100.76140180624704,99.45766622615395,105.01131150640828,99.89520472654591,3724.323981912869
2027-05-01,RMD_Intermetamorphosis Syndrome,8,PT_Cognitive Assistive Technologies|PT_Focused Ultrasound Therapy|PT_Pharmacogenomic Testing|PT_Prolonged Exposure Therapy|PT_Psilocybin Assisted Therapy|PT_Resting State Fmri|PT_Trauma Focused Cbt|PT_Vagus Nerve Stimulation,4178.805595612506,100.0,100.81871409972972,99.63791124087989,106.4402870753834,99.95874153239723,4079.1676843716264
2027-06-01,RMD_Intermetamorphosis Syndrome,8,PT_Cognitive Assistive Technologies|PT_Focused Ultrasound Therapy|PT_Pharmacogenomic Testing|PT_Prolonged Exposure Therapy|PT_Psilocybin Assisted Therapy|PT_Resting State Fmri|PT_Trauma Focused Cbt|PT_Vagus Nerve Stimulation,4542.428747012097,100.0,100.87659020471483,99.8658477722525,108.13357636822914,100.03457976601642,4442.562899239844
2027-07-01,RMD_Intermetamorphosis Syndrome,8,PT_Cognitive Assistive Technologies|PT_Focused Ultrasound Therapy|PT_Pharmacogenomic Testing|PT_Prolonged Exposure Therapy|PT_Psilocybin Assisted Therapy|PT_Resting State Fmri|PT_Trauma Focused Cbt|PT_Vagus Nerve Stimulation,4910.171688372965,100.0,100.93473113025412,100.09575920497996,109.86996413770154,100.11015057729284,4810.075929167985
2027-08-01,RMD_Intermetamorphosis Syndrome,8,PT_Cognitive Assistive Technologies|PT_Focused Ultrasound Therapy|PT_Pharmacogenomic Testing|PT_Prolonged Exposure Therapy|PT_Psilocybin Assisted Therapy|PT_Resting State Fmri|PT_Trauma Focused Cbt|PT_Vagus Nerve Stimulation,5283.186505811477,100.0,100.99420470116281,100.33358199849202,111.59316572027997,100.19021271253133,5182.852923812985
2027-09-01,RMD_Intermetamorphosis Syndrome,8,PT_Cognitive Assistive Technologies|PT_Focused Ultrasound Therapy|PT_Pharmacogenomic Testing|PT_Prolonged Exposure Therapy|PT_Psilocybin Assisted Therapy|PT_Resting State Fmri|PT_Trauma Focused Cbt|PT_Vagus Nerve Stimulation,5687.946775302125,100.0,101.05747118581519,100.71786488712381,114.13385189168683,100.31223272765372,5587.228910415001
2027-10-01,RMD_Intermetamorphosis Syndrome,8,PT_Cognitive Assistive Technologies|PT_Focused Ultrasound Therapy|PT_Pharmacogenomic Testing|PT_Prolonged Exposure Therapy|PT_Psilocybin Assisted Therapy|PT_Resting State Fmri|PT_Trauma Focused Cbt|PT_Vagus Nerve Stimulation,6093.489376651967,100.0,101.12025074235181,101.14995684605432,116.97454593940667,100.44674616607216,5992.339419805913
2027-11-01,RMD_Intermetamorphosis Syndrome,8,PT_Cognitive Assistive Technologies|PT_Focused Ultrasound Therapy|PT_Pharmacogenomic Testing|PT_Prolonged Exposure Therapy|PT_Psilocybin Assisted Therapy|PT_Resting State Fmri|PT_Trauma Focused Cbt|PT_Vagus Nerve Stimulation,6485.480000987124,100.0,101.18094590484912,101.59403927749645,119.86019691962414,100.58446867260395,6383.885961709628
2027-12-01,RMD_Intermetamorphosis Syndrome,8,PT_Cognitive Assistive Technologies|PT_Focused Ultrasound Therapy|PT_Pharmacogenomic Testing|PT_Prolonged Exposure Therapy|PT_Psilocybin Assisted Therapy|PT_Resting State Fmri|PT_Trauma Focused Cbt|PT_Vagus Nerve Stimulation,6851.746227649678,100.0,101.23687429737127,102.01356475102018,122.59100607656072,100.71244054909899,6749.7326628986575
2028-01-01,RMD_Intermetamorphosis Syndrome,8,PT_Cognitive Assistive Technologies|PT_Focused Ultrasound Therapy|PT_Pharmacogenomic Testing|PT_Prolonged Exposure Therapy|PT_Psilocybin Assisted Therapy|PT_Resting State Fmri|PT_Trauma Focused Cbt|PT_Vagus Nerve Stimulation,7206.873319523668,100.0,101.29023991033688,102.38908989257241,125.11006926140539,100.82464136435314,7104.484229631096
2028-02-01,RMD_Intermetamorphosis Syndrome,8,PT_Cognitive Assistive Technologies|PT_Focused Ultrasound Therapy|PT_Pharmacogenomic Testing|PT_Prolonged Exposure Therapy|PT_Psilocybin Assisted Therapy|PT_Resting State Fmri|PT_Trauma Focused Cbt|PT_Vagus Nerve Stimulation,7548.234317658708,100.0,101.34152112926319,102.78472846399461,127.73196700444348,100.94256776053605,7445.449589194714
2028-03-01,RMD_Intermetamorphosis Syndrome,8,PT_Cognitive Assistive Technologies|PT_Focused Ultrasound Therapy|PT_Pharmacogenomic Testing|PT_Prolonged Exposure Therapy|PT_Psilocybin Assisted Therapy|PT_Resting State Fmri|PT_Trauma Focused Cbt|PT_Vagus Nerve Stimulation,7838.035087658711,100.0,101.38518235030804,103.12227202056154,129.95819064276318,101.04345455359565,7734.912815638149
2028-04-01,RMD_Intermetamorphosis Syndrome,8,PT_Cognitive Assistive Technologies|PT_Focused Ultrasound Therapy|PT_Pharmacogenomic Testing|PT_Prolonged Exposure Therapy|PT_Psilocybin Assisted Therapy|PT_Resting State Fmri|PT_Trauma Focused Cbt|PT_Vagus Nerve Stimulation,8182.658948391898,100.0,101.43804394996087,103.49591630368059,132.44318213664016,101.15856272970466,8079.163032088218
2028-05-01,RMD_Intermetamorphosis Syndrome,8,PT_Cognitive Assistive Technologies|PT_Focused Ultrasound Therapy|PT_Pharmacogenomic Testing|PT_Prolonged Exposure Therapy|PT_Psilocybin Assisted Therapy|PT_Resting State Fmri|PT_Trauma Focused Cbt|PT_Vagus Nerve Stimulation,8541.003777188813,100.0,101.49244321734763,103.92304749849355,135.27334493442453,101.28772086428432,8437.080729690319
2028-06-01,RMD_Intermetamorphosis Syndrome,8,PT_Cognitive Assistive Technologies|PT_Focused Ultrasound Therapy|PT_Pharmacogenomic Testing|PT_Prolonged Exposure Therapy|PT_Psilocybin Assisted Therapy|PT_Resting State Fmri|PT_Trauma Focused Cbt|PT_Vagus Nerve Stimulation,8921.269553889675,100.0,101.55035349272683,104.39281540291397,138.3325992924298,101.4314295171045,8816.87673848676
2028-07-01,RMD_Intermetamorphosis Syndrome,8,PT_Cognitive Assistive Technologies|PT_Focused Ultrasound Therapy|PT_Pharmacogenomic Testing|PT_Prolonged Exposure Therapy|PT_Psilocybin Assisted Therapy|PT_Resting State Fmri|PT_Trauma Focused Cbt|PT_Vagus Nerve Stimulation,9312.138943335405,100.0,101.61015168237935,104.8753849000453,141.46737185725524,101.5800477698588,9207.26355843536
2028-08-01,RMD_Intermetamorphosis Syndrome,8,PT_Cognitive Assistive Technologies|PT_Focused Ultrasound Therapy|PT_Pharmacogenomic Testing|PT_Prolonged Exposure Therapy|PT_Psilocybin Assisted Therapy|PT_Resting State Fmri|PT_Trauma Focused Cbt|PT_Vagus Nerve Stimulation,9724.192534967182,100.0,101.67438348066469,105.3843687027978,144.72114459642157,101.74096745038098,9618.808166264384
2028-09-01,RMD_Intermetamorphosis Syndrome,8,PT_Cognitive Assistive Technologies|PT_Focused Ultrasound Therapy|PT_Pharmacogenomic Testing|PT_Prolonged Exposure Therapy|PT_Psilocybin Assisted Therapy|PT_Resting State Fmri|PT_Trauma Focused Cbt|PT_Vagus Nerve Stimulation,10100.574740802567,100.0,101.73187516871631,105.91393615002855,148.0795808503527,101.90363566160596,9994.660804652538
2028-10-01,RMD_Intermetamorphosis Syndrome,8,PT_Cognitive Assistive Technologies|PT_Focused Ultrasound Therapy|PT_Pharmacogenomic Testing|PT_Prolonged Exposure Therapy|PT_Psilocybin Assisted Therapy|PT_Resting State Fmri|PT_Trauma Focused Cbt|PT_Vagus Nerve Stimulation,10479.277695649336,100.0,101.78927288818421,106.46657937916154,151.6149834022191,102.0718306012484,10372.811116270175
2028-11-01,RMD_Intermetamorphosis Syndrome,8,PT_Cognitive Assistive Technologies|PT_Focused Ultrasound Therapy|PT_Pharmacogenomic Testing|PT_Prolonged Exposure Therapy|PT_Psilocybin Assisted Therapy|PT_Resting State Fmri|PT_Trauma Focused Cbt|PT_Vagus Nerve Stimulation,10886.407984021253,100.0,101.85098461990562,107.09142406139874,155.58057423926468,102.26170046462232,10779.316559959854
2028-12-01,RMD_Intermetamorphosis Syndrome,8,PT_Cognitive Assistive Technologies|PT_Focused Ultrasound Therapy|PT_Pharmacogenomic Testing|PT_Prolonged Exposure Therapy|PT_Psilocybin Assisted Therapy|PT_Resting State Fmri|PT_Trauma Focused Cbt|PT_Vagus Nerve Stimulation,11278.037142488565,100.0,101.90949287718135,107.75031228127673,159.71590404585842,102.45894844186373,11170.28683020729
2026-01-01,RMD_Kleine Levin Syndrome,8,PT_Dietary Interventions And Supplements|PT_Emotion Regulation Training|PT_Neurobiological Assessments For Mental Disorders|PT_Neuromodulation Techniques|PT_Personalized Medicine|PT_Regenerative Medicine Approaches|PT_Stem Cell Therapy For Neurological Disorders|PT_Traditional And Alternative Medicine Approaches,100.0,100.0,100.0,100.0,100.0,100.0,0.0
2026-02-01,RMD_Kleine Levin Syndrome,8,PT_Dietary Interventions And Supplements|PT_Emotion Regulation Training|PT_Neurobiological Assessments For Mental Disorders|PT_Neuromodulation Techniques|PT_Personalized Medicine|PT_Regenerative Medicine Approaches|PT_Stem Cell Therapy For Neurological Disorders|PT_Traditional And Alternative Medicine Approaches,98.61907720438744,100.0,99.52360025133602,99.50235456840277,99.47422291754391,99.6102776396507,-0.8832773640153277
2026-03-01,RMD_Kleine Levin Syndrome,8,PT_Dietary Interventions And Supplements|PT_Emotion Regulation Training|PT_Neurobiological Assessments For Mental Disorders|PT_Neuromodulation Techniques|PT_Personalized Medicine|PT_Regenerative Medicine Approaches|PT_Stem Cell Therapy For Neurological Disorders|PT_Traditional And Alternative Medicine Approaches,97.83163812944163,100.0,99.24966182134472,98.90424369397203,98.78620112970897,99.18376330821948,-1.0726055645304058
2026-04-01,RMD_Kleine Levin Syndrome,8,PT_Dietary Interventions And Supplements|PT_Emotion Regulation Training|PT_Neurobiological Assessments For Mental Disorders|PT_Neuromodulation Techniques|PT_Personalized Medicine|PT_Regenerative Medicine Approaches|PT_Stem Cell Therapy For Neurological Disorders|PT_Traditional And Alternative Medicine Approaches,97.76038977602815,100.0,99.21841630867137,98.53346229569367,98.29969661055163,98.9483224085276,-0.7730725196655186
2026-05-01,RMD_Kleine Levin Syndrome,8,PT_Dietary Interventions And Supplements|PT_Emotion Regulation Training|PT_Neurobiological Assessments For Mental Disorders|PT_Neuromodulation Techniques|PT_Personalized Medicine|PT_Regenerative Medicine Approaches|PT_Stem Cell Therapy For Neurological Disorders|PT_Traditional And Alternative Medicine Approaches,97.98717764156495,100.0,99.28814422004889,98.17354368506437,97.80098901194776,98.735065242812,-0.18636604349941877
2026-06-01,RMD_Kleine Levin Syndrome,8,PT_Dietary Interventions And Supplements|PT_Emotion Regulation Training|PT_Neurobiological Assessments For Mental Disorders|PT_Neuromodulation Techniques|PT_Personalized Medicine|PT_Regenerative Medicine Approaches|PT_Stem Cell Therapy For Neurological Disorders|PT_Traditional And Alternative Medicine Approaches,98.22901073478799,100.0,99.3625823953201,97.93256339344018,97.44390830998715,98.60193974292736,0.2964473413478146
2026-07-01,RMD_Kleine Levin Syndrome,8,PT_Dietary Interventions And Supplements|PT_Emotion Regulation Training|PT_Neurobiological Assessments For Mental Disorders|PT_Neuromodulation Techniques|PT_Personalized Medicine|PT_Regenerative Medicine Approaches|PT_Stem Cell Therapy For Neurological Disorders|PT_Traditional And Alternative Medicine Approaches,98.3737804616251,100.0,99.40330559917759,97.95535858947535,97.39369545062769,98.64777380859722,0.41842187214975013
2026-08-01,RMD_Kleine Levin Syndrome,8,PT_Dietary Interventions And Supplements|PT_Emotion Regulation Training|PT_Neurobiological Assessments For Mental Disorders|PT_Neuromodulation Techniques|PT_Personalized Medicine|PT_Regenerative Medicine Approaches|PT_Stem Cell Therapy For Neurological Disorders|PT_Traditional And Alternative Medicine Approaches,98.61509941936967,100.0,99.47639471828506,98.04358476551458,97.41032975177352,98.74374934898074,0.5715146538550897
2026-09-01,RMD_Kleine Levin Syndrome,8,PT_Dietary Interventions And Supplements|PT_Emotion Regulation Training|PT_Neurobiological Assessments For Mental Disorders|PT_Neuromodulation Techniques|PT_Personalized Medicine|PT_Regenerative Medicine Approaches|PT_Stem Cell Therapy For Neurological Disorders|PT_Traditional And Alternative Medicine Approaches,98.74280345628928,100.0,99.50970954592141,98.32782332530708,97.65937359515348,98.97066781469319,0.414980130982201
2026-10-01,RMD_Kleine Levin Syndrome,8,PT_Dietary Interventions And Supplements|PT_Emotion Regulation Training|PT_Neurobiological Assessments For Mental Disorders|PT_Neuromodulation Techniques|PT_Personalized Medicine|PT_Regenerative Medicine Approaches|PT_Stem Cell Therapy For Neurological Disorders|PT_Traditional And Alternative Medicine Approaches,98.82172776219737,100.0,99.52705292050081,98.63843417343567,97.94049213653305,99.21486210863493,0.18329358876169977
2026-11-01,RMD_Kleine Levin Syndrome,8,PT_Dietary Interventions And Supplements|PT_Emotion Regulation Training|PT_Neurobiological Assessments For Mental Disorders|PT_Neuromodulation Techniques|PT_Personalized Medicine|PT_Regenerative Medicine Approaches|PT_Stem Cell Therapy For Neurological Disorders|PT_Traditional And Alternative Medicine Approaches,98.7961021675591,100.0,99.5094923250137,98.88899721477775,98.16267313334212,99.41280660842003,-0.09289504721864716
2026-12-01,RMD_Kleine Levin Syndrome,8,PT_Dietary Interventions And Supplements|PT_Emotion Regulation Training|PT_Neurobiological Assessments For Mental Disorders|PT_Neuromodulation Techniques|PT_Personalized Medicine|PT_Regenerative Medicine Approaches|PT_Stem Cell Therapy For Neurological Disorders|PT_Traditional And Alternative Medicine Approaches,98.7674639194153,100.0,99.49033115441708,99.0187018802179,98.24510992873769,99.52918748869739,-0.2512379608025981
2027-01-01,RMD_Kleine Levin Syndrome,8,PT_Dietary Interventions And Supplements|PT_Emotion Regulation Training|PT_Neurobiological Assessments For Mental Disorders|PT_Neuromodulation Techniques|PT_Personalized Medicine|PT_Regenerative Medicine Approaches|PT_Stem Cell Therapy For Neurological Disorders|PT_Traditional And Alternative Medicine Approaches,98.7053617655665,100.0,99.4586511999283,99.24853882793414,98.43060132826444,99.71885206278701,-0.5431770623676471
2027-02-01,RMD_Kleine Levin Syndrome,8,PT_Dietary Interventions And Supplements|PT_Emotion Regulation Training|PT_Neurobiological Assessments For Mental Disorders|PT_Neuromodulation Techniques|PT_Personalized Medicine|PT_Regenerative Medicine Approaches|PT_Stem Cell Therapy For Neurological Disorders|PT_Traditional And Alternative Medicine Approaches,98.58898674901494,100.0,99.40833597809316,99.59869057380068,98.76328735118098,99.98732028115256,-1.0097038247857455
2027-03-01,RMD_Kleine Levin Syndrome,8,PT_Dietary Interventions And Supplements|PT_Emotion Regulation Training|PT_Neurobiological Assessments For Mental Disorders|PT_Neuromodulation Techniques|PT_Personalized Medicine|PT_Regenerative Medicine Approaches|PT_Stem Cell Therapy For Neurological Disorders|PT_Traditional And Alternative Medicine Approaches,98.6864740516726,100.0,99.43203592239314,99.94550194670974,99.07504560943993,100.26330625632109,-1.2590278950371356
2027-04-01,RMD_Kleine Levin Syndrome,8,PT_Dietary Interventions And Supplements|PT_Emotion Regulation Training|PT_Neurobiological Assessments For Mental Disorders|PT_Neuromodulation Techniques|PT_Personalized Medicine|PT_Regenerative Medicine Approaches|PT_Stem Cell Therapy For Neurological Disorders|PT_Traditional And Alternative Medicine Approaches,98.91472314435877,100.0,99.50110073836817,100.37036933127311,99.4642813683429,100.59890307729155,-1.4556461869143362
2027-05-01,RMD_Kleine Levin Syndrome,8,PT_Dietary Interventions And Supplements|PT_Emotion Regulation Training|PT_Neurobiological Assessments For Mental Disorders|PT_Neuromodulation Techniques|PT_Personalized Medicine|PT_Regenerative Medicine Approaches|PT_Stem Cell Therapy For Neurological Disorders|PT_Traditional And Alternative Medicine Approaches,99.33691857140332,100.0,99.63616641225144,100.81328875761973,99.85900449504966,100.95578288718353,-1.476370186216414
2027-06-01,RMD_Kleine Levin Syndrome,8,PT_Dietary Interventions And Supplements|PT_Emotion Regulation Training|PT_Neurobiological Assessments For Mental Disorders|PT_Neuromodulation Techniques|PT_Personalized Medicine|PT_Regenerative Medicine Approaches|PT_Stem Cell Therapy For Neurological Disorders|PT_Traditional And Alternative Medicine Approaches,99.60986137103515,100.0,99.72080253750605,101.34825693903302,100.37169454968915,101.36867056265848,-1.7383955679978698
2027-07-01,RMD_Kleine Levin Syndrome,8,PT_Dietary Interventions And Supplements|PT_Emotion Regulation Training|PT_Neurobiological Assessments For Mental Disorders|PT_Neuromodulation Techniques|PT_Personalized Medicine|PT_Regenerative Medicine Approaches|PT_Stem Cell Therapy For Neurological Disorders|PT_Traditional And Alternative Medicine Approaches,99.82964977812799,100.0,99.78753508689293,101.89036177028194,100.90011199740647,101.781858486485,-2.060711992153955
2027-08-01,RMD_Kleine Levin Syndrome,8,PT_Dietary Interventions And Supplements|PT_Emotion Regulation Training|PT_Neurobiological Assessments For Mental Disorders|PT_Neuromodulation Techniques|PT_Personalized Medicine|PT_Regenerative Medicine Approaches|PT_Stem Cell Therapy For Neurological Disorders|PT_Traditional And Alternative Medicine Approaches,100.2644460343558,100.0,99.92740248610473,102.43849856109709,101.42153821710599,102.2078878013483,-2.174052526741292
2027-09-01,RMD_Kleine Levin Syndrome,8,PT_Dietary Interventions And Supplements|PT_Emotion Regulation Training|PT_Neurobiological Assessments For Mental Disorders|PT_Neuromodulation Techniques|PT_Personalized Medicine|PT_Regenerative Medicine Approaches|PT_Stem Cell Therapy For Neurological Disorders|PT_Traditional And Alternative Medicine Approaches,100.59662265306174,100.0,100.0309368303308,103.26720914557293,102.27760203404556,102.82053301473134,-2.670586492511191
2027-10-01,RMD_Kleine Levin Syndrome,8,PT_Dietary Interventions And Supplements|PT_Emotion Regulation Training|PT_Neurobiological Assessments For Mental Disorders|PT_Neuromodulation Techniques|PT_Personalized Medicine|PT_Regenerative Medicine Approaches|PT_Stem Cell Therapy For Neurological Disorders|PT_Traditional And Alternative Medicine Approaches,100.84053934796076,100.0,100.10572941866198,104.1998570565861,103.26465092764067,103.49793948794722,-3.3593177086253405
2027-11-01,RMD_Kleine Levin Syndrome,8,PT_Dietary Interventions And Supplements|PT_Emotion Regulation Training|PT_Neurobiological Assessments For Mental Disorders|PT_Neuromodulation Techniques|PT_Personalized Medicine|PT_Regenerative Medicine Approaches|PT_Stem Cell Therapy For Neurological Disorders|PT_Traditional And Alternative Medicine Approaches,101.11612498435044,100.0,100.19126872558552,105.15095154162157,104.2803994436406,104.184364959724,-4.034826557271131
2027-12-01,RMD_Kleine Levin Syndrome,8,PT_Dietary Interventions And Supplements|PT_Emotion Regulation Training|PT_Neurobiological Assessments For Mental Disorders|PT_Neuromodulation Techniques|PT_Personalized Medicine|PT_Regenerative Medicine Approaches|PT_Stem Cell Therapy For Neurological Disorders|PT_Traditional And Alternative Medicine Approaches,101.18857298721372,100.0,100.20788040868628,106.04840717690966,105.25735754999819,104.82172292204467,-4.859834189695945
2028-01-01,RMD_Kleine Levin Syndrome,8,PT_Dietary Interventions And Supplements|PT_Emotion Regulation Training|PT_Neurobiological Assessments For Mental Disorders|PT_Neuromodulation Techniques|PT_Personalized Medicine|PT_Regenerative Medicine Approaches|PT_Stem Cell Therapy For Neurological Disorders|PT_Traditional And Alternative Medicine Approaches,101.05323809740288,100.0,100.15514145882818,106.86267788143552,106.16059206632231,105.38921540255566,-5.809439784032634
2028-02-01,RMD_Kleine Levin Syndrome,8,PT_Dietary Interventions And Supplements|PT_Emotion Regulation Training|PT_Neurobiological Assessments For Mental Disorders|PT_Neuromodulation Techniques|PT_Personalized Medicine|PT_Regenerative Medicine Approaches|PT_Stem Cell Therapy For Neurological Disorders|PT_Traditional And Alternative Medicine Approaches,100.95133103361435,100.0,100.11431536085652,107.715682884455,107.11305217499515,105.98129360385556,-6.764351850840654
2028-03-01,RMD_Kleine Levin Syndrome,8,PT_Dietary Interventions And Supplements|PT_Emotion Regulation Training|PT_Neurobiological Assessments For Mental Disorders|PT_Neuromodulation Techniques|PT_Personalized Medicine|PT_Regenerative Medicine Approaches|PT_Stem Cell Therapy For Neurological Disorders|PT_Traditional And Alternative Medicine Approaches,100.89972806743148,100.0,100.09218169362798,108.44855720436911,107.92892504071902,106.49139245716091,-7.548829136937627
2028-04-01,RMD_Kleine Levin Syndrome,8,PT_Dietary Interventions And Supplements|PT_Emotion Regulation Training|PT_Neurobiological Assessments For Mental Disorders|PT_Neuromodulation Techniques|PT_Personalized Medicine|PT_Regenerative Medicine Approaches|PT_Stem Cell Therapy For Neurological Disorders|PT_Traditional And Alternative Medicine Approaches,101.07988294307745,100.0,100.14764162117223,109.25979439434568,108.80584774322242,107.06970542634227,-8.179911451268225
2028-05-01,RMD_Kleine Levin Syndrome,8,PT_Dietary Interventions And Supplements|PT_Emotion Regulation Training|PT_Neurobiological Assessments For Mental Disorders|PT_Neuromodulation Techniques|PT_Personalized Medicine|PT_Regenerative Medicine Approaches|PT_Stem Cell Therapy For Neurological Disorders|PT_Traditional And Alternative Medicine Approaches,101.1105326335318,100.0,100.15200890468529,110.18481468207014,109.82745098219291,107.71789542534682,-9.074282048538336
2028-06-01,RMD_Kleine Levin Syndrome,8,PT_Dietary Interventions And Supplements|PT_Emotion Regulation Training|PT_Neurobiological Assessments For Mental Disorders|PT_Neuromodulation Techniques|PT_Personalized Medicine|PT_Regenerative Medicine Approaches|PT_Stem Cell Therapy For Neurological Disorders|PT_Traditional And Alternative Medicine Approaches,101.29844464095845,100.0,100.20917230145324,111.19757017238078,110.93659954934705,108.43404548392989,-9.899125531422328
2028-07-01,RMD_Kleine Levin Syndrome,8,PT_Dietary Interventions And Supplements|PT_Emotion Regulation Training|PT_Neurobiological Assessments For Mental Disorders|PT_Neuromodulation Techniques|PT_Personalized Medicine|PT_Regenerative Medicine Approaches|PT_Stem Cell Therapy For Neurological Disorders|PT_Traditional And Alternative Medicine Approaches,101.57223531313376,100.0,100.29543186717605,112.24592123803866,112.07786873389664,109.17956214090009,-10.673685924904902
2028-08-01,RMD_Kleine Levin Syndrome,8,PT_Dietary Interventions And Supplements|PT_Emotion Regulation Training|PT_Neurobiological Assessments For Mental Disorders|PT_Neuromodulation Techniques|PT_Personalized Medicine|PT_Regenerative Medicine Approaches|PT_Stem Cell Therapy For Neurological Disorders|PT_Traditional And Alternative Medicine Approaches,102.2278392274907,100.0,100.5109035749531,113.34943667810167,113.2467354753507,109.98311911383315,-11.121597450610963
2028-09-01,RMD_Kleine Levin Syndrome,8,PT_Dietary Interventions And Supplements|PT_Emotion Regulation Training|PT_Neurobiological Assessments For Mental Disorders|PT_Neuromodulation Techniques|PT_Personalized Medicine|PT_Regenerative Medicine Approaches|PT_Stem Cell Therapy For Neurological Disorders|PT_Traditional And Alternative Medicine Approaches,102.55500077030122,100.0,100.61494095707074,114.49250178328572,114.50180440265983,110.7926810537978,-11.937501012984498
2028-10-01,RMD_Kleine Levin Syndrome,8,PT_Dietary Interventions And Supplements|PT_Emotion Regulation Training|PT_Neurobiological Assessments For Mental Disorders|PT_Neuromodulation Techniques|PT_Personalized Medicine|PT_Regenerative Medicine Approaches|PT_Stem Cell Therapy For Neurological Disorders|PT_Traditional And Alternative Medicine Approaches,102.76842111339737,100.0,100.6807703247887,115.69423821611109,115.83570545279049,111.63621724954496,-12.925817102713722
2028-11-01,RMD_Kleine Levin Syndrome,8,PT_Dietary Interventions And Supplements|PT_Emotion Regulation Training|PT_Neurobiological Assessments For Mental Disorders|PT_Neuromodulation Techniques|PT_Personalized Medicine|PT_Regenerative Medicine Approaches|PT_Stem Cell Therapy For Neurological Disorders|PT_Traditional And Alternative Medicine Approaches,103.0332189246595,100.0,100.76292555862358,117.04166225375052,117.33898019450538,112.57922803377286,-14.008443329091023
2028-12-01,RMD_Kleine Levin Syndrome,8,PT_Dietary Interventions And Supplements|PT_Emotion Regulation Training|PT_Neurobiological Assessments For Mental Disorders|PT_Neuromodulation Techniques|PT_Personalized Medicine|PT_Regenerative Medicine Approaches|PT_Stem Cell Therapy For Neurological Disorders|PT_Traditional And Alternative Medicine Approaches,103.1212984500529,100.0,100.78517355264566,118.45647239782316,118.94547025823691,113.55558948105306,-15.335173947770258
2026-01-01,RMD_Kleptomania,8,PT_Acceptance And Commitment Therapy|PT_Deep Brain Stimulation|PT_Immunotherapy For Neuropsychiatric Disorders|PT_Ketamine Therapy|PT_Light Therapy|PT_Occupational Therapy|PT_Social Skills Training|PT_Stimulant And Wake Promoting Agents,100.0,100.0,100.0,100.0,100.0,100.0,0.0
2026-02-01,RMD_Kleptomania,8,PT_Acceptance And Commitment Therapy|PT_Deep Brain Stimulation|PT_Immunotherapy For Neuropsychiatric Disorders|PT_Ketamine Therapy|PT_Light Therapy|PT_Occupational Therapy|PT_Social Skills Training|PT_Stimulant And Wake Promoting Agents,98.89416039040827,95.96958510917048,99.32175208579989,99.62875032987546,99.23894725635407,99.74941407234405,-0.7345899394671846
2026-03-01,RMD_Kleptomania,8,PT_Acceptance And Commitment Therapy|PT_Deep Brain Stimulation|PT_Immunotherapy For Neuropsychiatric Disorders|PT_Ketamine Therapy|PT_Light Therapy|PT_Occupational Therapy|PT_Social Skills Training|PT_Stimulant And Wake Promoting Agents,98.22212727661142,93.52759473355256,98.90849599289132,99.1859965817199,98.31137466632737,99.46865420117258,-0.9638693051084886
2026-04-01,RMD_Kleptomania,8,PT_Acceptance And Commitment Therapy|PT_Deep Brain Stimulation|PT_Immunotherapy For Neuropsychiatric Disorders|PT_Ketamine Therapy|PT_Light Therapy|PT_Occupational Therapy|PT_Social Skills Training|PT_Stimulant And Wake Promoting Agents,98.06055206832448,92.95902594050577,98.80642537786412,98.84208122465674,97.55188804179606,99.26342969415325,-0.7815291563322546
2026-05-01,RMD_Kleptomania,8,PT_Acceptance And Commitment Therapy|PT_Deep Brain Stimulation|PT_Immunotherapy For Neuropsychiatric Disorders|PT_Ketamine Therapy|PT_Light Therapy|PT_Occupational Therapy|PT_Social Skills Training|PT_Stimulant And Wake Promoting Agents,98.10990156463296,93.16268350977083,98.83321075227168,98.49548213503846,96.76585853838404,99.06413128114782,-0.3855805704054944
2026-06-01,RMD_Kleptomania,8,PT_Acceptance And Commitment Therapy|PT_Deep Brain Stimulation|PT_Immunotherapy For Neuropsychiatric Disorders|PT_Ketamine Therapy|PT_Light Therapy|PT_Occupational Therapy|PT_Social Skills Training|PT_Stimulant And Wake Promoting Agents,98.18514697126027,93.4628367102449,98.87557693445835,98.2315569177431,96.14725771731567,98.91662663203029,-0.04640994648283936
2026-07-01,RMD_Kleptomania,8,PT_Acceptance And Commitment Therapy|PT_Deep Brain Stimulation|PT_Immunotherapy For Neuropsychiatric Disorders|PT_Ketamine Therapy|PT_Light Therapy|PT_Occupational Therapy|PT_Social Skills Training|PT_Stimulant And Wake Promoting Agents,98.21467909646121,93.61465935403041,98.88722607161642,98.13475617544256,95.8836060274001,98.86922532476075,0.07992292101864962
2026-08-01,RMD_Kleptomania,8,PT_Acceptance And Commitment Therapy|PT_Deep Brain Stimulation|PT_Immunotherapy For Neuropsychiatric Disorders|PT_Ketamine Therapy|PT_Light Therapy|PT_Occupational Therapy|PT_Social Skills Training|PT_Stimulant And Wake Promoting Agents,98.31479015252407,94.0256091138247,98.94189435392649,98.0728812304218,95.68525257849745,98.84621331898563,0.24190892210226878
2026-09-01,RMD_Kleptomania,8,PT_Acceptance And Commitment Therapy|PT_Deep Brain Stimulation|PT_Immunotherapy For Neuropsychiatric Disorders|PT_Ketamine Therapy|PT_Light Therapy|PT_Occupational Therapy|PT_Social Skills Training|PT_Stimulant And Wake Promoting Agents,98.36359421660023,94.26917624991181,98.96221956282601,98.1428073731079,95.7659604578456,98.90196029383003,0.22078684349233413
2026-10-01,RMD_Kleptomania,8,PT_Acceptance And Commitment Therapy|PT_Deep Brain Stimulation|PT_Immunotherapy For Neuropsychiatric Disorders|PT_Ketamine Therapy|PT_Light Therapy|PT_Occupational Therapy|PT_Social Skills Training|PT_Stimulant And Wake Promoting Agents,98.38221163679668,94.39902487625065,98.96458134376444,98.22765556578797,95.87672484082387,98.96713243829957,0.15455607100871305
2026-11-01,RMD_Kleptomania,8,PT_Acceptance And Commitment Therapy|PT_Deep Brain Stimulation|PT_Immunotherapy For Neuropsychiatric Disorders|PT_Ketamine Therapy|PT_Light Therapy|PT_Occupational Therapy|PT_Social Skills Training|PT_Stimulant And Wake Promoting Agents,98.3290501752201,94.26304728072128,98.92352803392295,98.28856759750771,95.94311855375635,99.0156728063532,0.04048257771239605
2026-12-01,RMD_Kleptomania,8,PT_Acceptance And Commitment Therapy|PT_Deep Brain Stimulation|PT_Immunotherapy For Neuropsychiatric Disorders|PT_Ketamine Therapy|PT_Light Therapy|PT_Occupational Therapy|PT_Social Skills Training|PT_Stimulant And Wake Promoting Agents,98.28405201605389,94.15581407558159,98.88762896365886,98.27411147330456,95.84676571247546,99.02101075787074,0.009940542749333758
2027-01-01,RMD_Kleptomania,8,PT_Acceptance And Commitment Therapy|PT_Deep Brain Stimulation|PT_Immunotherapy For Neuropsychiatric Disorders|PT_Ketamine Therapy|PT_Light Therapy|PT_Occupational Therapy|PT_Social Skills Training|PT_Stimulant And Wake Promoting Agents,98.20107359244395,93.91450373047549,98.82779254894236,98.29321443072814,95.81786148301256,99.04803553333618,-0.09214083828419461
2027-02-01,RMD_Kleptomania,8,PT_Acceptance And Commitment Therapy|PT_Deep Brain Stimulation|PT_Immunotherapy For Neuropsychiatric Disorders|PT_Ketamine Therapy|PT_Light Therapy|PT_Occupational Therapy|PT_Social Skills Training|PT_Stimulant And Wake Promoting Agents,98.10044134558132,93.6154908033392,98.75616806877728,98.38989713849502,95.9600943112062,99.12092053383387,-0.2894557929136994
2027-03-01,RMD_Kleptomania,8,PT_Acceptance And Commitment Therapy|PT_Deep Brain Stimulation|PT_Immunotherapy For Neuropsychiatric Disorders|PT_Ketamine Therapy|PT_Light Therapy|PT_Occupational Therapy|PT_Social Skills Training|PT_Stimulant And Wake Promoting Agents,98.14837877844391,93.85561336371845,98.77600702866008,98.48331215338227,96.08800485837739,99.19452768397898,-0.33493337493835895
2027-04-01,RMD_Kleptomania,8,PT_Acceptance And Commitment Therapy|PT_Deep Brain Stimulation|PT_Immunotherapy For Neuropsychiatric Disorders|PT_Ketamine Therapy|PT_Light Therapy|PT_Occupational Therapy|PT_Social Skills Training|PT_Stimulant And Wake Promoting Agents,98.28095517304595,94.39871605222167,98.84856232837146,98.61346696996158,96.28761607133583,99.29191365859698,-0.33251179691562527
2027-05-01,RMD_Kleptomania,8,PT_Acceptance And Commitment Therapy|PT_Deep Brain Stimulation|PT_Immunotherapy For Neuropsychiatric Disorders|PT_Ketamine Therapy|PT_Light Therapy|PT_Occupational Therapy|PT_Social Skills Training|PT_Stimulant And Wake Promoting Agents,98.54837453619322,95.43389419736279,99.00373133602614,98.74472137140721,96.47852842579225,99.39431001169659,-0.196346835213987
2027-06-01,RMD_Kleptomania,8,PT_Acceptance And Commitment Therapy|PT_Deep Brain Stimulation|PT_Immunotherapy For Neuropsychiatric Disorders|PT_Ketamine Therapy|PT_Light Therapy|PT_Occupational Therapy|PT_Social Skills Training|PT_Stimulant And Wake Promoting Agents,98.72094323414042,96.12988853590566,99.09977246324583,98.95008903531246,96.83576587606593,99.53701273790085,-0.22914580117203798
2027-07-01,RMD_Kleptomania,8,PT_Acceptance And Commitment Therapy|PT_Deep Brain Stimulation|PT_Immunotherapy For Neuropsychiatric Disorders|PT_Ketamine Therapy|PT_Light Therapy|PT_Occupational Therapy|PT_Social Skills Training|PT_Stimulant And Wake Promoting Agents,98.85238634177087,96.66728985772002,99.17186235318405,99.16301090937284,97.20909459164702,99.68322942939979,-0.31062456760197676
2027-08-01,RMD_Kleptomania,8,PT_Acceptance And Commitment Therapy|PT_Deep Brain Stimulation|PT_Immunotherapy For Neuropsychiatric Disorders|PT_Ketamine Therapy|PT_Light Therapy|PT_Occupational Therapy|PT_Social Skills Training|PT_Stimulant And Wake Promoting Agents,99.13315667389364,97.74579838969649,99.33599918199023,99.37578368718016,97.57410583524621,99.83305686913583,-0.2426270132865227
2027-09-01,RMD_Kleptomania,8,PT_Acceptance And Commitment Therapy|PT_Deep Brain Stimulation|PT_Immunotherapy For Neuropsychiatric Disorders|PT_Ketamine Therapy|PT_Light Therapy|PT_Occupational Therapy|PT_Social Skills Training|PT_Stimulant And Wake Promoting Agents,99.3755043354287,98.70799904122016,99.47310056546593,99.76850321774563,98.32783108894128,100.08892863441724,-0.39299888231693103
2027-10-01,RMD_Kleptomania,8,PT_Acceptance And Commitment Therapy|PT_Deep Brain Stimulation|PT_Immunotherapy For Neuropsychiatric Disorders|PT_Ketamine Therapy|PT_Light Therapy|PT_Occupational Therapy|PT_Social Skills Training|PT_Stimulant And Wake Promoting Agents,99.55083049632817,99.42005222927001,99.56995442318502,100.23122965146763,99.23908520466986,100.38334979015598,-0.6803991551394546
2027-11-01,RMD_Kleptomania,8,PT_Acceptance And Commitment Therapy|PT_Deep Brain Stimulation|PT_Immunotherapy For Neuropsychiatric Disorders|PT_Ketamine Therapy|PT_Light Therapy|PT_Occupational Therapy|PT_Social Skills Training|PT_Stimulant And Wake Promoting Agents,99.75296768162515,100.2285772928343,99.68343799727646,100.71153701836319,100.19147226232641,100.6868462079587,-0.9585693367380372
2027-12-01,RMD_Kleptomania,8,PT_Acceptance And Commitment Therapy|PT_Deep Brain Stimulation|PT_Immunotherapy For Neuropsychiatric Disorders|PT_Ketamine Therapy|PT_Light Therapy|PT_Occupational Therapy|PT_Social Skills Training|PT_Stimulant And Wake Promoting Agents,99.82271028306418,100.55258121062346,99.71600278856864,101.1846815527679,101.1396153806205,100.98134181211468,-1.3619712697037158
2028-01-01,RMD_Kleptomania,8,PT_Acceptance And Commitment Therapy|PT_Deep Brain Stimulation|PT_Immunotherapy For Neuropsychiatric Disorders|PT_Ketamine Therapy|PT_Light Therapy|PT_Occupational Therapy|PT_Social Skills Training|PT_Stimulant And Wake Promoting Agents,99.73015043323986,100.27159885564069,99.65099129503118,101.61933440450709,102.024083179264,101.24635584303564,-1.8891839712672294
2028-02-01,RMD_Kleptomania,8,PT_Acceptance And Commitment Therapy|PT_Deep Brain Stimulation|PT_Immunotherapy For Neuropsychiatric Disorders|PT_Ketamine Therapy|PT_Light Therapy|PT_Occupational Therapy|PT_Social Skills Training|PT_Stimulant And Wake Promoting Agents,99.65871093152249,100.06102837926537,99.59989346978685,102.07635790654945,102.95968923003417,101.52432389855986,-2.4176469750269547
2028-03-01,RMD_Kleptomania,8,PT_Acceptance And Commitment Therapy|PT_Deep Brain Stimulation|PT_Immunotherapy For Neuropsychiatric Disorders|PT_Ketamine Therapy|PT_Light Therapy|PT_Occupational Therapy|PT_Social Skills Training|PT_Stimulant And Wake Promoting Agents,99.61488848183484,99.94320013436221,99.5668910543796,102.46884758039145,103.76605393811606,101.7624024921161,-2.853959098556615
2028-04-01,RMD_Kleptomania,8,PT_Acceptance And Commitment Therapy|PT_Deep Brain Stimulation|PT_Immunotherapy For Neuropsychiatric Disorders|PT_Ketamine Therapy|PT_Light Therapy|PT_Occupational Therapy|PT_Social Skills Training|PT_Stimulant And Wake Promoting Agents,99.7223810541084,100.37626644577038,99.62678304041229,102.8768184151764,104.58051702379592,102.01688951683647,-3.1544373610680054
2028-05-01,RMD_Kleptomania,8,PT_Acceptance And Commitment Therapy|PT_Deep Brain Stimulation|PT_Immunotherapy For Neuropsychiatric Disorders|PT_Ketamine Therapy|PT_Light Therapy|PT_Occupational Therapy|PT_Social Skills Training|PT_Stimulant And Wake Promoting Agents,99.73415026961018,100.4656353686183,99.62720677169831,103.36061711933118,105.5630823041848,102.31335055920812,-3.626466849720998
2028-06-01,RMD_Kleptomania,8,PT_Acceptance And Commitment Therapy|PT_Deep Brain Stimulation|PT_Immunotherapy For Neuropsychiatric Disorders|PT_Ketamine Therapy|PT_Light Therapy|PT_Occupational Therapy|PT_Social Skills Training|PT_Stimulant And Wake Promoting Agents,99.86236320635368,100.98194163368386,99.69867843074383,103.88516258697902,106.61994492454065,102.63837001444075,-4.022799380625344
2028-07-01,RMD_Kleptomania,8,PT_Acceptance And Commitment Therapy|PT_Deep Brain Stimulation|PT_Immunotherapy For Neuropsychiatric Disorders|PT_Ketamine Therapy|PT_Light Therapy|PT_Occupational Therapy|PT_Social Skills Training|PT_Stimulant And Wake Promoting Agents,100.05255542576289,101.72387948546115,99.80820254855614,104.42530103775962,107.69950410014853,102.97531610611847,-4.372745611996734
2028-08-01,RMD_Kleptomania,8,PT_Acceptance And Commitment Therapy|PT_Deep Brain Stimulation|PT_Immunotherapy For Neuropsychiatric Disorders|PT_Ketamine Therapy|PT_Light Therapy|PT_Occupational Therapy|PT_Social Skills Training|PT_Stimulant And Wake Promoting Agents,100.50204006805782,103.41188787217156,100.07660505937935,104.9684089889137,108.7630369273035,103.32243185159393,-4.466368920855871
2028-09-01,RMD_Kleptomania,8,PT_Acceptance And Commitment Therapy|PT_Deep Brain Stimulation|PT_Immunotherapy For Neuropsychiatric Disorders|PT_Ketamine Therapy|PT_Light Therapy|PT_Occupational Therapy|PT_Social Skills Training|PT_Stimulant And Wake Promoting Agents,100.75084807136678,104.37710549690142,100.22067369662341,105.56844685936198,109.96978445007635,103.69547798080109,-4.817598787995209
2028-10-01,RMD_Kleptomania,8,PT_Acceptance And Commitment Therapy|PT_Deep Brain Stimulation|PT_Immunotherapy For Neuropsychiatric Disorders|PT_Ketamine Therapy|PT_Light Therapy|PT_Occupational Therapy|PT_Social Skills Training|PT_Stimulant And Wake Promoting Agents,100.92531972176896,105.06925141292932,100.31945865758038,106.20273959395126,111.25364508137977,104.08717343853192,-5.277419872182307
2028-11-01,RMD_Kleptomania,8,PT_Acceptance And Commitment Therapy|PT_Deep Brain Stimulation|PT_Immunotherapy For Neuropsychiatric Disorders|PT_Ketamine Therapy|PT_Light Therapy|PT_Occupational Therapy|PT_Social Skills Training|PT_Stimulant And Wake Promoting Agents,101.14863179839612,105.94583654134192,100.4472587920074,106.91483572326344,112.81577180946644,104.52696257381281,-5.7662039248673125
2028-12-01,RMD_Kleptomania,8,PT_Acceptance And Commitment Therapy|PT_Deep Brain Stimulation|PT_Immunotherapy For Neuropsychiatric Disorders|PT_Ketamine Therapy|PT_Light Therapy|PT_Occupational Therapy|PT_Social Skills Training|PT_Stimulant And Wake Promoting Agents,101.27344487422484,106.47059983366263,100.51359705071911,107.68657035380043,114.56118316160662,104.99704477007685,-6.413125479575598
2026-01-01,RMD_Koro,8,PT_Cognitive Assistive Technologies|PT_Digital Health Tools|PT_Focused Ultrasound Therapy|PT_Neurocognitive Training|PT_Prolonged Exposure Therapy|PT_Psilocybin Assisted Therapy|PT_Trauma Focused Cbt|PT_Vagus Nerve Stimulation,100.0,100.0,100.0,100.0,100.0,100.0,0.0
2026-02-01,RMD_Koro,8,PT_Cognitive Assistive Technologies|PT_Digital Health Tools|PT_Focused Ultrasound Therapy|PT_Neurocognitive Training|PT_Prolonged Exposure Therapy|PT_Psilocybin Assisted Therapy|PT_Trauma Focused Cbt|PT_Vagus Nerve Stimulation,99.39709489487198,100.0,99.9254990992508,99.67394564767756,99.46680631805393,99.88644921017949,-0.27685075280557214
2026-03-01,RMD_Koro,8,PT_Cognitive Assistive Technologies|PT_Digital Health Tools|PT_Focused Ultrasound Therapy|PT_Neurocognitive Training|PT_Prolonged Exposure Therapy|PT_Psilocybin Assisted Therapy|PT_Trauma Focused Cbt|PT_Vagus Nerve Stimulation,99.10178411394122,100.0,99.88836978855221,99.2815660978975,98.71883192612272,99.76087539555446,-0.17978198395627487
2026-04-01,RMD_Koro,8,PT_Cognitive Assistive Technologies|PT_Digital Health Tools|PT_Focused Ultrasound Therapy|PT_Neurocognitive Training|PT_Prolonged Exposure Therapy|PT_Psilocybin Assisted Therapy|PT_Trauma Focused Cbt|PT_Vagus Nerve Stimulation,99.21711055574676,100.0,99.9000521960579,99.01699303181768,98.20498184849207,99.682579939044,0.20011752392908022
2026-05-01,RMD_Koro,8,PT_Cognitive Assistive Technologies|PT_Digital Health Tools|PT_Focused Ultrasound Therapy|PT_Neurocognitive Training|PT_Prolonged Exposure Therapy|PT_Psilocybin Assisted Therapy|PT_Trauma Focused Cbt|PT_Vagus Nerve Stimulation,99.50341226202778,100.0,99.93226020741838,98.75509207638461,97.66855067515931,99.60932967737538,0.7483201856431663
2026-06-01,RMD_Koro,8,PT_Cognitive Assistive Technologies|PT_Digital Health Tools|PT_Focused Ultrasound Therapy|PT_Neurocognitive Training|PT_Prolonged Exposure Therapy|PT_Psilocybin Assisted Therapy|PT_Trauma Focused Cbt|PT_Vagus Nerve Stimulation,99.80313757525599,100.0,99.96615660301332,98.57050039876988,97.28895887727053,99.56011190296408,1.232637176486108
2026-07-01,RMD_Koro,8,PT_Cognitive Assistive Technologies|PT_Digital Health Tools|PT_Focused Ultrasound Therapy|PT_Neurocognitive Training|PT_Prolonged Exposure Therapy|PT_Psilocybin Assisted Therapy|PT_Trauma Focused Cbt|PT_Vagus Nerve Stimulation,100.08609623766128,100.0,99.99750906541195,98.55402427822881,97.28032014397238,99.56119689110211,1.5320719594324714
2026-08-01,RMD_Koro,8,PT_Cognitive Assistive Technologies|PT_Digital Health Tools|PT_Focused Ultrasound Therapy|PT_Neurocognitive Training|PT_Prolonged Exposure Therapy|PT_Psilocybin Assisted Therapy|PT_Trauma Focused Cbt|PT_Vagus Nerve Stimulation,100.43661010207856,100.0,100.03694002995482,98.57908526489031,97.34714424382572,99.57686818852076,1.857524837188251
2026-09-01,RMD_Koro,8,PT_Cognitive Assistive Technologies|PT_Digital Health Tools|PT_Focused Ultrasound Therapy|PT_Neurocognitive Training|PT_Prolonged Exposure Therapy|PT_Psilocybin Assisted Therapy|PT_Trauma Focused Cbt|PT_Vagus Nerve Stimulation,100.75370209964585,100.0,100.07184339910663,98.7310544512474,97.69162796929004,99.63002582610827,2.022647648398447
2026-10-01,RMD_Koro,8,PT_Cognitive Assistive Technologies|PT_Digital Health Tools|PT_Focused Ultrasound Therapy|PT_Neurocognitive Training|PT_Prolonged Exposure Therapy|PT_Psilocybin Assisted Therapy|PT_Trauma Focused Cbt|PT_Vagus Nerve Stimulation,101.04199248843757,100.0,100.10355170930355,98.8975440005658,98.07013789191643,99.68761835270998,2.1444484878717702
2026-11-01,RMD_Koro,8,PT_Cognitive Assistive Technologies|PT_Digital Health Tools|PT_Focused Ultrasound Therapy|PT_Neurocognitive Training|PT_Prolonged Exposure Therapy|PT_Psilocybin Assisted Therapy|PT_Trauma Focused Cbt|PT_Vagus Nerve Stimulation,101.25825313956823,100.0,100.12695438046369,99.02828412063567,98.37419364704951,99.73299120040714,2.2299690189325503
2026-12-01,RMD_Koro,8,PT_Cognitive Assistive Technologies|PT_Digital Health Tools|PT_Focused Ultrasound Therapy|PT_Neurocognitive Training|PT_Prolonged Exposure Therapy|PT_Psilocybin Assisted Therapy|PT_Trauma Focused Cbt|PT_Vagus Nerve Stimulation,101.46577044517772,100.0,100.14962264233799,99.08297710876718,98.50363636171369,99.75615569715404,2.3827933364105434
2027-01-01,RMD_Koro,8,PT_Cognitive Assistive Technologies|PT_Digital Health Tools|PT_Focused Ultrasound Therapy|PT_Neurocognitive Training|PT_Prolonged Exposure Therapy|PT_Psilocybin Assisted Therapy|PT_Trauma Focused Cbt|PT_Vagus Nerve Stimulation,101.69404891044628,100.0,100.17449413206981,99.19890122810206,98.7681345273657,99.79909410271651,2.495147682344225
2027-02-01,RMD_Koro,8,PT_Cognitive Assistive Technologies|PT_Digital Health Tools|PT_Focused Ultrasound Therapy|PT_Neurocognitive Training|PT_Prolonged Exposure Therapy|PT_Psilocybin Assisted Therapy|PT_Trauma Focused Cbt|PT_Vagus Nerve Stimulation,101.90889519686029,100.0,100.19785137585144,99.3944542447103,99.20226748039956,99.86581409202937,2.5144409521499824
2027-03-01,RMD_Koro,8,PT_Cognitive Assistive Technologies|PT_Digital Health Tools|PT_Focused Ultrasound Therapy|PT_Neurocognitive Training|PT_Prolonged Exposure Therapy|PT_Psilocybin Assisted Therapy|PT_Trauma Focused Cbt|PT_Vagus Nerve Stimulation,102.21792102958894,100.0,100.23267146147599,99.58392394559083,99.61069572795115,99.93252051899051,2.6339970839981106
2027-04-01,RMD_Koro,8,PT_Cognitive Assistive Technologies|PT_Digital Health Tools|PT_Focused Ultrasound Therapy|PT_Neurocognitive Training|PT_Prolonged Exposure Therapy|PT_Psilocybin Assisted Therapy|PT_Trauma Focused Cbt|PT_Vagus Nerve Stimulation,102.58922176938741,100.0,100.2747977838102,99.82069569026076,100.11720857635872,100.01462699633579,2.7685260791266444
2027-05-01,RMD_Koro,8,PT_Cognitive Assistive Technologies|PT_Digital Health Tools|PT_Focused Ultrasound Therapy|PT_Neurocognitive Training|PT_Prolonged Exposure Therapy|PT_Psilocybin Assisted Therapy|PT_Trauma Focused Cbt|PT_Vagus Nerve Stimulation,103.06153386567735,100.0,100.32912135727315,100.06502893952684,100.62672301853935,100.10145317208149,2.9965049261505072
2027-06-01,RMD_Koro,8,PT_Cognitive Assistive Technologies|PT_Digital Health Tools|PT_Focused Ultrasound Therapy|PT_Neurocognitive Training|PT_Prolonged Exposure Therapy|PT_Psilocybin Assisted Therapy|PT_Trauma Focused Cbt|PT_Vagus Nerve Stimulation,103.46035042814535,100.0,100.37429131396723,100.37143475058292,101.28197337952372,100.2046287628321,3.088915677562426
2027-07-01,RMD_Koro,8,PT_Cognitive Assistive Technologies|PT_Digital Health Tools|PT_Focused Ultrasound Therapy|PT_Neurocognitive Training|PT_Prolonged Exposure Therapy|PT_Psilocybin Assisted Therapy|PT_Trauma Focused Cbt|PT_Vagus Nerve Stimulation,103.81619601894906,100.0,100.41461568362072,100.68143369765761,101.95382605186542,100.30778401005513,3.134762321291447
2027-08-01,RMD_Koro,8,PT_Cognitive Assistive Technologies|PT_Digital Health Tools|PT_Focused Ultrasound Therapy|PT_Neurocognitive Training|PT_Prolonged Exposure Therapy|PT_Psilocybin Assisted Therapy|PT_Trauma Focused Cbt|PT_Vagus Nerve Stimulation,104.27661030780433,100.0,100.46761429187727,100.99274027334668,102.61715387251556,100.41329910647836,3.2838700344576495
2027-09-01,RMD_Koro,8,PT_Cognitive Assistive Technologies|PT_Digital Health Tools|PT_Focused Ultrasound Therapy|PT_Neurocognitive Training|PT_Prolonged Exposure Therapy|PT_Psilocybin Assisted Therapy|PT_Trauma Focused Cbt|PT_Vagus Nerve Stimulation,104.71140316551967,100.0,100.51675914419059,101.48523869225313,103.68157271149421,100.57183621697186,3.226164473266536
2027-10-01,RMD_Koro,8,PT_Cognitive Assistive Technologies|PT_Digital Health Tools|PT_Focused Ultrasound Therapy|PT_Neurocognitive Training|PT_Prolonged Exposure Therapy|PT_Psilocybin Assisted Therapy|PT_Trauma Focused Cbt|PT_Vagus Nerve Stimulation,105.0919015619301,100.0,100.5592867417016,102.0434028089682,104.89988627294704,100.74854009760146,3.0484987529619048
2027-11-01,RMD_Koro,8,PT_Cognitive Assistive Technologies|PT_Digital Health Tools|PT_Focused Ultrasound Therapy|PT_Neurocognitive Training|PT_Prolonged Exposure Therapy|PT_Psilocybin Assisted Therapy|PT_Trauma Focused Cbt|PT_Vagus Nerve Stimulation,105.47672877156424,100.0,100.60238975267367,102.61238044578992,106.14652381683315,100.92754957802438,2.8643483257743156
2027-12-01,RMD_Koro,8,PT_Cognitive Assistive Technologies|PT_Digital Health Tools|PT_Focused Ultrasound Therapy|PT_Neurocognitive Training|PT_Prolonged Exposure Therapy|PT_Psilocybin Assisted Therapy|PT_Trauma Focused Cbt|PT_Vagus Nerve Stimulation,105.7383948160533,100.0,100.63085000530744,103.15196486549732,107.343142932235,101.09446822188414,2.5864299505559813
2028-01-01,RMD_Koro,8,PT_Cognitive Assistive Technologies|PT_Digital Health Tools|PT_Focused Ultrasound Therapy|PT_Neurocognitive Training|PT_Prolonged Exposure Therapy|PT_Psilocybin Assisted Therapy|PT_Trauma Focused Cbt|PT_Vagus Nerve Stimulation,105.86808777461712,100.0,100.64380437941128,103.64356500039911,108.45302493543522,101.24368121556645,2.2245227742180163
2028-02-01,RMD_Koro,8,PT_Cognitive Assistive Technologies|PT_Digital Health Tools|PT_Focused Ultrasound Therapy|PT_Neurocognitive Training|PT_Prolonged Exposure Therapy|PT_Psilocybin Assisted Therapy|PT_Trauma Focused Cbt|PT_Vagus Nerve Stimulation,106.00730412227311,100.0,100.6580912899513,104.1591572777037,109.61464986001917,101.39996697567355,1.8481468445694134
2028-03-01,RMD_Koro,8,PT_Cognitive Assistive Technologies|PT_Digital Health Tools|PT_Focused Ultrasound Therapy|PT_Neurocognitive Training|PT_Prolonged Exposure Therapy|PT_Psilocybin Assisted Therapy|PT_Trauma Focused Cbt|PT_Vagus Nerve Stimulation,106.14477180082487,100.0,100.67252205385658,104.60084011158735,110.60983681660564,101.53409185306141,1.5439316892375246
2028-04-01,RMD_Koro,8,PT_Cognitive Assistive Technologies|PT_Digital Health Tools|PT_Focused Ultrasound Therapy|PT_Neurocognitive Training|PT_Prolonged Exposure Therapy|PT_Psilocybin Assisted Therapy|PT_Trauma Focused Cbt|PT_Vagus Nerve Stimulation,106.42556177066461,100.0,100.70391994363371,105.08011442546324,111.68110482077923,101.68272844679541,1.3454473452013787
2028-05-01,RMD_Koro,8,PT_Cognitive Assistive Technologies|PT_Digital Health Tools|PT_Focused Ultrasound Therapy|PT_Neurocognitive Training|PT_Prolonged Exposure Therapy|PT_Psilocybin Assisted Therapy|PT_Trauma Focused Cbt|PT_Vagus Nerve Stimulation,106.64151383312982,100.0,100.72727718741534,105.63110364082466,112.92229231635106,101.85095585759666,1.0104101923051587
2028-06-01,RMD_Koro,8,PT_Cognitive Assistive Technologies|PT_Digital Health Tools|PT_Focused Ultrasound Therapy|PT_Neurocognitive Training|PT_Prolonged Exposure Therapy|PT_Psilocybin Assisted Therapy|PT_Trauma Focused Cbt|PT_Vagus Nerve Stimulation,106.95075396354282,100.0,100.7616808554036,106.23099816636356,114.26044186551412,102.03614977040634,0.7197557971792605
2028-07-01,RMD_Koro,8,PT_Cognitive Assistive Technologies|PT_Digital Health Tools|PT_Focused Ultrasound Therapy|PT_Neurocognitive Training|PT_Prolonged Exposure Therapy|PT_Psilocybin Assisted Therapy|PT_Trauma Focused Cbt|PT_Vagus Nerve Stimulation,107.3080139190632,100.0,100.80179323062404,106.84782363978766,115.6327152246449,102.22775867558211,0.4601902792755368
2028-08-01,RMD_Koro,8,PT_Cognitive Assistive Technologies|PT_Digital Health Tools|PT_Focused Ultrasound Therapy|PT_Neurocognitive Training|PT_Prolonged Exposure Therapy|PT_Psilocybin Assisted Therapy|PT_Trauma Focused Cbt|PT_Vagus Nerve Stimulation,107.87724000012001,100.0,100.86728436796965,107.48800449733278,117.03318241580143,102.43134991850722,0.38923550278722985
2028-09-01,RMD_Koro,8,PT_Cognitive Assistive Technologies|PT_Digital Health Tools|PT_Focused Ultrasound Therapy|PT_Neurocognitive Training|PT_Prolonged Exposure Therapy|PT_Psilocybin Assisted Therapy|PT_Trauma Focused Cbt|PT_Vagus Nerve Stimulation,108.26838470548854,100.0,100.91129592651183,108.16079647545195,118.52274569529561,102.64013554214314,0.10758823003659757
2028-10-01,RMD_Koro,8,PT_Cognitive Assistive Technologies|PT_Digital Health Tools|PT_Focused Ultrasound Therapy|PT_Neurocognitive Training|PT_Prolonged Exposure Therapy|PT_Psilocybin Assisted Therapy|PT_Trauma Focused Cbt|PT_Vagus Nerve Stimulation,108.60055468812615,100.0,100.94822081400714,108.8681553317249,120.09424679071465,102.85863859079028,-0.2676006435987546
2028-11-01,RMD_Koro,8,PT_Cognitive Assistive Technologies|PT_Digital Health Tools|PT_Focused Ultrasound Therapy|PT_Neurocognitive Training|PT_Prolonged Exposure Therapy|PT_Psilocybin Assisted Therapy|PT_Trauma Focused Cbt|PT_Vagus Nerve Stimulation,108.97933013115447,100.0,100.99051370339586,109.6605782720336,121.84858480547679,103.10347972648805,-0.6812481408791342
2028-12-01,RMD_Koro,8,PT_Cognitive Assistive Technologies|PT_Digital Health Tools|PT_Focused Ultrasound Therapy|PT_Neurocognitive Training|PT_Prolonged Exposure Therapy|PT_Psilocybin Assisted Therapy|PT_Trauma Focused Cbt|PT_Vagus Nerve Stimulation,109.26220307448602,100.0,101.0211241852789,110.4985635415404,123.71280230177503,103.35904190122471,-1.2363604670543822
2026-01-01,RMD_Landau Kleffner Syndrome,8,PT_Anticonvulsant Therapy|PT_Antidepressants|PT_Behavioral Activation Therapy|PT_Cognitive Assistive Technologies|PT_Electroencephalography|PT_Metaverse|PT_Privacy Preserving Ai In Digital Mental Health|PT_Resting State Fmri,100.0,100.0,100.0,100.0,100.0,100.0,0.0
2026-02-01,RMD_Landau Kleffner Syndrome,8,PT_Anticonvulsant Therapy|PT_Antidepressants|PT_Behavioral Activation Therapy|PT_Cognitive Assistive Technologies|PT_Electroencephalography|PT_Metaverse|PT_Privacy Preserving Ai In Digital Mental Health|PT_Resting State Fmri,98.33120256658236,100.0,99.44146014825883,99.6650863741917,99.67886553353591,99.71851167301824,-1.3338838076093396
2026-03-01,RMD_Landau Kleffner Syndrome,8,PT_Anticonvulsant Therapy|PT_Antidepressants|PT_Behavioral Activation Therapy|PT_Cognitive Assistive Technologies|PT_Electroencephalography|PT_Metaverse|PT_Privacy Preserving Ai In Digital Mental Health|PT_Resting State Fmri,97.31455395700831,100.0,99.10165551189168,99.16623221408629,99.07981742622307,99.35890737682293,-1.8516782570779782
2026-04-01,RMD_Landau Kleffner Syndrome,8,PT_Anticonvulsant Therapy|PT_Antidepressants|PT_Behavioral Activation Therapy|PT_Cognitive Assistive Technologies|PT_Electroencephalography|PT_Metaverse|PT_Privacy Preserving Ai In Digital Mental Health|PT_Resting State Fmri,97.07146761666955,100.0,99.02148807696807,98.8486141050037,98.64349071842427,99.15521782161609,-1.7771464883341537
2026-05-01,RMD_Landau Kleffner Syndrome,8,PT_Anticonvulsant Therapy|PT_Antidepressants|PT_Behavioral Activation Therapy|PT_Cognitive Assistive Technologies|PT_Electroencephalography|PT_Metaverse|PT_Privacy Preserving Ai In Digital Mental Health|PT_Resting State Fmri,97.14968718435502,100.0,99.04925198804939,98.52563105051253,98.16328842322231,98.96547885375826,-1.3759438661575132
2026-06-01,RMD_Landau Kleffner Syndrome,8,PT_Anticonvulsant Therapy|PT_Antidepressants|PT_Behavioral Activation Therapy|PT_Cognitive Assistive Technologies|PT_Electroencephalography|PT_Metaverse|PT_Privacy Preserving Ai In Digital Mental Health|PT_Resting State Fmri,97.25292126779578,100.0,99.08458059213349,98.3188471866293,97.83049919693467,98.85526494373558,-1.0659259188335142
2026-07-01,RMD_Landau Kleffner Syndrome,8,PT_Anticonvulsant Therapy|PT_Antidepressants|PT_Behavioral Activation Therapy|PT_Cognitive Assistive Technologies|PT_Electroencephalography|PT_Metaverse|PT_Privacy Preserving Ai In Digital Mental Health|PT_Resting State Fmri,97.23975196622503,100.0,99.07975109070055,98.38064411553634,97.85208669307976,98.92212650382848,-1.1408921493113127
2026-08-01,RMD_Landau Kleffner Syndrome,8,PT_Anticonvulsant Therapy|PT_Antidepressants|PT_Behavioral Activation Therapy|PT_Cognitive Assistive Technologies|PT_Electroencephalography|PT_Metaverse|PT_Privacy Preserving Ai In Digital Mental Health|PT_Resting State Fmri,97.3251824422434,100.0,99.10794988579717,98.49870150215612,97.93239977397623,99.03350550444306,-1.1735190599127208
2026-09-01,RMD_Landau Kleffner Syndrome,8,PT_Anticonvulsant Therapy|PT_Antidepressants|PT_Behavioral Activation Therapy|PT_Cognitive Assistive Technologies|PT_Electroencephalography|PT_Metaverse|PT_Privacy Preserving Ai In Digital Mental Health|PT_Resting State Fmri,97.26832720346482,100.0,99.08721278485761,98.81672936728235,98.28121102121231,99.27452675819643,-1.5484021638175278
2026-10-01,RMD_Landau Kleffner Syndrome,8,PT_Anticonvulsant Therapy|PT_Antidepressants|PT_Behavioral Activation Therapy|PT_Cognitive Assistive Technologies|PT_Electroencephalography|PT_Metaverse|PT_Privacy Preserving Ai In Digital Mental Health|PT_Resting State Fmri,97.1672492352948,100.0,99.05150651833917,99.1608672686777,98.66466571464302,99.53273767314329,-1.9936180333829014
2026-11-01,RMD_Landau Kleffner Syndrome,8,PT_Anticonvulsant Therapy|PT_Antidepressants|PT_Behavioral Activation Therapy|PT_Cognitive Assistive Technologies|PT_Electroencephalography|PT_Metaverse|PT_Privacy Preserving Ai In Digital Mental Health|PT_Resting State Fmri,96.95959117907297,100.0,98.98001387508896,99.4461337087334,98.98347577676027,99.74602855081945,-2.4865425296604258
2026-12-01,RMD_Landau Kleffner Syndrome,8,PT_Anticonvulsant Therapy|PT_Antidepressants|PT_Behavioral Activation Therapy|PT_Cognitive Assistive Technologies|PT_Electroencephalography|PT_Metaverse|PT_Privacy Preserving Ai In Digital Mental Health|PT_Resting State Fmri,96.74198457438195,100.0,98.90496204950307,99.60066891244743,99.12744479867057,99.87433491474556,-2.858684338065487
2027-01-01,RMD_Landau Kleffner Syndrome,8,PT_Anticonvulsant Therapy|PT_Antidepressants|PT_Behavioral Activation Therapy|PT_Cognitive Assistive Technologies|PT_Electroencephalography|PT_Metaverse|PT_Privacy Preserving Ai In Digital Mental Health|PT_Resting State Fmri,96.45414765900455,100.0,98.80594582581156,99.86786796974171,99.40941141498605,100.08164784069369,-3.413720310737162
2027-02-01,RMD_Landau Kleffner Syndrome,8,PT_Anticonvulsant Therapy|PT_Antidepressants|PT_Behavioral Activation Therapy|PT_Cognitive Assistive Technologies|PT_Electroencephalography|PT_Metaverse|PT_Privacy Preserving Ai In Digital Mental Health|PT_Resting State Fmri,96.10372077502055,100.0,98.68517395703941,100.25197137920739,99.85118574085969,100.36363636363636,-4.148250604186842
2027-03-01,RMD_Landau Kleffner Syndrome,8,PT_Anticonvulsant Therapy|PT_Antidepressants|PT_Behavioral Activation Therapy|PT_Cognitive Assistive Technologies|PT_Electroencephalography|PT_Metaverse|PT_Privacy Preserving Ai In Digital Mental Health|PT_Resting State Fmri,96.01248399688302,100.0,98.65211132756127,100.6190746774672,100.25421781174681,100.64233091317787,-4.606590680584176
2027-04-01,RMD_Landau Kleffner Syndrome,8,PT_Anticonvulsant Therapy|PT_Antidepressants|PT_Behavioral Activation Therapy|PT_Cognitive Assistive Technologies|PT_Electroencephalography|PT_Metaverse|PT_Privacy Preserving Ai In Digital Mental Health|PT_Resting State Fmri,96.07718534807842,100.0,98.67197866047026,101.06515607083595,100.74891653293157,100.97897499477692,-4.987970722757538
2027-05-01,RMD_Landau Kleffner Syndrome,8,PT_Anticonvulsant Therapy|PT_Antidepressants|PT_Behavioral Activation Therapy|PT_Cognitive Assistive Technologies|PT_Electroencephalography|PT_Metaverse|PT_Privacy Preserving Ai In Digital Mental Health|PT_Resting State Fmri,96.35841971959766,100.0,98.76455173414578,101.51740286327994,101.23061823262769,101.32980756180393,-5.158983143682278
2027-06-01,RMD_Landau Kleffner Syndrome,8,PT_Anticonvulsant Therapy|PT_Antidepressants|PT_Behavioral Activation Therapy|PT_Cognitive Assistive Technologies|PT_Electroencephalography|PT_Metaverse|PT_Privacy Preserving Ai In Digital Mental Health|PT_Resting State Fmri,96.48505794224295,100.0,98.80498450325145,102.07686280100273,101.86899133291821,101.74406741665561,-5.591804858759787
2027-07-01,RMD_Landau Kleffner Syndrome,8,PT_Anticonvulsant Therapy|PT_Antidepressants|PT_Behavioral Activation Therapy|PT_Cognitive Assistive Technologies|PT_Electroencephalography|PT_Metaverse|PT_Privacy Preserving Ai In Digital Mental Health|PT_Resting State Fmri,96.55722965132664,100.0,98.82709492213402,102.65245569179255,102.53328645238932,102.16668420402505,-6.095226040465917
2027-08-01,RMD_Landau Kleffner Syndrome,8,PT_Anticonvulsant Therapy|PT_Antidepressants|PT_Behavioral Activation Therapy|PT_Cognitive Assistive Technologies|PT_Electroencephalography|PT_Metaverse|PT_Privacy Preserving Ai In Digital Mental Health|PT_Resting State Fmri,96.86250336613432,100.0,98.92814823410768,103.22194988797936,103.16925657691847,102.59509594460025,-6.359446521845044
2027-09-01,RMD_Landau Kleffner Syndrome,8,PT_Anticonvulsant Therapy|PT_Antidepressants|PT_Behavioral Activation Therapy|PT_Cognitive Assistive Technologies|PT_Electroencephalography|PT_Metaverse|PT_Privacy Preserving Ai In Digital Mental Health|PT_Resting State Fmri,97.03776601407648,100.0,98.98431693797707,104.07521443820207,104.19106472778606,103.20543261613163,-7.037448424125586
2027-10-01,RMD_Landau Kleffner Syndrome,8,PT_Anticonvulsant Therapy|PT_Antidepressants|PT_Behavioral Activation Therapy|PT_Cognitive Assistive Technologies|PT_Electroencephalography|PT_Metaverse|PT_Privacy Preserving Ai In Digital Mental Health|PT_Resting State Fmri,97.1375198948603,100.0,99.01553703254832,105.04695566029852,105.38275082450878,103.887492508498,-7.909435765438218
2027-11-01,RMD_Landau Kleffner Syndrome,8,PT_Anticonvulsant Therapy|PT_Antidepressants|PT_Behavioral Activation Therapy|PT_Cognitive Assistive Technologies|PT_Electroencephalography|PT_Metaverse|PT_Privacy Preserving Ai In Digital Mental Health|PT_Resting State Fmri,97.27395457485612,100.0,99.05887665796669,106.03480124783103,106.60198929726381,104.57729933830784,-8.760846672974907
2027-12-01,RMD_Landau Kleffner Syndrome,8,PT_Anticonvulsant Therapy|PT_Antidepressants|PT_Behavioral Activation Therapy|PT_Cognitive Assistive Technologies|PT_Electroencephalography|PT_Metaverse|PT_Privacy Preserving Ai In Digital Mental Health|PT_Resting State Fmri,97.19800742741451,100.0,99.030792306032,106.98374859884873,107.79340694165352,105.23036006484247,-9.785741171434225
2028-01-01,RMD_Landau Kleffner Syndrome,8,PT_Anticonvulsant Therapy|PT_Antidepressants|PT_Behavioral Activation Therapy|PT_Cognitive Assistive Technologies|PT_Electroencephalography|PT_Metaverse|PT_Privacy Preserving Ai In Digital Mental Health|PT_Resting State Fmri,96.9103226031558,100.0,98.9319019698186,107.86886929916184,108.92913709598743,105.82770384129148,-10.958546696006039
2028-02-01,RMD_Landau Kleffner Syndrome,8,PT_Anticonvulsant Therapy|PT_Antidepressants|PT_Behavioral Activation Therapy|PT_Cognitive Assistive Technologies|PT_Electroencephalography|PT_Metaverse|PT_Privacy Preserving Ai In Digital Mental Health|PT_Resting State Fmri,96.6721300182241,100.0,98.84985766703953,108.79328846282307,110.11752319329943,106.45075281017105,-12.121158444598976
2028-03-01,RMD_Landau Kleffner Syndrome,8,PT_Anticonvulsant Therapy|PT_Antidepressants|PT_Behavioral Activation Therapy|PT_Cognitive Assistive Technologies|PT_Electroencephalography|PT_Metaverse|PT_Privacy Preserving Ai In Digital Mental Health|PT_Resting State Fmri,96.51044821252677,100.0,98.79408951423684,109.58751002592041,111.13769443969743,106.9864870841168,-13.077061813393641
2028-04-01,RMD_Landau Kleffner Syndrome,8,PT_Anticonvulsant Therapy|PT_Antidepressants|PT_Behavioral Activation Therapy|PT_Cognitive Assistive Technologies|PT_Electroencephalography|PT_Metaverse|PT_Privacy Preserving Ai In Digital Mental Health|PT_Resting State Fmri,96.58112585003279,100.0,98.81672637166425,110.45226680378565,112.21754067543917,107.58435545632969,-13.871140953752857
2028-05-01,RMD_Landau Kleffner Syndrome,8,PT_Anticonvulsant Therapy|PT_Antidepressants|PT_Behavioral Activation Therapy|PT_Cognitive Assistive Technologies|PT_Electroencephalography|PT_Metaverse|PT_Privacy Preserving Ai In Digital Mental Health|PT_Resting State Fmri,96.48563052057212,100.0,98.78301141616318,111.44865056376237,113.48587973466434,108.26191358504781,-14.963020043190255
2028-06-01,RMD_Landau Kleffner Syndrome,8,PT_Anticonvulsant Therapy|PT_Antidepressants|PT_Behavioral Activation Therapy|PT_Cognitive Assistive Technologies|PT_Electroencephalography|PT_Metaverse|PT_Privacy Preserving Ai In Digital Mental Health|PT_Resting State Fmri,96.55696125523484,100.0,98.80528205547243,112.52501298593135,114.8395866357881,109.00180101045684,-15.968051730696516
2028-07-01,RMD_Landau Kleffner Syndrome,8,PT_Anticonvulsant Therapy|PT_Antidepressants|PT_Behavioral Activation Therapy|PT_Cognitive Assistive Technologies|PT_Electroencephalography|PT_Metaverse|PT_Privacy Preserving Ai In Digital Mental Health|PT_Resting State Fmri,96.72295529147368,100.0,98.8595281142216,113.63693842100413,116.22736734035107,109.77117559775705,-16.91398312953045
2028-08-01,RMD_Landau Kleffner Syndrome,8,PT_Anticonvulsant Therapy|PT_Antidepressants|PT_Behavioral Activation Therapy|PT_Cognitive Assistive Technologies|PT_Electroencephalography|PT_Metaverse|PT_Privacy Preserving Ai In Digital Mental Health|PT_Resting State Fmri,97.29612409203838,100.0,99.05098007979436,114.78010060749669,117.61073495046399,110.58284724350851,-17.48397651545831
2028-09-01,RMD_Landau Kleffner Syndrome,8,PT_Anticonvulsant Therapy|PT_Antidepressants|PT_Behavioral Activation Therapy|PT_Cognitive Assistive Technologies|PT_Electroencephalography|PT_Metaverse|PT_Privacy Preserving Ai In Digital Mental Health|PT_Resting State Fmri,97.52596955851527,100.0,99.1262150144393,115.98148626902733,119.11553468174976,111.4117573500594,-18.455516710512057
2028-10-01,RMD_Landau Kleffner Syndrome,8,PT_Anticonvulsant Therapy|PT_Antidepressants|PT_Behavioral Activation Therapy|PT_Cognitive Assistive Technologies|PT_Electroencephalography|PT_Metaverse|PT_Privacy Preserving Ai In Digital Mental Health|PT_Resting State Fmri,97.63973371529079,100.0,99.16218450023014,117.25211117272275,120.72191415680105,112.28140292767137,-19.61237745743196
2028-11-01,RMD_Landau Kleffner Syndrome,8,PT_Anticonvulsant Therapy|PT_Antidepressants|PT_Behavioral Activation Therapy|PT_Cognitive Assistive Technologies|PT_Electroencephalography|PT_Metaverse|PT_Privacy Preserving Ai In Digital Mental Health|PT_Resting State Fmri,97.7979174252584,100.0,99.21237927104741,118.6683519392753,122.51538526510977,113.24930651184992,-20.870434514016893
2028-12-01,RMD_Landau Kleffner Syndrome,8,PT_Anticonvulsant Therapy|PT_Antidepressants|PT_Behavioral Activation Therapy|PT_Cognitive Assistive Technologies|PT_Electroencephalography|PT_Metaverse|PT_Privacy Preserving Ai In Digital Mental Health|PT_Resting State Fmri,97.76966426332878,100.0,99.19959596986116,120.16044521995276,124.43754325520061,114.2537000013725,-22.390780956623985
2026-01-01,RMD_Narcissistic Personality Disorder,8,PT_Brain Computer Interface|PT_Dietary Interventions And Supplements|PT_Electroencephalography|PT_Emotion Regulation Training|PT_Neuromodulation Techniques|PT_Psychoeducation Programs|PT_Stem Cell Therapy For Neurological Disorders|PT_Traditional And Alternative Medicine Approaches,100.0,100.0,100.0,100.0,100.0,100.0,0.0
2026-02-01,RMD_Narcissistic Personality Disorder,8,PT_Brain Computer Interface|PT_Dietary Interventions And Supplements|PT_Electroencephalography|PT_Emotion Regulation Training|PT_Neuromodulation Techniques|PT_Psychoeducation Programs|PT_Stem Cell Therapy For Neurological Disorders|PT_Traditional And Alternative Medicine Approaches,97.34078121991224,97.07128156790534,97.53593153562284,99.66684798418915,99.65867934913335,99.74133865005238,-2.326066764276902
2026-03-01,RMD_Narcissistic Personality Disorder,8,PT_Brain Computer Interface|PT_Dietary Interventions And Supplements|PT_Electroencephalography|PT_Emotion Regulation Training|PT_Neuromodulation Techniques|PT_Psychoeducation Programs|PT_Stem Cell Therapy For Neurological Disorders|PT_Traditional And Alternative Medicine Approaches,95.68710780429426,95.2462329474589,96.00635447811958,99.19117783264552,99.06754423583773,99.42314247591963,-3.504070028351265
2026-04-01,RMD_Narcissistic Personality Disorder,8,PT_Brain Computer Interface|PT_Dietary Interventions And Supplements|PT_Electroencephalography|PT_Emotion Regulation Training|PT_Neuromodulation Techniques|PT_Psychoeducation Programs|PT_Stem Cell Therapy For Neurological Disorders|PT_Traditional And Alternative Medicine Approaches,95.18568326577163,94.68629322973553,95.54730200059909,98.91457637931704,98.66067125652806,99.26367568755835,-3.7288931135454106
2026-05-01,RMD_Narcissistic Personality Disorder,8,PT_Brain Computer Interface|PT_Dietary Interventions And Supplements|PT_Electroencephalography|PT_Emotion Regulation Training|PT_Neuromodulation Techniques|PT_Psychoeducation Programs|PT_Stem Cell Therapy For Neurological Disorders|PT_Traditional And Alternative Medicine Approaches,95.15913792684937,94.64629994274397,95.53049460119487,98.64206418174284,98.2206797137885,99.123847460622,-3.4829262548934707
2026-06-01,RMD_Narcissistic Personality Disorder,8,PT_Brain Computer Interface|PT_Dietary Interventions And Supplements|PT_Electroencephalography|PT_Emotion Regulation Training|PT_Neuromodulation Techniques|PT_Psychoeducation Programs|PT_Stem Cell Therapy For Neurological Disorders|PT_Traditional And Alternative Medicine Approaches,95.18750202133096,94.66964550799646,95.56249271730198,98.47950752778392,97.92329744133632,99.05388465075639,-3.2920055064529663
2026-07-01,RMD_Narcissistic Personality Disorder,8,PT_Brain Computer Interface|PT_Dietary Interventions And Supplements|PT_Electroencephalography|PT_Emotion Regulation Training|PT_Neuromodulation Techniques|PT_Psychoeducation Programs|PT_Stem Cell Therapy For Neurological Disorders|PT_Traditional And Alternative Medicine Approaches,95.05231257600116,94.51947901392916,95.43814846515805,98.5726167357277,97.96833149721758,99.14095380938004,-3.5203041597265496
2026-08-01,RMD_Narcissistic Personality Disorder,8,PT_Brain Computer Interface|PT_Dietary Interventions And Supplements|PT_Electroencephalography|PT_Emotion Regulation Training|PT_Neuromodulation Techniques|PT_Psychoeducation Programs|PT_Stem Cell Therapy For Neurological Disorders|PT_Traditional And Alternative Medicine Approaches,95.06621862531661,94.53319484945101,95.45219225224642,98.72430365857906,98.07486045092264,99.27136276172574,-3.658085033262452
2026-09-01,RMD_Narcissistic Personality Disorder,8,PT_Brain Computer Interface|PT_Dietary Interventions And Supplements|PT_Electroencephalography|PT_Emotion Regulation Training|PT_Neuromodulation Techniques|PT_Psychoeducation Programs|PT_Stem Cell Therapy For Neurological Disorders|PT_Traditional And Alternative Medicine Approaches,94.8906485604479,94.34258854549125,95.2875102415324,99.06356043226812,98.43933584825552,99.51417691262057,-4.172911871820219
2026-10-01,RMD_Narcissistic Personality Disorder,8,PT_Brain Computer Interface|PT_Dietary Interventions And Supplements|PT_Electroencephalography|PT_Emotion Regulation Training|PT_Neuromodulation Techniques|PT_Psychoeducation Programs|PT_Stem Cell Therapy For Neurological Disorders|PT_Traditional And Alternative Medicine Approaches,94.65325496030195,94.0850206563179,95.06472526460215,99.42783040283597,98.838881484506,99.77187824787579,-4.774575442534015
2026-11-01,RMD_Narcissistic Personality Disorder,8,PT_Brain Computer Interface|PT_Dietary Interventions And Supplements|PT_Electroencephalography|PT_Emotion Regulation Training|PT_Neuromodulation Techniques|PT_Psychoeducation Programs|PT_Stem Cell Therapy For Neurological Disorders|PT_Traditional And Alternative Medicine Approaches,94.26658186689384,93.66268581671397,94.70387558497985,99.73086638980114,99.17272927264992,99.98520325180628,-5.464284522907292
2026-12-01,RMD_Narcissistic Personality Disorder,8,PT_Brain Computer Interface|PT_Dietary Interventions And Supplements|PT_Electroencephalography|PT_Emotion Regulation Training|PT_Neuromodulation Techniques|PT_Psychoeducation Programs|PT_Stem Cell Therapy For Neurological Disorders|PT_Traditional And Alternative Medicine Approaches,93.88070845978226,93.24148834676328,94.34358106809651,99.90980336737978,99.33987144621722,100.12274970469113,-6.029094907597525
2027-01-01,RMD_Narcissistic Personality Disorder,8,PT_Brain Computer Interface|PT_Dietary Interventions And Supplements|PT_Electroencephalography|PT_Emotion Regulation Training|PT_Neuromodulation Techniques|PT_Psychoeducation Programs|PT_Stem Cell Therapy For Neurological Disorders|PT_Traditional And Alternative Medicine Approaches,93.37985007085008,92.6913721328596,93.87839129700048,100.19911529942031,99.64027539168329,100.33342423327522,-6.819265228570231
2027-02-01,RMD_Narcissistic Personality Disorder,8,PT_Brain Computer Interface|PT_Dietary Interventions And Supplements|PT_Electroencephalography|PT_Emotion Regulation Training|PT_Neuromodulation Techniques|PT_Psychoeducation Programs|PT_Stem Cell Therapy For Neurological Disorders|PT_Traditional And Alternative Medicine Approaches,92.80408301423137,92.0640580068633,93.33995054781141,100.59804491633861,100.09321818447955,100.60919193198087,-7.793961902107242
2027-03-01,RMD_Narcissistic Personality Disorder,8,PT_Brain Computer Interface|PT_Dietary Interventions And Supplements|PT_Electroencephalography|PT_Emotion Regulation Training|PT_Neuromodulation Techniques|PT_Psychoeducation Programs|PT_Stem Cell Therapy For Neurological Disorders|PT_Traditional And Alternative Medicine Approaches,92.61143646234069,91.85455451673921,93.15951045627666,100.98689702263735,100.51717688428704,100.88591964537892,-8.37546056029666
2027-04-01,RMD_Narcissistic Personality Disorder,8,PT_Brain Computer Interface|PT_Dietary Interventions And Supplements|PT_Electroencephalography|PT_Emotion Regulation Training|PT_Neuromodulation Techniques|PT_Psychoeducation Programs|PT_Stem Cell Therapy For Neurological Disorders|PT_Traditional And Alternative Medicine Approaches,92.64498790244478,91.89057964738508,93.19127064549565,101.45451681598664,101.03185425435296,101.21708993111547,-8.809528913541854
2027-05-01,RMD_Narcissistic Personality Disorder,8,PT_Brain Computer Interface|PT_Dietary Interventions And Supplements|PT_Electroencephalography|PT_Emotion Regulation Training|PT_Neuromodulation Techniques|PT_Psychoeducation Programs|PT_Stem Cell Therapy For Neurological Disorders|PT_Traditional And Alternative Medicine Approaches,92.99618464714125,92.27501059017521,93.51840181458907,101.93549950492044,101.54313331227578,101.56595787900754,-8.939314857779195
2027-06-01,RMD_Narcissistic Personality Disorder,8,PT_Brain Computer Interface|PT_Dietary Interventions And Supplements|PT_Electroencephalography|PT_Emotion Regulation Training|PT_Neuromodulation Techniques|PT_Psychoeducation Programs|PT_Stem Cell Therapy For Neurological Disorders|PT_Traditional And Alternative Medicine Approaches,93.1267104352197,92.41868143977855,93.63940898960992,102.51117584277405,102.19885347625076,101.96534486093005,-9.384465407554345
2027-07-01,RMD_Narcissistic Personality Disorder,8,PT_Brain Computer Interface|PT_Dietary Interventions And Supplements|PT_Electroencephalography|PT_Emotion Regulation Training|PT_Neuromodulation Techniques|PT_Psychoeducation Programs|PT_Stem Cell Therapy For Neurological Disorders|PT_Traditional And Alternative Medicine Approaches,93.17496053406589,92.47139641696545,93.68442597697965,103.09997041988501,102.87733462760234,102.37051975751977,-9.925009885819122
2027-08-01,RMD_Narcissistic Personality Disorder,8,PT_Brain Computer Interface|PT_Dietary Interventions And Supplements|PT_Electroencephalography|PT_Emotion Regulation Training|PT_Neuromodulation Techniques|PT_Psychoeducation Programs|PT_Stem Cell Therapy For Neurological Disorders|PT_Traditional And Alternative Medicine Approaches,93.56556129025775,92.89774996267742,94.04913739301678,103.68895140181668,103.5355200658776,102.78521132149501,-10.123390111558933
2027-09-01,RMD_Narcissistic Personality Disorder,8,PT_Brain Computer Interface|PT_Dietary Interventions And Supplements|PT_Electroencephalography|PT_Emotion Regulation Training|PT_Neuromodulation Techniques|PT_Psychoeducation Programs|PT_Stem Cell Therapy For Neurological Disorders|PT_Traditional And Alternative Medicine Approaches,93.79668478368946,93.1548544790291,94.26144748618042,104.54485243670129,104.56461800660317,103.35827052657501,-10.748167653011834
2027-10-01,RMD_Narcissistic Personality Disorder,8,PT_Brain Computer Interface|PT_Dietary Interventions And Supplements|PT_Electroencephalography|PT_Emotion Regulation Training|PT_Neuromodulation Techniques|PT_Psychoeducation Programs|PT_Stem Cell Therapy For Neurological Disorders|PT_Traditional And Alternative Medicine Approaches,93.91324790749343,93.28606481220932,94.36740426035546,105.50846050705141,105.75223822082523,103.99149760900688,-11.595212599557982
2027-11-01,RMD_Narcissistic Personality Disorder,8,PT_Brain Computer Interface|PT_Dietary Interventions And Supplements|PT_Electroencephalography|PT_Emotion Regulation Training|PT_Neuromodulation Techniques|PT_Psychoeducation Programs|PT_Stem Cell Therapy For Neurological Disorders|PT_Traditional And Alternative Medicine Approaches,94.0907641115793,93.48580377323646,94.5288285029091,106.48750522661642,106.96804644987661,104.63125000869579,-12.396741115037116
2027-12-01,RMD_Narcissistic Personality Disorder,8,PT_Brain Computer Interface|PT_Dietary Interventions And Supplements|PT_Electroencephalography|PT_Emotion Regulation Training|PT_Neuromodulation Techniques|PT_Psychoeducation Programs|PT_Stem Cell Therapy For Neurological Disorders|PT_Traditional And Alternative Medicine Approaches,93.96604843367285,93.35407951747219,94.40918788232258,107.4184342018361,108.14810820157383,105.22947133799613,-13.452385768163253
2028-01-01,RMD_Narcissistic Personality Disorder,8,PT_Brain Computer Interface|PT_Dietary Interventions And Supplements|PT_Electroencephalography|PT_Emotion Regulation Training|PT_Neuromodulation Techniques|PT_Psychoeducation Programs|PT_Stem Cell Therapy For Neurological Disorders|PT_Traditional And Alternative Medicine Approaches,93.51816749266712,92.86686405787206,93.98978988615504,108.27781867680771,109.26242930526345,105.77055787984233,-14.759651184140594
2028-02-01,RMD_Narcissistic Personality Disorder,8,PT_Brain Computer Interface|PT_Dietary Interventions And Supplements|PT_Electroencephalography|PT_Emotion Regulation Training|PT_Neuromodulation Techniques|PT_Psychoeducation Programs|PT_Stem Cell Therapy For Neurological Disorders|PT_Traditional And Alternative Medicine Approaches,93.14571183084922,92.46158133810613,93.64110498127394,109.17370354573424,110.42466917816486,106.3346708610497,-16.02799171488502
2028-03-01,RMD_Narcissistic Personality Disorder,8,PT_Brain Computer Interface|PT_Dietary Interventions And Supplements|PT_Electroencephalography|PT_Emotion Regulation Training|PT_Neuromodulation Techniques|PT_Psychoeducation Programs|PT_Stem Cell Therapy For Neurological Disorders|PT_Traditional And Alternative Medicine Approaches,92.88075382251819,92.17378469103816,93.39268490732138,109.94383506249046,111.42285703035455,106.82023655318551,-17.063081239972277
2028-04-01,RMD_Narcissistic Personality Disorder,8,PT_Brain Computer Interface|PT_Dietary Interventions And Supplements|PT_Electroencephalography|PT_Emotion Regulation Training|PT_Neuromodulation Techniques|PT_Psychoeducation Programs|PT_Stem Cell Therapy For Neurological Disorders|PT_Traditional And Alternative Medicine Approaches,92.9494631521893,92.25031703125964,93.4557294319831,110.79640411120492,112.49529415087993,107.37161194814807,-17.846940959015626
2028-05-01,RMD_Narcissistic Personality Disorder,8,PT_Brain Computer Interface|PT_Dietary Interventions And Supplements|PT_Electroencephalography|PT_Emotion Regulation Training|PT_Neuromodulation Techniques|PT_Psychoeducation Programs|PT_Stem Cell Therapy For Neurological Disorders|PT_Traditional And Alternative Medicine Approaches,92.7768087577114,92.06536387572442,93.29198082675323,111.76836544758302,113.74372446450904,107.98937444607849,-18.99155668987163
2028-06-01,RMD_Narcissistic Personality Disorder,8,PT_Brain Computer Interface|PT_Dietary Interventions And Supplements|PT_Electroencephalography|PT_Emotion Regulation Training|PT_Neuromodulation Techniques|PT_Psychoeducation Programs|PT_Stem Cell Therapy For Neurological Disorders|PT_Traditional And Alternative Medicine Approaches,92.85405986932842,92.1544915317353,93.36063188500933,112.82374294122808,115.08262520897051,108.66788222150183,-19.969683071899652
2028-07-01,RMD_Narcissistic Personality Disorder,8,PT_Brain Computer Interface|PT_Dietary Interventions And Supplements|PT_Electroencephalography|PT_Emotion Regulation Training|PT_Neuromodulation Techniques|PT_Psychoeducation Programs|PT_Stem Cell Therapy For Neurological Disorders|PT_Traditional And Alternative Medicine Approaches,93.06923209804918,92.39419850487283,93.55803799387368,113.91647130082255,116.45914706645198,109.3750304352484,-20.847239202773366
2028-08-01,RMD_Narcissistic Personality Disorder,8,PT_Brain Computer Interface|PT_Dietary Interventions And Supplements|PT_Electroencephalography|PT_Emotion Regulation Training|PT_Neuromodulation Techniques|PT_Psychoeducation Programs|PT_Stem Cell Therapy For Neurological Disorders|PT_Traditional And Alternative Medicine Approaches,93.87617218618877,93.28266112821004,94.30594591494784,115.0561736752355,117.84864585393079,110.1329272517562,-21.18000148904673
2028-09-01,RMD_Narcissistic Personality Disorder,8,PT_Brain Computer Interface|PT_Dietary Interventions And Supplements|PT_Electroencephalography|PT_Emotion Regulation Training|PT_Neuromodulation Techniques|PT_Psychoeducation Programs|PT_Stem Cell Therapy For Neurological Disorders|PT_Traditional And Alternative Medicine Approaches,94.20136851094378,93.64705751518262,94.60275665752987,116.23348322222635,119.33827928989828,110.89296670975138,-22.032114711282574
2028-10-01,RMD_Narcissistic Personality Disorder,8,PT_Brain Computer Interface|PT_Dietary Interventions And Supplements|PT_Electroencephalography|PT_Emotion Regulation Training|PT_Neuromodulation Techniques|PT_Psychoeducation Programs|PT_Stem Cell Therapy For Neurological Disorders|PT_Traditional And Alternative Medicine Approaches,94.35778856591548,93.82848061231265,94.74107148848891,117.47328498535965,120.92220946785172,111.68696147001901,-23.11549641944417
2028-11-01,RMD_Narcissistic Personality Disorder,8,PT_Brain Computer Interface|PT_Dietary Interventions And Supplements|PT_Electroencephalography|PT_Emotion Regulation Training|PT_Neuromodulation Techniques|PT_Psychoeducation Programs|PT_Stem Cell Therapy For Neurological Disorders|PT_Traditional And Alternative Medicine Approaches,94.59075204551617,94.09695040023617,94.94832411010768,118.85450975590405,122.6905986593359,112.57036977261565,-24.26375771038788
2028-12-01,RMD_Narcissistic Personality Disorder,8,PT_Brain Computer Interface|PT_Dietary Interventions And Supplements|PT_Electroencephalography|PT_Emotion Regulation Training|PT_Neuromodulation Techniques|PT_Psychoeducation Programs|PT_Stem Cell Therapy For Neurological Disorders|PT_Traditional And Alternative Medicine Approaches,94.5725715667928,94.092780044841,94.9199986090428,120.29696851005112,124.57185974986025,113.4786688909326,-25.724396943258313
2026-01-01,RMD_Olfactory Reference Syndrome,8,PT_Acceptance And Commitment Therapy|PT_Animal Assisted Therapy|PT_Mentalization Based Treatment|PT_Motivational Interviewing|PT_Naltrexone|PT_Occupational Therapy|PT_Oxytocin Therapy|PT_Stimulant And Wake Promoting Agents,100.0,100.0,100.0,100.0,100.0,100.0,0.0
2026-02-01,RMD_Olfactory Reference Syndrome,8,PT_Acceptance And Commitment Therapy|PT_Animal Assisted Therapy|PT_Mentalization Based Treatment|PT_Motivational Interviewing|PT_Naltrexone|PT_Occupational Therapy|PT_Oxytocin Therapy|PT_Stimulant And Wake Promoting Agents,98.65505113021034,97.92227783968812,98.96291424319854,99.62345742339534,99.37569995162464,99.74279589167807,-0.9684062931849979
2026-03-01,RMD_Olfactory Reference Syndrome,8,PT_Acceptance And Commitment Therapy|PT_Animal Assisted Therapy|PT_Mentalization Based Treatment|PT_Motivational Interviewing|PT_Naltrexone|PT_Occupational Therapy|PT_Oxytocin Therapy|PT_Stimulant And Wake Promoting Agents,97.85751409700796,96.6944725902955,98.34614759855904,99.16592018542343,98.55759672940947,99.45016820208801,-1.3084060884154667
2026-04-01,RMD_Olfactory Reference Syndrome,8,PT_Acceptance And Commitment Therapy|PT_Animal Assisted Therapy|PT_Mentalization Based Treatment|PT_Motivational Interviewing|PT_Naltrexone|PT_Occupational Therapy|PT_Oxytocin Therapy|PT_Stimulant And Wake Promoting Agents,97.70479728994364,96.47368129401103,98.22203121189413,98.81208628050273,97.88078551730862,99.23803346464342,-1.1072889905590841
2026-05-01,RMD_Olfactory Reference Syndrome,8,PT_Acceptance And Commitment Therapy|PT_Animal Assisted Therapy|PT_Mentalization Based Treatment|PT_Motivational Interviewing|PT_Naltrexone|PT_Occupational Therapy|PT_Oxytocin Therapy|PT_Stimulant And Wake Promoting Agents,97.81802589403847,96.66682890476012,98.30168310884947,98.45320068372614,97.1694914812988,99.03101215783504,-0.6351747896876674
2026-06-01,RMD_Olfactory Reference Syndrome,8,PT_Acceptance And Commitment Therapy|PT_Animal Assisted Therapy|PT_Mentalization Based Treatment|PT_Motivational Interviewing|PT_Naltrexone|PT_Occupational Therapy|PT_Oxytocin Therapy|PT_Stimulant And Wake Promoting Agents,97.96851739905699,96.91842436892016,98.4096973838716,98.18110961728406,96.6156126014486,98.87857527038899,-0.21259221822707275
2026-07-01,RMD_Olfactory Reference Syndrome,8,PT_Acceptance And Commitment Therapy|PT_Animal Assisted Therapy|PT_Mentalization Based Treatment|PT_Motivational Interviewing|PT_Naltrexone|PT_Occupational Therapy|PT_Oxytocin Therapy|PT_Stimulant And Wake Promoting Agents,98.08602207374963,97.12802755772042,98.48850832392421,98.09007741179082,96.40189956102442,98.83605535143396,-0.0040553380411836315
2026-08-01,RMD_Olfactory Reference Syndrome,8,PT_Acceptance And Commitment Therapy|PT_Animal Assisted Therapy|PT_Mentalization Based Treatment|PT_Motivational Interviewing|PT_Naltrexone|PT_Occupational Therapy|PT_Oxytocin Therapy|PT_Stimulant And Wake Promoting Agents,98.30051750427576,97.49107216413607,98.64059759282726,98.03565800141902,96.24607009409054,98.81929869734628,0.2648595028567371
2026-09-01,RMD_Olfactory Reference Syndrome,8,PT_Acceptance And Commitment Therapy|PT_Animal Assisted Therapy|PT_Mentalization Based Treatment|PT_Motivational Interviewing|PT_Naltrexone|PT_Occupational Therapy|PT_Oxytocin Therapy|PT_Stimulant And Wake Promoting Agents,98.46664845700548,97.78808375952438,98.75173668665636,98.12229092549748,96.3561808272659,98.88771988568868,0.3443575315079954
2026-10-01,RMD_Olfactory Reference Syndrome,8,PT_Acceptance And Commitment Therapy|PT_Animal Assisted Therapy|PT_Mentalization Based Treatment|PT_Motivational Interviewing|PT_Naltrexone|PT_Occupational Therapy|PT_Oxytocin Therapy|PT_Stimulant And Wake Promoting Agents,98.59820931128709,98.02948140066678,98.83715135143987,98.22589250646156,96.49806451246447,98.96669478811404,0.3723168048255303
2026-11-01,RMD_Olfactory Reference Syndrome,8,PT_Acceptance And Commitment Therapy|PT_Animal Assisted Therapy|PT_Mentalization Based Treatment|PT_Motivational Interviewing|PT_Naltrexone|PT_Occupational Therapy|PT_Oxytocin Therapy|PT_Stimulant And Wake Promoting Agents,98.63348377704942,98.11724799525338,98.85037650525753,98.30267343433765,96.5978800991742,99.02678486148523,0.33081034271177145
2026-12-01,RMD_Olfactory Reference Syndrome,8,PT_Acceptance And Commitment Therapy|PT_Animal Assisted Therapy|PT_Mentalization Based Treatment|PT_Motivational Interviewing|PT_Naltrexone|PT_Occupational Therapy|PT_Oxytocin Therapy|PT_Stimulant And Wake Promoting Agents,98.67201204580307,98.20569936101369,98.86792152190183,98.29726860288518,96.53745232282171,99.03881304491357,0.3747434429178895
2027-01-01,RMD_Olfactory Reference Syndrome,8,PT_Acceptance And Commitment Therapy|PT_Animal Assisted Therapy|PT_Mentalization Based Treatment|PT_Motivational Interviewing|PT_Naltrexone|PT_Occupational Therapy|PT_Oxytocin Therapy|PT_Stimulant And Wake Promoting Agents,98.6903193626336,98.26557996641883,98.86877133098248,98.33406096051337,96.54945149352992,99.07838402517784,0.35625840212023263
2027-02-01,RMD_Olfactory Reference Syndrome,8,PT_Acceptance And Commitment Therapy|PT_Animal Assisted Therapy|PT_Mentalization Based Treatment|PT_Motivational Interviewing|PT_Naltrexone|PT_Occupational Therapy|PT_Oxytocin Therapy|PT_Stimulant And Wake Promoting Agents,98.70134613943755,98.31510472468933,98.86361936343103,98.45518784213391,96.72330338352947,99.16804338281038,0.24615829730363714
2027-03-01,RMD_Olfactory Reference Syndrome,8,PT_Acceptance And Commitment Therapy|PT_Animal Assisted Therapy|PT_Mentalization Based Treatment|PT_Motivational Interviewing|PT_Naltrexone|PT_Occupational Therapy|PT_Oxytocin Therapy|PT_Stimulant And Wake Promoting Agents,98.88545404202742,98.62980448624147,98.99286116111362,98.56941952349618,96.87610939078293,99.25650428013755,0.31603451853123943
2027-04-01,RMD_Olfactory Reference Syndrome,8,PT_Acceptance And Commitment Therapy|PT_Animal Assisted Therapy|PT_Mentalization Based Treatment|PT_Motivational Interviewing|PT_Naltrexone|PT_Occupational Therapy|PT_Oxytocin Therapy|PT_Stimulant And Wake Promoting Agents,99.16903980273726,99.09791406058561,99.19892215881603,98.72323875217465,97.09726570376675,99.37094634420579,0.44580105056260777
2027-05-01,RMD_Olfactory Reference Syndrome,8,PT_Acceptance And Commitment Therapy|PT_Animal Assisted Therapy|PT_Mentalization Based Treatment|PT_Motivational Interviewing|PT_Naltrexone|PT_Occupational Therapy|PT_Oxytocin Therapy|PT_Stimulant And Wake Promoting Agents,99.62161138546807,99.82731124493296,99.5351898415947,98.87640557041203,97.30301479755718,99.48977549933122,0.745205815056039
2027-06-01,RMD_Olfactory Reference Syndrome,8,PT_Acceptance And Commitment Therapy|PT_Animal Assisted Therapy|PT_Mentalization Based Treatment|PT_Motivational Interviewing|PT_Naltrexone|PT_Occupational Therapy|PT_Oxytocin Therapy|PT_Stimulant And Wake Promoting Agents,99.95768809443459,100.37940536999662,99.78051024838769,99.10860981869334,97.66936225946041,99.65254093559075,0.849078275741249
2027-07-01,RMD_Olfactory Reference Syndrome,8,PT_Acceptance And Commitment Therapy|PT_Animal Assisted Therapy|PT_Mentalization Based Treatment|PT_Motivational Interviewing|PT_Naltrexone|PT_Occupational Therapy|PT_Oxytocin Therapy|PT_Stimulant And Wake Promoting Agents,100.23194877990491,100.82991105770598,99.98072880866061,99.34900810269826,98.05402798197143,99.81933029311797,0.8829406772066477
2027-08-01,RMD_Olfactory Reference Syndrome,8,PT_Acceptance And Commitment Therapy|PT_Animal Assisted Therapy|PT_Mentalization Based Treatment|PT_Motivational Interviewing|PT_Naltrexone|PT_Occupational Therapy|PT_Oxytocin Therapy|PT_Stimulant And Wake Promoting Agents,100.68342952829954,101.55280818337371,100.3181738311031,99.58717382620289,98.42135762451447,99.98914122329386,1.0962557020966557
2027-09-01,RMD_Olfactory Reference Syndrome,8,PT_Acceptance And Commitment Therapy|PT_Animal Assisted Therapy|PT_Mentalization Based Treatment|PT_Motivational Interviewing|PT_Naltrexone|PT_Occupational Therapy|PT_Oxytocin Therapy|PT_Stimulant And Wake Promoting Agents,101.10275871380284,102.23823252342812,100.6257073443422,100.01804603192598,99.15549623552644,100.27413508390856,1.0847126818768658
2027-10-01,RMD_Olfactory Reference Syndrome,8,PT_Acceptance And Commitment Therapy|PT_Animal Assisted Therapy|PT_Mentalization Based Treatment|PT_Motivational Interviewing|PT_Naltrexone|PT_Occupational Therapy|PT_Oxytocin Therapy|PT_Stimulant And Wake Promoting Agents,101.438604789224,102.79494095270844,100.86876159358677,100.52591464053322,100.04513297542513,100.60242604682784,0.9126901486907855
2027-11-01,RMD_Olfactory Reference Syndrome,8,PT_Acceptance And Commitment Therapy|PT_Animal Assisted Therapy|PT_Mentalization Based Treatment|PT_Motivational Interviewing|PT_Naltrexone|PT_Occupational Therapy|PT_Oxytocin Therapy|PT_Stimulant And Wake Promoting Agents,101.79479648334957,103.38232713057069,101.12782058051698,101.05053643101802,100.97155415531044,100.93922970961307,0.7442600523315548
2027-12-01,RMD_Olfactory Reference Syndrome,8,PT_Acceptance And Commitment Therapy|PT_Animal Assisted Therapy|PT_Mentalization Based Treatment|PT_Motivational Interviewing|PT_Naltrexone|PT_Occupational Therapy|PT_Oxytocin Therapy|PT_Stimulant And Wake Promoting Agents,101.97287674706469,103.6920438649665,101.25059143613751,101.56614418366514,101.89539563182852,101.2657992477301,0.4067325633995438
2028-01-01,RMD_Olfactory Reference Syndrome,8,PT_Acceptance And Commitment Therapy|PT_Animal Assisted Therapy|PT_Mentalization Based Treatment|PT_Motivational Interviewing|PT_Naltrexone|PT_Occupational Therapy|PT_Oxytocin Therapy|PT_Stimulant And Wake Promoting Agents,101.93927281617148,103.66700230989119,101.2133945845031,102.04285869735541,102.76712236692754,101.56189884050781,-0.10358588118393186
2028-02-01,RMD_Olfactory Reference Syndrome,8,PT_Acceptance And Commitment Therapy|PT_Animal Assisted Therapy|PT_Mentalization Based Treatment|PT_Motivational Interviewing|PT_Naltrexone|PT_Occupational Therapy|PT_Oxytocin Therapy|PT_Stimulant And Wake Promoting Agents,101.93430484493759,103.6841531940572,101.1991337258684,102.54404159529555,103.68662094832736,101.87232184978353,-0.6097367503579676
2028-03-01,RMD_Olfactory Reference Syndrome,8,PT_Acceptance And Commitment Therapy|PT_Animal Assisted Therapy|PT_Mentalization Based Treatment|PT_Motivational Interviewing|PT_Naltrexone|PT_Occupational Therapy|PT_Oxytocin Therapy|PT_Stimulant And Wake Promoting Agents,101.95462553028574,103.73862937466065,101.20510894596674,102.97463248642478,104.47822304351983,102.13856888586409,-1.0200069561390421
2028-04-01,RMD_Olfactory Reference Syndrome,8,PT_Acceptance And Commitment Therapy|PT_Animal Assisted Therapy|PT_Mentalization Based Treatment|PT_Motivational Interviewing|PT_Naltrexone|PT_Occupational Therapy|PT_Oxytocin Therapy|PT_Stimulant And Wake Promoting Agents,102.16607285800964,104.08880028301066,101.35826932839853,103.42077349063648,105.27520938197881,102.42208827713341,-1.254700632626836
2028-05-01,RMD_Olfactory Reference Syndrome,8,PT_Acceptance And Commitment Therapy|PT_Animal Assisted Therapy|PT_Mentalization Based Treatment|PT_Motivational Interviewing|PT_Naltrexone|PT_Occupational Therapy|PT_Oxytocin Therapy|PT_Stimulant And Wake Promoting Agents,102.26372434778392,104.26654580982198,101.42227057478519,103.94987237295564,106.23891792567235,102.75230403993706,-1.6861480251717182
2028-06-01,RMD_Olfactory Reference Syndrome,8,PT_Acceptance And Commitment Therapy|PT_Animal Assisted Therapy|PT_Mentalization Based Treatment|PT_Motivational Interviewing|PT_Naltrexone|PT_Occupational Therapy|PT_Oxytocin Therapy|PT_Stimulant And Wake Promoting Agents,102.50943634034181,104.67529099087653,101.59949117681296,104.52159939437158,107.26935558536546,103.11282268997684,-2.01216305402977
2028-07-01,RMD_Olfactory Reference Syndrome,8,PT_Acceptance And Commitment Therapy|PT_Animal Assisted Therapy|PT_Mentalization Based Treatment|PT_Motivational Interviewing|PT_Naltrexone|PT_Occupational Therapy|PT_Oxytocin Therapy|PT_Stimulant And Wake Promoting Agents,102.82867056715781,105.19852991217441,101.83301163043396,105.1094032455564,108.32101071357908,103.48613944339871,-2.2807326783985786
2028-08-01,RMD_Olfactory Reference Syndrome,8,PT_Acceptance And Commitment Therapy|PT_Animal Assisted Therapy|PT_Mentalization Based Treatment|PT_Motivational Interviewing|PT_Naltrexone|PT_Occupational Therapy|PT_Oxytocin Therapy|PT_Stimulant And Wake Promoting Agents,103.47952466550967,106.23734885256582,102.32087286015197,105.69845206345451,109.34754331771627,103.8693271516993,-2.2189273979448387
2028-09-01,RMD_Olfactory Reference Syndrome,8,PT_Acceptance And Commitment Therapy|PT_Animal Assisted Therapy|PT_Mentalization Based Treatment|PT_Motivational Interviewing|PT_Naltrexone|PT_Occupational Therapy|PT_Oxytocin Therapy|PT_Stimulant And Wake Promoting Agents,103.87572192974703,106.8863539011203,102.61085250456883,106.34916264616238,110.51741512775922,104.2809292643306,-2.473440716415354
2028-10-01,RMD_Olfactory Reference Syndrome,8,PT_Acceptance And Commitment Therapy|PT_Animal Assisted Therapy|PT_Mentalization Based Treatment|PT_Motivational Interviewing|PT_Naltrexone|PT_Occupational Therapy|PT_Oxytocin Therapy|PT_Stimulant And Wake Promoting Agents,104.17964707582222,107.39312670942589,102.82955441234596,107.03876646782713,111.76719857467839,104.71400923831311,-2.8591193920049136
2028-11-01,RMD_Olfactory Reference Syndrome,8,PT_Acceptance And Commitment Therapy|PT_Animal Assisted Therapy|PT_Mentalization Based Treatment|PT_Motivational Interviewing|PT_Naltrexone|PT_Occupational Therapy|PT_Oxytocin Therapy|PT_Stimulant And Wake Promoting Agents,104.55025648320246,108.00722949800374,103.09786392520618,107.81139999260202,113.16854551117414,105.19888448767456,-3.2611435093995595
2028-12-01,RMD_Olfactory Reference Syndrome,8,PT_Acceptance And Commitment Therapy|PT_Animal Assisted Therapy|PT_Mentalization Based Treatment|PT_Motivational Interviewing|PT_Naltrexone|PT_Occupational Therapy|PT_Oxytocin Therapy|PT_Stimulant And Wake Promoting Agents,104.79047067070604,108.42369679090945,103.26402815700754,108.64826901144974,114.70864025492203,105.71685176825555,-3.857798340743699
2026-01-01,RMD_Othello Syndrome,8,PT_Animal Assisted Therapy|PT_Biofeedback Devices|PT_Cbt For Insomnia|PT_Chronotherapy|PT_Dialectical Behavior Therapy|PT_Interpersonal Psychotherapy|PT_Mentalization Based Treatment|PT_Sleep Pattern Monitoring And Manipulation,100.0,100.0,100.0,100.0,100.0,100.0,0.0
2026-02-01,RMD_Othello Syndrome,8,PT_Animal Assisted Therapy|PT_Biofeedback Devices|PT_Cbt For Insomnia|PT_Chronotherapy|PT_Dialectical Behavior Therapy|PT_Interpersonal Psychotherapy|PT_Mentalization Based Treatment|PT_Sleep Pattern Monitoring And Manipulation,98.12704119129998,100.0,99.1147457317732,99.71380953673287,98.97271680605932,99.90861940242601,-1.586768345432887
2026-03-01,RMD_Othello Syndrome,8,PT_Animal Assisted Therapy|PT_Biofeedback Devices|PT_Cbt For Insomnia|PT_Chronotherapy|PT_Dialectical Behavior Therapy|PT_Interpersonal Psychotherapy|PT_Mentalization Based Treatment|PT_Sleep Pattern Monitoring And Manipulation,97.01078212409057,100.0,98.58527326709805,99.37095096521352,97.7141985623563,99.80730213662396,-2.360168841122956
2026-04-01,RMD_Othello Syndrome,8,PT_Animal Assisted Therapy|PT_Biofeedback Devices|PT_Cbt For Insomnia|PT_Chronotherapy|PT_Dialectical Behavior Therapy|PT_Interpersonal Psychotherapy|PT_Mentalization Based Treatment|PT_Sleep Pattern Monitoring And Manipulation,96.81843753613566,100.0,98.48686097669099,99.1084278087876,96.69141418329059,99.73371708001605,-2.2899902726519343
2026-05-01,RMD_Othello Syndrome,8,PT_Animal Assisted Therapy|PT_Biofeedback Devices|PT_Cbt For Insomnia|PT_Chronotherapy|PT_Dialectical Behavior Therapy|PT_Interpersonal Psychotherapy|PT_Mentalization Based Treatment|PT_Sleep Pattern Monitoring And Manipulation,97.01047896346785,100.0,98.56832329373373,98.84162329225711,95.6269502009437,99.66158789371751,-1.8311443287892644
2026-06-01,RMD_Othello Syndrome,8,PT_Animal Assisted Therapy|PT_Biofeedback Devices|PT_Cbt For Insomnia|PT_Chronotherapy|PT_Dialectical Behavior Therapy|PT_Interpersonal Psychotherapy|PT_Mentalization Based Treatment|PT_Sleep Pattern Monitoring And Manipulation,97.23015131612854,100.0,98.66242358542227,98.64072322211663,94.8066528393675,99.60781963491296,-1.4105719059880926
2026-07-01,RMD_Othello Syndrome,8,PT_Animal Assisted Therapy|PT_Biofeedback Devices|PT_Cbt For Insomnia|PT_Chronotherapy|PT_Dialectical Behavior Therapy|PT_Interpersonal Psychotherapy|PT_Mentalization Based Treatment|PT_Sleep Pattern Monitoring And Manipulation,97.31210212875058,100.0,98.69044692050649,98.57223441463476,94.45332439219095,99.59039159519003,-1.2601322858841826
2026-08-01,RMD_Othello Syndrome,8,PT_Animal Assisted Therapy|PT_Biofeedback Devices|PT_Cbt For Insomnia|PT_Chronotherapy|PT_Dialectical Behavior Therapy|PT_Interpersonal Psychotherapy|PT_Mentalization Based Treatment|PT_Sleep Pattern Monitoring And Manipulation,97.52106641512997,100.0,98.77742263547871,98.53359854016631,94.20139075919217,99.5821652212089,-1.0125321250363442
2026-09-01,RMD_Othello Syndrome,8,PT_Animal Assisted Therapy|PT_Biofeedback Devices|PT_Cbt For Insomnia|PT_Chronotherapy|PT_Dialectical Behavior Therapy|PT_Interpersonal Psychotherapy|PT_Mentalization Based Treatment|PT_Sleep Pattern Monitoring And Manipulation,97.56242618580195,100.0,98.7837555925599,98.59925037983307,94.3237262452992,99.60217990429702,-1.0368241940311123
2026-10-01,RMD_Othello Syndrome,8,PT_Animal Assisted Therapy|PT_Biofeedback Devices|PT_Cbt For Insomnia|PT_Chronotherapy|PT_Dialectical Behavior Therapy|PT_Interpersonal Psychotherapy|PT_Mentalization Based Treatment|PT_Sleep Pattern Monitoring And Manipulation,97.5456657342312,100.0,98.7632479874235,98.67581612536392,94.48554236239427,99.62544555992065,-1.130150391132716
2026-11-01,RMD_Othello Syndrome,8,PT_Animal Assisted Therapy|PT_Biofeedback Devices|PT_Cbt For Insomnia|PT_Chronotherapy|PT_Dialectical Behavior Therapy|PT_Interpersonal Psychotherapy|PT_Mentalization Based Treatment|PT_Sleep Pattern Monitoring And Manipulation,97.40021359831304,100.0,98.68330371744581,98.73019781891583,94.57559935612477,99.6421244624941,-1.3299842206027819
2026-12-01,RMD_Othello Syndrome,8,PT_Animal Assisted Therapy|PT_Biofeedback Devices|PT_Cbt For Insomnia|PT_Chronotherapy|PT_Dialectical Behavior Therapy|PT_Interpersonal Psychotherapy|PT_Mentalization Based Treatment|PT_Sleep Pattern Monitoring And Manipulation,97.24497370514685,100.0,98.59883324578952,98.72583873366565,94.45927573922286,99.64306441759675,-1.4808650285188065
2027-01-01,RMD_Othello Syndrome,8,PT_Animal Assisted Therapy|PT_Biofeedback Devices|PT_Cbt For Insomnia|PT_Chronotherapy|PT_Dialectical Behavior Therapy|PT_Interpersonal Psychotherapy|PT_Mentalization Based Treatment|PT_Sleep Pattern Monitoring And Manipulation,97.01639059561101,100.0,98.47901928571694,98.7578355852791,94.46554987117855,99.6538420982851,-1.7414449896680821
2027-02-01,RMD_Othello Syndrome,8,PT_Animal Assisted Therapy|PT_Biofeedback Devices|PT_Cbt For Insomnia|PT_Chronotherapy|PT_Dialectical Behavior Therapy|PT_Interpersonal Psychotherapy|PT_Mentalization Based Treatment|PT_Sleep Pattern Monitoring And Manipulation,96.71254786148332,100.0,98.32323785469217,98.85462929995747,94.72065083124178,99.6819064720644,-2.1420814384741504
2027-03-01,RMD_Othello Syndrome,8,PT_Animal Assisted Therapy|PT_Biofeedback Devices|PT_Cbt For Insomnia|PT_Chronotherapy|PT_Dialectical Behavior Therapy|PT_Interpersonal Psychotherapy|PT_Mentalization Based Treatment|PT_Sleep Pattern Monitoring And Manipulation,96.71252620715312,100.0,98.31047880880803,98.94374765650589,94.9328012223865,99.70955387327935,-2.2312214493527733
2027-04-01,RMD_Othello Syndrome,8,PT_Animal Assisted Therapy|PT_Biofeedback Devices|PT_Cbt For Insomnia|PT_Chronotherapy|PT_Dialectical Behavior Therapy|PT_Interpersonal Psychotherapy|PT_Mentalization Based Treatment|PT_Sleep Pattern Monitoring And Manipulation,96.89274437019897,100.0,98.38300979373186,99.06482400209495,95.2525802115492,99.74669270083166,-2.1720796318959827
2027-05-01,RMD_Othello Syndrome,8,PT_Animal Assisted Therapy|PT_Biofeedback Devices|PT_Cbt For Insomnia|PT_Chronotherapy|PT_Dialectical Behavior Therapy|PT_Interpersonal Psychotherapy|PT_Mentalization Based Treatment|PT_Sleep Pattern Monitoring And Manipulation,97.33261960661011,100.0,98.57653751159489,99.18670350752208,95.56269582705669,99.78573970791567,-1.8540839009119736
2027-06-01,RMD_Othello Syndrome,8,PT_Animal Assisted Therapy|PT_Biofeedback Devices|PT_Cbt For Insomnia|PT_Chronotherapy|PT_Dialectical Behavior Therapy|PT_Interpersonal Psychotherapy|PT_Mentalization Based Treatment|PT_Sleep Pattern Monitoring And Manipulation,97.58625677618127,100.0,98.68341547551195,99.36442853007695,96.07701325496116,99.8389284455291,-1.778171753895677
2027-07-01,RMD_Othello Syndrome,8,PT_Animal Assisted Therapy|PT_Biofeedback Devices|PT_Cbt For Insomnia|PT_Chronotherapy|PT_Dialectical Behavior Therapy|PT_Interpersonal Psychotherapy|PT_Mentalization Based Treatment|PT_Sleep Pattern Monitoring And Manipulation,97.77304702844123,100.0,98.75986730592281,99.54769146925722,96.61463171954993,99.893113676898,-1.7746444408159903
2027-08-01,RMD_Othello Syndrome,8,PT_Animal Assisted Therapy|PT_Biofeedback Devices|PT_Cbt For Insomnia|PT_Chronotherapy|PT_Dialectical Behavior Therapy|PT_Interpersonal Psychotherapy|PT_Mentalization Based Treatment|PT_Sleep Pattern Monitoring And Manipulation,98.2450464636963,100.0,98.97001903612393,99.72946467647976,97.1331655255211,99.94856396062309,-1.484418212783467
2027-09-01,RMD_Othello Syndrome,8,PT_Animal Assisted Therapy|PT_Biofeedback Devices|PT_Cbt For Insomnia|PT_Chronotherapy|PT_Dialectical Behavior Therapy|PT_Interpersonal Psychotherapy|PT_Mentalization Based Treatment|PT_Sleep Pattern Monitoring And Manipulation,98.56598529151276,100.0,99.1071368701036,100.05692719207094,98.18568646568868,100.04306831876379,-1.4909419005581839
2027-10-01,RMD_Othello Syndrome,8,PT_Animal Assisted Therapy|PT_Biofeedback Devices|PT_Cbt For Insomnia|PT_Chronotherapy|PT_Dialectical Behavior Therapy|PT_Interpersonal Psychotherapy|PT_Mentalization Based Treatment|PT_Sleep Pattern Monitoring And Manipulation,98.78450996467312,100.0,99.19806137007939,100.43920536661041,99.44430557968036,100.15158719546515,-1.654695401937289
2027-11-01,RMD_Othello Syndrome,8,PT_Animal Assisted Therapy|PT_Biofeedback Devices|PT_Cbt For Insomnia|PT_Chronotherapy|PT_Dialectical Behavior Therapy|PT_Interpersonal Psychotherapy|PT_Mentalization Based Treatment|PT_Sleep Pattern Monitoring And Manipulation,99.05290456027201,100.0,99.31158893893166,100.83268891631003,100.74726727257432,100.26288353348488,-1.7797843560380215
2027-12-01,RMD_Othello Syndrome,8,PT_Animal Assisted Therapy|PT_Biofeedback Devices|PT_Cbt For Insomnia|PT_Chronotherapy|PT_Dialectical Behavior Therapy|PT_Interpersonal Psychotherapy|PT_Mentalization Based Treatment|PT_Sleep Pattern Monitoring And Manipulation,99.05932506917476,100.0,99.30374724795762,101.2150059534223,102.01976613828792,100.3695931732969,-2.155680884247545
2028-01-01,RMD_Othello Syndrome,8,PT_Animal Assisted Therapy|PT_Biofeedback Devices|PT_Cbt For Insomnia|PT_Chronotherapy|PT_Dialectical Behavior Therapy|PT_Interpersonal Psychotherapy|PT_Mentalization Based Treatment|PT_Sleep Pattern Monitoring And Manipulation,98.8027429106971,100.0,99.17487157135567,101.56647906191449,103.20113878521104,100.46568768104737,-2.763736151217387
2028-02-01,RMD_Othello Syndrome,8,PT_Animal Assisted Therapy|PT_Biofeedback Devices|PT_Cbt For Insomnia|PT_Chronotherapy|PT_Dialectical Behavior Therapy|PT_Interpersonal Psychotherapy|PT_Mentalization Based Treatment|PT_Sleep Pattern Monitoring And Manipulation,98.60079462730083,100.0,99.0725291222894,101.93683938079226,104.4599596397801,100.56665158026948,-3.3360447534914357
2028-03-01,RMD_Othello Syndrome,8,PT_Animal Assisted Therapy|PT_Biofeedback Devices|PT_Cbt For Insomnia|PT_Chronotherapy|PT_Dialectical Behavior Therapy|PT_Interpersonal Psychotherapy|PT_Mentalization Based Treatment|PT_Sleep Pattern Monitoring And Manipulation,98.47822029123341,100.0,99.00859419528605,102.25276618935439,105.5262594613809,100.65304264173463,-3.7745458981209765
2028-04-01,RMD_Othello Syndrome,8,PT_Animal Assisted Therapy|PT_Biofeedback Devices|PT_Cbt For Insomnia|PT_Chronotherapy|PT_Dialectical Behavior Therapy|PT_Interpersonal Psychotherapy|PT_Mentalization Based Treatment|PT_Sleep Pattern Monitoring And Manipulation,98.6599326030627,100.0,99.08530679451789,102.5839206493625,106.62175114452474,100.7458155036336,-3.9239880462997974
2028-05-01,RMD_Othello Syndrome,8,PT_Animal Assisted Therapy|PT_Biofeedback Devices|PT_Cbt For Insomnia|PT_Chronotherapy|PT_Dialectical Behavior Therapy|PT_Interpersonal Psychotherapy|PT_Mentalization Based Treatment|PT_Sleep Pattern Monitoring And Manipulation,98.64233845977947,100.0,99.06840338701446,102.97447007481499,107.93635326873196,100.85362764717506,-4.332131615035522
2028-06-01,RMD_Othello Syndrome,8,PT_Animal Assisted Therapy|PT_Biofeedback Devices|PT_Cbt For Insomnia|PT_Chronotherapy|PT_Dialectical Behavior Therapy|PT_Interpersonal Psychotherapy|PT_Mentalization Based Treatment|PT_Sleep Pattern Monitoring And Manipulation,98.83300483714427,100.0,99.14808688817115,103.39765758433226,109.35729285126212,100.97170862352975,-4.564652747187992
2028-07-01,RMD_Othello Syndrome,8,PT_Animal Assisted Therapy|PT_Biofeedback Devices|PT_Cbt For Insomnia|PT_Chronotherapy|PT_Dialectical Behavior Therapy|PT_Interpersonal Psychotherapy|PT_Mentalization Based Treatment|PT_Sleep Pattern Monitoring And Manipulation,99.13946774522555,100.0,99.28202893043806,103.83082629796621,110.79780126979554,101.09354235296345,-4.691358552740667
2028-08-01,RMD_Othello Syndrome,8,PT_Animal Assisted Therapy|PT_Biofeedback Devices|PT_Cbt For Insomnia|PT_Chronotherapy|PT_Dialectical Behavior Therapy|PT_Interpersonal Psychotherapy|PT_Mentalization Based Treatment|PT_Sleep Pattern Monitoring And Manipulation,99.95311837512835,100.0,99.65169667370742,104.26781002083099,112.22568072818665,101.21944686539814,-4.314691645702638
2028-09-01,RMD_Othello Syndrome,8,PT_Animal Assisted Therapy|PT_Biofeedback Devices|PT_Cbt For Insomnia|PT_Chronotherapy|PT_Dialectical Behavior Therapy|PT_Interpersonal Psychotherapy|PT_Mentalization Based Treatment|PT_Sleep Pattern Monitoring And Manipulation,100.33536061172617,100.0,99.81992050276229,104.74598807087419,113.8313541573992,101.35368376178796,-4.410627459148017
2028-10-01,RMD_Othello Syndrome,8,PT_Animal Assisted Therapy|PT_Biofeedback Devices|PT_Cbt For Insomnia|PT_Chronotherapy|PT_Dialectical Behavior Therapy|PT_Interpersonal Psychotherapy|PT_Mentalization Based Treatment|PT_Sleep Pattern Monitoring And Manipulation,100.56988783490046,100.0,99.91971114265172,105.25168082246677,115.5428606934913,101.49460635387034,-4.681792987566311
2028-11-01,RMD_Othello Syndrome,8,PT_Animal Assisted Therapy|PT_Biofeedback Devices|PT_Cbt For Insomnia|PT_Chronotherapy|PT_Dialectical Behavior Therapy|PT_Interpersonal Psychotherapy|PT_Mentalization Based Treatment|PT_Sleep Pattern Monitoring And Manipulation,100.87015760454602,100.0,100.04859613242586,105.82089444931702,117.48544088688385,101.65285097570167,-4.950736844771001
2028-12-01,RMD_Othello Syndrome,8,PT_Animal Assisted Therapy|PT_Biofeedback Devices|PT_Cbt For Insomnia|PT_Chronotherapy|PT_Dialectical Behavior Therapy|PT_Interpersonal Psychotherapy|PT_Mentalization Based Treatment|PT_Sleep Pattern Monitoring And Manipulation,100.93902920173043,100.0,100.0694296985885,106.43408755439708,119.60506861096165,101.82113827573505,-5.495058352666646
2026-01-01,RMD_Palilalia,8,PT_Acceptance And Commitment Therapy|PT_Chronotherapy|PT_Dialectical Behavior Therapy|PT_Dietary Interventions And Supplements|PT_Memory Retrieval Techniques|PT_Neurofeedback Systems|PT_Neuroplasticity Techniques|PT_Psychoeducation Programs,100.0,100.0,100.0,100.0,100.0,100.0,0.0
2026-02-01,RMD_Palilalia,8,PT_Acceptance And Commitment Therapy|PT_Chronotherapy|PT_Dialectical Behavior Therapy|PT_Dietary Interventions And Supplements|PT_Memory Retrieval Techniques|PT_Neurofeedback Systems|PT_Neuroplasticity Techniques|PT_Psychoeducation Programs,99.8984682797491,100.0,99.98695855336472,99.71650889123346,99.2910713490642,99.90120295379546,0.18195938851563653
2026-03-01,RMD_Palilalia,8,PT_Acceptance And Commitment Therapy|PT_Chronotherapy|PT_Dialectical Behavior Therapy|PT_Dietary Interventions And Supplements|PT_Memory Retrieval Techniques|PT_Neurofeedback Systems|PT_Neuroplasticity Techniques|PT_Psychoeducation Programs,99.80623562273313,100.0,99.9763418214411,99.3431387922023,98.29293561170797,99.78152680739007,0.46309683053083006
2026-04-01,RMD_Palilalia,8,PT_Acceptance And Commitment Therapy|PT_Chronotherapy|PT_Dialectical Behavior Therapy|PT_Dietary Interventions And Supplements|PT_Memory Retrieval Techniques|PT_Neurofeedback Systems|PT_Neuroplasticity Techniques|PT_Psychoeducation Programs,99.81130111642372,100.0,99.97720615192192,99.0823632825143,97.52513712219982,99.70569743868357,0.728937833909427
2026-05-01,RMD_Palilalia,8,PT_Acceptance And Commitment Therapy|PT_Chronotherapy|PT_Dialectical Behavior Therapy|PT_Dietary Interventions And Supplements|PT_Memory Retrieval Techniques|PT_Neurofeedback Systems|PT_Neuroplasticity Techniques|PT_Psychoeducation Programs,99.8346874285354,100.0,99.98066347384517,98.81924272763122,96.71355026278769,99.63369824048372,1.0154447009041832
2026-06-01,RMD_Palilalia,8,PT_Acceptance And Commitment Therapy|PT_Chronotherapy|PT_Dialectical Behavior Therapy|PT_Dietary Interventions And Supplements|PT_Memory Retrieval Techniques|PT_Neurofeedback Systems|PT_Neuroplasticity Techniques|PT_Psychoeducation Programs,99.8838171711732,100.0,99.98699679807626,98.63488110999094,96.11145634493403,99.58650173178424,1.2489360611822633
2026-07-01,RMD_Palilalia,8,PT_Acceptance And Commitment Therapy|PT_Chronotherapy|PT_Dialectical Behavior Therapy|PT_Dietary Interventions And Supplements|PT_Memory Retrieval Techniques|PT_Neurofeedback Systems|PT_Neuroplasticity Techniques|PT_Psychoeducation Programs,99.99585886647192,100.0,99.99954106346152,98.62827824080112,95.98891941200358,99.5942288005067,1.3675806256707972
2026-08-01,RMD_Palilalia,8,PT_Acceptance And Commitment Therapy|PT_Chronotherapy|PT_Dialectical Behavior Therapy|PT_Dietary Interventions And Supplements|PT_Memory Retrieval Techniques|PT_Neurofeedback Systems|PT_Neuroplasticity Techniques|PT_Psychoeducation Programs,100.1348364169064,100.0,100.0152366930777,98.65716444267407,95.94651810806961,99.61480762601629,1.4776719742323223
2026-09-01,RMD_Palilalia,8,PT_Acceptance And Commitment Therapy|PT_Chronotherapy|PT_Dialectical Behavior Therapy|PT_Dietary Interventions And Supplements|PT_Memory Retrieval Techniques|PT_Neurofeedback Systems|PT_Neuroplasticity Techniques|PT_Psychoeducation Programs,100.32539326440934,100.0,100.03598827355952,98.82131760632916,96.2769156894557,99.67635726495932,1.5040756580801826
2026-10-01,RMD_Palilalia,8,PT_Acceptance And Commitment Therapy|PT_Chronotherapy|PT_Dialectical Behavior Therapy|PT_Dietary Interventions And Supplements|PT_Memory Retrieval Techniques|PT_Neurofeedback Systems|PT_Neuroplasticity Techniques|PT_Psychoeducation Programs,100.5105980665713,100.0,100.05607439606055,99.00198334628871,96.65089473035246,99.74315837461442,1.5086147202825941
2026-11-01,RMD_Palilalia,8,PT_Acceptance And Commitment Therapy|PT_Chronotherapy|PT_Dialectical Behavior Therapy|PT_Dietary Interventions And Supplements|PT_Memory Retrieval Techniques|PT_Neurofeedback Systems|PT_Neuroplasticity Techniques|PT_Psychoeducation Programs,100.6706232979063,100.0,100.07331511202297,99.1503047532121,96.95128264135984,99.79847564552053,1.5203185446942058
2026-12-01,RMD_Palilalia,8,PT_Acceptance And Commitment Therapy|PT_Chronotherapy|PT_Dialectical Behavior Therapy|PT_Dietary Interventions And Supplements|PT_Memory Retrieval Techniques|PT_Neurofeedback Systems|PT_Neuroplasticity Techniques|PT_Psychoeducation Programs,100.81024790045454,100.0,100.08868948606221,99.21459357286871,97.0234330618439,99.82822953104166,1.5956543275858337
2027-01-01,RMD_Palilalia,8,PT_Acceptance And Commitment Therapy|PT_Chronotherapy|PT_Dialectical Behavior Therapy|PT_Dietary Interventions And Supplements|PT_Memory Retrieval Techniques|PT_Neurofeedback Systems|PT_Neuroplasticity Techniques|PT_Psychoeducation Programs,100.99228214725908,100.0,100.10856908712091,99.33356409154408,97.22765362004677,99.8762067539385,1.6587180557149992
2027-02-01,RMD_Palilalia,8,PT_Acceptance And Commitment Therapy|PT_Chronotherapy|PT_Dialectical Behavior Therapy|PT_Dietary Interventions And Supplements|PT_Memory Retrieval Techniques|PT_Neurofeedback Systems|PT_Neuroplasticity Techniques|PT_Psychoeducation Programs,101.19873798955732,100.0,100.13082750923743,99.52866752911017,97.646539879641,99.94684470687118,1.6700704604471497
2027-03-01,RMD_Palilalia,8,PT_Acceptance And Commitment Therapy|PT_Chronotherapy|PT_Dialectical Behavior Therapy|PT_Dietary Interventions And Supplements|PT_Memory Retrieval Techniques|PT_Neurofeedback Systems|PT_Neuroplasticity Techniques|PT_Psychoeducation Programs,101.38657721818247,100.0,100.15126548308463,99.71373157964298,98.02415134744263,100.0160880506821,1.672845638539485
2027-04-01,RMD_Palilalia,8,PT_Acceptance And Commitment Therapy|PT_Chronotherapy|PT_Dialectical Behavior Therapy|PT_Dietary Interventions And Supplements|PT_Memory Retrieval Techniques|PT_Neurofeedback Systems|PT_Neuroplasticity Techniques|PT_Psychoeducation Programs,101.59013056957039,100.0,100.17357744779731,99.94043369071318,98.50358571879943,100.09928415848151,1.6496968788572133
2027-05-01,RMD_Palilalia,8,PT_Acceptance And Commitment Therapy|PT_Chronotherapy|PT_Dialectical Behavior Therapy|PT_Dietary Interventions And Supplements|PT_Memory Retrieval Techniques|PT_Neurofeedback Systems|PT_Neuroplasticity Techniques|PT_Psychoeducation Programs,101.79978469803095,100.0,100.19686847712542,100.1673411283212,98.96361649327193,100.18518273850252,1.63244356970975
2027-06-01,RMD_Palilalia,8,PT_Acceptance And Commitment Therapy|PT_Chronotherapy|PT_Dialectical Behavior Therapy|PT_Dietary Interventions And Supplements|PT_Memory Retrieval Techniques|PT_Neurofeedback Systems|PT_Neuroplasticity Techniques|PT_Psychoeducation Programs,102.02579075776643,100.0,100.22138333722282,100.46845789936039,99.64277303761394,100.29192038209888,1.557332858406042
2027-07-01,RMD_Palilalia,8,PT_Acceptance And Commitment Therapy|PT_Chronotherapy|PT_Dialectical Behavior Therapy|PT_Dietary Interventions And Supplements|PT_Memory Retrieval Techniques|PT_Neurofeedback Systems|PT_Neuroplasticity Techniques|PT_Psychoeducation Programs,102.25175984309541,100.0,100.24582170789714,100.7781335450286,100.35010771218641,100.400699893596,1.4736262980668187
2027-08-01,RMD_Palilalia,8,PT_Acceptance And Commitment Therapy|PT_Chronotherapy|PT_Dialectical Behavior Therapy|PT_Dietary Interventions And Supplements|PT_Memory Retrieval Techniques|PT_Neurofeedback Systems|PT_Neuroplasticity Techniques|PT_Psychoeducation Programs,102.49188088251253,100.0,100.27214171837926,101.08407008637656,101.0301991849723,100.51067383108735,1.4078107961359763
2027-09-01,RMD_Palilalia,8,PT_Acceptance And Commitment Therapy|PT_Chronotherapy|PT_Dialectical Behavior Therapy|PT_Dietary Interventions And Supplements|PT_Memory Retrieval Techniques|PT_Neurofeedback Systems|PT_Neuroplasticity Techniques|PT_Psychoeducation Programs,102.81187588357277,100.0,100.30637838415024,101.57440066534444,102.22398785757852,100.67609849490314,1.237475218228326
2027-10-01,RMD_Palilalia,8,PT_Acceptance And Commitment Therapy|PT_Chronotherapy|PT_Dialectical Behavior Therapy|PT_Dietary Interventions And Supplements|PT_Memory Retrieval Techniques|PT_Neurofeedback Systems|PT_Neuroplasticity Techniques|PT_Psychoeducation Programs,103.14349933547749,100.0,100.34145643357509,102.13919993758073,103.63214336100798,100.86302282661512,1.0042993978967587
2027-11-01,RMD_Palilalia,8,PT_Acceptance And Commitment Therapy|PT_Chronotherapy|PT_Dialectical Behavior Therapy|PT_Dietary Interventions And Supplements|PT_Memory Retrieval Techniques|PT_Neurofeedback Systems|PT_Neuroplasticity Techniques|PT_Psychoeducation Programs,103.4794950109509,100.0,100.37691693011536,102.71762640793217,105.08450871847596,101.05344369028788,0.7618686030187263
2027-12-01,RMD_Palilalia,8,PT_Acceptance And Commitment Therapy|PT_Chronotherapy|PT_Dialectical Behavior Therapy|PT_Dietary Interventions And Supplements|PT_Memory Retrieval Techniques|PT_Neurofeedback Systems|PT_Neuroplasticity Techniques|PT_Psychoeducation Programs,103.79796481774298,100.0,100.41012098867475,103.28079387452581,106.5209343123107,101.2363043045111,0.5171709432171667
2028-01-01,RMD_Palilalia,8,PT_Acceptance And Commitment Therapy|PT_Chronotherapy|PT_Dialectical Behavior Therapy|PT_Dietary Interventions And Supplements|PT_Memory Retrieval Techniques|PT_Neurofeedback Systems|PT_Neuroplasticity Techniques|PT_Psychoeducation Programs,104.08096692509928,100.0,100.43918696944546,103.80380379298633,107.87568394422094,101.40341717936901,0.2771631321129462
2028-02-01,RMD_Palilalia,8,PT_Acceptance And Commitment Therapy|PT_Chronotherapy|PT_Dialectical Behavior Therapy|PT_Dietary Interventions And Supplements|PT_Memory Retrieval Techniques|PT_Neurofeedback Systems|PT_Neuroplasticity Techniques|PT_Psychoeducation Programs,104.3648564182116,100.0,100.46833708858156,104.34780024494376,109.28983218570866,101.57666233070013,0.017056173267846475
2028-03-01,RMD_Palilalia,8,PT_Acceptance And Commitment Therapy|PT_Chronotherapy|PT_Dialectical Behavior Therapy|PT_Dietary Interventions And Supplements|PT_Memory Retrieval Techniques|PT_Neurofeedback Systems|PT_Neuroplasticity Techniques|PT_Psychoeducation Programs,104.60472788038484,100.0,100.49283665079435,104.81615007770529,110.5045188080398,101.72614574479401,-0.2114221973204451
2028-04-01,RMD_Palilalia,8,PT_Acceptance And Commitment Therapy|PT_Chronotherapy|PT_Dialectical Behavior Therapy|PT_Dietary Interventions And Supplements|PT_Memory Retrieval Techniques|PT_Neurofeedback Systems|PT_Neuroplasticity Techniques|PT_Psychoeducation Programs,104.8842636371317,100.0,100.52213974877661,105.31244593292976,111.7576984268756,101.88809389496178,-0.42818229579806655
2028-05-01,RMD_Palilalia,8,PT_Acceptance And Commitment Therapy|PT_Chronotherapy|PT_Dialectical Behavior Therapy|PT_Dietary Interventions And Supplements|PT_Memory Retrieval Techniques|PT_Neurofeedback Systems|PT_Neuroplasticity Techniques|PT_Psychoeducation Programs,105.18818401496576,100.0,100.55357690166282,105.89125063637718,113.24726167505305,102.0737370546576,-0.7030666214114234
2028-06-01,RMD_Palilalia,8,PT_Acceptance And Commitment Therapy|PT_Chronotherapy|PT_Dialectical Behavior Therapy|PT_Dietary Interventions And Supplements|PT_Memory Retrieval Techniques|PT_Neurofeedback Systems|PT_Neuroplasticity Techniques|PT_Psychoeducation Programs,105.52034359576473,100.0,100.58828780185691,106.51476249176937,114.83647143598189,102.27538151901359,-0.9944188960046461
2028-07-01,RMD_Palilalia,8,PT_Acceptance And Commitment Therapy|PT_Chronotherapy|PT_Dialectical Behavior Therapy|PT_Dietary Interventions And Supplements|PT_Memory Retrieval Techniques|PT_Neurofeedback Systems|PT_Neuroplasticity Techniques|PT_Psychoeducation Programs,105.86397448618054,100.0,100.62436021378181,107.15810456805077,116.46202845600322,102.48501996292876,-1.294130081870236
2028-08-01,RMD_Palilalia,8,PT_Acceptance And Commitment Therapy|PT_Chronotherapy|PT_Dialectical Behavior Therapy|PT_Dietary Interventions And Supplements|PT_Memory Retrieval Techniques|PT_Neurofeedback Systems|PT_Neuroplasticity Techniques|PT_Psychoeducation Programs,106.23278494742331,100.0,100.66379051137999,107.8086222664959,118.0647870160203,102.7016314524527,-1.5758373190725905
2028-09-01,RMD_Palilalia,8,PT_Acceptance And Commitment Therapy|PT_Chronotherapy|PT_Dialectical Behavior Therapy|PT_Dietary Interventions And Supplements|PT_Memory Retrieval Techniques|PT_Neurofeedback Systems|PT_Neuroplasticity Techniques|PT_Psychoeducation Programs,106.59101148480528,100.0,100.70127032868959,108.50927206014813,119.84620886899177,102.92839222654217,-1.918260575342856
2028-10-01,RMD_Palilalia,8,PT_Acceptance And Commitment Therapy|PT_Chronotherapy|PT_Dialectical Behavior Therapy|PT_Dietary Interventions And Supplements|PT_Memory Retrieval Techniques|PT_Neurofeedback Systems|PT_Neuroplasticity Techniques|PT_Psychoeducation Programs,106.95500602960134,100.0,100.73907905051843,109.25004698195384,121.742511970341,103.16622312758378,-2.295040952352508
2028-11-01,RMD_Palilalia,8,PT_Acceptance And Commitment Therapy|PT_Chronotherapy|PT_Dialectical Behavior Therapy|PT_Dietary Interventions And Supplements|PT_Memory Retrieval Techniques|PT_Neurofeedback Systems|PT_Neuroplasticity Techniques|PT_Psychoeducation Programs,107.36214970678371,100.0,100.78146183984752,110.07357930515987,123.8585232560002,103.42975086942869,-2.7114295983761565
2028-12-01,RMD_Palilalia,8,PT_Acceptance And Commitment Therapy|PT_Chronotherapy|PT_Dialectical Behavior Therapy|PT_Dietary Interventions And Supplements|PT_Memory Retrieval Techniques|PT_Neurofeedback Systems|PT_Neuroplasticity Techniques|PT_Psychoeducation Programs,107.77518155820133,100.0,100.82387522494584,110.95200946058233,126.152255242822,103.70690440948714,-3.1768279023810067
2026-01-01,RMD_Postpartum Psychosis,8,PT_Digital Health Tools|PT_Digital Imaging Technologies For Brain Scanning|PT_Metaverse|PT_Mood Stabilizers|PT_Neuromodulation Techniques|PT_Pharmacogenomic Testing|PT_Psilocybin Assisted Therapy|PT_Traditional And Alternative Medicine Approaches,100.0,100.0,100.0,100.0,100.0,100.0,0.0
2026-02-01,RMD_Postpartum Psychosis,8,PT_Digital Health Tools|PT_Digital Imaging Technologies For Brain Scanning|PT_Metaverse|PT_Mood Stabilizers|PT_Neuromodulation Techniques|PT_Pharmacogenomic Testing|PT_Psilocybin Assisted Therapy|PT_Traditional And Alternative Medicine Approaches,98.7081537923985,100.0,99.39110901192497,99.68495897741236,99.48688068598732,99.83336272139378,-0.976805185013859
2026-03-01,RMD_Postpartum Psychosis,8,PT_Digital Health Tools|PT_Digital Imaging Technologies For Brain Scanning|PT_Metaverse|PT_Mood Stabilizers|PT_Neuromodulation Techniques|PT_Pharmacogenomic Testing|PT_Psilocybin Assisted Therapy|PT_Traditional And Alternative Medicine Approaches,97.84218539968421,100.0,98.98432209725155,99.28054146147241,98.69993252929156,99.64083962350514,-1.4383560617881983
2026-04-01,RMD_Postpartum Psychosis,8,PT_Digital Health Tools|PT_Digital Imaging Technologies For Brain Scanning|PT_Metaverse|PT_Mood Stabilizers|PT_Neuromodulation Techniques|PT_Pharmacogenomic Testing|PT_Psilocybin Assisted Therapy|PT_Traditional And Alternative Medicine Approaches,97.46452188295774,100.0,98.80958771262833,98.99869548115736,98.09515701229964,99.51710927089027,-1.5341735981996152
2026-05-01,RMD_Postpartum Psychosis,8,PT_Digital Health Tools|PT_Digital Imaging Technologies For Brain Scanning|PT_Metaverse|PT_Mood Stabilizers|PT_Neuromodulation Techniques|PT_Pharmacogenomic Testing|PT_Psilocybin Assisted Therapy|PT_Traditional And Alternative Medicine Approaches,97.28782703623082,100.0,98.73034089573777,98.71594165503502,97.44749347267954,99.40005428294938,-1.4281146188042015
2026-06-01,RMD_Postpartum Psychosis,8,PT_Digital Health Tools|PT_Digital Imaging Technologies For Brain Scanning|PT_Metaverse|PT_Mood Stabilizers|PT_Neuromodulation Techniques|PT_Pharmacogenomic Testing|PT_Psilocybin Assisted Therapy|PT_Traditional And Alternative Medicine Approaches,97.15866968942942,100.0,98.67265696763418,98.5171543023523,96.97461136129364,99.32132361534745,-1.3584846129228794
2026-07-01,RMD_Postpartum Psychosis,8,PT_Digital Health Tools|PT_Digital Imaging Technologies For Brain Scanning|PT_Metaverse|PT_Mood Stabilizers|PT_Neuromodulation Techniques|PT_Pharmacogenomic Testing|PT_Psilocybin Assisted Therapy|PT_Traditional And Alternative Medicine Approaches,96.9823789013504,100.0,98.59095940681023,98.4982748150542,96.89432691708252,99.32164557827386,-1.515895913703801
2026-08-01,RMD_Postpartum Psychosis,8,PT_Digital Health Tools|PT_Digital Imaging Technologies For Brain Scanning|PT_Metaverse|PT_Mood Stabilizers|PT_Neuromodulation Techniques|PT_Pharmacogenomic Testing|PT_Psilocybin Assisted Therapy|PT_Traditional And Alternative Medicine Approaches,96.8649392553381,100.0,98.53729908814951,98.51998282874501,96.88348186847753,99.34305611287934,-1.655043573406914
2026-09-01,RMD_Postpartum Psychosis,8,PT_Digital Health Tools|PT_Digital Imaging Technologies For Brain Scanning|PT_Metaverse|PT_Mood Stabilizers|PT_Neuromodulation Techniques|PT_Pharmacogenomic Testing|PT_Psilocybin Assisted Therapy|PT_Traditional And Alternative Medicine Approaches,96.69233550242117,100.0,98.45534547945194,98.67670665902429,97.16821620191547,99.42324634574761,-1.9843711566031175
2026-10-01,RMD_Postpartum Psychosis,8,PT_Digital Health Tools|PT_Digital Imaging Technologies For Brain Scanning|PT_Metaverse|PT_Mood Stabilizers|PT_Neuromodulation Techniques|PT_Pharmacogenomic Testing|PT_Psilocybin Assisted Therapy|PT_Traditional And Alternative Medicine Approaches,96.50112484876843,100.0,98.36450335171239,98.85067338381985,97.49232427869633,99.51114222465435,-2.349548535051426
2026-11-01,RMD_Postpartum Psychosis,8,PT_Digital Health Tools|PT_Digital Imaging Technologies For Brain Scanning|PT_Metaverse|PT_Mood Stabilizers|PT_Neuromodulation Techniques|PT_Pharmacogenomic Testing|PT_Psilocybin Assisted Therapy|PT_Traditional And Alternative Medicine Approaches,96.25026503721936,100.0,98.245367933936,98.98853007844467,97.74975602957936,99.5809867154877,-2.7382650412253042
2026-12-01,RMD_Postpartum Psychosis,8,PT_Digital Health Tools|PT_Digital Imaging Technologies For Brain Scanning|PT_Metaverse|PT_Mood Stabilizers|PT_Neuromodulation Techniques|PT_Pharmacogenomic Testing|PT_Psilocybin Assisted Therapy|PT_Traditional And Alternative Medicine Approaches,96.00190028782107,100.0,98.12703723804816,99.04316757406987,97.82038699899718,99.61505039310063,-3.0412672862487966
2027-01-01,RMD_Postpartum Psychosis,8,PT_Digital Health Tools|PT_Digital Imaging Technologies For Brain Scanning|PT_Metaverse|PT_Mood Stabilizers|PT_Neuromodulation Techniques|PT_Pharmacogenomic Testing|PT_Psilocybin Assisted Therapy|PT_Traditional And Alternative Medicine Approaches,95.67838062991329,100.0,97.9736828508736,99.16062552922934,98.02181478073057,99.67842342911337,-3.4822448993160435
2027-02-01,RMD_Postpartum Psychosis,8,PT_Digital Health Tools|PT_Digital Imaging Technologies For Brain Scanning|PT_Metaverse|PT_Mood Stabilizers|PT_Neuromodulation Techniques|PT_Pharmacogenomic Testing|PT_Psilocybin Assisted Therapy|PT_Traditional And Alternative Medicine Approaches,95.34408270757275,100.0,97.81425647126709,99.36068510120658,98.40539793298208,99.77763093883424,-4.016602393633832
2027-03-01,RMD_Postpartum Psychosis,8,PT_Digital Health Tools|PT_Digital Imaging Technologies For Brain Scanning|PT_Metaverse|PT_Mood Stabilizers|PT_Neuromodulation Techniques|PT_Pharmacogenomic Testing|PT_Psilocybin Assisted Therapy|PT_Traditional And Alternative Medicine Approaches,95.18067128889557,100.0,97.73636305028003,99.5534819067257,98.75420094528069,99.87676332387227,-4.372810617830126
2027-04-01,RMD_Postpartum Psychosis,8,PT_Digital Health Tools|PT_Digital Imaging Technologies For Brain Scanning|PT_Metaverse|PT_Mood Stabilizers|PT_Neuromodulation Techniques|PT_Pharmacogenomic Testing|PT_Psilocybin Assisted Therapy|PT_Traditional And Alternative Medicine Approaches,95.11118330292287,100.0,97.70384497032816,99.79559264946276,99.19946962876949,99.99954925190305,-4.684409346539894
2027-05-01,RMD_Postpartum Psychosis,8,PT_Digital Health Tools|PT_Digital Imaging Technologies For Brain Scanning|PT_Metaverse|PT_Mood Stabilizers|PT_Neuromodulation Techniques|PT_Pharmacogenomic Testing|PT_Psilocybin Assisted Therapy|PT_Traditional And Alternative Medicine Approaches,95.18567151466334,100.0,97.73965509436964,100.04340367573798,99.63486033805121,100.12867784958385,-4.857732161074637
2027-06-01,RMD_Postpartum Psychosis,8,PT_Digital Health Tools|PT_Digital Imaging Technologies For Brain Scanning|PT_Metaverse|PT_Mood Stabilizers|PT_Neuromodulation Techniques|PT_Pharmacogenomic Testing|PT_Psilocybin Assisted Therapy|PT_Traditional And Alternative Medicine Approaches,95.17547913527005,100.0,97.73451584776308,100.36103854348924,100.24061156403388,100.28506597503306,-5.185559408219191
2027-07-01,RMD_Postpartum Psychosis,8,PT_Digital Health Tools|PT_Digital Imaging Technologies For Brain Scanning|PT_Metaverse|PT_Mood Stabilizers|PT_Neuromodulation Techniques|PT_Pharmacogenomic Testing|PT_Psilocybin Assisted Therapy|PT_Traditional And Alternative Medicine Approaches,95.12909320249106,100.0,97.7123677066935,100.68660934227682,100.8744424859269,100.44328928916273,-5.557516139785761
2027-08-01,RMD_Postpartum Psychosis,8,PT_Digital Health Tools|PT_Digital Imaging Technologies For Brain Scanning|PT_Metaverse|PT_Mood Stabilizers|PT_Neuromodulation Techniques|PT_Pharmacogenomic Testing|PT_Psilocybin Assisted Therapy|PT_Traditional And Alternative Medicine Approaches,95.22146100940112,100.0,97.75669142253341,101.01018535061715,101.48615158096804,100.60375561167966,-5.7887243412160245
2027-09-01,RMD_Postpartum Psychosis,8,PT_Digital Health Tools|PT_Digital Imaging Technologies For Brain Scanning|PT_Metaverse|PT_Mood Stabilizers|PT_Neuromodulation Techniques|PT_Pharmacogenomic Testing|PT_Psilocybin Assisted Therapy|PT_Traditional And Alternative Medicine Approaches,95.27065514978302,100.0,97.77866581683158,101.52285884720752,102.51922017192855,100.84524927067348,-6.252203697424491
2027-10-01,RMD_Postpartum Psychosis,8,PT_Digital Health Tools|PT_Digital Imaging Technologies For Brain Scanning|PT_Metaverse|PT_Mood Stabilizers|PT_Neuromodulation Techniques|PT_Pharmacogenomic Testing|PT_Psilocybin Assisted Therapy|PT_Traditional And Alternative Medicine Approaches,95.27269564595493,100.0,97.7787938407684,102.10933959034662,103.72991097216708,101.11649230406651,-6.836643944391696
2027-11-01,RMD_Postpartum Psychosis,8,PT_Digital Health Tools|PT_Digital Imaging Technologies For Brain Scanning|PT_Metaverse|PT_Mood Stabilizers|PT_Neuromodulation Techniques|PT_Pharmacogenomic Testing|PT_Psilocybin Assisted Therapy|PT_Traditional And Alternative Medicine Approaches,95.30926295358992,100.0,97.79505288074434,102.70794347171477,104.97207486330144,101.39185646291743,-7.3986805181248485
2027-12-01,RMD_Postpartum Psychosis,8,PT_Digital Health Tools|PT_Digital Imaging Technologies For Brain Scanning|PT_Metaverse|PT_Mood Stabilizers|PT_Neuromodulation Techniques|PT_Pharmacogenomic Testing|PT_Psilocybin Assisted Therapy|PT_Traditional And Alternative Medicine Approaches,95.22717843926893,100.0,97.7542864014346,103.28109061554848,106.18620223148963,101.65109027915581,-8.053912176279553
2028-01-01,RMD_Postpartum Psychosis,8,PT_Digital Health Tools|PT_Digital Imaging Technologies For Brain Scanning|PT_Metaverse|PT_Mood Stabilizers|PT_Neuromodulation Techniques|PT_Pharmacogenomic Testing|PT_Psilocybin Assisted Therapy|PT_Traditional And Alternative Medicine Approaches,94.99985504396007,100.0,97.64539289860367,103.80885782066241,107.33196952817649,101.88514659454984,-8.809002776702343
2028-02-01,RMD_Postpartum Psychosis,8,PT_Digital Health Tools|PT_Digital Imaging Technologies For Brain Scanning|PT_Metaverse|PT_Mood Stabilizers|PT_Neuromodulation Techniques|PT_Pharmacogenomic Testing|PT_Psilocybin Assisted Therapy|PT_Traditional And Alternative Medicine Approaches,94.80802820086927,100.0,97.55363631417256,104.36254494994712,108.53570948118013,102.13036429139233,-9.554516749077848
2028-03-01,RMD_Postpartum Psychosis,8,PT_Digital Health Tools|PT_Digital Imaging Technologies For Brain Scanning|PT_Metaverse|PT_Mood Stabilizers|PT_Neuromodulation Techniques|PT_Pharmacogenomic Testing|PT_Psilocybin Assisted Therapy|PT_Traditional And Alternative Medicine Approaches,94.66109227356023,100.0,97.48368037726826,104.83686041722494,109.56478025565647,102.3408743847691,-10.175768143664712
2028-04-01,RMD_Postpartum Psychosis,8,PT_Digital Health Tools|PT_Digital Imaging Technologies For Brain Scanning|PT_Metaverse|PT_Mood Stabilizers|PT_Neuromodulation Techniques|PT_Pharmacogenomic Testing|PT_Psilocybin Assisted Therapy|PT_Traditional And Alternative Medicine Approaches,94.64018223853138,100.0,97.47420660594369,105.34811965061894,110.64753229380895,102.57256963870286,-10.70793741208756
2028-05-01,RMD_Postpartum Psychosis,8,PT_Digital Health Tools|PT_Digital Imaging Technologies For Brain Scanning|PT_Metaverse|PT_Mood Stabilizers|PT_Neuromodulation Techniques|PT_Pharmacogenomic Testing|PT_Psilocybin Assisted Therapy|PT_Traditional And Alternative Medicine Approaches,94.52315675263317,100.0,97.41840645862472,105.93951634792529,111.92452813245328,102.83631093591082,-11.416359595292121
2028-06-01,RMD_Postpartum Psychosis,8,PT_Digital Health Tools|PT_Digital Imaging Technologies For Brain Scanning|PT_Metaverse|PT_Mood Stabilizers|PT_Neuromodulation Techniques|PT_Pharmacogenomic Testing|PT_Psilocybin Assisted Therapy|PT_Traditional And Alternative Medicine Approaches,94.51642917614564,100.0,97.41484007752764,106.5807025207296,113.29082293023197,103.12543364381649,-12.064273344583967
2028-07-01,RMD_Postpartum Psychosis,8,PT_Digital Health Tools|PT_Digital Imaging Technologies For Brain Scanning|PT_Metaverse|PT_Mood Stabilizers|PT_Neuromodulation Techniques|PT_Pharmacogenomic Testing|PT_Psilocybin Assisted Therapy|PT_Traditional And Alternative Medicine Approaches,94.56878507544735,100.0,97.43934751686143,107.24055202706838,114.68698478463858,103.42495575424483,-12.671766951621024
2028-08-01,RMD_Postpartum Psychosis,8,PT_Digital Health Tools|PT_Digital Imaging Technologies For Brain Scanning|PT_Metaverse|PT_Mood Stabilizers|PT_Neuromodulation Techniques|PT_Pharmacogenomic Testing|PT_Psilocybin Assisted Therapy|PT_Traditional And Alternative Medicine Approaches,94.86094978227806,100.0,97.5781620426402,107.91847198804707,116.07841488216975,103.74023258387162,-13.057522205769018
2028-09-01,RMD_Postpartum Psychosis,8,PT_Digital Health Tools|PT_Digital Imaging Technologies For Brain Scanning|PT_Metaverse|PT_Mood Stabilizers|PT_Neuromodulation Techniques|PT_Pharmacogenomic Testing|PT_Psilocybin Assisted Therapy|PT_Traditional And Alternative Medicine Approaches,94.97953089397066,100.0,97.63299286586611,108.63690534015284,117.59742972348062,104.0661985826548,-13.657374446182175
2028-10-01,RMD_Postpartum Psychosis,8,PT_Digital Health Tools|PT_Digital Imaging Technologies For Brain Scanning|PT_Metaverse|PT_Mood Stabilizers|PT_Neuromodulation Techniques|PT_Pharmacogenomic Testing|PT_Psilocybin Assisted Therapy|PT_Traditional And Alternative Medicine Approaches,95.03274541789918,100.0,97.65651269197303,109.39506157819298,119.21195179617663,104.40827345985547,-14.362316160293801
2028-11-01,RMD_Postpartum Psychosis,8,PT_Digital Health Tools|PT_Digital Imaging Technologies For Brain Scanning|PT_Metaverse|PT_Mood Stabilizers|PT_Neuromodulation Techniques|PT_Pharmacogenomic Testing|PT_Psilocybin Assisted Therapy|PT_Traditional And Alternative Medicine Approaches,95.1269011843262,100.0,97.69866000088702,110.24263136451633,121.01426762851426,104.79072248802646,-15.115730180190127
2028-12-01,RMD_Postpartum Psychosis,8,PT_Digital Health Tools|PT_Digital Imaging Technologies For Brain Scanning|PT_Metaverse|PT_Mood Stabilizers|PT_Neuromodulation Techniques|PT_Pharmacogenomic Testing|PT_Psilocybin Assisted Therapy|PT_Traditional And Alternative Medicine Approaches,95.12941644940938,100.0,97.69630984718971,111.1403488240031,122.94938349870593,105.1905145858328,-16.01093237459372
2026-01-01,RMD_Pyromania,8,PT_Cbt For Insomnia|PT_Deep Brain Stimulation|PT_Machine Learning Neuroimaging|PT_Schema Therapy|PT_Selective Serotonin Reuptake Inhibitors|PT_Smart Wearable Mental Health Trackers|PT_Transcranial Direct Current Stimulation|PT_Vocal And Speech Biomarkers,100.0,100.0,100.0,100.0,100.0,100.0,0.0
2026-02-01,RMD_Pyromania,8,PT_Cbt For Insomnia|PT_Deep Brain Stimulation|PT_Machine Learning Neuroimaging|PT_Schema Therapy|PT_Selective Serotonin Reuptake Inhibitors|PT_Smart Wearable Mental Health Trackers|PT_Transcranial Direct Current Stimulation|PT_Vocal And Speech Biomarkers,98.67989254173577,100.0,99.3442970609309,99.74665717625777,99.6501522277309,99.8648010420642,-1.066764634522002
2026-03-01,RMD_Pyromania,8,PT_Cbt For Insomnia|PT_Deep Brain Stimulation|PT_Machine Learning Neuroimaging|PT_Schema Therapy|PT_Selective Serotonin Reuptake Inhibitors|PT_Smart Wearable Mental Health Trackers|PT_Transcranial Direct Current Stimulation|PT_Vocal And Speech Biomarkers,97.77886176317998,100.0,98.89895526334851,99.33554942938183,98.90332751839536,99.67107351323843,-1.556687666201853
2026-04-01,RMD_Pyromania,8,PT_Cbt For Insomnia|PT_Deep Brain Stimulation|PT_Machine Learning Neuroimaging|PT_Schema Therapy|PT_Selective Serotonin Reuptake Inhibitors|PT_Smart Wearable Mental Health Trackers|PT_Transcranial Direct Current Stimulation|PT_Vocal And Speech Biomarkers,97.36196801137451,100.0,98.69595117638691,99.00749412838306,98.25122178263027,99.52810869794284,-1.6455261170085436
2026-05-01,RMD_Pyromania,8,PT_Cbt For Insomnia|PT_Deep Brain Stimulation|PT_Machine Learning Neuroimaging|PT_Schema Therapy|PT_Selective Serotonin Reuptake Inhibitors|PT_Smart Wearable Mental Health Trackers|PT_Transcranial Direct Current Stimulation|PT_Vocal And Speech Biomarkers,97.14406632899197,100.0,98.59282150459183,98.6593484940528,97.51881296427344,99.38296342753794,-1.5152821650608246
2026-06-01,RMD_Pyromania,8,PT_Cbt For Insomnia|PT_Deep Brain Stimulation|PT_Machine Learning Neuroimaging|PT_Schema Therapy|PT_Selective Serotonin Reuptake Inhibitors|PT_Smart Wearable Mental Health Trackers|PT_Transcranial Direct Current Stimulation|PT_Vocal And Speech Biomarkers,96.97847305648472,100.0,98.51473025442492,98.40809531300584,96.97726933422824,99.28196431722807,-1.429622256521128
2026-07-01,RMD_Pyromania,8,PT_Cbt For Insomnia|PT_Deep Brain Stimulation|PT_Machine Learning Neuroimaging|PT_Schema Therapy|PT_Selective Serotonin Reuptake Inhibitors|PT_Smart Wearable Mental Health Trackers|PT_Transcranial Direct Current Stimulation|PT_Vocal And Speech Biomarkers,96.75991649573129,100.0,98.40932277571282,98.3627680486067,96.86468341563128,99.27181392275367,-1.602851552875407
2026-08-01,RMD_Pyromania,8,PT_Cbt For Insomnia|PT_Deep Brain Stimulation|PT_Machine Learning Neuroimaging|PT_Schema Therapy|PT_Selective Serotonin Reuptake Inhibitors|PT_Smart Wearable Mental Health Trackers|PT_Transcranial Direct Current Stimulation|PT_Vocal And Speech Biomarkers,96.6015996495673,100.0,98.33428605589441,98.35407463893671,96.81095420436175,99.28104057762512,-1.7524749893694036
2026-09-01,RMD_Pyromania,8,PT_Cbt For Insomnia|PT_Deep Brain Stimulation|PT_Machine Learning Neuroimaging|PT_Schema Therapy|PT_Selective Serotonin Reuptake Inhibitors|PT_Smart Wearable Mental Health Trackers|PT_Transcranial Direct Current Stimulation|PT_Vocal And Speech Biomarkers,96.37734018966732,100.0,98.22486405158142,98.50537221093933,97.09147128251061,99.36050366579617,-2.1280320212720056
2026-10-01,RMD_Pyromania,8,PT_Cbt For Insomnia|PT_Deep Brain Stimulation|PT_Machine Learning Neuroimaging|PT_Schema Therapy|PT_Selective Serotonin Reuptake Inhibitors|PT_Smart Wearable Mental Health Trackers|PT_Transcranial Direct Current Stimulation|PT_Vocal And Speech Biomarkers,96.13748189079394,100.0,98.10743917775534,98.6751603304711,97.4052982061844,99.44916118536415,-2.5376784396771654
2026-11-01,RMD_Pyromania,8,PT_Cbt For Insomnia|PT_Deep Brain Stimulation|PT_Machine Learning Neuroimaging|PT_Schema Therapy|PT_Selective Serotonin Reuptake Inhibitors|PT_Smart Wearable Mental Health Trackers|PT_Transcranial Direct Current Stimulation|PT_Vocal And Speech Biomarkers,95.84257742663361,100.0,97.96233153174224,98.81527180329778,97.6628283947894,99.52324295329004,-2.9726943766641654
2026-12-01,RMD_Pyromania,8,PT_Cbt For Insomnia|PT_Deep Brain Stimulation|PT_Machine Learning Neuroimaging|PT_Schema Therapy|PT_Selective Serotonin Reuptake Inhibitors|PT_Smart Wearable Mental Health Trackers|PT_Transcranial Direct Current Stimulation|PT_Vocal And Speech Biomarkers,95.55204791381219,100.0,97.81889078657647,98.85784594794409,97.70817539600846,99.55589607413891,-3.3057980341318967
2027-01-01,RMD_Pyromania,8,PT_Cbt For Insomnia|PT_Deep Brain Stimulation|PT_Machine Learning Neuroimaging|PT_Schema Therapy|PT_Selective Serotonin Reuptake Inhibitors|PT_Smart Wearable Mental Health Trackers|PT_Transcranial Direct Current Stimulation|PT_Vocal And Speech Biomarkers,95.18014066787407,100.0,97.6359942365376,98.95933313486896,97.88470020874723,99.6158209955915,-3.7791924669948855
2027-02-01,RMD_Pyromania,8,PT_Cbt For Insomnia|PT_Deep Brain Stimulation|PT_Machine Learning Neuroimaging|PT_Schema Therapy|PT_Selective Serotonin Reuptake Inhibitors|PT_Smart Wearable Mental Health Trackers|PT_Transcranial Direct Current Stimulation|PT_Vocal And Speech Biomarkers,94.80060226980844,100.0,97.44844607313942,99.15255377590064,98.25613028401118,99.71571376660945,-4.351951506092206
2027-03-01,RMD_Pyromania,8,PT_Cbt For Insomnia|PT_Deep Brain Stimulation|PT_Machine Learning Neuroimaging|PT_Schema Therapy|PT_Selective Serotonin Reuptake Inhibitors|PT_Smart Wearable Mental Health Trackers|PT_Transcranial Direct Current Stimulation|PT_Vocal And Speech Biomarkers,94.59855410132133,100.0,97.34927856356784,99.33109111158389,98.57397462727673,99.81228751975165,-4.732537010262561
2027-04-01,RMD_Pyromania,8,PT_Cbt For Insomnia|PT_Deep Brain Stimulation|PT_Machine Learning Neuroimaging|PT_Schema Therapy|PT_Selective Serotonin Reuptake Inhibitors|PT_Smart Wearable Mental Health Trackers|PT_Transcranial Direct Current Stimulation|PT_Vocal And Speech Biomarkers,94.49277305335585,100.0,97.29852972363481,99.55951324098683,98.99026085362162,99.93239515045302,-5.066740187630984
2027-05-01,RMD_Pyromania,8,PT_Cbt For Insomnia|PT_Deep Brain Stimulation|PT_Machine Learning Neuroimaging|PT_Schema Therapy|PT_Selective Serotonin Reuptake Inhibitors|PT_Smart Wearable Mental Health Trackers|PT_Transcranial Direct Current Stimulation|PT_Vocal And Speech Biomarkers,94.53353923194409,100.0,97.32061834166929,99.78012866370327,99.36558752382794,100.05320095643569,-5.246589431759176
2027-06-01,RMD_Pyromania,8,PT_Cbt For Insomnia|PT_Deep Brain Stimulation|PT_Machine Learning Neuroimaging|PT_Schema Therapy|PT_Selective Serotonin Reuptake Inhibitors|PT_Smart Wearable Mental Health Trackers|PT_Transcranial Direct Current Stimulation|PT_Vocal And Speech Biomarkers,94.49118133509326,100.0,97.30059807704224,100.09820080523792,99.96188737466237,100.21308309585528,-5.607019470144664
2027-07-01,RMD_Pyromania,8,PT_Cbt For Insomnia|PT_Deep Brain Stimulation|PT_Machine Learning Neuroimaging|PT_Schema Therapy|PT_Selective Serotonin Reuptake Inhibitors|PT_Smart Wearable Mental Health Trackers|PT_Transcranial Direct Current Stimulation|PT_Vocal And Speech Biomarkers,94.41488800488393,100.0,97.26376916826884,100.43135309821153,100.59466871806784,100.3784002613109,-6.0164650933275965
2027-08-01,RMD_Pyromania,8,PT_Cbt For Insomnia|PT_Deep Brain Stimulation|PT_Machine Learning Neuroimaging|PT_Schema Therapy|PT_Selective Serotonin Reuptake Inhibitors|PT_Smart Wearable Mental Health Trackers|PT_Transcranial Direct Current Stimulation|PT_Vocal And Speech Biomarkers,94.48101252927852,100.0,97.29839881519132,100.74946244406718,101.17431742191009,100.54014062109458,-6.268449914788661
2027-09-01,RMD_Pyromania,8,PT_Cbt For Insomnia|PT_Deep Brain Stimulation|PT_Machine Learning Neuroimaging|PT_Schema Therapy|PT_Selective Serotonin Reuptake Inhibitors|PT_Smart Wearable Mental Health Trackers|PT_Transcranial Direct Current Stimulation|PT_Vocal And Speech Biomarkers,94.4999130467052,100.0,97.30789404096038,101.28999162220698,102.23033996054018,100.79767062947376,-6.790078575501781
2027-10-01,RMD_Pyromania,8,PT_Cbt For Insomnia|PT_Deep Brain Stimulation|PT_Machine Learning Neuroimaging|PT_Schema Therapy|PT_Selective Serotonin Reuptake Inhibitors|PT_Smart Wearable Mental Health Trackers|PT_Transcranial Direct Current Stimulation|PT_Vocal And Speech Biomarkers,94.47545515865883,100.0,97.29603373597861,101.92296113655232,103.49577427116117,101.09290210304358,-7.447505977893485
2027-11-01,RMD_Pyromania,8,PT_Cbt For Insomnia|PT_Deep Brain Stimulation|PT_Machine Learning Neuroimaging|PT_Schema Therapy|PT_Selective Serotonin Reuptake Inhibitors|PT_Smart Wearable Mental Health Trackers|PT_Transcranial Direct Current Stimulation|PT_Vocal And Speech Biomarkers,94.48966238109409,100.0,97.30295442902536,102.57553112733619,104.80373885836262,101.39557719922797,-8.085868746242099
2027-12-01,RMD_Pyromania,8,PT_Cbt For Insomnia|PT_Deep Brain Stimulation|PT_Machine Learning Neuroimaging|PT_Schema Therapy|PT_Selective Serotonin Reuptake Inhibitors|PT_Smart Wearable Mental Health Trackers|PT_Transcranial Direct Current Stimulation|PT_Vocal And Speech Biomarkers,94.38620069402555,100.0,97.2504688704085,103.22239645556914,106.11992707326225,101.69098053132858,-8.836195761543593
2028-01-01,RMD_Pyromania,8,PT_Cbt For Insomnia|PT_Deep Brain Stimulation|PT_Machine Learning Neuroimaging|PT_Schema Therapy|PT_Selective Serotonin Reuptake Inhibitors|PT_Smart Wearable Mental Health Trackers|PT_Transcranial Direct Current Stimulation|PT_Vocal And Speech Biomarkers,94.139948235503,100.0,97.12732766121593,103.8349966041756,107.39761753425435,101.96551379309714,-9.695048368672602
2028-02-01,RMD_Pyromania,8,PT_Cbt For Insomnia|PT_Deep Brain Stimulation|PT_Machine Learning Neuroimaging|PT_Schema Therapy|PT_Selective Serotonin Reuptake Inhibitors|PT_Smart Wearable Mental Health Trackers|PT_Transcranial Direct Current Stimulation|PT_Vocal And Speech Biomarkers,93.93566256591532,100.0,97.02521034805065,104.47548759207992,108.73834825605854,102.25154009411187,-10.539825026164593
2028-03-01,RMD_Pyromania,8,PT_Cbt For Insomnia|PT_Deep Brain Stimulation|PT_Machine Learning Neuroimaging|PT_Schema Therapy|PT_Selective Serotonin Reuptake Inhibitors|PT_Smart Wearable Mental Health Trackers|PT_Transcranial Direct Current Stimulation|PT_Vocal And Speech Biomarkers,93.77732752868549,100.0,96.9463860106001,105.02363125458118,109.88446067387984,102.4962988654222,-11.246303725895686
2028-04-01,RMD_Pyromania,8,PT_Cbt For Insomnia|PT_Deep Brain Stimulation|PT_Machine Learning Neuroimaging|PT_Schema Therapy|PT_Selective Serotonin Reuptake Inhibitors|PT_Smart Wearable Mental Health Trackers|PT_Transcranial Direct Current Stimulation|PT_Vocal And Speech Biomarkers,93.74762151813904,100.0,96.93200353627343,105.59651579053694,111.05087918433696,102.75825423096906,-11.8488942723979
2028-05-01,RMD_Pyromania,8,PT_Cbt For Insomnia|PT_Deep Brain Stimulation|PT_Machine Learning Neuroimaging|PT_Schema Therapy|PT_Selective Serotonin Reuptake Inhibitors|PT_Smart Wearable Mental Health Trackers|PT_Transcranial Direct Current Stimulation|PT_Vocal And Speech Biomarkers,93.62096622210127,100.0,96.86896675710986,106.27582948738832,112.45924905517012,103.06372202827868,-12.654863265287048
2028-06-01,RMD_Pyromania,8,PT_Cbt For Insomnia|PT_Deep Brain Stimulation|PT_Machine Learning Neuroimaging|PT_Schema Therapy|PT_Selective Serotonin Reuptake Inhibitors|PT_Smart Wearable Mental Health Trackers|PT_Transcranial Direct Current Stimulation|PT_Vocal And Speech Biomarkers,93.60784136808458,100.0,96.86222933588401,107.00148736674575,113.94425951141079,103.3930459378927,-13.393645998661171
2028-07-01,RMD_Pyromania,8,PT_Cbt For Insomnia|PT_Deep Brain Stimulation|PT_Machine Learning Neuroimaging|PT_Schema Therapy|PT_Selective Serotonin Reuptake Inhibitors|PT_Smart Wearable Mental Health Trackers|PT_Transcranial Direct Current Stimulation|PT_Vocal And Speech Biomarkers,93.65414672622664,100.0,96.8851644951865,107.74549937778873,115.4525287126564,103.73273506514458,-14.09135265156209
2028-08-01,RMD_Pyromania,8,PT_Cbt For Insomnia|PT_Deep Brain Stimulation|PT_Machine Learning Neuroimaging|PT_Schema Therapy|PT_Selective Serotonin Reuptake Inhibitors|PT_Smart Wearable Mental Health Trackers|PT_Transcranial Direct Current Stimulation|PT_Vocal And Speech Biomarkers,93.94295718332447,100.0,97.02960014452292,108.48056995035518,116.89918489426069,104.07595803343573,-14.537612767030708
2028-09-01,RMD_Pyromania,8,PT_Cbt For Insomnia|PT_Deep Brain Stimulation|PT_Machine Learning Neuroimaging|PT_Schema Therapy|PT_Selective Serotonin Reuptake Inhibitors|PT_Smart Wearable Mental Health Trackers|PT_Transcranial Direct Current Stimulation|PT_Vocal And Speech Biomarkers,94.05446841703528,100.0,97.08411914762894,109.29544379143283,118.55205854618798,104.44654947275414,-15.24097537439755
2028-10-01,RMD_Pyromania,8,PT_Cbt For Insomnia|PT_Deep Brain Stimulation|PT_Machine Learning Neuroimaging|PT_Schema Therapy|PT_Selective Serotonin Reuptake Inhibitors|PT_Smart Wearable Mental Health Trackers|PT_Transcranial Direct Current Stimulation|PT_Vocal And Speech Biomarkers,94.09970959782464,100.0,97.10557940513458,110.16225486460449,120.32349893685635,104.83848359336424,-16.06254526677985
2028-11-01,RMD_Pyromania,8,PT_Cbt For Insomnia|PT_Deep Brain Stimulation|PT_Machine Learning Neuroimaging|PT_Schema Therapy|PT_Selective Serotonin Reuptake Inhibitors|PT_Smart Wearable Mental Health Trackers|PT_Transcranial Direct Current Stimulation|PT_Vocal And Speech Biomarkers,94.18535313588508,100.0,97.14638793059059,111.13163825072972,122.30469847038259,105.2765724706479,-16.946285114844642
2028-12-01,RMD_Pyromania,8,PT_Cbt For Insomnia|PT_Deep Brain Stimulation|PT_Machine Learning Neuroimaging|PT_Schema Therapy|PT_Selective Serotonin Reuptake Inhibitors|PT_Smart Wearable Mental Health Trackers|PT_Transcranial Direct Current Stimulation|PT_Vocal And Speech Biomarkers,94.17811309167351,100.0,97.13996468962917,112.18125895577764,124.48244195074115,105.74434990912444,-18.003145864104127
2026-01-01,RMD_Reactive Attachment Disorder,8,PT_Cbt For Insomnia|PT_Hypnotherapy|PT_Ketamine Therapy|PT_Motivational Interviewing|PT_Occupational Therapy|PT_Oxytocin Therapy|PT_Stimulant And Wake Promoting Agents|PT_Transcranial Direct Current Stimulation,100.0,100.0,100.0,100.0,100.0,100.0,0.0
2026-02-01,RMD_Reactive Attachment Disorder,8,PT_Cbt For Insomnia|PT_Hypnotherapy|PT_Ketamine Therapy|PT_Motivational Interviewing|PT_Occupational Therapy|PT_Oxytocin Therapy|PT_Stimulant And Wake Promoting Agents|PT_Transcranial Direct Current Stimulation,97.63778195360027,97.0841152717169,97.97702620665288,99.59118746681115,99.30562729666237,99.71598993823245,-1.9534055132108818
2026-03-01,RMD_Reactive Attachment Disorder,8,PT_Cbt For Insomnia|PT_Hypnotherapy|PT_Ketamine Therapy|PT_Motivational Interviewing|PT_Occupational Therapy|PT_Oxytocin Therapy|PT_Stimulant And Wake Promoting Agents|PT_Transcranial Direct Current Stimulation,96.09761312771855,95.17519073000909,96.662807761326,99.11349262185419,98.43986501338793,99.40172028632526,-3.015879494135646
2026-04-01,RMD_Reactive Attachment Disorder,8,PT_Cbt For Insomnia|PT_Hypnotherapy|PT_Ketamine Therapy|PT_Motivational Interviewing|PT_Occupational Therapy|PT_Oxytocin Therapy|PT_Stimulant And Wake Promoting Agents|PT_Transcranial Direct Current Stimulation,95.49852509083556,94.41802341513605,96.16057321306742,98.73444335724278,97.71213292264997,99.16554327763725,-3.235918266407225
2026-05-01,RMD_Reactive Attachment Disorder,8,PT_Cbt For Insomnia|PT_Hypnotherapy|PT_Ketamine Therapy|PT_Motivational Interviewing|PT_Occupational Therapy|PT_Oxytocin Therapy|PT_Stimulant And Wake Promoting Agents|PT_Transcranial Direct Current Stimulation,95.2900799521372,94.13826267636878,95.99583008897211,98.35171018618104,96.95489228288717,98.93435135140419,-3.0616302340438324
2026-06-01,RMD_Reactive Attachment Disorder,8,PT_Cbt For Insomnia|PT_Hypnotherapy|PT_Ketamine Therapy|PT_Motivational Interviewing|PT_Occupational Therapy|PT_Oxytocin Therapy|PT_Stimulant And Wake Promoting Agents|PT_Transcranial Direct Current Stimulation,95.14817820673586,93.94566779783308,95.88498919088904,98.05548142816967,96.35801233468258,98.75889599833327,-2.907303221433807
2026-07-01,RMD_Reactive Attachment Disorder,8,PT_Cbt For Insomnia|PT_Hypnotherapy|PT_Ketamine Therapy|PT_Motivational Interviewing|PT_Occupational Therapy|PT_Oxytocin Therapy|PT_Stimulant And Wake Promoting Agents|PT_Transcranial Direct Current Stimulation,94.88165572181018,93.6070976107752,95.6626066764017,97.93021737743598,96.08935908631496,98.68997060058095,-3.0485616556258037
2026-08-01,RMD_Reactive Attachment Disorder,8,PT_Cbt For Insomnia|PT_Hypnotherapy|PT_Ketamine Therapy|PT_Motivational Interviewing|PT_Occupational Therapy|PT_Oxytocin Therapy|PT_Stimulant And Wake Promoting Agents|PT_Transcranial Direct Current Stimulation,94.73648868920311,93.41748305784526,95.54468427649665,97.84174746551729,95.88120654511617,98.64723434048756,-3.105258776314173
2026-09-01,RMD_Reactive Attachment Disorder,8,PT_Cbt For Insomnia|PT_Hypnotherapy|PT_Ketamine Therapy|PT_Motivational Interviewing|PT_Occupational Therapy|PT_Oxytocin Therapy|PT_Stimulant And Wake Promoting Agents|PT_Transcranial Direct Current Stimulation,94.45277078052477,93.06618584080226,95.30236314068746,97.8886386528044,95.9330783198345,98.68879764000332,-3.43586787227963
2026-10-01,RMD_Reactive Attachment Disorder,8,PT_Cbt For Insomnia|PT_Hypnotherapy|PT_Ketamine Therapy|PT_Motivational Interviewing|PT_Occupational Therapy|PT_Oxytocin Therapy|PT_Stimulant And Wake Promoting Agents|PT_Transcranial Direct Current Stimulation,94.12476741411899,92.66129474527877,95.02147064637867,97.95100673975178,96.01298594334904,98.74054754358316,-3.826239325632784
2026-11-01,RMD_Reactive Attachment Disorder,8,PT_Cbt For Insomnia|PT_Hypnotherapy|PT_Ketamine Therapy|PT_Motivational Interviewing|PT_Occupational Therapy|PT_Oxytocin Therapy|PT_Stimulant And Wake Promoting Agents|PT_Transcranial Direct Current Stimulation,93.68237366366805,92.11656226718914,94.64178748572286,97.99018194005296,96.05512698766805,98.77564559610555,-4.307808276384918
2026-12-01,RMD_Reactive Attachment Disorder,8,PT_Cbt For Insomnia|PT_Hypnotherapy|PT_Ketamine Therapy|PT_Motivational Interviewing|PT_Occupational Therapy|PT_Oxytocin Therapy|PT_Stimulant And Wake Promoting Agents|PT_Transcranial Direct Current Stimulation,93.23987458137175,91.57446356521623,94.26031006148698,97.95407291798635,95.94664897971873,98.76580808745148,-4.714198336614601
2027-01-01,RMD_Reactive Attachment Disorder,8,PT_Cbt For Insomnia|PT_Hypnotherapy|PT_Ketamine Therapy|PT_Motivational Interviewing|PT_Occupational Therapy|PT_Oxytocin Therapy|PT_Stimulant And Wake Promoting Agents|PT_Transcranial Direct Current Stimulation,92.67898250490715,90.88481275454602,93.7783220259338,97.9505799457118,95.89728624983432,98.7774958017786,-5.271597440804641
2027-02-01,RMD_Reactive Attachment Disorder,8,PT_Cbt For Insomnia|PT_Hypnotherapy|PT_Ketamine Therapy|PT_Motivational Interviewing|PT_Occupational Therapy|PT_Oxytocin Therapy|PT_Stimulant And Wake Promoting Agents|PT_Transcranial Direct Current Stimulation,92.0759840232657,90.14807453205206,93.25726363550076,98.03018826558989,96.00953873392507,98.84029108413115,-5.954204242324181
2027-03-01,RMD_Reactive Attachment Disorder,8,PT_Cbt For Insomnia|PT_Hypnotherapy|PT_Ketamine Therapy|PT_Motivational Interviewing|PT_Occupational Therapy|PT_Oxytocin Therapy|PT_Stimulant And Wake Promoting Agents|PT_Transcranial Direct Current Stimulation,91.80155506669875,89.81368893007438,93.0195714873893,98.10658439874604,96.10573333107882,98.90428027278594,-6.305029332047283
2027-04-01,RMD_Reactive Attachment Disorder,8,PT_Cbt For Insomnia|PT_Hypnotherapy|PT_Ketamine Therapy|PT_Motivational Interviewing|PT_Occupational Therapy|PT_Oxytocin Therapy|PT_Stimulant And Wake Promoting Agents|PT_Transcranial Direct Current Stimulation,91.7124443255365,89.70300968701123,92.94368156981288,98.22013407622451,96.26714127613293,98.99339036714504,-6.507689750688016
2027-05-01,RMD_Reactive Attachment Disorder,8,PT_Cbt For Insomnia|PT_Hypnotherapy|PT_Ketamine Therapy|PT_Motivational Interviewing|PT_Occupational Therapy|PT_Oxytocin Therapy|PT_Stimulant And Wake Promoting Agents|PT_Transcranial Direct Current Stimulation,91.89289094309395,89.92353645436381,93.09955954545039,98.33509891288818,96.41657125932778,99.0881208976053,-6.442207969794239
2027-06-01,RMD_Reactive Attachment Disorder,8,PT_Cbt For Insomnia|PT_Hypnotherapy|PT_Ketamine Therapy|PT_Motivational Interviewing|PT_Occupational Therapy|PT_Oxytocin Therapy|PT_Stimulant And Wake Promoting Agents|PT_Transcranial Direct Current Stimulation,91.90094882926287,89.93544042931244,93.10527146146272,98.5252356576986,96.72268563795465,99.22569241678194,-6.624286828435729
2027-07-01,RMD_Reactive Attachment Disorder,8,PT_Cbt For Insomnia|PT_Hypnotherapy|PT_Ketamine Therapy|PT_Motivational Interviewing|PT_Occupational Therapy|PT_Oxytocin Therapy|PT_Stimulant And Wake Promoting Agents|PT_Transcranial Direct Current Stimulation,91.84160091765104,89.8642331730513,93.05318473291909,98.7225380498118,97.04535971248528,99.36680376341609,-6.880937132160767
2027-08-01,RMD_Reactive Attachment Disorder,8,PT_Cbt For Insomnia|PT_Hypnotherapy|PT_Ketamine Therapy|PT_Motivational Interviewing|PT_Occupational Therapy|PT_Oxytocin Therapy|PT_Stimulant And Wake Promoting Agents|PT_Transcranial Direct Current Stimulation,92.05805127659563,90.12823457380433,93.24049948051292,98.92035708734183,97.35632854742121,99.51234163984915,-6.862305810746193
2027-09-01,RMD_Reactive Attachment Disorder,8,PT_Cbt For Insomnia|PT_Hypnotherapy|PT_Ketamine Therapy|PT_Motivational Interviewing|PT_Occupational Therapy|PT_Oxytocin Therapy|PT_Stimulant And Wake Promoting Agents|PT_Transcranial Direct Current Stimulation,92.1599071710447,90.25980208731956,93.324150384344,99.30464019465403,98.02979981640337,99.77259226801144,-7.144733023609334
2027-10-01,RMD_Reactive Attachment Disorder,8,PT_Cbt For Insomnia|PT_Hypnotherapy|PT_Ketamine Therapy|PT_Motivational Interviewing|PT_Occupational Therapy|PT_Oxytocin Therapy|PT_Stimulant And Wake Promoting Agents|PT_Transcranial Direct Current Stimulation,92.16966353321982,90.2766963749104,93.32953317508424,99.76082686628048,98.85191562845846,100.07424561180088,-7.591163333060663
2027-11-01,RMD_Reactive Attachment Disorder,8,PT_Cbt For Insomnia|PT_Hypnotherapy|PT_Ketamine Therapy|PT_Motivational Interviewing|PT_Occupational Therapy|PT_Oxytocin Therapy|PT_Stimulant And Wake Promoting Agents|PT_Transcranial Direct Current Stimulation,92.23750382486263,90.36699850801782,93.38361588914891,100.23561277291232,99.71365253110807,100.3862182159102,-7.9981089480496905
2027-12-01,RMD_Reactive Attachment Disorder,8,PT_Cbt For Insomnia|PT_Hypnotherapy|PT_Ketamine Therapy|PT_Motivational Interviewing|PT_Occupational Therapy|PT_Oxytocin Therapy|PT_Stimulant And Wake Promoting Agents|PT_Transcranial Direct Current Stimulation,92.06824871587314,90.16963857400776,93.23157063038956,100.70312071802033,100.57569488269397,100.68898866501168,-8.63487200214719
2028-01-01,RMD_Reactive Attachment Disorder,8,PT_Cbt For Insomnia|PT_Hypnotherapy|PT_Ketamine Therapy|PT_Motivational Interviewing|PT_Occupational Therapy|PT_Oxytocin Therapy|PT_Stimulant And Wake Promoting Agents|PT_Transcranial Direct Current Stimulation,91.63424859684815,89.64515324981548,92.85301286582539,101.13174547980186,101.38400003927201,100.96080133315348,-9.497496882953712
2028-02-01,RMD_Reactive Attachment Disorder,8,PT_Cbt For Insomnia|PT_Hypnotherapy|PT_Ketamine Therapy|PT_Motivational Interviewing|PT_Occupational Therapy|PT_Oxytocin Therapy|PT_Stimulant And Wake Promoting Agents|PT_Transcranial Direct Current Stimulation,91.27429018186069,89.21132527195688,92.53832663793439,101.58552862709791,102.24226791471648,101.24778568781431,-10.311238445237223
2028-03-01,RMD_Reactive Attachment Disorder,8,PT_Cbt For Insomnia|PT_Hypnotherapy|PT_Ketamine Therapy|PT_Motivational Interviewing|PT_Occupational Therapy|PT_Oxytocin Therapy|PT_Stimulant And Wake Promoting Agents|PT_Transcranial Direct Current Stimulation,91.00612188685147,88.8879079613074,92.3040000611536,101.97476479155829,102.97997073144657,101.49344412783817,-10.968642904706812
2028-04-01,RMD_Reactive Attachment Disorder,8,PT_Cbt For Insomnia|PT_Hypnotherapy|PT_Ketamine Therapy|PT_Motivational Interviewing|PT_Occupational Therapy|PT_Oxytocin Therapy|PT_Stimulant And Wake Promoting Agents|PT_Transcranial Direct Current Stimulation,90.99561503527826,88.8785078064171,92.29282041884694,102.37734388547904,103.72035713525987,101.75486073466989,-11.381728850200773
2028-05-01,RMD_Reactive Attachment Disorder,8,PT_Cbt For Insomnia|PT_Hypnotherapy|PT_Ketamine Therapy|PT_Motivational Interviewing|PT_Occupational Therapy|PT_Oxytocin Therapy|PT_Stimulant And Wake Promoting Agents|PT_Transcranial Direct Current Stimulation,90.79256157041355,88.63613975751758,92.11386120638639,102.85717270063587,104.62051515053996,102.06069624147125,-12.064611130222318
2028-06-01,RMD_Reactive Attachment Disorder,8,PT_Cbt For Insomnia|PT_Hypnotherapy|PT_Ketamine Therapy|PT_Motivational Interviewing|PT_Occupational Therapy|PT_Oxytocin Therapy|PT_Stimulant And Wake Promoting Agents|PT_Transcranial Direct Current Stimulation,90.79601118834861,88.6478704577217,92.11222619697023,103.37868132322326,105.58775193400994,102.39671453742206,-12.582670134874647
2028-07-01,RMD_Reactive Attachment Disorder,8,PT_Cbt For Insomnia|PT_Hypnotherapy|PT_Ketamine Therapy|PT_Motivational Interviewing|PT_Occupational Therapy|PT_Oxytocin Therapy|PT_Stimulant And Wake Promoting Agents|PT_Transcranial Direct Current Stimulation,90.90920342265298,88.79296206504682,92.205878262295,103.91417306633099,106.57354474036022,102.74414127137197,-13.00496964367801
2028-08-01,RMD_Reactive Attachment Disorder,8,PT_Cbt For Insomnia|PT_Hypnotherapy|PT_Ketamine Therapy|PT_Motivational Interviewing|PT_Occupational Therapy|PT_Oxytocin Therapy|PT_Stimulant And Wake Promoting Agents|PT_Transcranial Direct Current Stimulation,91.49669837330765,89.51854139399359,92.70877106109775,104.45216941656805,107.53711613659458,103.10186631991718,-12.955471043260403
2028-09-01,RMD_Reactive Attachment Disorder,8,PT_Cbt For Insomnia|PT_Hypnotherapy|PT_Ketamine Therapy|PT_Motivational Interviewing|PT_Occupational Therapy|PT_Oxytocin Therapy|PT_Stimulant And Wake Promoting Agents|PT_Transcranial Direct Current Stimulation,91.7171381758947,89.80031211979731,92.89162669210204,105.05065820626102,108.6426994704279,103.4889223648114,-13.333520030366316
2028-10-01,RMD_Reactive Attachment Disorder,8,PT_Cbt For Insomnia|PT_Hypnotherapy|PT_Ketamine Therapy|PT_Motivational Interviewing|PT_Occupational Therapy|PT_Oxytocin Therapy|PT_Stimulant And Wake Promoting Agents|PT_Transcranial Direct Current Stimulation,91.80366170360567,89.91862411535662,92.95867269510917,105.68451474416169,109.82213599350267,103.8961351786796,-13.880853040556019
2028-11-01,RMD_Reactive Attachment Disorder,8,PT_Cbt For Insomnia|PT_Hypnotherapy|PT_Ketamine Therapy|PT_Motivational Interviewing|PT_Occupational Therapy|PT_Oxytocin Therapy|PT_Stimulant And Wake Promoting Agents|PT_Transcranial Direct Current Stimulation,91.95824276989048,90.12532355809638,93.08131963521029,106.3991027441509,111.15149339984848,104.35533528100645,-14.44085997426042
2028-12-01,RMD_Reactive Attachment Disorder,8,PT_Cbt For Insomnia|PT_Hypnotherapy|PT_Ketamine Therapy|PT_Motivational Interviewing|PT_Occupational Therapy|PT_Oxytocin Therapy|PT_Stimulant And Wake Promoting Agents|PT_Transcranial Direct Current Stimulation,91.92009947539475,90.10052794215535,93.03499790740028,107.1772605932527,112.61996097889839,104.84865596870765,-15.257161117857947
2026-01-01,RMD_Reduplicative Paramnesia,8,PT_Animal Assisted Therapy|PT_Dietary Interventions And Supplements|PT_Emdr Therapy|PT_Interpersonal Psychotherapy|PT_Neuromodulation Techniques|PT_Personalized Medicine|PT_Stem Cell Therapy For Neurological Disorders|PT_Traditional And Alternative Medicine Approaches,100.0,100.0,100.0,100.0,100.0,100.0,0.0
2026-02-01,RMD_Reduplicative Paramnesia,8,PT_Animal Assisted Therapy|PT_Dietary Interventions And Supplements|PT_Emdr Therapy|PT_Interpersonal Psychotherapy|PT_Neuromodulation Techniques|PT_Personalized Medicine|PT_Stem Cell Therapy For Neurological Disorders|PT_Traditional And Alternative Medicine Approaches,98.52675224354527,100.0,99.80373241199754,99.50292315889622,99.45708706478432,99.60423111869191,-0.9761709153509486
2026-03-01,RMD_Reduplicative Paramnesia,8,PT_Animal Assisted Therapy|PT_Dietary Interventions And Supplements|PT_Emdr Therapy|PT_Interpersonal Psychotherapy|PT_Neuromodulation Techniques|PT_Personalized Medicine|PT_Stem Cell Therapy For Neurological Disorders|PT_Traditional And Alternative Medicine Approaches,97.58693106652497,100.0,99.67905383621199,98.91403500901752,98.74981821492048,99.17503984022615,-1.3271039424925561
2026-04-01,RMD_Reduplicative Paramnesia,8,PT_Animal Assisted Therapy|PT_Dietary Interventions And Supplements|PT_Emdr Therapy|PT_Interpersonal Psychotherapy|PT_Neuromodulation Techniques|PT_Personalized Medicine|PT_Stem Cell Therapy For Neurological Disorders|PT_Traditional And Alternative Medicine Approaches,97.28774916496373,100.0,99.64060966948986,98.54099979767888,98.24620416101884,98.9307482851837,-1.253250632715151
2026-05-01,RMD_Reduplicative Paramnesia,8,PT_Animal Assisted Therapy|PT_Dietary Interventions And Supplements|PT_Emdr Therapy|PT_Interpersonal Psychotherapy|PT_Neuromodulation Techniques|PT_Personalized Medicine|PT_Stem Cell Therapy For Neurological Disorders|PT_Traditional And Alternative Medicine Approaches,97.25415703494978,100.0,99.6380081845237,98.17819135740253,97.72972360896946,98.70773355846065,-0.9240343224527408
2026-06-01,RMD_Reduplicative Paramnesia,8,PT_Animal Assisted Therapy|PT_Dietary Interventions And Supplements|PT_Emdr Therapy|PT_Interpersonal Psychotherapy|PT_Neuromodulation Techniques|PT_Personalized Medicine|PT_Stem Cell Therapy For Neurological Disorders|PT_Traditional And Alternative Medicine Approaches,97.25071205179157,100.0,99.63929780954966,97.93045254405077,97.35808274745806,98.56395210626799,-0.6797404922591994
2026-07-01,RMD_Reduplicative Paramnesia,8,PT_Animal Assisted Therapy|PT_Dietary Interventions And Supplements|PT_Emdr Therapy|PT_Interpersonal Psychotherapy|PT_Neuromodulation Techniques|PT_Personalized Medicine|PT_Stem Cell Therapy For Neurological Disorders|PT_Traditional And Alternative Medicine Approaches,97.14600866448707,100.0,99.62675731791792,97.93538960594292,97.29936755444393,98.59518830103477,-0.7893809414558461
2026-08-01,RMD_Reduplicative Paramnesia,8,PT_Animal Assisted Therapy|PT_Dietary Interventions And Supplements|PT_Emdr Therapy|PT_Interpersonal Psychotherapy|PT_Neuromodulation Techniques|PT_Personalized Medicine|PT_Stem Cell Therapy For Neurological Disorders|PT_Traditional And Alternative Medicine Approaches,97.12378639658377,100.0,99.62554922091084,98.00291745913208,97.30859280031173,98.67530488966247,-0.8791310625483106
2026-09-01,RMD_Reduplicative Paramnesia,8,PT_Animal Assisted Therapy|PT_Dietary Interventions And Supplements|PT_Emdr Therapy|PT_Interpersonal Psychotherapy|PT_Neuromodulation Techniques|PT_Personalized Medicine|PT_Stem Cell Therapy For Neurological Disorders|PT_Traditional And Alternative Medicine Approaches,96.97492201118116,100.0,99.60699789079604,98.25918541595198,97.55519883124683,98.88425283938557,-1.2842634047708117
2026-10-01,RMD_Reduplicative Paramnesia,8,PT_Animal Assisted Therapy|PT_Dietary Interventions And Supplements|PT_Emdr Therapy|PT_Interpersonal Psychotherapy|PT_Neuromodulation Techniques|PT_Personalized Medicine|PT_Stem Cell Therapy For Neurological Disorders|PT_Traditional And Alternative Medicine Approaches,96.79374850389556,100.0,99.58404404766158,98.54056513940598,97.83428749684998,99.11014937835114,-1.7468166355104273
2026-11-01,RMD_Reduplicative Paramnesia,8,PT_Animal Assisted Therapy|PT_Dietary Interventions And Supplements|PT_Emdr Therapy|PT_Interpersonal Psychotherapy|PT_Neuromodulation Techniques|PT_Personalized Medicine|PT_Stem Cell Therapy For Neurological Disorders|PT_Traditional And Alternative Medicine Approaches,96.52774760267096,100.0,99.54960216550276,98.76569352146765,98.05388387291586,99.29191333672894,-2.2379459187966972
2026-12-01,RMD_Reduplicative Paramnesia,8,PT_Animal Assisted Therapy|PT_Dietary Interventions And Supplements|PT_Emdr Therapy|PT_Interpersonal Psychotherapy|PT_Neuromodulation Techniques|PT_Personalized Medicine|PT_Stem Cell Therapy For Neurological Disorders|PT_Traditional And Alternative Medicine Approaches,96.24488329623361,100.0,99.51288491045332,98.87593270079347,98.13104955766556,99.39462068339583,-2.6310494045598602
2027-01-01,RMD_Reduplicative Paramnesia,8,PT_Animal Assisted Therapy|PT_Dietary Interventions And Supplements|PT_Emdr Therapy|PT_Interpersonal Psychotherapy|PT_Neuromodulation Techniques|PT_Personalized Medicine|PT_Stem Cell Therapy For Neurological Disorders|PT_Traditional And Alternative Medicine Approaches,95.88696655835763,100.0,99.46635464658567,99.07886890763898,98.31169119516335,99.56637006819516,-3.1919023492813494
2027-02-01,RMD_Reduplicative Paramnesia,8,PT_Animal Assisted Therapy|PT_Dietary Interventions And Supplements|PT_Emdr Therapy|PT_Interpersonal Psychotherapy|PT_Neuromodulation Techniques|PT_Personalized Medicine|PT_Stem Cell Therapy For Neurological Disorders|PT_Traditional And Alternative Medicine Approaches,95.48157851963687,100.0,99.41319096663621,99.39799829203902,98.64268990851353,99.81585109355942,-3.9164197724021506
2027-03-01,RMD_Reduplicative Paramnesia,8,PT_Animal Assisted Therapy|PT_Dietary Interventions And Supplements|PT_Emdr Therapy|PT_Interpersonal Psychotherapy|PT_Neuromodulation Techniques|PT_Personalized Medicine|PT_Stem Cell Therapy For Neurological Disorders|PT_Traditional And Alternative Medicine Approaches,95.3063876580005,100.0,99.39094122911938,99.71375702454925,98.9525626978127,100.07248696311203,-4.40736936654875
2027-04-01,RMD_Reduplicative Paramnesia,8,PT_Animal Assisted Therapy|PT_Dietary Interventions And Supplements|PT_Emdr Therapy|PT_Interpersonal Psychotherapy|PT_Neuromodulation Techniques|PT_Personalized Medicine|PT_Stem Cell Therapy For Neurological Disorders|PT_Traditional And Alternative Medicine Approaches,95.26739413463973,100.0,99.38704270748917,100.10280898318914,99.34094443870873,100.38616284049964,-4.835414848549405
2027-05-01,RMD_Reduplicative Paramnesia,8,PT_Animal Assisted Therapy|PT_Dietary Interventions And Supplements|PT_Emdr Therapy|PT_Interpersonal Psychotherapy|PT_Neuromodulation Techniques|PT_Personalized Medicine|PT_Stem Cell Therapy For Neurological Disorders|PT_Traditional And Alternative Medicine Approaches,95.41794556940786,100.0,99.40846234154102,100.50856658148732,99.73444391527872,100.7202101492569,-5.090621012079453
2027-06-01,RMD_Reduplicative Paramnesia,8,PT_Animal Assisted Therapy|PT_Dietary Interventions And Supplements|PT_Emdr Therapy|PT_Interpersonal Psychotherapy|PT_Neuromodulation Techniques|PT_Personalized Medicine|PT_Stem Cell Therapy For Neurological Disorders|PT_Traditional And Alternative Medicine Approaches,95.44258499627608,100.0,99.41279073817988,101.0032569026399,100.24897062464129,101.10969645904774,-5.560671906363822
2027-07-01,RMD_Reduplicative Paramnesia,8,PT_Animal Assisted Therapy|PT_Dietary Interventions And Supplements|PT_Emdr Therapy|PT_Interpersonal Psychotherapy|PT_Neuromodulation Techniques|PT_Personalized Medicine|PT_Stem Cell Therapy For Neurological Disorders|PT_Traditional And Alternative Medicine Approaches,95.4228295064367,100.0,99.41111570797375,101.50443429348799,100.77932790031849,101.49940359736291,-6.08160478705129
2027-08-01,RMD_Reduplicative Paramnesia,8,PT_Animal Assisted Therapy|PT_Dietary Interventions And Supplements|PT_Emdr Therapy|PT_Interpersonal Psychotherapy|PT_Neuromodulation Techniques|PT_Personalized Medicine|PT_Stem Cell Therapy For Neurological Disorders|PT_Traditional And Alternative Medicine Approaches,95.59758088462489,100.0,99.43580387441898,102.01175430785304,101.30250258384594,101.90189670723692,-6.414173423228149
2027-09-01,RMD_Reduplicative Paramnesia,8,PT_Animal Assisted Therapy|PT_Dietary Interventions And Supplements|PT_Emdr Therapy|PT_Interpersonal Psychotherapy|PT_Neuromodulation Techniques|PT_Personalized Medicine|PT_Stem Cell Therapy For Neurological Disorders|PT_Traditional And Alternative Medicine Approaches,95.6585273150659,100.0,99.44473489830565,102.78873467450288,102.16686704655585,102.48771061658526,-7.13020735943698
2027-10-01,RMD_Reduplicative Paramnesia,8,PT_Animal Assisted Therapy|PT_Dietary Interventions And Supplements|PT_Emdr Therapy|PT_Interpersonal Psychotherapy|PT_Neuromodulation Techniques|PT_Personalized Medicine|PT_Stem Cell Therapy For Neurological Disorders|PT_Traditional And Alternative Medicine Approaches,95.66520462810095,100.0,99.4462913423025,103.66521078014846,103.16471448918671,103.13696856097424,-8.000006152047504
2027-11-01,RMD_Reduplicative Paramnesia,8,PT_Animal Assisted Therapy|PT_Dietary Interventions And Supplements|PT_Emdr Therapy|PT_Interpersonal Psychotherapy|PT_Neuromodulation Techniques|PT_Personalized Medicine|PT_Stem Cell Therapy For Neurological Disorders|PT_Traditional And Alternative Medicine Approaches,95.70735250846874,100.0,99.45248006009949,104.55968829917151,104.19184736936175,103.79535776484434,-8.852335790702767
2027-12-01,RMD_Reduplicative Paramnesia,8,PT_Animal Assisted Therapy|PT_Dietary Interventions And Supplements|PT_Emdr Therapy|PT_Interpersonal Psychotherapy|PT_Neuromodulation Techniques|PT_Personalized Medicine|PT_Stem Cell Therapy For Neurological Disorders|PT_Traditional And Alternative Medicine Approaches,95.57279260045972,100.0,99.4346698937927,105.40481160147216,105.18035855233579,104.40760484855525,-9.83201900101244
2028-01-01,RMD_Reduplicative Paramnesia,8,PT_Animal Assisted Therapy|PT_Dietary Interventions And Supplements|PT_Emdr Therapy|PT_Interpersonal Psychotherapy|PT_Neuromodulation Techniques|PT_Personalized Medicine|PT_Stem Cell Therapy For Neurological Disorders|PT_Traditional And Alternative Medicine Approaches,95.26662149438407,100.0,99.39375765158987,106.17063027171801,106.09417965805532,104.95190299532915,-10.904008777333942
2028-02-01,RMD_Reduplicative Paramnesia,8,PT_Animal Assisted Therapy|PT_Dietary Interventions And Supplements|PT_Emdr Therapy|PT_Interpersonal Psychotherapy|PT_Neuromodulation Techniques|PT_Personalized Medicine|PT_Stem Cell Therapy For Neurological Disorders|PT_Traditional And Alternative Medicine Approaches,95.01206133969724,100.0,99.35975305607779,106.97357531934877,107.05799027297181,105.52021624412417,-11.961513979651528
2028-03-01,RMD_Reduplicative Paramnesia,8,PT_Animal Assisted Therapy|PT_Dietary Interventions And Supplements|PT_Emdr Therapy|PT_Interpersonal Psychotherapy|PT_Neuromodulation Techniques|PT_Personalized Medicine|PT_Stem Cell Therapy For Neurological Disorders|PT_Traditional And Alternative Medicine Approaches,94.83010101527056,100.0,99.33547994136505,107.66323857974344,107.88345550400815,106.00972683401126,-12.833137564472878
2028-04-01,RMD_Reduplicative Paramnesia,8,PT_Animal Assisted Therapy|PT_Dietary Interventions And Supplements|PT_Emdr Therapy|PT_Interpersonal Psychotherapy|PT_Neuromodulation Techniques|PT_Personalized Medicine|PT_Stem Cell Therapy For Neurological Disorders|PT_Traditional And Alternative Medicine Approaches,94.83514089803906,100.0,99.33668062673405,108.42395616610736,108.76909020869482,106.5628912460371,-13.588815268068302
2028-05-01,RMD_Reduplicative Paramnesia,8,PT_Animal Assisted Therapy|PT_Dietary Interventions And Supplements|PT_Emdr Therapy|PT_Interpersonal Psychotherapy|PT_Neuromodulation Techniques|PT_Personalized Medicine|PT_Stem Cell Therapy For Neurological Disorders|PT_Traditional And Alternative Medicine Approaches,94.69917038993027,100.0,99.31872222766566,109.29316609760605,109.80189589348893,107.1841150092621,-14.593995707675774
2028-06-01,RMD_Reduplicative Paramnesia,8,PT_Animal Assisted Therapy|PT_Dietary Interventions And Supplements|PT_Emdr Therapy|PT_Interpersonal Psychotherapy|PT_Neuromodulation Techniques|PT_Personalized Medicine|PT_Stem Cell Therapy For Neurological Disorders|PT_Traditional And Alternative Medicine Approaches,94.70483405565746,100.0,99.31989326648234,110.24525634053656,110.92303525020843,107.87084755423024,-15.5404222848791
2028-07-01,RMD_Reduplicative Paramnesia,8,PT_Animal Assisted Therapy|PT_Dietary Interventions And Supplements|PT_Emdr Therapy|PT_Interpersonal Psychotherapy|PT_Neuromodulation Techniques|PT_Personalized Medicine|PT_Stem Cell Therapy For Neurological Disorders|PT_Traditional And Alternative Medicine Approaches,94.79248264979599,100.0,99.33211505767663,111.23062664519182,112.07620208506098,108.58574677747694,-16.438143995395833
2028-08-01,RMD_Reduplicative Paramnesia,8,PT_Animal Assisted Therapy|PT_Dietary Interventions And Supplements|PT_Emdr Therapy|PT_Interpersonal Psychotherapy|PT_Neuromodulation Techniques|PT_Personalized Medicine|PT_Stem Cell Therapy For Neurological Disorders|PT_Traditional And Alternative Medicine Approaches,95.22006460264919,100.0,99.3903334747968,112.26646651609995,113.2560233306579,109.35540043333181,-17.046401913450765
2028-09-01,RMD_Reduplicative Paramnesia,8,PT_Animal Assisted Therapy|PT_Dietary Interventions And Supplements|PT_Emdr Therapy|PT_Interpersonal Psychotherapy|PT_Neuromodulation Techniques|PT_Personalized Medicine|PT_Stem Cell Therapy For Neurological Disorders|PT_Traditional And Alternative Medicine Approaches,95.36926214485928,100.0,99.41058948167006,113.34318066685928,114.52476662126203,110.13341244883264,-17.973918522000005
2028-10-01,RMD_Reduplicative Paramnesia,8,PT_Animal Assisted Therapy|PT_Dietary Interventions And Supplements|PT_Emdr Therapy|PT_Interpersonal Psychotherapy|PT_Neuromodulation Techniques|PT_Personalized Medicine|PT_Stem Cell Therapy For Neurological Disorders|PT_Traditional And Alternative Medicine Approaches,95.42825216511166,100.0,99.4185940507967,114.47551467435034,115.87311789997436,110.94439416301628,-19.047262509238678
2028-11-01,RMD_Reduplicative Paramnesia,8,PT_Animal Assisted Therapy|PT_Dietary Interventions And Supplements|PT_Emdr Therapy|PT_Interpersonal Psychotherapy|PT_Neuromodulation Techniques|PT_Personalized Medicine|PT_Stem Cell Therapy For Neurological Disorders|PT_Traditional And Alternative Medicine Approaches,95.52549851068274,100.0,99.43160888726557,115.74597159942844,117.39266354273865,111.85161294810386,-20.220473088745706
2028-12-01,RMD_Reduplicative Paramnesia,8,PT_Animal Assisted Therapy|PT_Dietary Interventions And Supplements|PT_Emdr Therapy|PT_Interpersonal Psychotherapy|PT_Neuromodulation Techniques|PT_Personalized Medicine|PT_Stem Cell Therapy For Neurological Disorders|PT_Traditional And Alternative Medicine Approaches,95.46747960708196,100.0,99.42357467158661,117.08275901717039,119.01774999472684,112.79294974020077,-21.615279410088434
2026-01-01,RMD_Rumination Disorder,8,PT_Fecal Microbiota Transplant|PT_Metaverse|PT_Mindfulness Based Stress Reduction|PT_Resting State Fmri|PT_Selective Serotonin Reuptake Inhibitors|PT_Transcranial Magnetic Stimulation|PT_Transference Focused Psychotherapy|PT_Vagus Nerve Stimulation,100.0,100.0,100.0,100.0,100.0,100.0,0.0
2026-02-01,RMD_Rumination Disorder,8,PT_Fecal Microbiota Transplant|PT_Metaverse|PT_Mindfulness Based Stress Reduction|PT_Resting State Fmri|PT_Selective Serotonin Reuptake Inhibitors|PT_Transcranial Magnetic Stimulation|PT_Transference Focused Psychotherapy|PT_Vagus Nerve Stimulation,98.09040714527595,97.29542084860823,98.46980784652948,99.63923648346255,99.61355688390698,99.70268765886928,-1.5488293381866072
2026-03-01,RMD_Rumination Disorder,8,PT_Fecal Microbiota Transplant|PT_Metaverse|PT_Mindfulness Based Stress Reduction|PT_Resting State Fmri|PT_Selective Serotonin Reuptake Inhibitors|PT_Transcranial Magnetic Stimulation|PT_Transference Focused Psychotherapy|PT_Vagus Nerve Stimulation,96.88788003099128,95.58839426339215,97.50804897423302,99.14250056902074,98.95800550952522,99.33828356602274,-2.2546205380294566
2026-04-01,RMD_Rumination Disorder,8,PT_Fecal Microbiota Transplant|PT_Metaverse|PT_Mindfulness Based Stress Reduction|PT_Resting State Fmri|PT_Selective Serotonin Reuptake Inhibitors|PT_Transcranial Magnetic Stimulation|PT_Transference Focused Psychotherapy|PT_Vagus Nerve Stimulation,96.51680347076011,95.06227479684452,97.21096537165081,98.78151362138006,98.4477151703144,99.08898040450184,-2.2647101506199476
2026-05-01,RMD_Rumination Disorder,8,PT_Fecal Microbiota Transplant|PT_Metaverse|PT_Mindfulness Based Stress Reduction|PT_Resting State Fmri|PT_Selective Serotonin Reuptake Inhibitors|PT_Transcranial Magnetic Stimulation|PT_Transference Focused Psychotherapy|PT_Vagus Nerve Stimulation,96.4888240882733,95.02311076114667,97.18832377333632,98.40860711010228,97.89257612810688,98.84245504624793,-1.9197830218289766
2026-06-01,RMD_Rumination Disorder,8,PT_Fecal Microbiota Transplant|PT_Metaverse|PT_Mindfulness Based Stress Reduction|PT_Resting State Fmri|PT_Selective Serotonin Reuptake Inhibitors|PT_Transcranial Magnetic Stimulation|PT_Transference Focused Psychotherapy|PT_Vagus Nerve Stimulation,96.51670060538332,95.06691557587132,97.20860243974619,98.14315153068277,97.49366969218968,98.66976307460499,-1.6264509252994515
2026-07-01,RMD_Rumination Disorder,8,PT_Fecal Microbiota Transplant|PT_Metaverse|PT_Mindfulness Based Stress Reduction|PT_Resting State Fmri|PT_Selective Serotonin Reuptake Inhibitors|PT_Transcranial Magnetic Stimulation|PT_Transference Focused Psychotherapy|PT_Vagus Nerve Stimulation,96.47832153330307,95.02594458161586,97.17145654237721,98.1090734302435,97.44706457539539,98.65063680671726,-1.6307518969404242
2026-08-01,RMD_Rumination Disorder,8,PT_Fecal Microbiota Transplant|PT_Metaverse|PT_Mindfulness Based Stress Reduction|PT_Resting State Fmri|PT_Selective Serotonin Reuptake Inhibitors|PT_Transcranial Magnetic Stimulation|PT_Transference Focused Psychotherapy|PT_Vagus Nerve Stimulation,96.55450363135353,95.14756005669551,97.22595593321944,98.12460674911533,97.46497358000762,98.66877055613432,-1.5701031177618034
2026-09-01,RMD_Rumination Disorder,8,PT_Fecal Microbiota Transplant|PT_Metaverse|PT_Mindfulness Based Stress Reduction|PT_Resting State Fmri|PT_Selective Serotonin Reuptake Inhibitors|PT_Transcranial Magnetic Stimulation|PT_Transference Focused Psychotherapy|PT_Vagus Nerve Stimulation,96.53854921141345,95.1479899058678,97.20218225498922,98.31733064723814,97.75726008430145,98.80243595243977,-1.7787814358246834
2026-10-01,RMD_Rumination Disorder,8,PT_Fecal Microbiota Transplant|PT_Metaverse|PT_Mindfulness Based Stress Reduction|PT_Resting State Fmri|PT_Selective Serotonin Reuptake Inhibitors|PT_Transcranial Magnetic Stimulation|PT_Transference Focused Psychotherapy|PT_Vagus Nerve Stimulation,96.48737368646057,95.09899506039619,97.14996221968201,98.53148450247868,98.07967830840188,98.95153220194968,-2.0441108160181045
2026-11-01,RMD_Rumination Disorder,8,PT_Fecal Microbiota Transplant|PT_Metaverse|PT_Mindfulness Based Stress Reduction|PT_Resting State Fmri|PT_Selective Serotonin Reuptake Inhibitors|PT_Transcranial Magnetic Stimulation|PT_Transference Focused Psychotherapy|PT_Vagus Nerve Stimulation,96.32365315276208,94.88789135578091,97.00885491636095,98.70266187073423,98.3425709470872,99.06938596752417,-2.3790087179721553
2026-12-01,RMD_Rumination Disorder,8,PT_Fecal Microbiota Transplant|PT_Metaverse|PT_Mindfulness Based Stress Reduction|PT_Resting State Fmri|PT_Selective Serotonin Reuptake Inhibitors|PT_Transcranial Magnetic Stimulation|PT_Transference Focused Psychotherapy|PT_Vagus Nerve Stimulation,96.15310235804475,94.66709216427944,96.86229235545942,98.76687402692112,98.43536413265079,99.11881838116742,-2.6137716688763675
2027-01-01,RMD_Rumination Disorder,8,PT_Fecal Microbiota Transplant|PT_Metaverse|PT_Mindfulness Based Stress Reduction|PT_Resting State Fmri|PT_Selective Serotonin Reuptake Inhibitors|PT_Transcranial Magnetic Stimulation|PT_Transference Focused Psychotherapy|PT_Vagus Nerve Stimulation,95.90183310216054,94.3322476192326,96.65090492314204,98.91268710776306,98.65579807432887,99.22207151339029,-3.010854005602525
2027-02-01,RMD_Rumination Disorder,8,PT_Fecal Microbiota Transplant|PT_Metaverse|PT_Mindfulness Based Stress Reduction|PT_Resting State Fmri|PT_Selective Serotonin Reuptake Inhibitors|PT_Transcranial Magnetic Stimulation|PT_Transference Focused Psychotherapy|PT_Vagus Nerve Stimulation,95.62982618631553,93.97343500274546,96.4203253172198,99.16762199653954,99.04668435591906,99.39578097252203,-3.5377958102240115
2027-03-01,RMD_Rumination Disorder,8,PT_Fecal Microbiota Transplant|PT_Metaverse|PT_Mindfulness Based Stress Reduction|PT_Resting State Fmri|PT_Selective Serotonin Reuptake Inhibitors|PT_Transcranial Magnetic Stimulation|PT_Transference Focused Psychotherapy|PT_Vagus Nerve Stimulation,95.62848893641727,93.99789660471691,96.40667957541685,99.40782986129494,99.39423774368036,99.56783623420264,-3.7793409248776726
2027-04-01,RMD_Rumination Disorder,8,PT_Fecal Microbiota Transplant|PT_Metaverse|PT_Mindfulness Based Stress Reduction|PT_Resting State Fmri|PT_Selective Serotonin Reuptake Inhibitors|PT_Transcranial Magnetic Stimulation|PT_Transference Focused Psychotherapy|PT_Vagus Nerve Stimulation,95.76815954502233,94.21985002084769,96.50707758888252,99.71101615397161,99.82757470212344,99.78603424138785,-3.9428566089492847
2027-05-01,RMD_Rumination Disorder,8,PT_Fecal Microbiota Transplant|PT_Metaverse|PT_Mindfulness Based Stress Reduction|PT_Resting State Fmri|PT_Selective Serotonin Reuptake Inhibitors|PT_Transcranial Magnetic Stimulation|PT_Transference Focused Psychotherapy|PT_Vagus Nerve Stimulation,96.14509943173051,94.77980020928878,96.79667730745808,100.01490188314534,100.24097355690957,100.01313994579101,-3.8698024514148273
2027-06-01,RMD_Rumination Disorder,8,PT_Fecal Microbiota Transplant|PT_Metaverse|PT_Mindfulness Based Stress Reduction|PT_Resting State Fmri|PT_Selective Serotonin Reuptake Inhibitors|PT_Transcranial Magnetic Stimulation|PT_Transference Focused Psychotherapy|PT_Vagus Nerve Stimulation,96.36909907622777,95.12429248020266,96.96317663143923,100.41468812758032,100.81277847980861,100.29866691036429,-4.04558905135255
2027-07-01,RMD_Rumination Disorder,8,PT_Fecal Microbiota Transplant|PT_Metaverse|PT_Mindfulness Based Stress Reduction|PT_Resting State Fmri|PT_Selective Serotonin Reuptake Inhibitors|PT_Transcranial Magnetic Stimulation|PT_Transference Focused Psychotherapy|PT_Vagus Nerve Stimulation,96.52437436249183,95.3671811430581,97.07663535212055,100.82495620507517,101.40286133441894,100.59031128437945,-4.300581842583341
2027-08-01,RMD_Rumination Disorder,8,PT_Fecal Microbiota Transplant|PT_Metaverse|PT_Mindfulness Based Stress Reduction|PT_Resting State Fmri|PT_Selective Serotonin Reuptake Inhibitors|PT_Transcranial Magnetic Stimulation|PT_Transference Focused Psychotherapy|PT_Vagus Nerve Stimulation,96.91509820968983,95.9406795405963,97.38013154160792,101.22648132635697,101.95941994394234,100.88407802493569,-4.311383116667145
2027-09-01,RMD_Rumination Disorder,8,PT_Fecal Microbiota Transplant|PT_Metaverse|PT_Mindfulness Based Stress Reduction|PT_Resting State Fmri|PT_Selective Serotonin Reuptake Inhibitors|PT_Transcranial Magnetic Stimulation|PT_Transference Focused Psychotherapy|PT_Vagus Nerve Stimulation,97.22045408069008,96.40216242790275,97.61097707234256,101.88044473669665,102.91022527971893,101.34112341729977,-4.6599906560065705
2027-10-01,RMD_Rumination Disorder,8,PT_Fecal Microbiota Transplant|PT_Metaverse|PT_Mindfulness Based Stress Reduction|PT_Resting State Fmri|PT_Selective Serotonin Reuptake Inhibitors|PT_Transcranial Magnetic Stimulation|PT_Transference Focused Psychotherapy|PT_Vagus Nerve Stimulation,97.42787182644882,96.72244782228061,97.76452965688482,102.63400984709443,104.0252111947239,101.85938659986455,-5.206138020645611
2027-11-01,RMD_Rumination Disorder,8,PT_Fecal Microbiota Transplant|PT_Metaverse|PT_Mindfulness Based Stress Reduction|PT_Resting State Fmri|PT_Selective Serotonin Reuptake Inhibitors|PT_Transcranial Magnetic Stimulation|PT_Transference Focused Psychotherapy|PT_Vagus Nerve Stimulation,97.68261793206852,97.1090732722491,97.9563374251564,103.40388542802745,105.16634281283494,102.38771853899034,-5.7212674959589265
2027-12-01,RMD_Rumination Disorder,8,PT_Fecal Microbiota Transplant|PT_Metaverse|PT_Mindfulness Based Stress Reduction|PT_Resting State Fmri|PT_Selective Serotonin Reuptake Inhibitors|PT_Transcranial Magnetic Stimulation|PT_Transference Focused Psychotherapy|PT_Vagus Nerve Stimulation,97.71370384893437,97.17726008724665,97.96971724214696,104.14692984778222,106.28289265793369,102.89123127409471,-6.4332259988478455
2028-01-01,RMD_Rumination Disorder,8,PT_Fecal Microbiota Transplant|PT_Metaverse|PT_Mindfulness Based Stress Reduction|PT_Resting State Fmri|PT_Selective Serotonin Reuptake Inhibitors|PT_Transcranial Magnetic Stimulation|PT_Transference Focused Psychotherapy|PT_Vagus Nerve Stimulation,97.48875784297066,96.87478955300939,97.78176918258131,104.8377011037788,107.34296457626156,103.35069866121742,-7.3489432608081415
2028-02-01,RMD_Rumination Disorder,8,PT_Fecal Microbiota Transplant|PT_Metaverse|PT_Mindfulness Based Stress Reduction|PT_Resting State Fmri|PT_Selective Serotonin Reuptake Inhibitors|PT_Transcranial Magnetic Stimulation|PT_Transference Focused Psychotherapy|PT_Vagus Nerve Stimulation,97.31703438295793,96.64647596116265,97.63705289966315,105.56266703296416,108.45750938277855,103.83182667156808,-8.245632650006229
2028-03-01,RMD_Rumination Disorder,8,PT_Fecal Microbiota Transplant|PT_Metaverse|PT_Mindfulness Based Stress Reduction|PT_Resting State Fmri|PT_Selective Serotonin Reuptake Inhibitors|PT_Transcranial Magnetic Stimulation|PT_Transference Focused Psychotherapy|PT_Vagus Nerve Stimulation,97.2081102354753,96.50352723086546,97.54436670575761,106.1827369163846,109.41022351528497,104.2436157185712,-8.974626680909296
2028-04-01,RMD_Rumination Disorder,8,PT_Fecal Microbiota Transplant|PT_Metaverse|PT_Mindfulness Based Stress Reduction|PT_Resting State Fmri|PT_Selective Serotonin Reuptake Inhibitors|PT_Transcranial Magnetic Stimulation|PT_Transference Focused Psychotherapy|PT_Vagus Nerve Stimulation,97.34066256000652,96.70192650438852,97.6454941129945,106.84512270787617,110.39986243831298,104.69552997770953,-9.50446014786965
2028-05-01,RMD_Rumination Disorder,8,PT_Fecal Microbiota Transplant|PT_Metaverse|PT_Mindfulness Based Stress Reduction|PT_Resting State Fmri|PT_Selective Serotonin Reuptake Inhibitors|PT_Transcranial Magnetic Stimulation|PT_Transference Focused Psychotherapy|PT_Vagus Nerve Stimulation,97.31341352169493,96.67578530657718,97.61771636687443,107.61902976306297,111.57496743015328,105.21545984223451,-10.305616241368043
2028-06-01,RMD_Rumination Disorder,8,PT_Fecal Microbiota Transplant|PT_Metaverse|PT_Mindfulness Based Stress Reduction|PT_Resting State Fmri|PT_Selective Serotonin Reuptake Inhibitors|PT_Transcranial Magnetic Stimulation|PT_Transference Focused Psychotherapy|PT_Vagus Nerve Stimulation,97.4767020208109,96.92293266030627,97.7409839142081,108.4543415140527,112.82866993439835,105.78233146084425,-10.977639493241796
2028-07-01,RMD_Rumination Disorder,8,PT_Fecal Microbiota Transplant|PT_Metaverse|PT_Mindfulness Based Stress Reduction|PT_Resting State Fmri|PT_Selective Serotonin Reuptake Inhibitors|PT_Transcranial Magnetic Stimulation|PT_Transference Focused Psychotherapy|PT_Vagus Nerve Stimulation,97.7380520836205,97.30963771197335,97.94250933491065,109.31164665711611,114.10709055427928,106.36770512188845,-11.573594573495612
2028-08-01,RMD_Rumination Disorder,8,PT_Fecal Microbiota Transplant|PT_Metaverse|PT_Mindfulness Based Stress Reduction|PT_Resting State Fmri|PT_Selective Serotonin Reuptake Inhibitors|PT_Transcranial Magnetic Stimulation|PT_Transference Focused Psychotherapy|PT_Vagus Nerve Stimulation,98.43408036913034,98.313717617432,98.49152250692639,110.18197880493697,115.36958314766676,106.97641233037531,-11.747898435806633
2028-09-01,RMD_Rumination Disorder,8,PT_Fecal Microbiota Transplant|PT_Metaverse|PT_Mindfulness Based Stress Reduction|PT_Resting State Fmri|PT_Selective Serotonin Reuptake Inhibitors|PT_Transcranial Magnetic Stimulation|PT_Transference Focused Psychotherapy|PT_Vagus Nerve Stimulation,98.79845010679483,98.85335345239731,98.77224793461896,111.12050601121955,116.77242042162273,107.61503242258216,-12.322055904424715
2028-10-01,RMD_Rumination Disorder,8,PT_Fecal Microbiota Transplant|PT_Metaverse|PT_Mindfulness Based Stress Reduction|PT_Resting State Fmri|PT_Selective Serotonin Reuptake Inhibitors|PT_Transcranial Magnetic Stimulation|PT_Transference Focused Psychotherapy|PT_Vagus Nerve Stimulation,99.04334170931809,99.22418592536896,98.95703528784271,112.11554185782573,118.27276673188656,108.28683633988402,-13.072200148507648
2028-11-01,RMD_Rumination Disorder,8,PT_Fecal Microbiota Transplant|PT_Metaverse|PT_Mindfulness Based Stress Reduction|PT_Resting State Fmri|PT_Selective Serotonin Reuptake Inhibitors|PT_Transcranial Magnetic Stimulation|PT_Transference Focused Psychotherapy|PT_Vagus Nerve Stimulation,99.36196721392419,99.70384984062945,99.19880652944187,113.23182307831523,119.95618108481891,109.03985198865433,-13.869855864391042
2028-12-01,RMD_Rumination Disorder,8,PT_Fecal Microbiota Transplant|PT_Metaverse|PT_Mindfulness Based Stress Reduction|PT_Resting State Fmri|PT_Selective Serotonin Reuptake Inhibitors|PT_Transcranial Magnetic Stimulation|PT_Transference Focused Psychotherapy|PT_Vagus Nerve Stimulation,99.50182298020746,99.9326808435169,99.2962033914531,114.42648004405673,121.78254666847602,109.83485304141055,-14.924657063849267
2026-01-01,RMD_Savant Syndrome,8,PT_Cbt For Insomnia|PT_Closed Loop Neurostimulation|PT_Hypnotherapy|PT_Machine Learning Neuroimaging|PT_Motivational Interviewing|PT_Occupational Therapy|PT_Social Skills Training|PT_Stimulant And Wake Promoting Agents,100.0,100.0,100.0,100.0,100.0,100.0,0.0
2026-02-01,RMD_Savant Syndrome,8,PT_Cbt For Insomnia|PT_Closed Loop Neurostimulation|PT_Hypnotherapy|PT_Machine Learning Neuroimaging|PT_Motivational Interviewing|PT_Occupational Therapy|PT_Social Skills Training|PT_Stimulant And Wake Promoting Agents,99.65799418767324,100.0,99.82889898304394,99.57066657020961,99.26772696444567,99.69881944530955,0.08732761746362883
2026-03-01,RMD_Savant Syndrome,8,PT_Cbt For Insomnia|PT_Closed Loop Neurostimulation|PT_Hypnotherapy|PT_Machine Learning Neuroimaging|PT_Motivational Interviewing|PT_Occupational Therapy|PT_Social Skills Training|PT_Stimulant And Wake Promoting Agents,99.30250628093576,100.0,99.65912103132473,99.09142325364897,98.39071701449757,99.37979699829886,0.21108302728679007
2026-04-01,RMD_Savant Syndrome,8,PT_Cbt For Insomnia|PT_Closed Loop Neurostimulation|PT_Hypnotherapy|PT_Machine Learning Neuroimaging|PT_Motivational Interviewing|PT_Occupational Therapy|PT_Social Skills Training|PT_Stimulant And Wake Promoting Agents,99.05103050455988,100.0,99.54361651092894,98.71289569928763,97.660439731578,99.1400733884508,0.33813480527224726
2026-05-01,RMD_Savant Syndrome,8,PT_Cbt For Insomnia|PT_Closed Loop Neurostimulation|PT_Hypnotherapy|PT_Machine Learning Neuroimaging|PT_Motivational Interviewing|PT_Occupational Therapy|PT_Social Skills Training|PT_Stimulant And Wake Promoting Agents,98.80844607100059,100.0,99.43566178936709,98.33393674297946,96.90573129702283,98.90720831828054,0.4745093280211279
2026-06-01,RMD_Savant Syndrome,8,PT_Cbt For Insomnia|PT_Closed Loop Neurostimulation|PT_Hypnotherapy|PT_Machine Learning Neuroimaging|PT_Motivational Interviewing|PT_Occupational Therapy|PT_Social Skills Training|PT_Stimulant And Wake Promoting Agents,98.62820466586167,100.0,99.35679599860661,98.03801713063946,96.3083509578099,98.72823572890843,0.5901875352222135
2026-07-01,RMD_Savant Syndrome,8,PT_Cbt For Insomnia|PT_Closed Loop Neurostimulation|PT_Hypnotherapy|PT_Machine Learning Neuroimaging|PT_Motivational Interviewing|PT_Occupational Therapy|PT_Social Skills Training|PT_Stimulant And Wake Promoting Agents,98.56561292855133,100.0,99.32983507482952,97.90322061464158,96.0296967992052,98.6502587697261,0.6623923139097485
2026-08-01,RMD_Savant Syndrome,8,PT_Cbt For Insomnia|PT_Closed Loop Neurostimulation|PT_Hypnotherapy|PT_Machine Learning Neuroimaging|PT_Motivational Interviewing|PT_Occupational Therapy|PT_Social Skills Training|PT_Stimulant And Wake Promoting Agents,98.5348766548986,100.0,99.31928756175269,97.80483884759045,95.81288854809108,98.59813802067113,0.7300378073081504
2026-09-01,RMD_Savant Syndrome,8,PT_Cbt For Insomnia|PT_Closed Loop Neurostimulation|PT_Hypnotherapy|PT_Machine Learning Neuroimaging|PT_Motivational Interviewing|PT_Occupational Therapy|PT_Social Skills Training|PT_Stimulant And Wake Promoting Agents,98.6049400217786,100.0,99.3526325066026,97.83390870185292,95.8485990657411,98.62572443757898,0.7710313199256831
2026-10-01,RMD_Savant Syndrome,8,PT_Cbt For Insomnia|PT_Closed Loop Neurostimulation|PT_Hypnotherapy|PT_Machine Learning Neuroimaging|PT_Motivational Interviewing|PT_Occupational Therapy|PT_Social Skills Training|PT_Stimulant And Wake Promoting Agents,98.67992575210604,100.0,99.38880862601526,97.8776351607188,95.91214921143666,98.66293080418627,0.8022905913872478
2026-11-01,RMD_Savant Syndrome,8,PT_Cbt For Insomnia|PT_Closed Loop Neurostimulation|PT_Hypnotherapy|PT_Machine Learning Neuroimaging|PT_Motivational Interviewing|PT_Occupational Therapy|PT_Social Skills Training|PT_Stimulant And Wake Promoting Agents,98.73215461900078,100.0,99.4139376133106,97.89906145741072,95.93783611753906,98.68403240608092,0.8330931615900568
2026-12-01,RMD_Savant Syndrome,8,PT_Cbt For Insomnia|PT_Closed Loop Neurostimulation|PT_Hypnotherapy|PT_Machine Learning Neuroimaging|PT_Motivational Interviewing|PT_Occupational Therapy|PT_Social Skills Training|PT_Stimulant And Wake Promoting Agents,98.73703553096654,100.0,99.41930389189355,97.85120902607913,95.81951489532221,98.66367133268831,0.8858265048874046
2027-01-01,RMD_Savant Syndrome,8,PT_Cbt For Insomnia|PT_Closed Loop Neurostimulation|PT_Hypnotherapy|PT_Machine Learning Neuroimaging|PT_Motivational Interviewing|PT_Occupational Therapy|PT_Social Skills Training|PT_Stimulant And Wake Promoting Agents,98.77168896963637,100.0,99.43828941543184,97.83193973912128,95.75771383620544,98.66199649252482,0.9397492305150905
2027-02-01,RMD_Savant Syndrome,8,PT_Cbt For Insomnia|PT_Closed Loop Neurostimulation|PT_Hypnotherapy|PT_Machine Learning Neuroimaging|PT_Motivational Interviewing|PT_Occupational Therapy|PT_Social Skills Training|PT_Stimulant And Wake Promoting Agents,98.8633174698513,100.0,99.48264448358127,97.89264573615037,95.85604389579436,98.70970867470314,0.9706717337009252
2027-03-01,RMD_Savant Syndrome,8,PT_Cbt For Insomnia|PT_Closed Loop Neurostimulation|PT_Hypnotherapy|PT_Machine Learning Neuroimaging|PT_Motivational Interviewing|PT_Occupational Therapy|PT_Social Skills Training|PT_Stimulant And Wake Promoting Agents,98.94899768244765,100.0,99.52584302617403,97.95220132798794,95.94077368602393,98.7598708296826,0.9967963544597183
2027-04-01,RMD_Savant Syndrome,8,PT_Cbt For Insomnia|PT_Closed Loop Neurostimulation|PT_Hypnotherapy|PT_Machine Learning Neuroimaging|PT_Motivational Interviewing|PT_Occupational Therapy|PT_Social Skills Training|PT_Stimulant And Wake Promoting Agents,99.06277163674076,100.0,99.58253128285978,98.04655667686878,96.08880695589308,98.83370913424605,1.0162149598719878
2027-05-01,RMD_Savant Syndrome,8,PT_Cbt For Insomnia|PT_Closed Loop Neurostimulation|PT_Hypnotherapy|PT_Machine Learning Neuroimaging|PT_Motivational Interviewing|PT_Occupational Therapy|PT_Social Skills Training|PT_Stimulant And Wake Promoting Agents,99.18236952420746,100.0,99.64428049538154,98.14444067244281,96.22852085241959,98.91432984938896,1.0379288517646472
2027-06-01,RMD_Savant Syndrome,8,PT_Cbt For Insomnia|PT_Closed Loop Neurostimulation|PT_Hypnotherapy|PT_Machine Learning Neuroimaging|PT_Motivational Interviewing|PT_Occupational Therapy|PT_Social Skills Training|PT_Stimulant And Wake Promoting Agents,99.35145011790874,100.0,99.72583867763792,98.31145959539143,96.51636892765632,99.03455845815046,1.0399905225173143
2027-07-01,RMD_Savant Syndrome,8,PT_Cbt For Insomnia|PT_Closed Loop Neurostimulation|PT_Hypnotherapy|PT_Machine Learning Neuroimaging|PT_Motivational Interviewing|PT_Occupational Therapy|PT_Social Skills Training|PT_Stimulant And Wake Promoting Agents,99.52379501579094,100.0,99.80874768174452,98.48404249729516,96.8178396964393,99.15741006039114,1.0397525184957743
2027-08-01,RMD_Savant Syndrome,8,PT_Cbt For Insomnia|PT_Closed Loop Neurostimulation|PT_Hypnotherapy|PT_Machine Learning Neuroimaging|PT_Motivational Interviewing|PT_Occupational Therapy|PT_Social Skills Training|PT_Stimulant And Wake Promoting Agents,99.70544577130637,100.0,99.89851256935106,98.66012086112696,97.11156290864577,99.28664958606532,1.045324910179417
2027-09-01,RMD_Savant Syndrome,8,PT_Cbt For Insomnia|PT_Closed Loop Neurostimulation|PT_Hypnotherapy|PT_Machine Learning Neuroimaging|PT_Motivational Interviewing|PT_Occupational Therapy|PT_Social Skills Training|PT_Stimulant And Wake Promoting Agents,100.02833208771631,100.0,100.04974910334573,99.01197892590429,97.75704312877504,99.5246706724414,1.0163531618120203
2027-10-01,RMD_Savant Syndrome,8,PT_Cbt For Insomnia|PT_Closed Loop Neurostimulation|PT_Hypnotherapy|PT_Machine Learning Neuroimaging|PT_Motivational Interviewing|PT_Occupational Therapy|PT_Social Skills Training|PT_Stimulant And Wake Promoting Agents,100.39415177625817,100.0,100.21873136548197,99.43035032161015,98.54468148180372,99.80110234934398,0.9638014546480207
2027-11-01,RMD_Savant Syndrome,8,PT_Cbt For Insomnia|PT_Closed Loop Neurostimulation|PT_Hypnotherapy|PT_Machine Learning Neuroimaging|PT_Motivational Interviewing|PT_Occupational Therapy|PT_Social Skills Training|PT_Stimulant And Wake Promoting Agents,100.7716918712401,100.0,100.39230272102706,99.86614371901442,99.36949913672487,100.0873200757969,0.905548152225677
2027-12-01,RMD_Savant Syndrome,8,PT_Cbt For Insomnia|PT_Closed Loop Neurostimulation|PT_Hypnotherapy|PT_Machine Learning Neuroimaging|PT_Motivational Interviewing|PT_Occupational Therapy|PT_Social Skills Training|PT_Stimulant And Wake Promoting Agents,101.14023699470125,100.0,100.55946229888599,100.29353030924993,100.1903701347503,100.36404934826571,0.8467066854513234
2028-01-01,RMD_Savant Syndrome,8,PT_Cbt For Insomnia|PT_Closed Loop Neurostimulation|PT_Hypnotherapy|PT_Machine Learning Neuroimaging|PT_Motivational Interviewing|PT_Occupational Therapy|PT_Social Skills Training|PT_Stimulant And Wake Promoting Agents,101.46812857752194,100.0,100.70523078004874,100.68153764485288,100.95456400036731,100.6096625819945,0.786590932669057
2028-02-01,RMD_Savant Syndrome,8,PT_Cbt For Insomnia|PT_Closed Loop Neurostimulation|PT_Hypnotherapy|PT_Machine Learning Neuroimaging|PT_Motivational Interviewing|PT_Occupational Therapy|PT_Social Skills Training|PT_Stimulant And Wake Promoting Agents,101.81018620420078,100.0,100.85727225583085,101.09378092059627,101.76769865390969,100.87005870245565,0.7164052836045016
2028-03-01,RMD_Savant Syndrome,8,PT_Cbt For Insomnia|PT_Closed Loop Neurostimulation|PT_Hypnotherapy|PT_Machine Learning Neuroimaging|PT_Motivational Interviewing|PT_Occupational Therapy|PT_Social Skills Training|PT_Stimulant And Wake Promoting Agents,102.10034657583817,100.0,100.98585014111924,101.44740883951438,102.46666055981309,101.09293701908902,0.6529377363237927
2028-04-01,RMD_Savant Syndrome,8,PT_Cbt For Insomnia|PT_Closed Loop Neurostimulation|PT_Hypnotherapy|PT_Machine Learning Neuroimaging|PT_Motivational Interviewing|PT_Occupational Therapy|PT_Social Skills Training|PT_Stimulant And Wake Promoting Agents,102.41153321154889,100.0,101.12776045302493,101.81300539705958,103.16745003694946,101.33026602275291,0.5985278144893016
2028-05-01,RMD_Savant Syndrome,8,PT_Cbt For Insomnia|PT_Closed Loop Neurostimulation|PT_Hypnotherapy|PT_Machine Learning Neuroimaging|PT_Motivational Interviewing|PT_Occupational Therapy|PT_Social Skills Training|PT_Stimulant And Wake Promoting Agents,102.7728865029416,100.0,101.2900903801592,102.24878773287547,104.01881792916895,101.60802649846289,0.5240987700661321
2028-06-01,RMD_Savant Syndrome,8,PT_Cbt For Insomnia|PT_Closed Loop Neurostimulation|PT_Hypnotherapy|PT_Machine Learning Neuroimaging|PT_Motivational Interviewing|PT_Occupational Therapy|PT_Social Skills Training|PT_Stimulant And Wake Promoting Agents,103.17073782393815,100.0,101.47089695958684,102.72477894245242,104.9367071718492,101.914979022973,0.4459588814857369
2028-07-01,RMD_Savant Syndrome,8,PT_Cbt For Insomnia|PT_Closed Loop Neurostimulation|PT_Hypnotherapy|PT_Machine Learning Neuroimaging|PT_Motivational Interviewing|PT_Occupational Therapy|PT_Social Skills Training|PT_Stimulant And Wake Promoting Agents,103.58180180471462,100.0,101.65905904155488,103.21372327202226,105.8722666738125,102.23247888801687,0.36807853269235125
2028-08-01,RMD_Savant Syndrome,8,PT_Cbt For Insomnia|PT_Closed Loop Neurostimulation|PT_Hypnotherapy|PT_Machine Learning Neuroimaging|PT_Motivational Interviewing|PT_Occupational Therapy|PT_Social Skills Training|PT_Stimulant And Wake Promoting Agents,104.00611989675265,100.0,101.85776863659977,103.7081320262518,106.79123227746433,102.5618548924019,0.2979878705008474
2028-09-01,RMD_Savant Syndrome,8,PT_Cbt For Insomnia|PT_Closed Loop Neurostimulation|PT_Hypnotherapy|PT_Machine Learning Neuroimaging|PT_Motivational Interviewing|PT_Occupational Therapy|PT_Social Skills Training|PT_Stimulant And Wake Promoting Agents,104.46214837226249,100.0,102.06617454191179,104.25699698007575,107.84354330856097,102.9173016525551,0.2051513921867354
2028-10-01,RMD_Savant Syndrome,8,PT_Cbt For Insomnia|PT_Closed Loop Neurostimulation|PT_Hypnotherapy|PT_Machine Learning Neuroimaging|PT_Motivational Interviewing|PT_Occupational Therapy|PT_Social Skills Training|PT_Stimulant And Wake Promoting Agents,104.9363325967405,100.0,102.2818249233108,104.83732109125224,108.96513386510797,103.29045880931322,0.09901150548826365
2028-11-01,RMD_Savant Syndrome,8,PT_Cbt For Insomnia|PT_Closed Loop Neurostimulation|PT_Hypnotherapy|PT_Machine Learning Neuroimaging|PT_Motivational Interviewing|PT_Occupational Therapy|PT_Social Skills Training|PT_Stimulant And Wake Promoting Agents,105.47344017038218,100.0,102.5262219039464,105.4929082497658,110.23100164021716,103.71217940998565,-0.01946807938362838
2028-12-01,RMD_Savant Syndrome,8,PT_Cbt For Insomnia|PT_Closed Loop Neurostimulation|PT_Hypnotherapy|PT_Machine Learning Neuroimaging|PT_Motivational Interviewing|PT_Occupational Therapy|PT_Social Skills Training|PT_Stimulant And Wake Promoting Agents,106.04843439826335,100.0,102.78431214717297,106.20655768568562,111.62789393942622,104.16518214924902,-0.15812328742227066
2026-01-01,RMD_Schizoaffective Disorder,8,PT_Brain Computer Interface|PT_Electroencephalography|PT_Ketamine Therapy|PT_Music Therapy|PT_Neurocognitive Training|PT_Personalized Medicine|PT_Transcranial Magnetic Stimulation|PT_Virtual Reality Exposure Therapy,100.0,100.0,100.0,100.0,100.0,100.0,0.0
2026-02-01,RMD_Schizoaffective Disorder,8,PT_Brain Computer Interface|PT_Electroencephalography|PT_Ketamine Therapy|PT_Music Therapy|PT_Neurocognitive Training|PT_Personalized Medicine|PT_Transcranial Magnetic Stimulation|PT_Virtual Reality Exposure Therapy,98.39301499952026,97.32017027221877,98.80095186715722,99.55096951194406,99.55635043884811,99.56732088766462,-1.1579545124237995
2026-03-01,RMD_Schizoaffective Disorder,8,PT_Brain Computer Interface|PT_Electroencephalography|PT_Ketamine Therapy|PT_Music Therapy|PT_Neurocognitive Training|PT_Personalized Medicine|PT_Transcranial Magnetic Stimulation|PT_Virtual Reality Exposure Therapy,97.37734872097175,95.62449113202405,98.04384341153921,98.98123335926748,98.90927820860287,99.07212025490166,-1.6038846382957246
2026-04-01,RMD_Schizoaffective Disorder,8,PT_Brain Computer Interface|PT_Electroencephalography|PT_Ketamine Therapy|PT_Music Therapy|PT_Neurocognitive Training|PT_Personalized Medicine|PT_Transcranial Magnetic Stimulation|PT_Virtual Reality Exposure Therapy,97.03708770859119,95.05846072263788,97.78942948924495,98.61071411704356,98.44154928880887,98.77994770224211,-1.5736264084523697
2026-05-01,RMD_Schizoaffective Disorder,8,PT_Brain Computer Interface|PT_Electroencephalography|PT_Ketamine Therapy|PT_Music Therapy|PT_Neurocognitive Training|PT_Personalized Medicine|PT_Transcranial Magnetic Stimulation|PT_Virtual Reality Exposure Therapy,96.97639402310398,94.95820636889701,97.74377566072684,98.24334074032011,97.94943190435683,98.50814158320483,-1.266946717216129
2026-06-01,RMD_Schizoaffective Disorder,8,PT_Brain Computer Interface|PT_Electroencephalography|PT_Ketamine Therapy|PT_Music Therapy|PT_Neurocognitive Training|PT_Personalized Medicine|PT_Transcranial Magnetic Stimulation|PT_Virtual Reality Exposure Therapy,96.96769896756174,94.94845829247483,97.73548099711526,97.9937342323447,97.59966814378129,98.33317738820605,-1.026035264782962
2026-07-01,RMD_Schizoaffective Disorder,8,PT_Brain Computer Interface|PT_Electroencephalography|PT_Ketamine Therapy|PT_Music Therapy|PT_Neurocognitive Training|PT_Personalized Medicine|PT_Transcranial Magnetic Stimulation|PT_Virtual Reality Exposure Therapy,96.92221132707495,94.88776966068279,97.69577088755081,98.00446203191214,97.56991153797965,98.3688888223523,-1.0822507048371932
2026-08-01,RMD_Schizoaffective Disorder,8,PT_Brain Computer Interface|PT_Electroencephalography|PT_Ketamine Therapy|PT_Music Therapy|PT_Neurocognitive Training|PT_Personalized Medicine|PT_Transcranial Magnetic Stimulation|PT_Virtual Reality Exposure Therapy,96.97552177029682,94.9959209535713,97.72822909121486,98.07591698196336,97.60371743259016,98.4607841669536,-1.1003952116665374
2026-09-01,RMD_Schizoaffective Disorder,8,PT_Brain Computer Interface|PT_Electroencephalography|PT_Ketamine Therapy|PT_Music Therapy|PT_Neurocognitive Training|PT_Personalized Medicine|PT_Transcranial Magnetic Stimulation|PT_Virtual Reality Exposure Therapy,96.96789127526726,95.0134101495052,97.71105202782722,98.34216073811722,97.88177890100035,98.70731469976197,-1.374269462849952
2026-10-01,RMD_Schizoaffective Disorder,8,PT_Brain Computer Interface|PT_Electroencephalography|PT_Ketamine Therapy|PT_Music Therapy|PT_Neurocognitive Training|PT_Personalized Medicine|PT_Transcranial Magnetic Stimulation|PT_Virtual Reality Exposure Therapy,96.93473880046282,94.98839798154984,97.67480197794075,98.6341129849939,98.19162677138354,98.97457345888787,-1.6993741845310808
2026-11-01,RMD_Schizoaffective Disorder,8,PT_Brain Computer Interface|PT_Electroencephalography|PT_Ketamine Therapy|PT_Music Therapy|PT_Neurocognitive Training|PT_Personalized Medicine|PT_Transcranial Magnetic Stimulation|PT_Virtual Reality Exposure Therapy,96.80782258295484,94.8035148671566,97.56992899104375,98.86996529114826,98.44265176693241,99.18999605770718,-2.06214270819342
2026-12-01,RMD_Schizoaffective Disorder,8,PT_Brain Computer Interface|PT_Electroencephalography|PT_Ketamine Therapy|PT_Music Therapy|PT_Neurocognitive Training|PT_Personalized Medicine|PT_Transcranial Magnetic Stimulation|PT_Virtual Reality Exposure Therapy,96.67752037620332,94.61101528896035,97.46327383642222,98.98470575764269,98.54287424083563,99.30877010444581,-2.3071853814393677
2027-01-01,RMD_Schizoaffective Disorder,8,PT_Brain Computer Interface|PT_Electroencephalography|PT_Ketamine Therapy|PT_Music Therapy|PT_Neurocognitive Training|PT_Personalized Medicine|PT_Transcranial Magnetic Stimulation|PT_Virtual Reality Exposure Therapy,96.4941275064648,94.33227265868376,97.3161407233762,99.19694416200235,98.75581737522009,99.5108999406161,-2.7028166555375464
2027-02-01,RMD_Schizoaffective Disorder,8,PT_Brain Computer Interface|PT_Electroencephalography|PT_Ketamine Therapy|PT_Music Therapy|PT_Neurocognitive Training|PT_Personalized Medicine|PT_Transcranial Magnetic Stimulation|PT_Virtual Reality Exposure Therapy,96.3087566146124,94.05747538158826,97.1647702221766,99.52766621459119,99.12002669027413,99.80551771287134,-3.2189095999787867
2027-03-01,RMD_Schizoaffective Disorder,8,PT_Brain Computer Interface|PT_Electroencephalography|PT_Ketamine Therapy|PT_Music Therapy|PT_Neurocognitive Training|PT_Personalized Medicine|PT_Transcranial Magnetic Stimulation|PT_Virtual Reality Exposure Therapy,96.33498601201828,94.13168292499135,97.17275205847481,99.8504877644548,99.45694194412023,100.1047202718685,-3.5155017524365206
2027-04-01,RMD_Schizoaffective Disorder,8,PT_Brain Computer Interface|PT_Electroencephalography|PT_Ketamine Therapy|PT_Music Therapy|PT_Neurocognitive Training|PT_Personalized Medicine|PT_Transcranial Magnetic Stimulation|PT_Virtual Reality Exposure Therapy,96.47257530718237,94.3880373899812,97.26518778976222,100.24834019755876,99.87394656669765,100.47215818075662,-3.7757648903763936
2027-05-01,RMD_Schizoaffective Disorder,8,PT_Brain Computer Interface|PT_Electroencephalography|PT_Ketamine Therapy|PT_Music Therapy|PT_Neurocognitive Training|PT_Personalized Medicine|PT_Transcranial Magnetic Stimulation|PT_Virtual Reality Exposure Therapy,96.79916186807431,94.95963990954732,97.49860436359975,100.65845752400634,100.28795286092043,100.8610229501325,-3.85929565593203
2027-06-01,RMD_Schizoaffective Disorder,8,PT_Brain Computer Interface|PT_Electroencephalography|PT_Ketamine Therapy|PT_Music Therapy|PT_Neurocognitive Training|PT_Personalized Medicine|PT_Transcranial Magnetic Stimulation|PT_Virtual Reality Exposure Therapy,97.00267149743622,95.32765472562625,97.63956624691878,101.166104645185,100.83408136989192,101.32088641705465,-4.163433147748776
2027-07-01,RMD_Schizoaffective Disorder,8,PT_Brain Computer Interface|PT_Electroencephalography|PT_Ketamine Therapy|PT_Music Therapy|PT_Neurocognitive Training|PT_Personalized Medicine|PT_Transcranial Magnetic Stimulation|PT_Virtual Reality Exposure Therapy,97.14311106752136,95.585579852546,97.73533880288191,101.68361943055375,101.39740647688382,101.78552180487148,-4.540508363032387
2027-08-01,RMD_Schizoaffective Disorder,8,PT_Brain Computer Interface|PT_Electroencephalography|PT_Ketamine Therapy|PT_Music Therapy|PT_Neurocognitive Training|PT_Personalized Medicine|PT_Transcranial Magnetic Stimulation|PT_Virtual Reality Exposure Therapy,97.46841328766575,96.14755895139866,97.97065129983066,102.20224124201,101.94445200036928,102.26222734553947,-4.73382795434425
2027-09-01,RMD_Schizoaffective Disorder,8,PT_Brain Computer Interface|PT_Electroencephalography|PT_Ketamine Therapy|PT_Music Therapy|PT_Neurocognitive Training|PT_Personalized Medicine|PT_Transcranial Magnetic Stimulation|PT_Virtual Reality Exposure Therapy,97.74204654821749,96.63527441177932,98.162878944077,102.99886199311048,102.84255952969725,102.95821668637814,-5.256815444892993
2027-10-01,RMD_Schizoaffective Disorder,8,PT_Brain Computer Interface|PT_Electroencephalography|PT_Ketamine Therapy|PT_Music Therapy|PT_Neurocognitive Training|PT_Personalized Medicine|PT_Transcranial Magnetic Stimulation|PT_Virtual Reality Exposure Therapy,97.93866744084255,96.99398367920202,98.29786866959567,103.90323062865622,103.88413346455914,103.73436182263674,-5.964563187813667
2027-11-01,RMD_Schizoaffective Disorder,8,PT_Brain Computer Interface|PT_Electroencephalography|PT_Ketamine Therapy|PT_Music Therapy|PT_Neurocognitive Training|PT_Personalized Medicine|PT_Transcranial Magnetic Stimulation|PT_Virtual Reality Exposure Therapy,98.16283641228272,97.39863480807477,98.45341020163995,104.82575767772369,104.95330026311105,104.52207184953416,-6.662921265440971
2027-12-01,RMD_Schizoaffective Disorder,8,PT_Brain Computer Interface|PT_Electroencephalography|PT_Ketamine Therapy|PT_Music Therapy|PT_Neurocognitive Training|PT_Personalized Medicine|PT_Transcranial Magnetic Stimulation|PT_Virtual Reality Exposure Therapy,98.2020465798109,97.49226994368242,98.47193337043655,105.70421871713516,105.98944423562615,105.26067787475485,-7.502172137324266
2028-01-01,RMD_Schizoaffective Disorder,8,PT_Brain Computer Interface|PT_Electroencephalography|PT_Ketamine Therapy|PT_Music Therapy|PT_Neurocognitive Training|PT_Personalized Medicine|PT_Transcranial Magnetic Stimulation|PT_Virtual Reality Exposure Therapy,98.02892843605278,97.2253259762365,98.33448842448884,106.50944878622553,106.95972801967727,105.92474212913754,-8.480520350172753
2028-02-01,RMD_Schizoaffective Disorder,8,PT_Brain Computer Interface|PT_Electroencephalography|PT_Ketamine Therapy|PT_Music Therapy|PT_Neurocognitive Training|PT_Personalized Medicine|PT_Transcranial Magnetic Stimulation|PT_Virtual Reality Exposure Therapy,97.90035013051855,97.0323153096345,98.23041172529857,107.35323362718371,107.97918026733137,106.61888507966924,-9.452883496665166
2028-03-01,RMD_Schizoaffective Disorder,8,PT_Brain Computer Interface|PT_Electroencephalography|PT_Ketamine Therapy|PT_Music Therapy|PT_Neurocognitive Training|PT_Personalized Medicine|PT_Transcranial Magnetic Stimulation|PT_Virtual Reality Exposure Therapy,97.82084463055251,96.91867293277673,98.16388378332594,108.07792953946202,108.85316722388178,107.2160800634759,-10.257084908909505
2028-04-01,RMD_Schizoaffective Disorder,8,PT_Brain Computer Interface|PT_Electroencephalography|PT_Ketamine Therapy|PT_Music Therapy|PT_Neurocognitive Training|PT_Personalized Medicine|PT_Transcranial Magnetic Stimulation|PT_Virtual Reality Exposure Therapy,97.9245259563548,97.10782550519374,98.2350662165366,108.87108585640374,109.78289629864092,107.88670648881437,-10.946559900048939
2028-05-01,RMD_Schizoaffective Disorder,8,PT_Brain Computer Interface|PT_Electroencephalography|PT_Ketamine Therapy|PT_Music Therapy|PT_Neurocognitive Training|PT_Personalized Medicine|PT_Transcranial Magnetic Stimulation|PT_Virtual Reality Exposure Therapy,97.90453282311351,97.09393262645652,98.21275120151758,109.78259042989487,110.87188709634876,108.6444501000544,-11.878057606781354
2028-06-01,RMD_Schizoaffective Disorder,8,PT_Brain Computer Interface|PT_Electroencephalography|PT_Ketamine Therapy|PT_Music Therapy|PT_Neurocognitive Training|PT_Personalized Medicine|PT_Transcranial Magnetic Stimulation|PT_Virtual Reality Exposure Therapy,98.03645590909724,97.3356649768131,98.30292130468708,110.77560079460581,112.04507837279999,109.47839473828665,-12.739144885508566
2028-07-01,RMD_Schizoaffective Disorder,8,PT_Brain Computer Interface|PT_Electroencephalography|PT_Ketamine Therapy|PT_Music Therapy|PT_Neurocognitive Training|PT_Personalized Medicine|PT_Transcranial Magnetic Stimulation|PT_Virtual Reality Exposure Therapy,98.24160015395606,97.6986810989722,98.44803525961966,111.80206086843569,113.24946874979393,110.34571163375601,-13.560460714479632
2028-08-01,RMD_Schizoaffective Disorder,8,PT_Brain Computer Interface|PT_Electroencephalography|PT_Ketamine Therapy|PT_Music Therapy|PT_Neurocognitive Training|PT_Personalized Medicine|PT_Transcranial Magnetic Stimulation|PT_Virtual Reality Exposure Therapy,98.79247931267028,98.63934554257051,98.85071036921111,112.86998265314014,114.46632640276431,111.27100268974155,-14.07750334046986
2028-09-01,RMD_Schizoaffective Disorder,8,PT_Brain Computer Interface|PT_Electroencephalography|PT_Ketamine Therapy|PT_Music Therapy|PT_Neurocognitive Training|PT_Personalized Medicine|PT_Transcranial Magnetic Stimulation|PT_Virtual Reality Exposure Therapy,99.08583784930205,99.15732117624378,99.058664695665,113.9891302780953,115.78521995159812,112.2132231487442,-14.90329242879325
2028-10-01,RMD_Schizoaffective Disorder,8,PT_Brain Computer Interface|PT_Electroencephalography|PT_Ketamine Therapy|PT_Music Therapy|PT_Neurocognitive Training|PT_Personalized Medicine|PT_Transcranial Magnetic Stimulation|PT_Virtual Reality Exposure Therapy,99.28625681911105,99.52328540591421,99.19613808045938,115.16952272760396,117.18979768805185,113.19858426775653,-15.883265908492916
2028-11-01,RMD_Schizoaffective Disorder,8,PT_Brain Computer Interface|PT_Electroencephalography|PT_Ketamine Therapy|PT_Music Therapy|PT_Neurocognitive Training|PT_Personalized Medicine|PT_Transcranial Magnetic Stimulation|PT_Virtual Reality Exposure Therapy,99.54695051833451,99.99698956463433,99.37583367294056,116.49157469523134,118.76689779553833,114.29991865902161,-16.944624176896824
2028-12-01,RMD_Schizoaffective Disorder,8,PT_Brain Computer Interface|PT_Electroencephalography|PT_Ketamine Therapy|PT_Music Therapy|PT_Neurocognitive Training|PT_Personalized Medicine|PT_Transcranial Magnetic Stimulation|PT_Virtual Reality Exposure Therapy,99.67114695543592,100.24782178172772,99.4518791489315,117.88676206258233,120.45789316636663,115.44545413716185,-18.21561510714642
2026-01-01,RMD_Schizotypal Personality Disorder,8,PT_Animal Assisted Therapy|PT_Cultural Psychiatry Interventions|PT_Hypnotherapy|PT_Mentalization Based Treatment|PT_Motivational Interviewing|PT_Naltrexone|PT_Neurofeedback Systems|PT_Neuroprotective Agents,100.0,100.0,100.0,100.0,100.0,100.0,0.0
2026-02-01,RMD_Schizotypal Personality Disorder,8,PT_Animal Assisted Therapy|PT_Cultural Psychiatry Interventions|PT_Hypnotherapy|PT_Mentalization Based Treatment|PT_Motivational Interviewing|PT_Naltrexone|PT_Neurofeedback Systems|PT_Neuroprotective Agents,97.7654378886281,97.2913040971662,98.06637159278218,99.62975739905231,99.18934310803785,99.79134345307517,-1.8643195104242096
2026-03-01,RMD_Schizotypal Personality Disorder,8,PT_Animal Assisted Therapy|PT_Cultural Psychiatry Interventions|PT_Hypnotherapy|PT_Mentalization Based Treatment|PT_Motivational Interviewing|PT_Naltrexone|PT_Neurofeedback Systems|PT_Neuroprotective Agents,96.30263751026631,95.51297344565586,96.8038389354334,99.19141157386636,98.17027328101089,99.55844559179533,-2.888774063600053
2026-04-01,RMD_Schizotypal Personality Disorder,8,PT_Animal Assisted Therapy|PT_Cultural Psychiatry Interventions|PT_Hypnotherapy|PT_Mentalization Based Treatment|PT_Motivational Interviewing|PT_Naltrexone|PT_Neurofeedback Systems|PT_Neuroprotective Agents,95.68817266332988,94.75332931177063,96.28151968405398,98.84290264563792,97.31185690261815,99.38284709894808,-3.154729982308041
2026-05-01,RMD_Schizotypal Personality Disorder,8,PT_Animal Assisted Therapy|PT_Cultural Psychiatry Interventions|PT_Hypnotherapy|PT_Mentalization Based Treatment|PT_Motivational Interviewing|PT_Naltrexone|PT_Neurofeedback Systems|PT_Neuroprotective Agents,95.426033429319,94.41583989493316,96.06720536789335,98.48923737068394,96.41533725953447,99.21016549322532,-3.0632039413649323
2026-06-01,RMD_Schizotypal Personality Disorder,8,PT_Animal Assisted Therapy|PT_Cultural Psychiatry Interventions|PT_Hypnotherapy|PT_Mentalization Based Treatment|PT_Motivational Interviewing|PT_Naltrexone|PT_Neurofeedback Systems|PT_Neuroprotective Agents,95.23775639680575,94.17171041561303,95.91438295782713,98.21600734774712,95.71094227523064,99.07876397616081,-2.978250950941373
2026-07-01,RMD_Schizotypal Personality Disorder,8,PT_Animal Assisted Therapy|PT_Cultural Psychiatry Interventions|PT_Hypnotherapy|PT_Mentalization Based Treatment|PT_Motivational Interviewing|PT_Naltrexone|PT_Neurofeedback Systems|PT_Neuroprotective Agents,94.96734284915799,93.83748637019906,95.68446014945677,98.1051787660327,95.39862715228955,99.02915801551615,-3.1378359168747068
2026-08-01,RMD_Schizotypal Personality Disorder,8,PT_Animal Assisted Therapy|PT_Cultural Psychiatry Interventions|PT_Hypnotherapy|PT_Mentalization Based Treatment|PT_Motivational Interviewing|PT_Naltrexone|PT_Neurofeedback Systems|PT_Neuroprotective Agents,94.80438012075524,93.63342409191036,95.54758339089832,98.02801201795084,95.15804751072228,98.99858261941183,-3.2236318971956024
2026-09-01,RMD_Schizotypal Personality Disorder,8,PT_Animal Assisted Therapy|PT_Cultural Psychiatry Interventions|PT_Hypnotherapy|PT_Mentalization Based Treatment|PT_Motivational Interviewing|PT_Naltrexone|PT_Neurofeedback Systems|PT_Neuroprotective Agents,94.53655684577826,93.31122255037383,95.31427907309752,98.07860808317929,95.22667809764607,99.03207490264063,-3.542051237401026
2026-10-01,RMD_Schizotypal Personality Disorder,8,PT_Animal Assisted Therapy|PT_Cultural Psychiatry Interventions|PT_Hypnotherapy|PT_Mentalization Based Treatment|PT_Motivational Interviewing|PT_Naltrexone|PT_Neurofeedback Systems|PT_Neuroprotective Agents,94.23526627730077,92.95035213671689,95.05080891457118,98.14395937738006,95.33154901259078,99.0731567562516,-3.90869310007929
2026-11-01,RMD_Schizotypal Personality Disorder,8,PT_Animal Assisted Therapy|PT_Cultural Psychiatry Interventions|PT_Hypnotherapy|PT_Mentalization Based Treatment|PT_Motivational Interviewing|PT_Naltrexone|PT_Neurofeedback Systems|PT_Neuroprotective Agents,93.82864806389857,92.46264001061168,94.69565125987505,98.18652506656055,95.39047369946373,99.10106069909949,-4.357877002661979
2026-12-01,RMD_Schizotypal Personality Disorder,8,PT_Animal Assisted Therapy|PT_Cultural Psychiatry Interventions|PT_Hypnotherapy|PT_Mentalization Based Treatment|PT_Motivational Interviewing|PT_Naltrexone|PT_Neurofeedback Systems|PT_Neuroprotective Agents,93.42083480666466,91.97396702162348,94.3391648008866,98.1565637804869,95.26920273203389,99.09354664683057,-4.735728973822248
2027-01-01,RMD_Schizotypal Personality Disorder,8,PT_Animal Assisted Therapy|PT_Cultural Psychiatry Interventions|PT_Hypnotherapy|PT_Mentalization Based Treatment|PT_Motivational Interviewing|PT_Naltrexone|PT_Neurofeedback Systems|PT_Neuroprotective Agents,92.9041936999837,91.35473385894876,93.88763908564778,98.16111902304041,95.22547339859946,99.10403422480893,-5.25692532305672
2027-02-01,RMD_Schizotypal Personality Disorder,8,PT_Animal Assisted Therapy|PT_Cultural Psychiatry Interventions|PT_Hypnotherapy|PT_Mentalization Based Treatment|PT_Motivational Interviewing|PT_Naltrexone|PT_Neurofeedback Systems|PT_Neuroprotective Agents,92.36821350835083,90.71893948235582,93.41501116493099,98.24407139877786,95.37802307271905,99.1527434078587,-5.875857890427028
2027-03-01,RMD_Schizotypal Personality Disorder,8,PT_Animal Assisted Therapy|PT_Cultural Psychiatry Interventions|PT_Hypnotherapy|PT_Mentalization Based Treatment|PT_Motivational Interviewing|PT_Naltrexone|PT_Neurofeedback Systems|PT_Neuroprotective Agents,92.12006296000467,90.42700121568684,93.1946577307553,98.32145416867152,95.50554729757128,99.20155642831419,-6.201391208666848
2027-04-01,RMD_Schizotypal Personality Disorder,8,PT_Animal Assisted Therapy|PT_Cultural Psychiatry Interventions|PT_Hypnotherapy|PT_Mentalization Based Treatment|PT_Motivational Interviewing|PT_Naltrexone|PT_Neurofeedback Systems|PT_Neuroprotective Agents,92.03022842140594,90.32118912015738,93.11495922256618,98.43405788614392,95.71101679269744,99.26957936882904,-6.403829464737981
2027-05-01,RMD_Schizotypal Personality Disorder,8,PT_Animal Assisted Therapy|PT_Cultural Psychiatry Interventions|PT_Hypnotherapy|PT_Mentalization Based Treatment|PT_Motivational Interviewing|PT_Naltrexone|PT_Neurofeedback Systems|PT_Neuroprotective Agents,92.18232656350102,90.50575291262538,93.24645134880578,98.54630469801418,95.89974469694896,99.34101006420455,-6.363978134513161
2027-06-01,RMD_Schizotypal Personality Disorder,8,PT_Animal Assisted Therapy|PT_Cultural Psychiatry Interventions|PT_Hypnotherapy|PT_Mentalization Based Treatment|PT_Motivational Interviewing|PT_Naltrexone|PT_Neurofeedback Systems|PT_Neuroprotective Agents,92.18226590137758,90.50921358138282,93.24416064886901,98.73034588942896,96.27269219871052,99.44615959714862,-6.548079988051384
2027-07-01,RMD_Schizotypal Personality Disorder,8,PT_Animal Assisted Therapy|PT_Cultural Psychiatry Interventions|PT_Hypnotherapy|PT_Mentalization Based Treatment|PT_Motivational Interviewing|PT_Naltrexone|PT_Neurofeedback Systems|PT_Neuroprotective Agents,92.1208576338217,90.43770350958684,93.18915410103712,98.92133734783259,96.66609474510896,99.55399946287741,-6.800479714010891
2027-08-01,RMD_Schizotypal Personality Disorder,8,PT_Animal Assisted Therapy|PT_Cultural Psychiatry Interventions|PT_Hypnotherapy|PT_Mentalization Based Treatment|PT_Motivational Interviewing|PT_Naltrexone|PT_Neurofeedback Systems|PT_Neuroprotective Agents,92.295000391574,90.64582797242151,93.34173851630473,99.11116416690297,97.04114736530767,99.66470901690992,-6.81616377532896
2027-09-01,RMD_Schizotypal Personality Disorder,8,PT_Animal Assisted Therapy|PT_Cultural Psychiatry Interventions|PT_Hypnotherapy|PT_Mentalization Based Treatment|PT_Motivational Interviewing|PT_Naltrexone|PT_Neurofeedback Systems|PT_Neuroprotective Agents,92.38194741309711,90.75653031319287,93.41360302903914,99.47628799013589,97.84522188103573,99.86232103977115,-7.094340577038778
2027-10-01,RMD_Schizotypal Personality Disorder,8,PT_Animal Assisted Therapy|PT_Cultural Psychiatry Interventions|PT_Hypnotherapy|PT_Mentalization Based Treatment|PT_Motivational Interviewing|PT_Naltrexone|PT_Neurofeedback Systems|PT_Neuroprotective Agents,92.38918440442322,90.77048235472964,93.41657796402193,99.91076420721451,98.82936164549967,100.09233033321895,-7.521579802791294
2027-11-01,RMD_Schizotypal Personality Disorder,8,PT_Animal Assisted Therapy|PT_Cultural Psychiatry Interventions|PT_Hypnotherapy|PT_Mentalization Based Treatment|PT_Motivational Interviewing|PT_Naltrexone|PT_Neurofeedback Systems|PT_Neuroprotective Agents,92.44604301272128,90.84465628216059,93.4624415450067,100.36101940880842,99.85711275740894,100.32923065450133,-7.914976396087141
2027-12-01,RMD_Schizotypal Personality Disorder,8,PT_Animal Assisted Therapy|PT_Cultural Psychiatry Interventions|PT_Hypnotherapy|PT_Mentalization Based Treatment|PT_Motivational Interviewing|PT_Naltrexone|PT_Neurofeedback Systems|PT_Neuroprotective Agents,92.29291361452775,90.66794344251704,93.32428556440566,100.80452158071988,100.88220607966899,100.5597968940344,-8.51160796619213
2028-01-01,RMD_Schizotypal Personality Disorder,8,PT_Animal Assisted Therapy|PT_Cultural Psychiatry Interventions|PT_Hypnotherapy|PT_Mentalization Based Treatment|PT_Motivational Interviewing|PT_Naltrexone|PT_Neurofeedback Systems|PT_Neuroprotective Agents,91.90151552789605,90.20262801466824,92.97979800984783,101.21362932328913,101.84766058933256,100.76803809133632,-9.312113795393074
2028-02-01,RMD_Schizotypal Personality Disorder,8,PT_Animal Assisted Therapy|PT_Cultural Psychiatry Interventions|PT_Hypnotherapy|PT_Mentalization Based Treatment|PT_Motivational Interviewing|PT_Naltrexone|PT_Neurofeedback Systems|PT_Neuroprotective Agents,91.57725827948508,89.81868126803278,92.69343076840389,101.64631162010441,102.87336247090481,100.98759756586242,-10.069053340619334
2028-03-01,RMD_Schizotypal Personality Disorder,8,PT_Animal Assisted Therapy|PT_Cultural Psychiatry Interventions|PT_Hypnotherapy|PT_Mentalization Based Treatment|PT_Motivational Interviewing|PT_Naltrexone|PT_Neurofeedback Systems|PT_Neuroprotective Agents,91.33652064262299,89.53381276485248,92.4807030842341,102.01755919208969,103.75413408933787,101.17592086079321,-10.681038549466706
2028-04-01,RMD_Schizotypal Personality Disorder,8,PT_Animal Assisted Therapy|PT_Cultural Psychiatry Interventions|PT_Hypnotherapy|PT_Mentalization Based Treatment|PT_Motivational Interviewing|PT_Naltrexone|PT_Neurofeedback Systems|PT_Neuroprotective Agents,91.30462449811951,89.49442519854317,92.45356176074105,102.39920398780022,104.63403633732493,101.37480725181562,-11.094579489680712
2028-05-01,RMD_Schizotypal Personality Disorder,8,PT_Animal Assisted Therapy|PT_Cultural Psychiatry Interventions|PT_Hypnotherapy|PT_Mentalization Based Treatment|PT_Motivational Interviewing|PT_Naltrexone|PT_Neurofeedback Systems|PT_Neuroprotective Agents,91.11150662815592,89.2650289500956,92.28346489487473,102.8548785191949,105.70548573372413,101.60812990248252,-11.743371891038976
2028-06-01,RMD_Schizotypal Personality Disorder,8,PT_Animal Assisted Therapy|PT_Cultural Psychiatry Interventions|PT_Hypnotherapy|PT_Mentalization Based Treatment|PT_Motivational Interviewing|PT_Naltrexone|PT_Neurofeedback Systems|PT_Neuroprotective Agents,91.09781518689606,89.25189715736137,92.26942320175593,103.34802813881336,106.85367570135064,101.86331504693686,-12.250212951917305
2028-07-01,RMD_Schizotypal Personality Disorder,8,PT_Animal Assisted Therapy|PT_Cultural Psychiatry Interventions|PT_Hypnotherapy|PT_Mentalization Based Treatment|PT_Motivational Interviewing|PT_Naltrexone|PT_Neurofeedback Systems|PT_Neuroprotective Agents,91.17623311386383,89.34827248571479,92.33644848691831,103.85364127774835,108.02168731514622,102.12697709960415,-12.677408163884522
2028-08-01,RMD_Schizotypal Personality Disorder,8,PT_Animal Assisted Therapy|PT_Cultural Psychiatry Interventions|PT_Hypnotherapy|PT_Mentalization Based Treatment|PT_Motivational Interviewing|PT_Naltrexone|PT_Neurofeedback Systems|PT_Neuroprotective Agents,91.66422349964522,89.934055121032,92.76236001195527,104.3589914336081,109.15846369077437,102.39718090883217,-12.69476793396288
2028-09-01,RMD_Schizotypal Personality Disorder,8,PT_Animal Assisted Therapy|PT_Cultural Psychiatry Interventions|PT_Hypnotherapy|PT_Mentalization Based Treatment|PT_Motivational Interviewing|PT_Naltrexone|PT_Neurofeedback Systems|PT_Neuroprotective Agents,91.8490245924855,90.1641310042017,92.91843501760269,104.92211333574964,110.46538828226497,102.69004015203684,-13.073088743264137
2028-10-01,RMD_Schizotypal Personality Disorder,8,PT_Animal Assisted Therapy|PT_Cultural Psychiatry Interventions|PT_Hypnotherapy|PT_Mentalization Based Treatment|PT_Motivational Interviewing|PT_Naltrexone|PT_Neurofeedback Systems|PT_Neuroprotective Agents,91.92161895560328,90.26111566023701,92.97554385282243,105.5192633693786,111.86301305043025,102.99832396987394,-13.597644413775328
2028-11-01,RMD_Schizotypal Personality Disorder,8,PT_Animal Assisted Therapy|PT_Cultural Psychiatry Interventions|PT_Hypnotherapy|PT_Mentalization Based Treatment|PT_Motivational Interviewing|PT_Naltrexone|PT_Neurofeedback Systems|PT_Neuroprotective Agents,92.0557853740102,90.43494591123158,93.08453555414214,106.19052766896593,113.43667291433528,103.34451788056528,-14.134742294955728
2028-12-01,RMD_Schizotypal Personality Disorder,8,PT_Animal Assisted Therapy|PT_Cultural Psychiatry Interventions|PT_Hypnotherapy|PT_Mentalization Based Treatment|PT_Motivational Interviewing|PT_Naltrexone|PT_Neurofeedback Systems|PT_Neuroprotective Agents,92.02773520813265,90.41888465848824,93.04887600014835,106.92119796680271,115.17275601671103,103.71669002221648,-14.893462758670054
2026-01-01,RMD_Selective Mutism,8,PT_Brain Computer Interface|PT_Cognitive Behavioral Therapy|PT_Deep Brain Stimulation|PT_Immunotherapy For Neuropsychiatric Disorders|PT_Machine Learning Neuroimaging|PT_Motivational Interviewing|PT_Transcranial Direct Current Stimulation|PT_Transcranial Magnetic Stimulation,100.0,100.0,100.0,100.0,100.0,100.0,0.0
2026-02-01,RMD_Selective Mutism,8,PT_Brain Computer Interface|PT_Cognitive Behavioral Therapy|PT_Deep Brain Stimulation|PT_Immunotherapy For Neuropsychiatric Disorders|PT_Machine Learning Neuroimaging|PT_Motivational Interviewing|PT_Transcranial Direct Current Stimulation|PT_Transcranial Magnetic Stimulation,98.48883926851047,95.59891945160436,99.0671902371382,99.62379241938426,99.61124972722277,99.65238508839022,-1.134953150873784
2026-03-01,RMD_Selective Mutism,8,PT_Brain Computer Interface|PT_Cognitive Behavioral Therapy|PT_Deep Brain Stimulation|PT_Immunotherapy For Neuropsychiatric Disorders|PT_Machine Learning Neuroimaging|PT_Motivational Interviewing|PT_Transcranial Direct Current Stimulation|PT_Transcranial Magnetic Stimulation,97.4749209725741,92.63706796015539,98.4431037314637,99.11521463203344,98.99195559142923,99.23094673252182,-1.6402936594593456
2026-04-01,RMD_Selective Mutism,8,PT_Brain Computer Interface|PT_Cognitive Behavioral Therapy|PT_Deep Brain Stimulation|PT_Immunotherapy For Neuropsychiatric Disorders|PT_Machine Learning Neuroimaging|PT_Motivational Interviewing|PT_Transcranial Direct Current Stimulation|PT_Transcranial Magnetic Stimulation,97.01286790005604,91.26584775426355,98.16300180990967,98.75249269336254,98.51640738588709,98.9500166366343,-1.739624793306504
2026-05-01,RMD_Selective Mutism,8,PT_Brain Computer Interface|PT_Cognitive Behavioral Therapy|PT_Deep Brain Stimulation|PT_Immunotherapy For Neuropsychiatric Disorders|PT_Machine Learning Neuroimaging|PT_Motivational Interviewing|PT_Transcranial Direct Current Stimulation|PT_Transcranial Magnetic Stimulation,96.77903920707223,90.55157324115822,98.02531944304414,98.38168761762378,98.004427535908,98.67619924206087,-1.6026484105515522
2026-06-01,RMD_Selective Mutism,8,PT_Brain Computer Interface|PT_Cognitive Behavioral Therapy|PT_Deep Brain Stimulation|PT_Immunotherapy For Neuropsychiatric Disorders|PT_Machine Learning Neuroimaging|PT_Motivational Interviewing|PT_Transcranial Direct Current Stimulation|PT_Transcranial Magnetic Stimulation,96.59792849600706,89.99754871010154,97.91883512485364,98.12018752877998,97.63454599790893,98.48851207992499,-1.5222590327729222
2026-07-01,RMD_Selective Mutism,8,PT_Brain Computer Interface|PT_Cognitive Behavioral Therapy|PT_Deep Brain Stimulation|PT_Immunotherapy For Neuropsychiatric Disorders|PT_Machine Learning Neuroimaging|PT_Motivational Interviewing|PT_Transcranial Direct Current Stimulation|PT_Transcranial Magnetic Stimulation,96.35627138089623,89.2771005779927,97.77299977364567,98.09245624147795,97.58606395388071,98.47705224767411,-1.7361848605817158
2026-08-01,RMD_Selective Mutism,8,PT_Brain Computer Interface|PT_Cognitive Behavioral Therapy|PT_Deep Brain Stimulation|PT_Immunotherapy For Neuropsychiatric Disorders|PT_Machine Learning Neuroimaging|PT_Motivational Interviewing|PT_Transcranial Direct Current Stimulation|PT_Transcranial Magnetic Stimulation,96.18082003547563,88.74719277785618,97.66848432849734,98.11475556640639,97.59569550962674,98.50913286405061,-1.9339355309307535
2026-09-01,RMD_Selective Mutism,8,PT_Brain Computer Interface|PT_Cognitive Behavioral Therapy|PT_Deep Brain Stimulation|PT_Immunotherapy For Neuropsychiatric Disorders|PT_Machine Learning Neuroimaging|PT_Motivational Interviewing|PT_Transcranial Direct Current Stimulation|PT_Transcranial Magnetic Stimulation,95.93378982613416,88.02308009115167,97.51693395990185,98.31599150869985,97.85558100015687,98.67363244705444,-2.382201682565693
2026-10-01,RMD_Selective Mutism,8,PT_Brain Computer Interface|PT_Cognitive Behavioral Therapy|PT_Deep Brain Stimulation|PT_Immunotherapy For Neuropsychiatric Disorders|PT_Machine Learning Neuroimaging|PT_Motivational Interviewing|PT_Transcranial Direct Current Stimulation|PT_Transcranial Magnetic Stimulation,95.66476075967626,87.23523386708726,97.35173361914147,98.53917917746186,98.14370386340192,98.85574525639862,-2.8744184177856056
2026-11-01,RMD_Selective Mutism,8,PT_Brain Computer Interface|PT_Cognitive Behavioral Therapy|PT_Deep Brain Stimulation|PT_Immunotherapy For Neuropsychiatric Disorders|PT_Machine Learning Neuroimaging|PT_Motivational Interviewing|PT_Transcranial Direct Current Stimulation|PT_Transcranial Magnetic Stimulation,95.3318931679125,86.26384628018822,97.14664708188569,98.71838091229631,98.37794610360189,99.00066978657574,-3.386487744383814
2026-12-01,RMD_Selective Mutism,8,PT_Brain Computer Interface|PT_Cognitive Behavioral Therapy|PT_Deep Brain Stimulation|PT_Immunotherapy For Neuropsychiatric Disorders|PT_Machine Learning Neuroimaging|PT_Motivational Interviewing|PT_Transcranial Direct Current Stimulation|PT_Transcranial Magnetic Stimulation,95.00146989360613,85.30203275484543,96.9425780159336,98.78838959872292,98.45588370619461,99.06664592488883,-3.7869197051167873
2027-01-01,RMD_Selective Mutism,8,PT_Brain Computer Interface|PT_Cognitive Behavioral Therapy|PT_Deep Brain Stimulation|PT_Immunotherapy For Neuropsychiatric Disorders|PT_Machine Learning Neuroimaging|PT_Motivational Interviewing|PT_Transcranial Direct Current Stimulation|PT_Transcranial Magnetic Stimulation,94.58897480701454,84.09878780825795,96.68833572218858,98.93619553367793,98.64160884665844,99.19288557020444,-4.347220726663394
2027-02-01,RMD_Selective Mutism,8,PT_Brain Computer Interface|PT_Cognitive Behavioral Therapy|PT_Deep Brain Stimulation|PT_Immunotherapy For Neuropsychiatric Disorders|PT_Machine Learning Neuroimaging|PT_Motivational Interviewing|PT_Transcranial Direct Current Stimulation|PT_Transcranial Magnetic Stimulation,94.16523806220678,82.86895008034783,96.42592062323156,99.19056690834383,98.97715331876769,99.3981427466435,-5.025328846137043
2027-03-01,RMD_Selective Mutism,8,PT_Brain Computer Interface|PT_Cognitive Behavioral Therapy|PT_Deep Brain Stimulation|PT_Immunotherapy For Neuropsychiatric Disorders|PT_Machine Learning Neuroimaging|PT_Motivational Interviewing|PT_Transcranial Direct Current Stimulation|PT_Transcranial Magnetic Stimulation,93.93670539038062,82.20074661173136,96.28537744419401,99.43304923738076,99.27990317613478,99.6023628341911,-5.496343847000134
2027-04-01,RMD_Selective Mutism,8,PT_Brain Computer Interface|PT_Cognitive Behavioral Therapy|PT_Deep Brain Stimulation|PT_Immunotherapy For Neuropsychiatric Disorders|PT_Machine Learning Neuroimaging|PT_Motivational Interviewing|PT_Transcranial Direct Current Stimulation|PT_Transcranial Magnetic Stimulation,93.81947724637729,81.85076514084187,96.21472925815374,99.73880626912086,99.66067827536433,99.85930160705566,-5.919329022743568
2027-05-01,RMD_Selective Mutism,8,PT_Brain Computer Interface|PT_Cognitive Behavioral Therapy|PT_Deep Brain Stimulation|PT_Immunotherapy For Neuropsychiatric Disorders|PT_Machine Learning Neuroimaging|PT_Motivational Interviewing|PT_Transcranial Direct Current Stimulation|PT_Transcranial Magnetic Stimulation,93.86426771221795,81.9676677338444,96.24508822335108,100.04760331451038,100.02646705946587,100.12854716809915,-6.183335602292431
2027-06-01,RMD_Selective Mutism,8,PT_Brain Computer Interface|PT_Cognitive Behavioral Therapy|PT_Deep Brain Stimulation|PT_Immunotherapy For Neuropsychiatric Disorders|PT_Machine Learning Neuroimaging|PT_Motivational Interviewing|PT_Transcranial Direct Current Stimulation|PT_Transcranial Magnetic Stimulation,93.81146164678732,81.80751679381186,96.21376464250221,100.45309164674947,100.53688693044334,100.46376886745571,-6.641629999962149
2027-07-01,RMD_Selective Mutism,8,PT_Brain Computer Interface|PT_Cognitive Behavioral Therapy|PT_Deep Brain Stimulation|PT_Immunotherapy For Neuropsychiatric Disorders|PT_Machine Learning Neuroimaging|PT_Motivational Interviewing|PT_Transcranial Direct Current Stimulation|PT_Transcranial Magnetic Stimulation,93.71896294877173,81.53234505908269,96.15782354166961,100.87020979864741,101.06404590194393,100.80698479368412,-7.151246849875676
2027-08-01,RMD_Selective Mutism,8,PT_Brain Computer Interface|PT_Cognitive Behavioral Therapy|PT_Deep Brain Stimulation|PT_Immunotherapy For Neuropsychiatric Disorders|PT_Machine Learning Neuroimaging|PT_Motivational Interviewing|PT_Transcranial Direct Current Stimulation|PT_Transcranial Magnetic Stimulation,93.78516871846197,81.71037308302114,96.20164748424935,101.2815071492166,101.5655703870413,101.15475526862762,-7.496338430754619
2027-09-01,RMD_Selective Mutism,8,PT_Brain Computer Interface|PT_Cognitive Behavioral Therapy|PT_Deep Brain Stimulation|PT_Immunotherapy For Neuropsychiatric Disorders|PT_Machine Learning Neuroimaging|PT_Motivational Interviewing|PT_Transcranial Direct Current Stimulation|PT_Transcranial Magnetic Stimulation,93.80037413471713,81.7538855420941,96.21118792946044,101.94530237766773,102.42279637629147,101.68854492107322,-8.144928242950598
2027-10-01,RMD_Selective Mutism,8,PT_Brain Computer Interface|PT_Cognitive Behavioral Therapy|PT_Deep Brain Stimulation|PT_Immunotherapy For Neuropsychiatric Disorders|PT_Machine Learning Neuroimaging|PT_Motivational Interviewing|PT_Transcranial Direct Current Stimulation|PT_Transcranial Magnetic Stimulation,93.76674825401963,81.65500859602164,96.19062708077837,102.70932379256078,103.42904417983227,102.29189731091493,-8.94257553854115
2027-11-01,RMD_Selective Mutism,8,PT_Brain Computer Interface|PT_Cognitive Behavioral Therapy|PT_Deep Brain Stimulation|PT_Immunotherapy For Neuropsychiatric Disorders|PT_Machine Learning Neuroimaging|PT_Motivational Interviewing|PT_Transcranial Direct Current Stimulation|PT_Transcranial Magnetic Stimulation,93.76997431264581,81.6642029965162,96.1926554164292,103.4915617233531,104.46104916475394,102.90794539726987,-9.721587410707286
2027-12-01,RMD_Selective Mutism,8,PT_Brain Computer Interface|PT_Cognitive Behavioral Therapy|PT_Deep Brain Stimulation|PT_Immunotherapy For Neuropsychiatric Disorders|PT_Machine Learning Neuroimaging|PT_Motivational Interviewing|PT_Transcranial Direct Current Stimulation|PT_Transcranial Magnetic Stimulation,93.63922534955391,81.29216817004193,96.11019399213588,104.24745286918373,105.47231869845167,103.49485128577416,-10.608227519629821
2028-01-01,RMD_Selective Mutism,8,PT_Brain Computer Interface|PT_Cognitive Behavioral Therapy|PT_Deep Brain Stimulation|PT_Immunotherapy For Neuropsychiatric Disorders|PT_Machine Learning Neuroimaging|PT_Motivational Interviewing|PT_Transcranial Direct Current Stimulation|PT_Transcranial Magnetic Stimulation,93.35054264948597,80.46242717316754,95.92979104442901,104.94758686544428,106.42762179448415,104.0287446471089,-11.597044215958306
2028-02-01,RMD_Selective Mutism,8,PT_Brain Computer Interface|PT_Cognitive Behavioral Therapy|PT_Deep Brain Stimulation|PT_Immunotherapy For Neuropsychiatric Disorders|PT_Machine Learning Neuroimaging|PT_Motivational Interviewing|PT_Transcranial Direct Current Stimulation|PT_Transcranial Magnetic Stimulation,93.10881947174116,79.76779599325523,95.77870976974624,105.68039511693684,107.42954021809909,104.58659476183686,-12.57157564519568
2028-03-01,RMD_Selective Mutism,8,PT_Brain Computer Interface|PT_Cognitive Behavioral Therapy|PT_Deep Brain Stimulation|PT_Immunotherapy For Neuropsychiatric Disorders|PT_Machine Learning Neuroimaging|PT_Motivational Interviewing|PT_Transcranial Direct Current Stimulation|PT_Transcranial Magnetic Stimulation,92.9225448647863,79.23060860493543,95.66265857851859,106.30776909658807,108.28655587310185,105.06446803821673,-13.385224231801772
2028-04-01,RMD_Selective Mutism,8,PT_Brain Computer Interface|PT_Cognitive Behavioral Therapy|PT_Deep Brain Stimulation|PT_Immunotherapy For Neuropsychiatric Disorders|PT_Machine Learning Neuroimaging|PT_Motivational Interviewing|PT_Transcranial Direct Current Stimulation|PT_Transcranial Magnetic Stimulation,92.87137935476625,79.07706046597617,95.63198247940844,106.98130886491546,109.18091462094701,105.59141290397854,-14.109929510149215
2028-05-01,RMD_Selective Mutism,8,PT_Brain Computer Interface|PT_Cognitive Behavioral Therapy|PT_Deep Brain Stimulation|PT_Immunotherapy For Neuropsychiatric Disorders|PT_Machine Learning Neuroimaging|PT_Motivational Interviewing|PT_Transcranial Direct Current Stimulation|PT_Transcranial Magnetic Stimulation,92.71176102062365,78.6142866457523,95.53303669860425,107.76617440440477,110.24180550917977,106.1951974141917,-15.05441338378111
2028-06-01,RMD_Selective Mutism,8,PT_Brain Computer Interface|PT_Cognitive Behavioral Therapy|PT_Deep Brain Stimulation|PT_Immunotherapy For Neuropsychiatric Disorders|PT_Machine Learning Neuroimaging|PT_Motivational Interviewing|PT_Transcranial Direct Current Stimulation|PT_Transcranial Magnetic Stimulation,92.67316943193842,78.50056990426764,95.5094762916633,108.61525728648853,111.3764798986189,106.85520942713802,-15.94208785455011
2028-07-01,RMD_Selective Mutism,8,PT_Brain Computer Interface|PT_Cognitive Behavioral Therapy|PT_Deep Brain Stimulation|PT_Immunotherapy For Neuropsychiatric Disorders|PT_Machine Learning Neuroimaging|PT_Motivational Interviewing|PT_Transcranial Direct Current Stimulation|PT_Transcranial Magnetic Stimulation,92.6977557422192,78.56742326513465,95.52560387252221,109.48993284162094,112.53670989911843,107.53934239921873,-16.79217709940174
2028-08-01,RMD_Selective Mutism,8,PT_Brain Computer Interface|PT_Cognitive Behavioral Therapy|PT_Deep Brain Stimulation|PT_Immunotherapy For Neuropsychiatric Disorders|PT_Machine Learning Neuroimaging|PT_Motivational Interviewing|PT_Transcranial Direct Current Stimulation|PT_Transcranial Magnetic Stimulation,92.98846436306262,79.39506787266828,95.70886102544458,110.38131668882656,113.68678250825343,108.2540003543387,-17.39285232576394
2028-09-01,RMD_Selective Mutism,8,PT_Brain Computer Interface|PT_Cognitive Behavioral Therapy|PT_Deep Brain Stimulation|PT_Immunotherapy For Neuropsychiatric Disorders|PT_Machine Learning Neuroimaging|PT_Motivational Interviewing|PT_Transcranial Direct Current Stimulation|PT_Transcranial Magnetic Stimulation,93.08547734106706,79.67633069138755,95.7689975436657,111.337825169522,114.95881392517884,108.99999567879628,-18.252347828454944
2028-10-01,RMD_Selective Mutism,8,PT_Brain Computer Interface|PT_Cognitive Behavioral Therapy|PT_Deep Brain Stimulation|PT_Immunotherapy For Neuropsychiatric Disorders|PT_Machine Learning Neuroimaging|PT_Motivational Interviewing|PT_Transcranial Direct Current Stimulation|PT_Transcranial Magnetic Stimulation,93.10778449047542,79.7419790410587,95.78263430191757,112.35025576176851,116.31641632509262,109.7839484566821,-19.242471271293084
2028-11-01,RMD_Selective Mutism,8,PT_Brain Computer Interface|PT_Cognitive Behavioral Therapy|PT_Deep Brain Stimulation|PT_Immunotherapy For Neuropsychiatric Disorders|PT_Machine Learning Neuroimaging|PT_Motivational Interviewing|PT_Transcranial Direct Current Stimulation|PT_Transcranial Magnetic Stimulation,93.16985033510271,79.92665938707849,95.82016181493624,113.4845932579567,117.86947182441297,110.66231089332244,-20.314742922853995
2028-12-01,RMD_Selective Mutism,8,PT_Brain Computer Interface|PT_Cognitive Behavioral Therapy|PT_Deep Brain Stimulation|PT_Immunotherapy For Neuropsychiatric Disorders|PT_Machine Learning Neuroimaging|PT_Motivational Interviewing|PT_Transcranial Direct Current Stimulation|PT_Transcranial Magnetic Stimulation,93.12978334759185,79.82372171834596,95.79267687582397,114.69480148239549,119.55884144390956,111.58649537415143,-21.565018134803637
2026-01-01,RMD_Stendhal Syndrome,8,PT_Anticonvulsant Therapy|PT_Antidepressants|PT_Focused Ultrasound Therapy|PT_Metaverse|PT_Privacy Preserving Ai In Digital Mental Health|PT_Psilocybin Assisted Therapy|PT_Resting State Fmri|PT_Selective Serotonin Reuptake Inhibitors,100.0,100.0,100.0,100.0,100.0,100.0,0.0
2026-02-01,RMD_Stendhal Syndrome,8,PT_Anticonvulsant Therapy|PT_Antidepressants|PT_Focused Ultrasound Therapy|PT_Metaverse|PT_Privacy Preserving Ai In Digital Mental Health|PT_Psilocybin Assisted Therapy|PT_Resting State Fmri|PT_Selective Serotonin Reuptake Inhibitors,99.73994586324882,100.0,99.9582720942406,99.69717832152693,99.6618645148435,99.78347743975011,0.04276754172188646
2026-03-01,RMD_Stendhal Syndrome,8,PT_Anticonvulsant Therapy|PT_Antidepressants|PT_Focused Ultrasound Therapy|PT_Metaverse|PT_Privacy Preserving Ai In Digital Mental Health|PT_Psilocybin Assisted Therapy|PT_Resting State Fmri|PT_Selective Serotonin Reuptake Inhibitors,99.48125821190033,100.0,99.91840378581931,99.23578890388879,99.02563011898268,99.50017482398468,0.2454693080115362
2026-04-01,RMD_Stendhal Syndrome,8,PT_Anticonvulsant Therapy|PT_Antidepressants|PT_Focused Ultrasound Therapy|PT_Metaverse|PT_Privacy Preserving Ai In Digital Mental Health|PT_Psilocybin Assisted Therapy|PT_Resting State Fmri|PT_Selective Serotonin Reuptake Inhibitors,99.28705355835632,100.0,99.88951804050072,98.90787343803635,98.52482580040171,99.3157873973027,0.3791801203199725
2026-05-01,RMD_Stendhal Syndrome,8,PT_Anticonvulsant Therapy|PT_Antidepressants|PT_Focused Ultrasound Therapy|PT_Metaverse|PT_Privacy Preserving Ai In Digital Mental Health|PT_Psilocybin Assisted Therapy|PT_Resting State Fmri|PT_Selective Serotonin Reuptake Inhibitors,99.1002732655947,100.0,99.86247001490449,98.56492253065005,97.96993739251742,99.13437726860059,0.5353507349446431
2026-06-01,RMD_Stendhal Syndrome,8,PT_Anticonvulsant Therapy|PT_Antidepressants|PT_Focused Ultrasound Therapy|PT_Metaverse|PT_Privacy Preserving Ai In Digital Mental Health|PT_Psilocybin Assisted Therapy|PT_Resting State Fmri|PT_Selective Serotonin Reuptake Inhibitors,98.95313994101443,100.0,99.84131436048156,98.33004676386858,97.57031220891038,99.01649923398142,0.6230931771458472
2026-07-01,RMD_Stendhal Syndrome,8,PT_Anticonvulsant Therapy|PT_Antidepressants|PT_Focused Ultrasound Therapy|PT_Metaverse|PT_Privacy Preserving Ai In Digital Mental Health|PT_Psilocybin Assisted Therapy|PT_Resting State Fmri|PT_Selective Serotonin Reuptake Inhibitors,98.87883965868092,100.0,99.8305797436906,98.34186829607901,97.54057405967856,99.03777502174945,0.5369713626019035
2026-08-01,RMD_Stendhal Syndrome,8,PT_Anticonvulsant Therapy|PT_Antidepressants|PT_Focused Ultrasound Therapy|PT_Metaverse|PT_Privacy Preserving Ai In Digital Mental Health|PT_Psilocybin Assisted Therapy|PT_Resting State Fmri|PT_Selective Serotonin Reuptake Inhibitors,98.82563488832446,100.0,99.82326532749406,98.39922764997611,97.56540599285034,99.08975060659371,0.4264072383483466
2026-09-01,RMD_Stendhal Syndrome,8,PT_Anticonvulsant Therapy|PT_Antidepressants|PT_Focused Ultrasound Therapy|PT_Metaverse|PT_Privacy Preserving Ai In Digital Mental Health|PT_Psilocybin Assisted Therapy|PT_Resting State Fmri|PT_Selective Serotonin Reuptake Inhibitors,98.83256807002199,100.0,99.82447588889846,98.64351451697547,97.87263463108148,99.24639092841092,0.18905355304652005
2026-10-01,RMD_Stendhal Syndrome,8,PT_Anticonvulsant Therapy|PT_Antidepressants|PT_Focused Ultrasound Therapy|PT_Metaverse|PT_Privacy Preserving Ai In Digital Mental Health|PT_Psilocybin Assisted Therapy|PT_Resting State Fmri|PT_Selective Serotonin Reuptake Inhibitors,98.84459566043279,100.0,99.82648133700819,98.91012019872078,98.2121239541602,99.41613792287781,-0.06552453828798832
2026-11-01,RMD_Stendhal Syndrome,8,PT_Anticonvulsant Therapy|PT_Antidepressants|PT_Focused Ultrasound Therapy|PT_Metaverse|PT_Privacy Preserving Ai In Digital Mental Health|PT_Psilocybin Assisted Therapy|PT_Resting State Fmri|PT_Selective Serotonin Reuptake Inhibitors,98.845256863047,100.0,99.82672928331993,99.12980429226518,98.48944087419513,99.55653023560926,-0.2845474292181791
2026-12-01,RMD_Stendhal Syndrome,8,PT_Anticonvulsant Therapy|PT_Antidepressants|PT_Focused Ultrasound Therapy|PT_Metaverse|PT_Privacy Preserving Ai In Digital Mental Health|PT_Psilocybin Assisted Therapy|PT_Resting State Fmri|PT_Selective Serotonin Reuptake Inhibitors,98.8178075088058,100.0,99.82314135433818,99.23034311309077,98.58221927129269,99.63192231007484,-0.4125356042849688
2027-01-01,RMD_Stendhal Syndrome,8,PT_Anticonvulsant Therapy|PT_Antidepressants|PT_Focused Ultrasound Therapy|PT_Metaverse|PT_Privacy Preserving Ai In Digital Mental Health|PT_Psilocybin Assisted Therapy|PT_Resting State Fmri|PT_Selective Serotonin Reuptake Inhibitors,98.80006209007406,100.0,99.82080044945374,99.42768607307448,98.81234857554266,99.76443257498629,-0.6276239830004187
2027-02-01,RMD_Stendhal Syndrome,8,PT_Anticonvulsant Therapy|PT_Antidepressants|PT_Focused Ultrasound Therapy|PT_Metaverse|PT_Privacy Preserving Ai In Digital Mental Health|PT_Psilocybin Assisted Therapy|PT_Resting State Fmri|PT_Selective Serotonin Reuptake Inhibitors,98.82068531446954,100.0,99.82384873058052,99.73421267479537,99.21081663272044,99.95711214562874,-0.9135273603258298
2027-03-01,RMD_Stendhal Syndrome,8,PT_Anticonvulsant Therapy|PT_Antidepressants|PT_Focused Ultrasound Therapy|PT_Metaverse|PT_Privacy Preserving Ai In Digital Mental Health|PT_Psilocybin Assisted Therapy|PT_Resting State Fmri|PT_Selective Serotonin Reuptake Inhibitors,98.84394705215409,100.0,99.82764814318112,100.01697717841675,99.56056966722664,100.14128632231768,-1.1730301262626597
2027-04-01,RMD_Stendhal Syndrome,8,PT_Anticonvulsant Therapy|PT_Antidepressants|PT_Focused Ultrasound Therapy|PT_Metaverse|PT_Privacy Preserving Ai In Digital Mental Health|PT_Psilocybin Assisted Therapy|PT_Resting State Fmri|PT_Selective Serotonin Reuptake Inhibitors,98.88191897371279,100.0,99.83367907258744,100.36561938356327,100.00084470229335,100.36560070923667,-1.483700409850485
2027-05-01,RMD_Stendhal Syndrome,8,PT_Anticonvulsant Therapy|PT_Antidepressants|PT_Focused Ultrasound Therapy|PT_Metaverse|PT_Privacy Preserving Ai In Digital Mental Health|PT_Psilocybin Assisted Therapy|PT_Resting State Fmri|PT_Selective Serotonin Reuptake Inhibitors,98.92596136498668,100.0,99.84106641416982,100.7094630435394,100.41594066625952,100.593819211413,-1.7835016785527245
2027-06-01,RMD_Stendhal Syndrome,8,PT_Anticonvulsant Therapy|PT_Antidepressants|PT_Focused Ultrasound Therapy|PT_Metaverse|PT_Privacy Preserving Ai In Digital Mental Health|PT_Psilocybin Assisted Therapy|PT_Resting State Fmri|PT_Selective Serotonin Reuptake Inhibitors,98.99797577542536,100.0,99.85209273250399,101.16028822219779,101.00482544863527,100.87746630793643,-2.1623124467724324
2027-07-01,RMD_Stendhal Syndrome,8,PT_Anticonvulsant Therapy|PT_Antidepressants|PT_Focused Ultrasound Therapy|PT_Metaverse|PT_Privacy Preserving Ai In Digital Mental Health|PT_Psilocybin Assisted Therapy|PT_Resting State Fmri|PT_Selective Serotonin Reuptake Inhibitors,99.06994610568978,100.0,99.86303883291379,101.62657289987021,101.62138869519877,101.16813425038485,-2.5566267941804313
2027-08-01,RMD_Stendhal Syndrome,8,PT_Anticonvulsant Therapy|PT_Antidepressants|PT_Focused Ultrasound Therapy|PT_Metaverse|PT_Privacy Preserving Ai In Digital Mental Health|PT_Psilocybin Assisted Therapy|PT_Resting State Fmri|PT_Selective Serotonin Reuptake Inhibitors,99.14960527778224,100.0,99.87561116942712,102.0780304449464,102.20004447993995,101.4563416159904,-2.928425167164164
2027-09-01,RMD_Stendhal Syndrome,8,PT_Anticonvulsant Therapy|PT_Antidepressants|PT_Focused Ultrasound Therapy|PT_Metaverse|PT_Privacy Preserving Ai In Digital Mental Health|PT_Psilocybin Assisted Therapy|PT_Resting State Fmri|PT_Selective Serotonin Reuptake Inhibitors,99.31245633307735,100.0,99.89994637067127,102.79260449706263,103.18080169884674,101.8903545633817,-3.4801481639852767
2027-10-01,RMD_Stendhal Syndrome,8,PT_Anticonvulsant Therapy|PT_Antidepressants|PT_Focused Ultrasound Therapy|PT_Metaverse|PT_Privacy Preserving Ai In Digital Mental Health|PT_Psilocybin Assisted Therapy|PT_Resting State Fmri|PT_Selective Serotonin Reuptake Inhibitors,99.49979077660136,100.0,99.92743924112094,103.61895861303148,104.34263763266743,102.38265037425784,-4.1191678364301225
2027-11-01,RMD_Stendhal Syndrome,8,PT_Anticonvulsant Therapy|PT_Antidepressants|PT_Focused Ultrasound Therapy|PT_Metaverse|PT_Privacy Preserving Ai In Digital Mental Health|PT_Psilocybin Assisted Therapy|PT_Resting State Fmri|PT_Selective Serotonin Reuptake Inhibitors,99.69599163232348,100.0,99.95624476851513,104.45943309912961,105.53111061688955,102.88100740609023,-4.763441466806128
2027-12-01,RMD_Stendhal Syndrome,8,PT_Anticonvulsant Therapy|PT_Antidepressants|PT_Focused Ultrasound Therapy|PT_Metaverse|PT_Privacy Preserving Ai In Digital Mental Health|PT_Psilocybin Assisted Therapy|PT_Resting State Fmri|PT_Selective Serotonin Reuptake Inhibitors,99.88495074512812,100.0,99.9836209583475,105.2784666438618,106.70510794948171,103.36087730390986,-5.393515898733682
2028-01-01,RMD_Stendhal Syndrome,8,PT_Anticonvulsant Therapy|PT_Antidepressants|PT_Focused Ultrasound Therapy|PT_Metaverse|PT_Privacy Preserving Ai In Digital Mental Health|PT_Psilocybin Assisted Therapy|PT_Resting State Fmri|PT_Selective Serotonin Reuptake Inhibitors,100.04760658822285,100.0,100.00659974741563,106.05256497490547,107.83592132373413,103.80657799130482,-6.004958386682617
2028-02-01,RMD_Stendhal Syndrome,8,PT_Anticonvulsant Therapy|PT_Antidepressants|PT_Focused Ultrasound Therapy|PT_Metaverse|PT_Privacy Preserving Ai In Digital Mental Health|PT_Psilocybin Assisted Therapy|PT_Resting State Fmri|PT_Selective Serotonin Reuptake Inhibitors,100.22092353632569,100.0,100.03102975166135,106.86157737181672,109.02317932520552,104.27068379348444,-6.640653835491037
2028-03-01,RMD_Stendhal Syndrome,8,PT_Anticonvulsant Therapy|PT_Antidepressants|PT_Focused Ultrasound Therapy|PT_Metaverse|PT_Privacy Preserving Ai In Digital Mental Health|PT_Psilocybin Assisted Therapy|PT_Resting State Fmri|PT_Selective Serotonin Reuptake Inhibitors,100.3687117663524,100.0,100.05185724184814,107.5558264233043,110.04231842777067,104.66895276127164,-7.187114656951891
2028-04-01,RMD_Stendhal Syndrome,8,PT_Anticonvulsant Therapy|PT_Antidepressants|PT_Focused Ultrasound Therapy|PT_Metaverse|PT_Privacy Preserving Ai In Digital Mental Health|PT_Psilocybin Assisted Therapy|PT_Resting State Fmri|PT_Selective Serotonin Reuptake Inhibitors,100.52498228134424,100.0,100.07460996222028,108.28966161254627,111.09207509565385,105.09970954530755,-7.764679331202032
2028-05-01,RMD_Stendhal Syndrome,8,PT_Anticonvulsant Therapy|PT_Antidepressants|PT_Focused Ultrasound Therapy|PT_Metaverse|PT_Privacy Preserving Ai In Digital Mental Health|PT_Psilocybin Assisted Therapy|PT_Resting State Fmri|PT_Selective Serotonin Reuptake Inhibitors,100.70742382552311,100.0,100.10073183541674,109.1489880574998,112.34278991050553,105.5964918079605,-8.441564231976699
2028-06-01,RMD_Stendhal Syndrome,8,PT_Anticonvulsant Therapy|PT_Antidepressants|PT_Focused Ultrasound Therapy|PT_Metaverse|PT_Privacy Preserving Ai In Digital Mental Health|PT_Psilocybin Assisted Therapy|PT_Resting State Fmri|PT_Selective Serotonin Reuptake Inhibitors,100.91171024464182,100.0,100.13037600474773,110.0689026448837,113.66864851567293,106.1332338385417,-9.157192400241883
2028-07-01,RMD_Stendhal Syndrome,8,PT_Anticonvulsant Therapy|PT_Antidepressants|PT_Focused Ultrasound Therapy|PT_Metaverse|PT_Privacy Preserving Ai In Digital Mental Health|PT_Psilocybin Assisted Therapy|PT_Resting State Fmri|PT_Selective Serotonin Reuptake Inhibitors,101.12194748728838,100.0,100.1611359324816,111.01444667120086,115.02217401376379,106.68823334929701,-9.892499183912477
2028-08-01,RMD_Stendhal Syndrome,8,PT_Anticonvulsant Therapy|PT_Antidepressants|PT_Focused Ultrasound Therapy|PT_Metaverse|PT_Privacy Preserving Ai In Digital Mental Health|PT_Psilocybin Assisted Therapy|PT_Resting State Fmri|PT_Selective Serotonin Reuptake Inhibitors,101.34240503320024,100.0,100.19428781286996,111.96243832753515,116.345058804008,107.25708590767768,-10.620033294334917
2028-09-01,RMD_Stendhal Syndrome,8,PT_Anticonvulsant Therapy|PT_Antidepressants|PT_Focused Ultrasound Therapy|PT_Metaverse|PT_Privacy Preserving Ai In Digital Mental Health|PT_Psilocybin Assisted Therapy|PT_Resting State Fmri|PT_Selective Serotonin Reuptake Inhibitors,101.58073394119894,100.0,100.22916802490198,112.9884044829869,117.81964286912738,107.85731902272778,-11.407670541787951
2028-10-01,RMD_Stendhal Syndrome,8,PT_Anticonvulsant Therapy|PT_Antidepressants|PT_Focused Ultrasound Therapy|PT_Metaverse|PT_Privacy Preserving Ai In Digital Mental Health|PT_Psilocybin Assisted Therapy|PT_Resting State Fmri|PT_Selective Serotonin Reuptake Inhibitors,101.82812447359613,100.0,100.26515670279828,114.0790505635724,119.39998828988054,108.4906550982373,-12.25092608997626
2028-11-01,RMD_Stendhal Syndrome,8,PT_Anticonvulsant Therapy|PT_Antidepressants|PT_Focused Ultrasound Therapy|PT_Metaverse|PT_Privacy Preserving Ai In Digital Mental Health|PT_Psilocybin Assisted Therapy|PT_Resting State Fmri|PT_Selective Serotonin Reuptake Inhibitors,102.1099605136096,100.0,100.30621369500824,115.29441418095827,121.16247698186251,109.19586462332711,-13.184453667348677
2028-12-01,RMD_Stendhal Syndrome,8,PT_Anticonvulsant Therapy|PT_Antidepressants|PT_Focused Ultrasound Therapy|PT_Metaverse|PT_Privacy Preserving Ai In Digital Mental Health|PT_Psilocybin Assisted Therapy|PT_Resting State Fmri|PT_Selective Serotonin Reuptake Inhibitors,102.41454192355175,100.0,100.35002726680176,116.59310881300063,123.07402670046093,109.93914747409895,-14.178566889448874
2026-01-01,RMD_Wendigo Psychosis,8,PT_Cognitive Enhancement Programs|PT_Deep Brain Stimulation|PT_Emdr Therapy|PT_Interpersonal Psychotherapy|PT_Metabolic And Enzyme Targeted Therapy|PT_Neuroplasticity Techniques|PT_Sleep Pattern Monitoring And Manipulation|PT_Voxel Based Lesion Symptom Mapping,100.0,100.0,100.0,100.0,100.0,100.0,0.0
2026-02-01,RMD_Wendigo Psychosis,8,PT_Cognitive Enhancement Programs|PT_Deep Brain Stimulation|PT_Emdr Therapy|PT_Interpersonal Psychotherapy|PT_Metabolic And Enzyme Targeted Therapy|PT_Neuroplasticity Techniques|PT_Sleep Pattern Monitoring And Manipulation|PT_Voxel Based Lesion Symptom Mapping,100.01269315748844,100.0,99.99899605880213,99.7335417989872,98.95422396414169,99.92677675114767,0.2791513585012382
2026-03-01,RMD_Wendigo Psychosis,8,PT_Cognitive Enhancement Programs|PT_Deep Brain Stimulation|PT_Emdr Therapy|PT_Interpersonal Psychotherapy|PT_Metabolic And Enzyme Targeted Therapy|PT_Neuroplasticity Techniques|PT_Sleep Pattern Monitoring And Manipulation|PT_Voxel Based Lesion Symptom Mapping,99.97776252686539,100.0,99.996704805907,99.37464335954422,97.68237628196535,99.83685070976779,0.603119167321168
2026-04-01,RMD_Wendigo Psychosis,8,PT_Cognitive Enhancement Programs|PT_Deep Brain Stimulation|PT_Emdr Therapy|PT_Interpersonal Psychotherapy|PT_Metabolic And Enzyme Targeted Therapy|PT_Neuroplasticity Techniques|PT_Sleep Pattern Monitoring And Manipulation|PT_Voxel Based Lesion Symptom Mapping,100.02595349766898,100.0,99.99978949620045,99.10817709430404,96.67702880992914,99.77392564798615,0.9177764033649396
2026-05-01,RMD_Wendigo Psychosis,8,PT_Cognitive Enhancement Programs|PT_Deep Brain Stimulation|PT_Emdr Therapy|PT_Interpersonal Psychotherapy|PT_Metabolic And Enzyme Targeted Therapy|PT_Neuroplasticity Techniques|PT_Sleep Pattern Monitoring And Manipulation|PT_Voxel Based Lesion Symptom Mapping,100.08327806561756,100.0,100.00392670549166,98.83633198940296,95.6391238218946,99.71236819740474,1.2469460762145985
2026-06-01,RMD_Wendigo Psychosis,8,PT_Cognitive Enhancement Programs|PT_Deep Brain Stimulation|PT_Emdr Therapy|PT_Interpersonal Psychotherapy|PT_Metabolic And Enzyme Targeted Therapy|PT_Neuroplasticity Techniques|PT_Sleep Pattern Monitoring And Manipulation|PT_Voxel Based Lesion Symptom Mapping,100.16646812012773,100.0,100.00935932278013,98.64054061290064,94.84033874127634,99.66915766210528,1.5259275072270952
2026-07-01,RMD_Wendigo Psychosis,8,PT_Cognitive Enhancement Programs|PT_Deep Brain Stimulation|PT_Emdr Therapy|PT_Interpersonal Psychotherapy|PT_Metabolic And Enzyme Targeted Therapy|PT_Neuroplasticity Techniques|PT_Sleep Pattern Monitoring And Manipulation|PT_Voxel Based Lesion Symptom Mapping,100.33016877987855,100.0,100.01884818635999,98.60165490848553,94.53229455144603,99.66211035411713,1.7285138713930195
2026-08-01,RMD_Wendigo Psychosis,8,PT_Cognitive Enhancement Programs|PT_Deep Brain Stimulation|PT_Emdr Therapy|PT_Interpersonal Psychotherapy|PT_Metabolic And Enzyme Targeted Therapy|PT_Neuroplasticity Techniques|PT_Sleep Pattern Monitoring And Manipulation|PT_Voxel Based Lesion Symptom Mapping,100.51770089170898,100.0,100.02979438393675,98.595493838769,94.32428001484135,99.66394878228796,1.9222070529399815
2026-09-01,RMD_Wendigo Psychosis,8,PT_Cognitive Enhancement Programs|PT_Deep Brain Stimulation|PT_Emdr Therapy|PT_Interpersonal Psychotherapy|PT_Metabolic And Enzyme Targeted Therapy|PT_Neuroplasticity Techniques|PT_Sleep Pattern Monitoring And Manipulation|PT_Voxel Based Lesion Symptom Mapping,100.76947133292431,100.0,100.04381717550697,98.71082035449699,94.4994844884587,99.69384939656211,2.0586509784273233
2026-10-01,RMD_Wendigo Psychosis,8,PT_Cognitive Enhancement Programs|PT_Deep Brain Stimulation|PT_Emdr Therapy|PT_Interpersonal Psychotherapy|PT_Metabolic And Enzyme Targeted Therapy|PT_Neuroplasticity Techniques|PT_Sleep Pattern Monitoring And Manipulation|PT_Voxel Based Lesion Symptom Mapping,101.01858188289398,100.0,100.05761327067769,98.84079957137018,94.71896886748038,99.7272998213287,2.1777823115237993
2026-11-01,RMD_Wendigo Psychosis,8,PT_Cognitive Enhancement Programs|PT_Deep Brain Stimulation|PT_Emdr Therapy|PT_Interpersonal Psychotherapy|PT_Metabolic And Enzyme Targeted Therapy|PT_Neuroplasticity Techniques|PT_Sleep Pattern Monitoring And Manipulation|PT_Voxel Based Lesion Symptom Mapping,101.23962666861725,100.0,100.06975772065191,98.94357814929853,94.86277333213233,99.75390471680882,2.296048519318717
2026-12-01,RMD_Wendigo Psychosis,8,PT_Cognitive Enhancement Programs|PT_Deep Brain Stimulation|PT_Emdr Therapy|PT_Interpersonal Psychotherapy|PT_Metabolic And Enzyme Targeted Therapy|PT_Neuroplasticity Techniques|PT_Sleep Pattern Monitoring And Manipulation|PT_Voxel Based Lesion Symptom Mapping,101.42321783863888,100.0,100.0799833475302,98.97221422071661,94.78522036092753,99.76394133889585,2.451003617922268
2027-01-01,RMD_Wendigo Psychosis,8,PT_Cognitive Enhancement Programs|PT_Deep Brain Stimulation|PT_Emdr Therapy|PT_Interpersonal Psychotherapy|PT_Metabolic And Enzyme Targeted Therapy|PT_Neuroplasticity Techniques|PT_Sleep Pattern Monitoring And Manipulation|PT_Voxel Based Lesion Symptom Mapping,101.65976235827523,100.0,100.09299410160257,99.042622989951,94.82356541209039,99.78409678920762,2.6171393683242314
2027-02-01,RMD_Wendigo Psychosis,8,PT_Cognitive Enhancement Programs|PT_Deep Brain Stimulation|PT_Emdr Therapy|PT_Interpersonal Psychotherapy|PT_Metabolic And Enzyme Targeted Therapy|PT_Neuroplasticity Techniques|PT_Sleep Pattern Monitoring And Manipulation|PT_Voxel Based Lesion Symptom Mapping,101.92094020896967,100.0,100.10709785617263,99.182206701631,95.10502903132867,99.820140443955,2.738733507338665
2027-03-01,RMD_Wendigo Psychosis,8,PT_Cognitive Enhancement Programs|PT_Deep Brain Stimulation|PT_Emdr Therapy|PT_Interpersonal Psychotherapy|PT_Metabolic And Enzyme Targeted Therapy|PT_Neuroplasticity Techniques|PT_Sleep Pattern Monitoring And Manipulation|PT_Voxel Based Lesion Symptom Mapping,102.16279473208539,100.0,100.12044865484428,99.31697606956654,95.35989103439248,99.85622893841385,2.8458186625188517
2027-04-01,RMD_Wendigo Psychosis,8,PT_Cognitive Enhancement Programs|PT_Deep Brain Stimulation|PT_Emdr Therapy|PT_Interpersonal Psychotherapy|PT_Metabolic And Enzyme Targeted Therapy|PT_Neuroplasticity Techniques|PT_Sleep Pattern Monitoring And Manipulation|PT_Voxel Based Lesion Symptom Mapping,102.42780595545739,100.0,100.13511915041315,99.49102628905868,95.72307465015402,99.90212238311707,2.9367796663987065
2027-05-01,RMD_Wendigo Psychosis,8,PT_Cognitive Enhancement Programs|PT_Deep Brain Stimulation|PT_Emdr Therapy|PT_Interpersonal Psychotherapy|PT_Metabolic And Enzyme Targeted Therapy|PT_Neuroplasticity Techniques|PT_Sleep Pattern Monitoring And Manipulation|PT_Voxel Based Lesion Symptom Mapping,102.69307143313962,100.0,100.15004872758145,99.6672135288059,96.08080746006969,99.95018308054199,3.0258579043337193
2027-06-01,RMD_Wendigo Psychosis,8,PT_Cognitive Enhancement Programs|PT_Deep Brain Stimulation|PT_Emdr Therapy|PT_Interpersonal Psychotherapy|PT_Metabolic And Enzyme Targeted Therapy|PT_Neuroplasticity Techniques|PT_Sleep Pattern Monitoring And Manipulation|PT_Voxel Based Lesion Symptom Mapping,102.98700897380809,100.0,100.16624942384705,99.91048707610793,96.6491644588097,100.0124056535104,3.076521897700161
2027-07-01,RMD_Wendigo Psychosis,8,PT_Cognitive Enhancement Programs|PT_Deep Brain Stimulation|PT_Emdr Therapy|PT_Interpersonal Psychotherapy|PT_Metabolic And Enzyme Targeted Therapy|PT_Neuroplasticity Techniques|PT_Sleep Pattern Monitoring And Manipulation|PT_Voxel Based Lesion Symptom Mapping,103.28259916749316,100.0,100.1823853497128,100.16367155885709,97.23629411706521,100.07651896764635,3.1189276086360707
2027-08-01,RMD_Wendigo Psychosis,8,PT_Cognitive Enhancement Programs|PT_Deep Brain Stimulation|PT_Emdr Therapy|PT_Interpersonal Psychotherapy|PT_Metabolic And Enzyme Targeted Therapy|PT_Neuroplasticity Techniques|PT_Sleep Pattern Monitoring And Manipulation|PT_Voxel Based Lesion Symptom Mapping,103.5817587005336,100.0,100.19899895727752,100.41350132301714,97.81077538028842,100.14133477059555,3.168257377516454
2027-09-01,RMD_Wendigo Psychosis,8,PT_Cognitive Enhancement Programs|PT_Deep Brain Stimulation|PT_Emdr Therapy|PT_Interpersonal Psychotherapy|PT_Metabolic And Enzyme Targeted Therapy|PT_Neuroplasticity Techniques|PT_Sleep Pattern Monitoring And Manipulation|PT_Voxel Based Lesion Symptom Mapping,103.96997569524375,100.0,100.21990360383315,100.82826872973259,98.91869902102265,100.24377109147929,3.141706965511162
2027-10-01,RMD_Wendigo Psychosis,8,PT_Cognitive Enhancement Programs|PT_Deep Brain Stimulation|PT_Emdr Therapy|PT_Interpersonal Psychotherapy|PT_Metabolic And Enzyme Targeted Therapy|PT_Neuroplasticity Techniques|PT_Sleep Pattern Monitoring And Manipulation|PT_Voxel Based Lesion Symptom Mapping,104.38116358898344,100.0,100.24178790268668,101.30867088307483,100.23318505317482,100.36036928790652,3.0724927059086156
2027-11-01,RMD_Wendigo Psychosis,8,PT_Cognitive Enhancement Programs|PT_Deep Brain Stimulation|PT_Emdr Therapy|PT_Interpersonal Psychotherapy|PT_Metabolic And Enzyme Targeted Therapy|PT_Neuroplasticity Techniques|PT_Sleep Pattern Monitoring And Manipulation|PT_Voxel Based Lesion Symptom Mapping,104.79443441226476,100.0,100.26370458674016,101.80345961805884,101.59428705037955,100.47984469915393,2.9909747942059255
2027-12-01,RMD_Wendigo Psychosis,8,PT_Cognitive Enhancement Programs|PT_Deep Brain Stimulation|PT_Emdr Therapy|PT_Interpersonal Psychotherapy|PT_Metabolic And Enzyme Targeted Therapy|PT_Neuroplasticity Techniques|PT_Sleep Pattern Monitoring And Manipulation|PT_Voxel Based Lesion Symptom Mapping,105.19064085972379,100.0,100.28444730729612,102.2858052501991,102.92173716130029,100.59481371939727,2.9048356095246817
2028-01-01,RMD_Wendigo Psychosis,8,PT_Cognitive Enhancement Programs|PT_Deep Brain Stimulation|PT_Emdr Therapy|PT_Interpersonal Psychotherapy|PT_Metabolic And Enzyme Targeted Therapy|PT_Neuroplasticity Techniques|PT_Sleep Pattern Monitoring And Manipulation|PT_Voxel Based Lesion Symptom Mapping,105.55477214804407,100.0,100.30322262695626,102.73099092258309,104.14589555372085,100.69893152946163,2.8237812254609764
2028-02-01,RMD_Wendigo Psychosis,8,PT_Cognitive Enhancement Programs|PT_Deep Brain Stimulation|PT_Emdr Therapy|PT_Interpersonal Psychotherapy|PT_Metabolic And Enzyme Targeted Therapy|PT_Neuroplasticity Techniques|PT_Sleep Pattern Monitoring And Manipulation|PT_Voxel Based Lesion Symptom Mapping,105.91920658573426,100.0,100.32198985031641,103.19665166827897,105.44289270688492,100.80773508937601,2.722554917455284
2028-03-01,RMD_Wendigo Psychosis,8,PT_Cognitive Enhancement Programs|PT_Deep Brain Stimulation|PT_Emdr Therapy|PT_Interpersonal Psychotherapy|PT_Metabolic And Enzyme Targeted Therapy|PT_Neuroplasticity Techniques|PT_Sleep Pattern Monitoring And Manipulation|PT_Voxel Based Lesion Symptom Mapping,106.22935772818688,100.0,100.33803671688234,103.59476644545953,106.54942733917966,100.9007326509925,2.6345912827273565
2028-04-01,RMD_Wendigo Psychosis,8,PT_Cognitive Enhancement Programs|PT_Deep Brain Stimulation|PT_Emdr Therapy|PT_Interpersonal Psychotherapy|PT_Metabolic And Enzyme Targeted Therapy|PT_Neuroplasticity Techniques|PT_Sleep Pattern Monitoring And Manipulation|PT_Voxel Based Lesion Symptom Mapping,106.58106967135284,100.0,100.35660153274293,104.01958187948755,107.69068718246162,101.00241417006626,2.5614877918652894
2028-05-01,RMD_Wendigo Psychosis,8,PT_Cognitive Enhancement Programs|PT_Deep Brain Stimulation|PT_Emdr Therapy|PT_Interpersonal Psychotherapy|PT_Metabolic And Enzyme Targeted Therapy|PT_Neuroplasticity Techniques|PT_Sleep Pattern Monitoring And Manipulation|PT_Voxel Based Lesion Symptom Mapping,106.96897373768114,100.0,100.37680180120005,104.51606410222085,109.05210486340259,101.11959528274278,2.452909635460287
2028-06-01,RMD_Wendigo Psychosis,8,PT_Cognitive Enhancement Programs|PT_Deep Brain Stimulation|PT_Emdr Therapy|PT_Interpersonal Psychotherapy|PT_Metabolic And Enzyme Targeted Therapy|PT_Neuroplasticity Techniques|PT_Sleep Pattern Monitoring And Manipulation|PT_Voxel Based Lesion Symptom Mapping,107.38382876089553,100.0,100.39858084815381,105.05284326916036,110.52508517673344,101.24762013231302,2.330985491735163
2028-07-01,RMD_Wendigo Psychosis,8,PT_Cognitive Enhancement Programs|PT_Deep Brain Stimulation|PT_Emdr Therapy|PT_Interpersonal Psychotherapy|PT_Metabolic And Enzyme Targeted Therapy|PT_Neuroplasticity Techniques|PT_Sleep Pattern Monitoring And Manipulation|PT_Voxel Based Lesion Symptom Mapping,107.81214948354105,100.0,100.42118571770582,105.60565412012667,112.02708734821663,101.3802709454513,2.2064953634143762
2028-08-01,RMD_Wendigo Psychosis,8,PT_Cognitive Enhancement Programs|PT_Deep Brain Stimulation|PT_Emdr Therapy|PT_Interpersonal Psychotherapy|PT_Metabolic And Enzyme Targeted Therapy|PT_Neuroplasticity Techniques|PT_Sleep Pattern Monitoring And Manipulation|PT_Voxel Based Lesion Symptom Mapping,108.25720209560315,100.0,100.44524792125473,106.16574696841501,113.52820560523833,101.5176747680068,2.0914551271881408
2028-09-01,RMD_Wendigo Psychosis,8,PT_Cognitive Enhancement Programs|PT_Deep Brain Stimulation|PT_Emdr Therapy|PT_Interpersonal Psychotherapy|PT_Metabolic And Enzyme Targeted Therapy|PT_Neuroplasticity Techniques|PT_Sleep Pattern Monitoring And Manipulation|PT_Voxel Based Lesion Symptom Mapping,108.69965349049119,100.0,100.4685814578052,106.76979792013898,115.19804629649312,101.66235009710788,1.9298555703522027
2028-10-01,RMD_Wendigo Psychosis,8,PT_Cognitive Enhancement Programs|PT_Deep Brain Stimulation|PT_Emdr Therapy|PT_Interpersonal Psychotherapy|PT_Metabolic And Enzyme Targeted Therapy|PT_Neuroplasticity Techniques|PT_Sleep Pattern Monitoring And Manipulation|PT_Voxel Based Lesion Symptom Mapping,109.1548371589154,100.0,100.49242506125458,107.40742831466358,116.970315837369,101.81404284105608,1.7474088442518223
2028-11-01,RMD_Wendigo Psychosis,8,PT_Cognitive Enhancement Programs|PT_Deep Brain Stimulation|PT_Emdr Therapy|PT_Interpersonal Psychotherapy|PT_Metabolic And Enzyme Targeted Therapy|PT_Neuroplasticity Techniques|PT_Sleep Pattern Monitoring And Manipulation|PT_Voxel Based Lesion Symptom Mapping,109.65542477974242,100.0,100.51860039909901,108.12016892298372,118.96703651471687,101.98356684360417,1.5352558567586954
2028-12-01,RMD_Wendigo Psychosis,8,PT_Cognitive Enhancement Programs|PT_Deep Brain Stimulation|PT_Emdr Therapy|PT_Interpersonal Psychotherapy|PT_Metabolic And Enzyme Targeted Therapy|PT_Neuroplasticity Techniques|PT_Sleep Pattern Monitoring And Manipulation|PT_Voxel Based Lesion Symptom Mapping,110.16586964459746,100.0,100.54497004814303,108.88053685819636,121.13774102190193,102.16203636859319,1.2853327864010993
